427.99 247.53
427.99 248.05
427.99 248.58
428.01 249.10
428.05 249.61
428.11 250.10
428.22 250.58
428.36 251.05
428.52 251.51
428.67 251.97
428.80 252.44
428.91 252.93
428.99 253.42
429.07 253.91
429.17 254.39
429.29 254.87
429.45 255.33
429.61 255.78
429.77 256.24
429.91 256.71
430.05 257.18
430.18 257.65
430.32 258.11
430.48 258.57
430.64 259.03
430.78 259.50
430.89 259.98
430.97 260.47
431.01 260.98
431.03 261.50
431.03 262.02
431.02 262.55
431.02 263.08
431.01 263.61
431.00 264.14
430.99 264.67
430.99 265.19
430.98 265.72
430.98 266.25
430.98 266.77
430.98 267.30
430.98 267.82
430.98 268.34
430.99 268.87
433.00 358.58
433.00 359.11
433.00 359.63
433.00 360.16
433.00 360.68
433.00 361.21
433.00 361.73
433.00 362.26
433.00 362.78
433.00 363.31
433.00 363.83
433.00 364.36
433.00 364.88
433.00 365.41
433.00 365.93
433.00 366.46
433.00 366.98
433.00 367.51
433.00 368.03
433.00 368.56
433.00 369.08
433.00 369.61
433.00 370.14
433.00 370.66
433.00 371.19
433.00 371.71
433.00 372.24
433.00 372.76
433.00 373.29
433.00 373.81
433.00 374.34
433.00 374.86
433.00 375.39
433.00 375.91
433.00 376.44
433.00 376.96
433.00 377.49
433.00 378.01
433.00 378.54
433.00 379.06
433.00 379.59
433.00 380.11
433.00 380.64
433.00 381.16
433.00 381.69
433.00 382.21
433.00 382.74
433.00 383.26
433.00 383.79
433.00 384.31
433.00 384.84
433.00 385.36
433.00 385.89
433.00 386.41
433.00 386.94
433.00 387.46
433.00 387.99
433.01 388.51
433.02 389.03
433.05 389.54
433.11 390.05
433.20 390.53
433.33 391.00
433.48 391.47
433.64 391.93
433.78 392.39
433.88 392.88
433.94 393.38
433.97 393.89
433.98 394.41
433.99 394.93
433.99 395.46
433.99 395.98
433.99 396.51
434.00 397.03
434.00 397.55
434.00 398.08
434.00 398.60
434.01 399.13
434.01 399.65
434.01 400.18
434.01 400.70
434.01 401.23
434.00 401.75
434.00 402.28
434.00 402.80
434.00 403.33
434.00 403.85
434.00 404.38
434.00 404.90
434.00 405.43
434.00 405.95
434.00 406.48
434.00 407.01
434.00 407.53
434.00 408.06
434.00 408.58
434.00 411.73
434.00 412.26
434.00 412.78
434.00 413.31
434.00 413.83
434.00 414.36
434.00 414.88
434.00 415.41
434.00 415.93
434.00 416.46
434.00 416.98
434.00 417.51
434.00 418.03
434.00 418.56
434.00 419.08
434.00 419.61
434.00 420.13
434.00 420.66
434.00 421.19
434.00 421.71
434.00 422.24
434.00 422.76
434.00 423.29
434.00 423.81
434.00 424.34
434.00 424.86
434.00 425.39
434.00 425.91
434.00 426.44
434.00 426.96
434.00 427.49
434.00 428.01
434.00 428.54
434.00 429.06
434.00 429.59
434.00 430.11
434.00 430.64
434.00 431.16
434.00 431.69
434.00 432.21
434.00 432.74
434.00 433.26
434.00 433.79
434.00 434.31
434.00 434.84
434.00 435.36
434.00 435.89
434.00 436.41
434.00 436.94
434.00 437.46
434.00 437.99
434.00 438.51
434.00 439.04
434.00 439.56
434.00 440.09
434.00 440.61
434.00 441.14
434.00 441.66
434.00 442.19
434.00 442.71
434.00 443.24
434.00 443.77
434.00 444.29
434.00 444.82
434.00 445.34
434.00 445.87
434.00 446.39
434.00 446.92
434.00 447.44
434.00 447.97
434.00 448.49
434.00 449.02
434.00 449.54
434.00 450.07
434.00 450.59
434.00 451.12
434.00 451.64
434.00 452.17
434.00 452.69
434.00 453.22
434.00 453.74
434.00 454.27
434.00 454.79
434.00 455.32
434.00 455.84
434.00 456.37
434.00 456.90
434.00 457.42
434.00 457.95
434.00 458.47
434.00 459.00
434.00 459.52
434.00 460.05
434.00 460.57
434.00 461.10
434.00 461.62
434.00 462.15
434.00 462.67
434.00 463.19
434.00 463.72
433.99 464.24
433.99 464.77
433.97 465.28
433.93 465.79
433.86 466.29
433.75 466.77
433.61 467.23
433.45 467.69
433.30 468.16
433.17 468.63
433.08 469.12
433.03 469.62
433.00 470.13
432.99 470.65
432.99 471.18
432.99 471.71
433.00 472.23
433.00 472.76
433.00 473.29
433.01 473.81
433.01 474.34
433.01 474.86
433.01 475.39
433.01 475.91
433.01 476.44
433.01 476.96
433.01 477.49
433.01 478.01
433.00 478.54
433.00 479.06
433.00 479.59
433.00 480.11
433.00 480.64
433.00 481.16
433.00 481.69
433.00 482.21
432.99 482.74
432.99 483.26
432.99 483.79
432.99 484.31
432.99 484.84
432.99 485.36
432.99 485.89
433.00 486.41
433.00 486.94
433.00 487.46
433.00 487.99
433.00 488.51
433.00 489.04
433.00 489.56
433.00 490.09
433.00 490.62
433.00 491.14
433.00 491.67
433.00 492.19
433.01 492.72
433.01 493.24
433.01 493.77
433.01 494.29
433.01 494.82
433.01 495.34
433.01 495.87
433.00 496.39
433.00 496.92
433.00 497.44
433.00 497.97
432.99 498.49
432.99 499.01
432.99 499.54
432.99 500.06
432.99 500.59
432.99 501.11
433.00 501.64
433.00 502.17
433.00 502.69
432.98 503.21
432.94 503.72
432.87 504.21
432.76 504.69
432.61 505.16
432.45 505.62
432.30 506.08
432.18 506.55
432.09 507.04
432.04 507.55
432.02 508.06
432.01 508.58
432.01 509.11
432.00 509.63
432.00 510.16
432.00 510.68
432.00 511.20
431.99 511.73
431.99 512.25
432.00 512.78
432.00 513.31
432.00 513.83
432.00 514.36
432.00 514.88
432.01 515.41
432.01 515.94
432.01 516.46
432.01 516.99
432.01 517.51
432.01 518.04
432.00 518.56
432.00 519.08
432.00 519.61
432.00 520.13
431.99 520.66
431.99 521.18
431.99 521.71
431.99 522.23
431.99 522.76
431.99 523.28
431.99 523.81
431.99 524.33
432.00 524.86
432.00 525.39
432.01 525.91
432.01 526.44
432.00 526.96
431.97 527.47
431.91 527.97
431.81 528.46
431.68 528.93
431.53 529.39
431.37 529.85
431.23 530.32
431.13 530.80
431.06 531.30
431.03 531.81
431.01 532.33
431.01 532.85
431.00 533.37
431.00 533.90
431.00 534.42
431.00 534.95
431.00 535.47
431.00 536.00
431.00 536.52
431.00 537.05
431.00 537.58
431.00 538.10
431.00 538.63
431.00 539.15
431.00 539.67
430.99 540.20
430.99 540.72
430.97 541.24
430.93 541.75
430.86 542.24
430.75 542.72
430.61 543.19
430.45 543.65
430.30 544.11
430.17 544.58
430.08 545.07
430.03 545.58
430.01 546.09
430.00 546.61
430.00 547.14
430.01 547.67
430.01 548.19
430.01 548.72
430.01 549.24
430.01 549.77
430.01 550.29
430.00 550.82
430.00 551.34
430.00 551.86
430.00 552.39
430.00 552.91
430.00 553.44
429.99 553.96
429.99 554.49
429.99 555.01
429.99 555.54
429.99 556.06
430.00 556.59
430.00 557.11
430.00 557.64
430.00 558.17
430.00 558.69
430.00 559.22
430.00 559.74
430.00 560.27
430.00 560.79
430.01 561.32
430.01 561.84
430.01 562.37
430.01 562.89
430.00 563.42
430.00 563.94
430.00 564.47
430.00 564.99
429.99 565.52
429.99 566.04
429.99 566.56
429.98 567.08
429.94 567.60
429.88 568.10
429.78 568.58
429.65 569.05
429.49 569.51
429.33 569.97
429.17 570.43
429.03 570.89
428.90 571.36
428.75 571.83
428.60 572.29
428.43 572.75
428.28 573.21
428.16 573.68
428.07 574.17
428.02 574.68
428.00 575.19
427.99 575.71
427.99 576.24
427.99 576.76
428.00 577.29
428.00 577.82
428.00 578.34
428.01 578.87
428.01 579.40
428.01 579.92
428.01 580.45
428.01 580.97
428.01 581.50
428.01 582.02
428.01 582.55
428.01 583.07
428.01 583.60
428.01 584.12
428.00 584.65
428.00 585.17
428.00 585.70
428.00 586.22
428.00 586.75
428.00 587.27
428.00 587.80
428.00 588.32
428.00 588.85
428.00 589.37
428.00 589.90
428.00 590.42
428.00 590.95
428.00 591.47
428.00 592.00
428.00 592.52
428.00 593.05
428.00 593.57
428.00 594.10
428.00 594.62
428.00 595.15
428.00 595.67
428.00 596.20
428.00 596.72
428.00 597.25
428.00 597.77
428.00 598.30
428.00 598.82
428.00 599.35
428.00 599.87
428.00 600.40
428.00 600.93
428.00 601.45
428.00 601.98
428.00 602.50
428.00 603.03
428.00 603.55
428.00 604.08
428.00 604.60
428.00 605.13
428.00 605.65
428.00 606.18
428.00 606.70
428.00 607.23
428.00 607.75
428.00 608.28
428.00 608.80
428.00 609.33
428.00 609.85
428.00 610.38
428.00 610.90
428.00 611.43
428.00 611.95
428.00 612.48
428.00 613.00
427.99 613.53
427.99 614.05
427.99 614.58
427.99 615.10
427.99 615.62
427.98 616.14
427.94 616.66
427.88 617.15
427.78 617.64
427.64 618.11
427.49 618.57
427.33 619.03
427.20 619.50
427.10 619.98
427.04 620.48
427.01 620.99
426.99 621.51
426.99 622.04
427.00 622.57
427.00 623.09
427.01 623.62
427.01 624.15
427.01 624.67
427.01 625.20
427.01 625.72
427.01 626.25
427.01 626.77
427.01 627.30
427.00 627.82
427.00 628.34
427.00 628.87
427.00 629.39
426.99 629.92
426.99 630.44
426.99 630.97
426.99 631.49
426.99 632.02
426.99 632.54
426.99 633.07
426.99 633.59
427.00 634.12
427.00 634.64
427.00 635.17
427.00 635.70
427.00 636.22
427.01 636.75
427.01 637.27
427.01 637.80
427.01 638.33
427.01 638.85
427.01 639.38
427.01 639.90
427.01 640.42
427.00 640.95
427.00 641.47
426.99 641.99
426.99 642.52
426.98 643.04
426.98 643.57
426.98 644.09
426.99 644.62
427.00 645.15
427.00 645.67
426.99 646.19
426.95 646.70
426.87 647.20
426.76 647.67
426.61 648.14
426.45 648.60
426.30 649.06
426.18 649.54
426.10 650.03
426.04 650.53
426.01 651.04
426.00 651.56
425.98 652.08
425.95 652.59
425.88 653.09
425.78 653.57
425.65 654.04
425.49 654.50
425.34 654.96
425.21 655.43
425.11 655.92
425.05 656.42
425.02 656.93
425.01 657.45
425.00 657.98
425.00 658.50
425.00 659.02
425.00 659.55
425.00 660.07
425.00 660.60
425.00 661.12
425.00 661.65
425.00 662.18
425.00 662.70
425.00 663.23
425.00 663.75
425.00 664.28
425.00 664.80
425.00 665.33
425.00 665.85
425.00 666.37
424.99 666.90
424.99 667.42
424.98 667.94
424.96 668.46
424.91 668.96
424.82 669.45
424.69 669.93
424.54 670.39
424.38 670.85
424.24 671.31
424.13 671.79
424.06 672.29
424.03 672.80
424.01 673.32
424.01 673.84
424.01 674.37
424.01 674.89
424.00 675.42
424.00 675.94
424.00 676.46
423.99 676.99
423.99 677.51
423.98 678.03
423.95 678.54
423.89 679.05
423.80 679.53
423.67 680.00
423.51 680.46
423.36 680.92
423.22 681.39
423.12 681.88
423.06 682.38
423.03 682.89
423.01 683.41
423.01 683.93
423.00 684.45
423.00 684.98
423.00 685.50
423.00 686.03
423.00 686.55
423.00 687.08
423.00 687.60
423.00 688.13
423.00 688.65
423.00 689.18
423.00 689.70
423.00 690.23
423.00 690.76
423.00 691.28
423.00 691.81
423.00 692.33
423.00 692.86
423.00 693.38
423.00 693.91
423.00 694.43
423.00 694.95
422.99 695.48
422.99 696.00
422.99 696.53
422.98 697.05
422.95 697.56
422.89 698.06
422.80 698.55
422.66 699.02
422.51 699.48
422.35 699.94
422.22 700.41
422.12 700.89
422.05 701.39
422.02 701.90
422.01 702.42
422.01 702.95
422.01 703.47
422.01 704.00
422.00 704.52
422.00 705.05
422.00 705.57
422.00 706.09
422.00 706.62
422.00 707.14
422.00 707.67
422.00 708.20
422.00 708.72
422.00 709.25
422.00 709.77
422.00 710.29
421.99 710.82
421.96 711.33
421.92 711.84
421.84 712.33
421.72 712.81
421.58 713.27
421.42 713.73
421.27 714.20
421.16 714.67
421.08 715.17
421.04 715.67
421.01 716.19
421.01 716.71
421.00 717.23
421.00 717.76
421.00 718.28
421.00 718.81
421.00 719.33
421.00 719.86
421.00 720.39
421.00 720.91
421.00 721.44
421.00 721.96
421.00 722.49
421.00 723.01
421.00 723.53
420.99 724.06
420.99 724.58
420.97 725.10
420.94 725.61
420.88 726.11
420.78 726.60
420.65 727.06
420.49 727.53
420.34 727.99
420.21 728.46
420.11 728.94
420.05 729.45
420.02 729.96
420.01 730.48
420.00 731.00
420.00 731.52
420.00 732.05
420.00 732.57
420.00 733.10
420.00 733.63
420.00 734.15
420.00 734.68
420.00 735.20
420.00 735.72
420.00 736.25
420.00 736.77
419.99 737.30
419.98 737.82
419.96 738.34
419.92 738.84
419.84 739.34
419.73 739.81
419.58 740.28
419.42 740.74
419.27 741.20
419.16 741.68
419.08 742.17
419.03 742.68
419.01 743.19
419.01 743.72
419.01 744.24
419.01 744.77
419.00 745.29
419.00 745.81
419.00 746.34
419.00 746.86
419.00 747.39
419.00 747.91
419.00 748.44
419.00 748.97
419.00 749.49
419.00 750.01
418.99 750.54
418.98 751.06
418.95 751.57
418.89 752.07
418.79 752.55
418.66 753.02
418.50 753.49
418.35 753.95
418.22 754.42
418.12 754.90
418.06 755.40
418.02 755.91
418.01 756.43
418.00 756.95
418.00 757.48
418.00 758.00
418.00 758.53
418.00 759.05
418.00 759.58
418.00 760.10
417.99 760.62
417.97 761.14
417.94 761.65
417.87 762.15
417.77 762.64
417.64 763.10
417.48 763.57
417.33 764.03
417.20 764.50
417.10 764.98
417.05 765.48
417.02 766.00
417.01 766.52
417.01 767.04
417.01 767.57
417.01 768.09
417.00 768.62
417.00 769.14
417.00 769.67
417.00 770.19
416.99 770.72
416.99 771.24
417.00 771.77
417.00 772.29
417.00 772.82
417.00 773.34
417.00 773.87
417.00 774.40
417.00 774.92
417.00 775.44
417.00 775.97
416.99 776.49
416.98 777.01
416.95 777.52
416.89 778.02
416.80 778.51
416.67 778.98
416.52 779.45
416.36 779.91
416.23 780.38
416.13 780.86
416.06 781.36
416.02 781.87
416.01 782.38
416.00 782.91
416.00 783.43
416.00 783.96
416.00 784.48
416.00 785.01
416.01 785.54
416.01 786.06
416.01 786.59
416.01 787.11
416.00 787.63
416.00 788.16
415.99 788.68
415.99 789.20
415.99 789.73
415.99 790.26
415.99 790.78
415.97 791.30
415.93 791.81
415.85 792.30
415.73 792.77
415.58 793.24
415.42 793.69
415.28 794.16
415.16 794.64
415.08 795.13
415.04 795.64
415.01 796.15
415.00 796.67
415.00 797.20
415.00 797.72
415.00 798.25
415.00 798.77
415.00 799.30
415.00 799.82
415.00 800.35
415.00 800.87
414.99 801.40
414.99 801.92
414.99 802.45
414.99 802.97
414.99 803.50
414.98 804.02
414.96 804.53
414.90 805.03
414.80 805.52
414.67 805.99
414.52 806.45
414.36 806.91
414.22 807.38
414.12 807.86
414.06 808.36
414.03 808.87
414.01 809.39
414.01 809.92
414.01 810.44
414.00 810.96
414.00 811.49
413.99 812.01
413.99 812.53
413.99 813.06
413.99 813.58
413.98 814.10
413.95 814.62
413.88 815.11
413.78 815.60
413.64 816.06
413.48 816.52
413.33 816.98
413.20 817.46
413.11 817.94
413.05 818.45
413.02 818.96
413.01 819.48
413.00 820.00
413.00 820.53
413.00 821.05
413.00 821.57
413.00 822.10
413.00 822.62
413.00 823.15
413.00 823.68
413.00 824.20
413.00 824.73
413.00 825.25
413.00 825.78
413.00 826.30
413.00 826.83
413.00 827.35
413.00 827.88
413.00 828.40
412.99 828.92
412.99 829.45
412.98 829.97
412.95 830.48
412.90 830.99
412.81 831.47
412.68 831.95
412.53 832.41
412.37 832.87
412.24 833.34
412.13 833.82
412.06 834.32
412.03 834.83
412.01 835.34
411.99 835.86
411.96 836.37
411.91 836.88
411.83 837.37
411.72 837.85
411.57 838.31
411.41 838.77
411.27 839.24
411.15 839.72
411.08 840.21
411.03 840.72
411.01 841.23
411.01 841.76
411.00 842.28
411.00 842.80
411.00 843.33
411.00 843.85
411.00 844.37
411.00 844.90
411.00 845.43
411.01 845.95
411.01 846.48
411.00 847.01
411.00 847.53
411.00 848.06
410.99 848.58
410.99 849.11
410.99 849.63
410.99 850.16
411.00 850.68
411.01 851.20
411.01 851.72
411.01 852.25
411.01 852.78
411.01 853.30
411.01 853.83
411.03 854.34
411.07 854.85
411.16 855.34
411.27 855.81
411.41 856.27
411.54 856.71
411.62 857.16
411.64 857.60
411.59 858.04
411.48 858.48
411.36 858.93
411.25 859.39
411.20 859.85
411.20 860.31
411.26 860.77
411.34 861.20
411.41 861.62
411.43 862.03
411.39 862.44
411.32 862.87
411.22 863.32
411.13 863.79
411.07 864.28
411.03 864.79
411.01 865.31
411.00 865.83
411.00 866.35
411.00 866.88
411.00 867.40
411.00 867.93
411.00 868.45
411.00 868.98
411.00 869.50
411.00 870.03
411.00 870.55
411.00 871.08
411.00 871.60
411.00 872.13
411.00 872.65
411.00 873.18
411.00 873.71
411.00 874.23
411.00 874.76
411.00 875.28
411.00 875.81
411.00 876.33
411.00 876.86
410.99 877.38
410.98 877.90
410.96 878.41
410.91 878.92
410.82 879.41
410.70 879.88
410.55 880.35
410.39 880.81
410.25 881.27
410.14 881.75
410.07 882.25
410.03 882.76
410.01 883.27
409.99 883.79
409.97 884.31
409.92 884.81
409.85 885.31
409.73 885.78
409.59 886.25
409.43 886.71
409.28 887.17
409.16 887.65
409.06 888.13
408.98 888.62
408.89 889.11
408.78 889.59
408.64 890.06
408.48 890.52
408.33 890.98
408.20 891.45
408.10 891.93
408.01 892.42
407.93 892.91
407.82 893.39
407.66 893.85
407.45 894.29
407.19 894.71
406.92 895.12
406.65 895.54
406.42 895.97
406.25 896.42
406.13 896.89
406.06 897.39
406.02 897.90
406.01 898.42
406.00 898.94
405.99 899.46
405.98 899.98
405.95 900.50
405.90 901.00
405.81 901.49
405.68 901.96
405.53 902.42
405.37 902.88
405.23 903.35
405.13 903.83
405.06 904.33
405.03 904.84
405.01 905.36
405.00 905.88
404.99 906.40
404.98 906.92
404.96 907.44
404.90 907.94
404.82 908.43
404.70 908.90
404.55 909.37
404.39 909.83
404.25 910.29
404.14 910.78
404.07 911.27
404.03 911.78
404.01 912.30
404.00 912.82
404.00 913.34
404.00 913.87
404.00 914.39
404.00 914.92
404.00 915.44
404.00 915.97
404.00 916.49
404.00 917.02
404.00 917.54
404.00 918.07
404.00 918.59
404.00 919.12
404.00 919.64
404.00 920.17
404.00 920.70
404.00 921.22
404.00 921.75
404.00 922.27
404.00 922.80
404.00 923.32
404.00 923.85
404.00 924.37
404.00 924.90
404.00 925.42
404.00 925.95
404.00 926.47
404.00 927.00
404.00 927.52
404.00 928.05
404.00 928.57
404.00 929.10
404.00 929.62
404.00 930.15
404.00 930.67
404.00 931.20
404.00 931.72
404.00 932.25
404.00 932.77
404.00 933.30
404.00 933.82
403.99 934.34
403.98 934.86
403.96 935.37
403.90 935.86
403.79 936.32
403.62 936.73
403.37 937.11
403.05 937.44
402.67 937.75
402.28 938.05
401.90 938.38
401.56 938.73
401.26 939.12
401.01 939.53
400.79 939.96
400.59 940.40
400.41 940.85
400.25 941.32
400.14 941.79
400.06 942.29
400.02 942.79
399.98 943.30
399.93 943.81
399.85 944.30
399.73 944.78
399.59 945.24
399.43 945.70
399.29 946.17
399.17 946.64
399.09 947.13
399.04 947.64
399.01 948.15
398.99 948.67
398.97 949.19
398.93 949.70
398.87 950.19
398.76 950.68
398.62 951.14
398.46 951.60
398.31 952.07
398.19 952.54
398.10 953.03
398.05 953.53
398.02 954.05
398.01 954.57
398.00 955.09
398.00 955.61
398.00 956.14
398.01 956.66
398.03 957.18
398.06 957.69
398.13 958.18
398.23 958.67
398.37 959.14
398.53 959.60
398.68 960.06
398.81 960.53
398.90 961.01
398.96 961.52
398.98 962.03
398.99 962.55
398.99 963.08
398.99 963.60
398.99 964.13
398.99 964.66
399.00 965.18
399.00 965.70
399.01 966.23
399.01 966.75
399.01 967.28
399.01 967.80
399.00 968.32
399.00 968.85
398.99 969.37
398.99 969.90
398.99 970.42
398.99 970.95
398.99 971.48
398.98 972.00
398.96 972.51
398.90 973.01
398.81 973.50
398.67 973.97
398.52 974.43
398.36 974.89
398.23 975.36
398.13 975.84
398.06 976.34
398.03 976.85
398.01 977.37
398.00 977.89
398.00 978.42
398.00 978.94
398.00 979.46
398.00 979.99
398.00 980.52
398.00 981.04
398.00 981.57
398.00 982.09
398.00 982.62
398.00 983.14
398.00 983.67
398.00 984.19
398.00 984.72
397.99 985.24
397.98 985.76
397.97 986.28
397.93 986.79
397.85 987.28
397.74 987.76
397.59 988.22
397.43 988.68
397.28 989.15
397.16 989.62
397.06 990.11
396.99 990.60
396.90 991.09
396.80 991.57
396.67 992.04
396.51 992.50
396.36 992.96
396.22 993.43
396.11 993.91
396.04 994.41
396.00 994.92
395.96 995.43
395.91 995.93
395.82 996.42
395.70 996.89
395.55 997.35
395.39 997.81
395.25 998.28
395.14 998.76
395.07 999.26
395.03 999.77
395.01 1000.28
395.00 1000.81
395.00 1001.33
395.00 1001.85
394.99 1002.38
394.98 1002.90
394.96 1003.41
394.91 1003.92
394.83 1004.41
394.71 1004.88
394.56 1005.35
394.40 1005.81
394.25 1006.27
394.14 1006.75
394.07 1007.24
394.03 1007.75
394.01 1008.27
394.01 1008.80
394.01 1009.32
394.01 1009.85
394.01 1010.37
394.01 1010.90
394.00 1011.42
394.00 1011.94
393.99 1012.47
393.99 1012.99
393.99 1013.51
393.98 1014.03
393.95 1014.55
393.89 1015.05
393.80 1015.54
393.66 1016.01
393.51 1016.47
393.35 1016.93
393.22 1017.40
393.12 1017.88
393.06 1018.38
393.03 1018.89
393.01 1019.41
393.00 1019.93
393.00 1020.46
393.00 1020.98
392.99 1021.50
392.98 1022.02
392.95 1022.54
392.89 1023.04
392.80 1023.53
392.67 1024.00
392.52 1024.46
392.37 1024.92
392.23 1025.39
392.11 1025.87
392.02 1026.35
391.94 1026.84
391.85 1027.33
391.73 1027.81
391.58 1028.27
391.42 1028.73
391.27 1029.19
391.16 1029.67
391.08 1030.16
391.04 1030.67
391.02 1031.19
391.01 1031.71
391.00 1032.23
391.00 1032.76
391.00 1033.28
390.99 1033.81
390.99 1034.33
390.98 1034.85
390.96 1035.37
390.92 1035.87
390.83 1036.36
390.71 1036.84
390.57 1037.30
390.41 1037.76
390.26 1038.23
390.14 1038.70
390.05 1039.19
389.97 1039.68
389.88 1040.17
389.77 1040.65
389.63 1041.12
389.47 1041.57
389.30 1042.03
389.15 1042.50
389.01 1042.96
388.88 1043.43
388.73 1043.90
388.57 1044.35
388.41 1044.81
388.26 1045.28
388.14 1045.75
388.06 1046.24
388.02 1046.75
388.01 1047.27
388.01 1047.80
388.01 1048.32
388.01 1048.85
388.01 1049.37
388.00 1049.90
388.00 1050.42
387.99 1050.94
387.99 1051.46
387.97 1051.98
387.95 1052.50
387.90 1053.00
387.81 1053.49
387.68 1053.96
387.53 1054.42
387.37 1054.88
387.23 1055.35
387.13 1055.84
387.06 1056.33
387.03 1056.84
387.01 1057.36
387.00 1057.88
387.00 1058.41
387.00 1058.93
386.99 1059.46
386.98 1059.98
386.95 1060.49
386.90 1060.99
386.81 1061.48
386.68 1061.95
386.53 1062.41
386.37 1062.87
386.24 1063.34
386.13 1063.82
386.06 1064.32
386.03 1064.83
386.01 1065.35
386.01 1065.87
386.00 1066.40
386.00 1066.92
386.00 1067.45
386.00 1067.97
386.00 1068.50
386.00 1069.02
386.00 1069.55
386.00 1070.07
386.00 1070.60
386.00 1071.12
386.00 1071.65
386.00 1072.17
386.00 1072.70
386.00 1073.22
386.00 1073.75
386.00 1074.28
386.00 1074.80
386.00 1075.32
386.00 1075.85
386.00 1076.37
386.00 1076.90
385.99 1077.42
385.99 1077.95
385.99 1078.47
385.98 1078.99
385.95 1079.51
385.90 1080.01
385.81 1080.49
385.68 1080.97
385.52 1081.43
385.37 1081.89
385.23 1082.36
385.13 1082.84
385.06 1083.34
385.02 1083.85
385.00 1084.36
384.99 1084.88
384.96 1085.40
384.91 1085.90
384.83 1086.39
384.71 1086.87
384.56 1087.33
384.40 1087.79
384.26 1088.26
384.15 1088.74
384.07 1089.23
384.03 1089.74
384.02 1090.26
384.01 1090.78
384.00 1091.30
384.00 1091.82
384.00 1092.35
383.99 1092.87
383.99 1093.40
383.98 1093.92
383.96 1094.43
383.91 1094.94
383.83 1095.43
383.71 1095.90
383.56 1096.37
383.40 1096.83
383.26 1097.29
383.14 1097.77
383.06 1098.26
383.02 1098.77
383.00 1099.29
382.99 1099.81
382.97 1100.33
382.93 1100.83
382.85 1101.32
382.72 1101.80
382.57 1102.26
382.41 1102.72
382.27 1103.19
382.15 1103.66
382.07 1104.16
382.03 1104.66
382.01 1105.18
382.01 1105.70
382.01 1106.23
382.01 1106.76
382.01 1107.28
382.01 1107.80
382.01 1108.33
382.00 1108.85
382.00 1109.38
382.00 1109.90
381.99 1110.42
381.99 1110.95
381.99 1111.47
381.99 1112.00
381.99 1112.52
381.99 1113.05
381.99 1113.58
382.00 1114.10
382.00 1114.63
382.01 1115.16
382.00 1115.68
381.99 1116.20
381.94 1116.71
381.87 1117.20
381.76 1117.68
381.61 1118.14
381.45 1118.60
381.30 1119.07
381.18 1119.54
381.10 1120.03
381.04 1120.53
381.02 1121.05
381.00 1121.57
381.00 1122.09
380.99 1122.61
380.97 1123.13
380.94 1123.64
380.88 1124.14
380.77 1124.62
380.64 1125.09
380.48 1125.55
380.32 1126.01
380.19 1126.48
380.09 1126.97
380.01 1127.46
379.93 1127.95
379.82 1128.43
379.69 1128.90
379.54 1129.36
379.38 1129.82
379.24 1130.29
379.14 1130.77
379.07 1131.27
379.03 1131.78
379.01 1132.30
379.00 1132.82
379.00 1133.34
378.99 1133.86
378.99 1134.39
378.98 1134.91
378.96 1135.43
378.91 1135.93
378.83 1136.42
378.70 1136.89
378.55 1137.36
378.40 1137.82
378.25 1138.28
378.14 1138.76
378.06 1139.25
378.02 1139.76
378.01 1140.28
378.01 1140.81
378.01 1141.33
378.01 1141.86
378.01 1142.38
378.00 1142.91
378.00 1143.43
377.99 1143.95
377.99 1144.47
377.98 1144.99
377.95 1145.51
377.89 1146.01
377.80 1146.50
377.67 1146.97
377.52 1147.43
377.37 1147.89
377.23 1148.36
377.13 1148.85
377.06 1149.34
377.03 1149.85
377.01 1150.37
377.00 1150.89
376.99 1151.42
377.00 1151.94
377.00 1152.47
376.99 1152.99
376.96 1153.50
376.90 1154.00
376.81 1154.49
376.68 1154.96
376.52 1155.42
376.37 1155.88
376.23 1156.35
376.12 1156.83
376.03 1157.32
375.95 1157.81
375.86 1158.29
375.74 1158.76
375.60 1159.22
375.48 1159.67
375.38 1160.11
375.34 1160.55
375.36 1160.97
375.40 1161.39
375.44 1161.79
375.43 1162.20
375.37 1162.61
375.28 1163.05
375.18 1163.50
375.10 1163.98
375.04 1164.48
375.00 1164.99
374.96 1165.50
374.90 1166.00
374.81 1166.49
374.68 1166.96
374.53 1167.42
374.37 1167.88
374.24 1168.35
374.13 1168.83
374.07 1169.33
374.03 1169.84
374.01 1170.36
374.00 1170.88
373.99 1171.40
373.98 1171.92
373.96 1172.44
373.91 1172.94
373.82 1173.43
373.69 1173.90
373.54 1174.36
373.39 1174.82
373.25 1175.29
373.14 1175.77
373.07 1176.27
373.03 1176.78
373.01 1177.29
372.99 1177.81
372.97 1178.33
372.92 1178.83
372.84 1179.33
372.73 1179.80
372.58 1180.27
372.42 1180.73
372.27 1181.19
372.15 1181.66
372.06 1182.15
371.98 1182.64
371.89 1183.13
371.78 1183.61
371.64 1184.08
371.48 1184.54
371.33 1185.00
371.20 1185.47
371.11 1185.96
371.05 1186.46
371.02 1186.97
371.00 1187.49
370.98 1188.01
370.95 1188.52
370.89 1189.02
370.80 1189.51
370.67 1189.98
370.52 1190.44
370.36 1190.90
370.23 1191.37
370.13 1191.86
370.06 1192.35
370.03 1192.86
370.01 1193.38
370.00 1193.90
369.99 1194.42
369.98 1194.95
369.96 1195.46
369.90 1195.96
369.82 1196.45
369.69 1196.92
369.54 1197.39
369.38 1197.85
369.24 1198.31
369.13 1198.80
369.07 1199.29
369.03 1199.80
369.01 1200.32
368.99 1200.84
368.96 1201.35
368.92 1201.86
368.84 1202.35
368.73 1202.83
368.58 1203.29
368.42 1203.75
368.28 1204.22
368.16 1204.69
368.07 1205.18
368.03 1205.69
368.01 1206.21
368.01 1206.73
368.01 1207.26
368.00 1207.78
368.00 1208.30
367.99 1208.83
367.99 1209.35
367.99 1209.87
367.97 1210.39
367.92 1210.89
367.83 1211.38
367.70 1211.86
367.55 1212.32
367.39 1212.78
367.25 1213.24
367.13 1213.72
367.05 1214.21
366.97 1214.70
366.88 1215.19
366.77 1215.67
366.63 1216.14
366.47 1216.60
366.32 1217.06
366.19 1217.53
366.10 1218.02
366.05 1218.52
366.02 1219.04
366.01 1219.56
366.00 1220.08
366.00 1220.60
366.00 1221.13
365.99 1221.65
365.97 1222.17
365.93 1222.68
365.87 1223.17
365.76 1223.66
365.63 1224.12
365.47 1224.58
365.32 1225.05
365.19 1225.52
365.10 1226.01
365.04 1226.51
365.00 1227.02
364.96 1227.52
364.90 1228.02
364.81 1228.51
364.68 1228.98
364.53 1229.45
364.37 1229.91
364.23 1230.37
364.12 1230.85
364.05 1231.35
364.01 1231.86
363.97 1232.37
363.92 1232.87
363.83 1233.36
363.71 1233.83
363.55 1234.29
363.39 1234.75
363.23 1235.21
363.09 1235.68
362.95 1236.14
362.78 1236.60
362.58 1237.04
362.34 1237.47
362.07 1237.88
361.79 1238.29
361.55 1238.72
361.35 1239.16
361.20 1239.62
361.10 1240.10
361.04 1240.60
361.01 1241.12
361.00 1241.64
361.00 1242.16
361.00 1242.69
361.00 1243.22
361.00 1243.74
361.00 1244.27
361.00 1244.79
360.99 1245.31
360.98 1245.83
360.96 1246.35
360.92 1246.86
360.84 1247.35
360.72 1247.83
360.58 1248.29
360.42 1248.75
360.27 1249.21
360.15 1249.69
360.07 1250.18
360.03 1250.69
360.01 1251.21
360.01 1251.73
360.01 1252.26
360.01 1252.78
360.01 1253.31
360.01 1253.83
360.00 1254.35
360.00 1254.88
359.99 1255.40
359.99 1255.93
359.99 1256.45
359.98 1256.97
359.95 1257.48
359.90 1257.99
359.81 1258.48
359.68 1258.95
359.53 1259.41
359.37 1259.87
359.23 1260.34
359.13 1260.82
359.06 1261.32
359.01 1261.82
358.97 1262.33
358.92 1262.84
358.85 1263.33
358.74 1263.81
358.59 1264.27
358.44 1264.73
358.29 1265.20
358.16 1265.67
358.07 1266.16
358.02 1266.66
358.01 1267.18
358.00 1267.71
358.01 1268.23
358.01 1268.76
358.00 1269.28
357.99 1269.80
357.96 1270.32
357.92 1270.82
357.84 1271.32
357.73 1271.80
357.59 1272.26
357.43 1272.72
357.28 1273.18
357.16 1273.66
357.08 1274.15
357.03 1274.65
356.99 1275.16
356.95 1275.67
356.87 1276.16
356.76 1276.64
356.62 1277.11
356.46 1277.57
356.31 1278.03
356.19 1278.51
356.10 1279.00
356.05 1279.50
356.02 1280.01
356.00 1280.53
356.00 1281.05
355.99 1281.58
355.98 1282.10
355.95 1282.61
355.88 1283.11
355.79 1283.59
355.66 1284.06
355.50 1284.52
355.35 1284.99
355.21 1285.45
355.11 1285.94
355.04 1286.44
355.01 1286.95
355.00 1287.47
355.01 1287.99
355.01 1288.52
355.01 1289.05
355.00 1289.57
354.98 1290.08
354.94 1290.59
354.88 1291.09
354.78 1291.58
354.65 1292.05
354.50 1292.51
354.34 1292.97
354.21 1293.44
354.11 1293.93
354.05 1294.43
354.02 1294.94
354.01 1295.46
354.01 1295.98
354.01 1296.51
354.01 1297.03
354.00 1297.56
354.00 1298.08
353.99 1298.60
353.99 1299.13
353.99 1299.65
353.99 1300.18
353.99 1300.70
353.97 1301.22
353.94 1301.73
353.86 1302.23
353.75 1302.70
353.61 1303.17
353.45 1303.63
353.30 1304.09
353.18 1304.57
353.09 1305.06
353.04 1305.56
353.01 1306.08
353.00 1306.59
352.98 1307.11
352.94 1307.62
352.88 1308.12
352.78 1308.60
352.64 1309.07
352.49 1309.53
352.33 1310.00
352.21 1310.47
352.11 1310.95
352.05 1311.45
352.02 1311.97
352.01 1312.48
352.00 1313.01
351.99 1313.53
351.98 1314.05
351.95 1314.56
351.89 1315.06
351.80 1315.55
351.67 1316.02
351.52 1316.48
351.36 1316.95
351.22 1317.41
351.11 1317.89
351.04 1318.39
351.01 1318.90
351.00 1319.42
350.99 1319.94
350.97 1320.46
350.91 1320.96
350.82 1321.45
350.69 1321.92
350.54 1322.38
350.38 1322.84
350.24 1323.31
350.13 1323.79
350.06 1324.28
350.02 1324.79
350.01 1325.31
350.00 1325.83
349.98 1326.35
349.93 1326.85
349.84 1327.34
349.71 1327.81
349.56 1328.28
349.40 1328.74
349.26 1329.20
349.14 1329.68
349.05 1330.17
348.97 1330.66
348.89 1331.15
348.78 1331.63
348.64 1332.10
348.48 1332.56
348.33 1333.02
348.20 1333.49
348.11 1333.98
348.05 1334.48
348.02 1334.99
348.01 1335.51
348.00 1336.03
344.73 1357.78
344.59 1358.25
344.43 1358.71
344.28 1359.17
344.16 1359.65
344.06 1360.13
343.98 1360.63
343.90 1361.12
343.79 1361.60
343.66 1362.07
343.51 1362.53
343.35 1362.99
343.21 1363.46
343.11 1363.94
343.05 1364.44
343.01 1364.95
337.74 1393.75
337.59 1394.21
337.42 1394.67
337.26 1395.13
337.12 1395.59
336.98 1396.06
336.84 1396.53
336.69 1396.99
336.53 1397.45
336.37 1397.91
336.23 1398.37
336.12 1398.85
336.03 1399.34
335.95 1399.83
335.85 1400.32
335.72 1400.79
335.57 1401.26
335.42 1401.72
335.27 1402.18
335.15 1402.66
335.06 1403.14
334.98 1403.63
334.89 1404.12
334.78 1404.60
334.64 1405.07
334.48 1405.53
334.32 1405.99
334.16 1406.45
334.03 1406.92
333.89 1407.38
333.74 1407.85
333.58 1408.31
333.42 1408.76
333.27 1409.23
333.15 1409.70
333.05 1410.19
332.97 1410.68
332.88 1411.17
332.77 1411.65
332.63 1412.11
332.46 1412.57
332.30 1413.03
332.15 1413.49
332.01 1413.96
331.87 1414.43
331.73 1414.89
331.56 1415.35
331.40 1415.81
331.26 1416.27
331.14 1416.75
331.07 1417.24
331.03 1417.75
331.01 1418.27
331.01 1418.79
331.01 1419.32
324.39 1454.39
324.10 1454.80
323.78 1455.19
323.44 1455.57
323.10 1455.96
322.79 1456.35
322.53 1456.77
322.32 1457.21
322.17 1457.67
322.06 1458.15
321.98 1458.64
321.89 1459.13
321.77 1459.61
321.63 1460.07
321.47 1460.53
321.32 1461.00
321.20 1461.47
321.11 1461.96
321.04 1462.45
321.00 1462.96
320.96 1463.47
320.90 1463.97
320.81 1464.46
320.69 1464.93
320.54 1465.40
320.38 1465.86
320.24 1466.32
320.13 1466.80
320.07 1467.30
320.03 1467.81
320.01 1468.33
319.99 1468.85
319.96 1469.36
319.92 1469.86
319.83 1470.36
319.72 1470.83
319.57 1471.30
319.41 1471.76
319.27 1472.22
319.15 1472.70
319.08 1473.19
319.04 1473.70
319.01 1474.22
319.00 1474.74
319.00 1475.26
318.99 1475.78
318.97 1476.30
318.92 1476.81
318.85 1477.30
318.73 1477.78
318.59 1478.24
318.43 1478.70
318.28 1479.16
318.16 1479.64
318.06 1480.12
317.98 1480.62
317.89 1481.11
317.78 1481.59
317.64 1482.05
317.49 1482.51
317.33 1482.97
317.20 1483.45
317.11 1483.93
317.05 1484.43
317.00 1484.94
316.96 1485.45
316.91 1485.95
316.82 1486.44
316.69 1486.91
316.54 1487.37
316.37 1487.83
316.21 1488.29
316.07 1488.75
315.93 1489.22
315.79 1489.69
315.63 1490.15
315.47 1490.60
315.31 1491.07
315.19 1491.54
315.10 1492.03
315.05 1492.53
315.02 1493.04
315.01 1493.56
315.00 1494.09
314.99 1494.61
314.97 1495.13
314.94 1495.64
314.88 1496.14
314.77 1496.62
314.64 1497.09
314.48 1497.55
314.33 1498.01
314.19 1498.48
314.09 1498.96
314.01 1499.45
313.93 1499.94
313.83 1500.43
313.71 1500.90
313.56 1501.37
313.40 1501.83
313.26 1502.29
313.14 1502.77
313.06 1503.26
313.01 1503.77
312.98 1504.28
312.93 1504.78
312.85 1505.28
312.74 1505.75
312.59 1506.22
312.43 1506.68
312.28 1507.14
312.17 1507.62
312.08 1508.11
312.03 1508.61
311.99 1509.12
311.95 1509.63
311.88 1510.12
311.78 1510.61
311.64 1511.08
311.49 1511.54
311.33 1512.00
311.20 1512.47
311.09 1512.95
311.01 1513.44
310.93 1513.93
310.83 1514.42
310.71 1514.89
310.56 1515.35
310.40 1515.81
310.25 1516.28
310.13 1516.75
310.04 1517.24
309.30 1520.08
309.17 1520.56
850.00 146.74
849.99 147.27
849.99 147.80
849.99 148.34
849.99 148.87
850.00 149.39
850.01 149.92
850.01 150.45
850.02 150.98
850.05 151.50
850.11 152.01
850.20 152.50
850.33 152.98
850.48 153.45
850.63 153.91
850.77 154.39
850.87 154.88
850.93 155.38
850.96 155.89
850.95 156.41
850.90 156.91
850.82 157.41
850.69 157.89
850.55 158.36
850.39 158.82
850.25 159.30
850.15 159.78
850.10 160.27
850.10 160.77
850.16 161.26
850.27 161.74
850.41 162.21
850.57 162.67
850.73 163.14
850.88 163.61
853.19 202.50
853.63 203.91
855.00 254.82
855.00 255.89
855.00 256.42
855.00 256.95
854.98 258.00
854.95 258.52
854.89 259.03
854.80 259.52
854.67 260.00
854.51 260.47
854.36 260.93
854.22 261.41
854.12 261.90
854.06 262.40
854.02 262.92
854.01 263.45
854.00 263.97
854.00 264.50
854.00 265.04
854.00 265.57
854.00 266.10
854.00 266.63
854.00 267.16
854.00 267.69
854.00 268.22
854.00 268.75
854.00 269.29
854.00 269.82
854.01 270.35
854.02 270.87
854.04 271.39
854.09 271.90
854.18 272.40
854.30 272.88
854.45 273.35
854.61 273.82
854.75 274.29
855.00 280.56
855.00 281.09
856.00 320.53
856.00 321.06
856.00 321.59
856.00 322.12
856.01 322.65
856.03 323.17
856.07 323.69
856.14 324.19
856.24 324.68
856.38 325.15
856.54 325.62
856.69 326.09
856.81 326.57
856.90 327.06
856.95 327.57
856.98 328.09
857.00 328.62
857.00 329.15
857.00 329.68
857.00 330.21
857.00 330.74
857.00 331.27
856.99 331.80
856.99 332.33
856.99 332.86
856.99 333.39
856.99 333.92
856.96 334.44
856.91 334.95
856.81 335.44
856.69 335.92
856.53 336.39
856.37 336.86
856.24 337.33
856.13 337.82
856.06 338.32
856.03 338.84
856.01 339.36
856.01 339.89
856.00 340.42
856.00 340.95
856.00 341.48
856.00 342.01
855.99 342.55
855.99 343.08
856.00 343.61
856.00 344.14
856.00 344.67
856.00 345.20
856.01 345.73
856.01 346.26
856.01 346.79
856.00 347.33
856.00 347.86
856.00 348.39
856.01 348.92
856.04 349.44
856.09 349.95
856.18 350.44
856.31 350.92
856.46 351.39
856.62 351.85
856.76 352.33
856.87 352.81
856.94 353.31
856.98 353.83
857.00 354.35
857.00 354.88
857.00 355.42
857.00 355.95
857.00 356.48
856.99 357.01
856.99 357.54
856.99 358.07
856.99 358.61
856.99 359.14
856.99 359.67
856.99 360.20
857.00 360.73
857.00 361.26
857.00 361.79
857.00 362.32
857.00 362.85
857.00 363.39
857.00 363.92
857.00 364.45
857.00 364.98
857.00 365.51
857.00 366.04
857.00 366.57
857.00 367.10
857.00 367.63
857.01 368.17
857.01 368.70
857.01 369.23
857.01 369.76
857.01 370.29
857.01 370.82
857.01 371.35
857.01 371.88
857.01 372.42
857.01 372.95
857.01 373.48
857.00 374.01
857.00 374.54
857.00 375.07
857.00 375.61
857.00 376.14
857.00 376.67
857.00 377.20
856.99 377.73
856.99 378.27
856.99 378.80
856.99 379.33
856.99 379.86
856.99 380.39
857.01 380.92
857.04 381.43
857.10 381.94
857.20 382.43
857.32 382.91
857.48 383.38
857.63 383.85
857.77 384.32
857.87 384.81
857.94 385.31
857.97 385.83
857.99 386.35
858.00 386.88
858.00 387.41
858.00 387.94
858.00 388.47
858.00 389.01
858.00 389.54
858.00 390.07
857.99 390.60
857.98 391.12
857.94 391.64
857.88 392.14
857.77 392.63
857.64 393.11
857.49 393.58
857.33 394.04
857.20 394.52
857.10 395.01
857.04 395.52
857.01 396.03
856.99 396.56
856.99 397.09
856.99 397.62
856.99 398.15
857.00 398.69
857.00 399.22
857.00 399.75
857.00 400.28
857.01 400.81
857.01 401.35
857.01 401.88
857.01 402.41
857.01 402.94
857.01 403.47
857.01 404.00
857.01 404.53
857.01 405.07
857.01 405.60
857.00 406.13
857.00 406.66
857.00 407.19
857.00 407.72
857.00 408.25
857.00 408.78
857.00 409.31
857.00 409.84
857.00 410.38
857.00 410.91
857.00 411.44
857.00 411.97
857.00 412.50
857.00 413.03
857.00 413.56
857.00 414.09
857.00 414.63
857.00 415.16
857.00 415.69
857.00 416.22
857.00 416.75
857.00 417.28
857.00 417.81
857.00 418.35
857.00 418.88
857.00 419.41
857.00 419.94
857.00 420.47
857.00 421.00
857.00 421.53
857.00 422.07
857.00 422.60
857.00 423.13
857.00 423.66
857.00 424.19
857.00 424.72
857.00 425.25
857.00 425.79
857.00 426.32
857.00 426.85
857.00 427.38
857.00 427.91
857.00 428.44
857.00 428.97
857.00 429.50
857.00 430.04
857.00 430.57
857.00 431.10
857.00 431.63
857.00 432.16
856.99 432.69
856.97 433.21
856.93 433.72
856.85 434.23
856.74 434.71
856.60 435.18
856.45 435.65
856.30 436.12
856.18 436.60
856.09 437.10
856.04 437.61
856.02 438.13
856.02 438.65
856.03 439.17
856.07 439.69
856.14 440.19
856.24 440.68
856.37 441.14
856.50 441.60
856.59 442.05
856.63 442.49
856.60 442.94
856.50 443.38
856.37 443.84
856.24 444.31
856.14 444.79
856.07 445.29
856.03 445.81
856.01 446.33
856.01 446.86
856.01 447.39
856.02 447.91
856.04 448.43
856.09 448.94
856.17 449.43
856.27 449.90
856.36 450.34
856.42 450.76
856.42 451.18
856.37 451.60
856.28 452.04
856.19 452.50
856.11 452.98
856.06 453.49
856.04 454.00
856.06 454.51
856.11 455.02
856.19 455.50
856.28 455.96
856.37 456.40
856.42 456.82
856.43 457.23
856.40 457.64
856.36 458.06
856.35 458.49
856.40 458.93
856.50 459.38
856.63 459.83
856.76 460.30
856.86 460.79
856.93 461.29
856.97 461.80
856.99 462.32
857.00 462.85
857.00 463.38
857.00 463.92
857.00 464.45
857.00 464.98
857.00 465.51
857.00 466.04
857.00 466.57
857.01 467.10
857.01 467.63
857.01 468.16
857.01 468.69
857.03 469.22
857.07 469.73
857.14 470.23
857.25 470.71
857.40 471.18
857.55 471.65
857.69 472.11
857.77 472.58
857.80 473.06
857.75 473.53
857.64 473.99
857.48 474.45
857.28 474.90
857.08 475.34
856.86 475.78
856.66 476.23
856.47 476.68
856.30 477.14
856.18 477.62
856.09 478.12
856.04 478.63
856.01 479.15
856.00 479.68
856.00 480.21
856.00 480.74
856.00 481.27
856.00 481.80
856.00 482.33
856.00 482.86
856.00 483.39
856.00 483.93
856.00 484.46
856.00 484.99
856.00 485.52
856.00 486.05
856.00 486.58
856.00 487.11
856.00 487.64
856.00 488.18
856.00 488.71
856.00 489.24
856.00 489.77
856.00 490.30
856.00 490.83
856.00 491.36
856.00 491.89
856.00 492.43
856.00 492.96
856.00 493.49
856.00 494.02
856.00 494.55
856.00 495.08
856.00 495.61
856.00 496.15
856.00 496.68
856.00 497.21
856.00 497.74
856.00 498.27
856.00 498.80
856.00 499.33
856.00 499.87
856.00 500.40
856.00 500.93
856.00 501.46
856.00 501.99
856.00 502.52
856.00 503.05
856.00 503.59
856.00 504.12
856.00 504.65
856.00 505.18
856.00 505.71
856.00 506.24
856.00 506.77
856.00 507.30
856.00 507.83
856.00 508.37
856.00 508.90
856.00 509.43
855.99 509.96
855.99 510.49
855.99 511.02
855.99 511.55
856.00 512.08
856.00 512.62
856.00 513.15
855.99 513.68
855.98 514.20
855.94 514.72
855.86 515.22
855.75 515.70
855.61 516.17
855.45 516.64
855.30 517.11
855.18 517.59
855.09 518.08
855.03 518.59
854.99 519.11
854.95 519.62
854.88 520.12
854.77 520.61
854.64 521.09
854.48 521.55
854.33 522.02
854.20 522.50
854.11 522.99
854.05 523.50
854.02 524.02
854.00 524.54
854.00 525.07
854.00 525.60
854.00 526.13
854.00 526.67
854.00 527.20
854.00 527.73
854.00 528.26
854.00 528.79
854.00 529.32
854.00 529.85
854.00 530.39
854.00 530.92
854.00 531.45
854.00 531.98
854.00 532.51
854.00 533.04
854.00 533.57
854.00 534.10
854.00 534.64
854.00 535.17
854.00 535.70
854.00 536.23
854.00 536.76
854.00 537.29
854.00 537.82
854.00 538.35
854.00 538.89
854.00 539.42
854.00 539.95
854.00 540.48
854.00 541.01
854.00 541.54
854.00 542.07
854.00 542.61
854.00 543.14
854.00 543.67
854.00 544.20
854.00 544.73
854.00 545.26
854.00 545.79
854.00 546.32
854.00 546.86
854.00 547.39
854.00 547.92
854.00 548.45
854.00 548.98
854.00 549.51
854.00 550.05
854.00 550.58
854.00 551.11
854.00 551.64
854.00 552.17
854.00 552.70
854.00 553.23
854.00 553.76
853.99 554.29
853.98 554.82
853.96 555.34
853.92 555.85
853.83 556.35
853.71 556.83
853.57 557.30
853.41 557.77
853.27 558.24
853.15 558.73
853.08 559.23
853.03 559.74
853.01 560.26
853.00 560.79
853.00 561.32
852.98 561.84
852.96 562.37
852.91 562.88
852.83 563.37
852.70 563.85
852.56 564.32
852.40 564.79
852.26 565.26
852.15 565.75
852.07 566.25
852.03 566.76
852.01 567.29
852.00 567.81
852.00 568.34
852.00 568.87
852.00 569.41
852.00 569.94
852.00 570.47
852.00 571.00
852.00 571.53
852.00 572.06
852.00 572.59
852.00 573.13
852.00 573.66
852.00 574.19
852.00 574.72
852.00 575.25
852.00 575.78
852.00 576.31
852.00 576.84
851.99 577.37
851.98 577.90
851.96 578.42
851.91 578.93
851.82 579.43
851.69 579.91
851.54 580.37
851.39 580.84
851.25 581.31
851.14 581.80
851.07 582.30
851.03 582.82
851.01 583.34
850.99 583.86
850.96 584.38
850.91 584.90
850.83 585.39
850.71 585.88
850.57 586.35
850.41 586.81
850.27 587.28
850.15 587.77
850.07 588.26
850.02 588.78
849.99 589.30
849.99 589.82
849.98 590.36
849.99 590.89
849.99 591.42
849.99 591.95
850.00 592.49
850.00 593.02
850.00 593.55
850.01 594.08
850.01 594.62
850.01 595.15
850.01 595.68
850.01 596.21
850.01 596.74
850.01 597.27
850.01 597.81
850.01 598.34
850.01 598.87
850.01 599.40
850.01 599.93
850.01 600.46
850.01 600.99
850.00 601.52
850.00 602.05
850.00 602.58
850.00 603.11
849.99 603.64
849.99 604.17
849.99 604.70
849.99 605.23
849.98 605.76
849.98 606.29
849.98 606.83
849.98 607.36
849.98 607.89
849.98 608.42
849.99 608.95
849.99 609.49
849.99 610.02
850.00 610.55
850.01 611.09
850.02 611.62
850.02 612.16
850.03 612.69
850.03 613.22
850.02 613.75
849.99 614.27
849.93 614.77
849.83 615.27
849.71 615.74
849.56 616.21
849.40 616.68
849.25 617.15
849.10 617.62
848.97 618.09
848.83 618.57
848.67 619.03
848.51 619.50
848.35 619.96
848.22 620.44
848.12 620.93
848.05 621.44
848.02 621.95
848.00 622.48
847.98 623.00
847.95 623.52
847.89 624.02
847.80 624.52
847.67 624.99
847.52 625.46
847.36 625.93
847.22 626.40
847.12 626.89
847.05 627.40
847.02 627.92
847.01 628.44
847.01 628.97
847.01 629.50
847.01 630.03
847.01 630.56
847.01 631.09
847.01 631.62
847.02 632.15
847.06 632.66
847.13 633.17
847.24 633.65
847.38 634.13
847.53 634.59
847.69 635.06
847.81 635.54
847.90 636.03
847.96 636.54
847.99 637.06
848.00 637.59
848.00 638.12
848.00 638.65
848.00 639.18
848.00 639.71
848.00 640.25
848.00 640.78
848.00 641.31
848.00 641.84
848.00 642.37
848.00 642.90
848.00 643.43
848.00 643.96
848.00 644.49
848.00 645.03
848.00 645.56
848.00 646.09
848.00 646.62
848.00 647.15
848.00 647.68
848.00 648.21
848.00 648.74
848.00 649.28
848.00 649.81
848.00 650.34
848.00 650.87
848.00 651.40
848.00 651.93
848.00 652.46
848.00 653.00
848.00 653.53
848.00 654.06
848.00 654.59
848.00 655.12
848.00 655.65
848.00 656.18
848.00 656.72
848.00 657.25
848.00 657.78
848.00 658.31
848.00 658.84
848.00 659.37
848.00 659.90
848.00 660.43
848.00 660.97
848.00 661.50
848.00 662.03
848.00 662.56
848.00 663.09
848.00 663.62
848.00 664.15
848.00 664.68
848.00 665.21
847.99 665.74
847.97 666.27
847.93 666.78
847.85 667.28
847.74 667.76
847.59 668.24
847.44 668.70
847.29 669.17
847.17 669.65
847.09 670.15
847.04 670.66
847.02 671.18
847.01 671.71
847.00 672.24
847.00 672.77
847.00 673.30
847.00 673.83
847.00 674.37
847.00 674.90
846.99 675.43
846.98 675.95
846.95 676.47
846.90 676.98
846.81 677.47
846.68 677.95
846.53 678.42
846.37 678.89
846.23 679.36
846.13 679.85
846.06 680.35
846.03 680.87
846.01 681.39
846.00 681.92
846.00 682.45
846.00 682.98
846.00 683.52
846.00 684.05
846.00 684.58
846.00 685.11
846.00 685.64
846.00 686.17
846.00 686.70
846.00 687.23
846.00 687.77
846.00 688.30
846.00 688.83
845.99 689.36
845.99 689.89
845.96 690.41
845.91 690.92
845.82 691.41
845.70 691.89
845.56 692.36
845.40 692.83
845.25 693.30
845.14 693.79
845.06 694.29
845.02 694.80
845.01 695.33
845.01 695.86
845.01 696.39
845.01 696.92
845.01 697.45
845.01 697.98
845.00 698.51
845.00 699.04
844.99 699.57
844.99 700.10
844.99 700.63
844.99 701.16
845.00 701.70
845.00 702.23
845.00 702.76
845.00 703.29
845.01 703.83
845.01 704.36
845.01 704.89
845.00 705.42
845.00 705.95
845.00 706.48
845.00 707.01
845.00 707.54
845.00 708.07
845.00 708.60
845.00 709.14
845.00 709.67
845.00 710.20
845.00 710.73
845.00 711.26
844.99 711.79
844.96 712.31
844.92 712.82
844.84 713.32
844.71 713.80
844.55 714.27
844.37 714.72
844.16 715.17
843.95 715.61
843.74 716.05
843.54 716.50
843.36 716.96
843.22 717.43
843.10 717.92
843.02 718.41
842.93 718.91
842.83 719.40
842.71 719.88
842.56 720.35
842.40 720.81
842.25 721.28
842.14 721.77
842.07 722.27
842.03 722.78
842.01 723.31
842.00 723.84
842.00 724.36
841.98 724.89
841.96 725.41
841.90 725.92
841.82 726.42
841.70 726.90
841.55 727.37
841.39 727.83
841.25 728.31
841.14 728.79
841.07 729.29
841.03 729.81
841.01 730.33
841.00 730.86
841.00 731.39
841.00 731.92
841.00 732.45
841.00 732.99
841.01 733.52
841.01 734.05
841.01 734.58
841.00 735.11
841.00 735.64
840.99 736.17
840.99 736.70
840.99 737.23
840.99 737.76
840.99 738.29
840.99 738.82
840.97 739.35
840.92 739.86
840.84 740.35
840.71 740.83
840.56 741.30
840.41 741.77
840.26 742.24
840.15 742.73
840.07 743.23
840.03 743.74
840.01 744.26
840.01 744.79
840.01 745.32
840.00 745.85
840.00 746.38
840.00 746.91
840.00 747.44
839.99 747.98
840.00 748.51
840.00 749.04
840.00 749.57
840.00 750.10
840.00 750.64
840.00 751.17
840.00 751.70
840.00 752.23
840.00 752.76
840.00 753.29
840.00 753.82
840.00 754.35
840.00 754.88
840.00 755.42
840.00 755.95
840.00 756.48
840.00 757.01
840.00 757.54
840.00 758.07
840.00 758.61
840.00 759.14
840.00 759.67
840.00 760.20
840.00 760.73
840.00 761.26
840.00 761.79
840.00 762.32
840.00 762.85
839.99 763.38
839.98 763.91
839.96 764.43
839.90 764.94
839.82 765.44
839.69 765.92
839.54 766.39
839.39 766.85
839.24 767.32
839.13 767.81
839.06 768.31
839.02 768.83
839.00 769.35
839.00 769.88
839.00 770.41
839.00 770.94
839.01 771.48
839.01 772.01
839.01 772.54
839.01 773.07
839.00 773.60
839.00 774.13
839.00 774.66
839.00 775.19
839.00 775.72
839.00 776.25
839.00 776.78
839.00 777.32
839.00 777.85
839.00 778.38
839.00 778.91
839.00 779.44
839.00 779.97
839.00 780.51
839.00 781.04
839.00 781.57
839.00 782.10
839.00 782.63
839.00 783.16
839.00 783.70
839.00 784.23
839.00 784.76
839.00 785.29
839.00 785.82
839.00 786.35
839.00 786.88
839.00 787.41
839.00 787.94
838.99 788.47
838.98 789.00
838.95 789.52
838.89 790.02
838.80 790.52
838.67 790.99
838.51 791.46
838.36 791.93
838.22 792.40
838.13 792.89
838.07 793.40
838.04 793.91
838.05 794.42
838.10 794.93
838.19 795.42
838.31 795.90
838.46 796.37
838.62 796.84
838.76 797.31
838.86 797.80
838.93 798.30
838.97 798.82
838.99 799.34
839.00 799.87
839.00 800.40
839.00 800.93
839.00 801.46
839.00 801.99
839.00 802.52
839.00 803.05
838.99 803.58
838.98 804.11
838.94 804.63
838.88 805.13
838.78 805.62
838.64 806.10
838.49 806.56
838.33 807.03
838.20 807.51
838.10 808.00
838.05 808.51
838.02 809.03
838.01 809.55
838.01 810.08
838.00 810.61
838.00 811.14
838.00 811.67
838.00 812.20
838.00 812.74
838.00 813.27
838.00 813.80
838.00 814.33
838.00 814.86
838.00 815.39
837.98 815.92
837.95 816.44
837.90 816.95
837.81 817.44
837.69 817.92
837.54 818.39
837.38 818.86
837.24 819.33
837.14 819.82
837.07 820.32
837.03 820.84
837.01 821.36
837.00 821.89
836.99 822.42
836.98 822.94
836.95 823.46
836.90 823.97
836.81 824.46
836.68 824.94
836.53 825.41
836.37 825.88
836.24 826.35
836.14 826.84
836.08 827.35
836.06 827.87
836.09 828.40
836.15 828.93
836.25 829.48
836.37 830.03
836.52 830.58
836.67 831.12
836.81 831.65
836.92 832.17
836.97 832.67
836.94 833.15
836.84 833.60
836.66 834.02
836.41 834.43
836.13 834.84
835.84 835.24
835.58 835.66
835.36 836.10
835.20 836.57
835.10 837.06
835.04 837.57
835.02 838.09
835.01 838.61
835.00 839.14
835.00 839.67
835.00 840.20
835.00 840.74
835.00 841.27
835.00 841.80
834.99 842.33
834.98 842.86
834.96 843.38
834.91 843.89
834.83 844.38
834.71 844.87
834.56 845.34
834.40 845.80
834.26 846.27
834.15 846.76
834.07 847.26
834.03 847.77
834.01 848.30
834.01 848.83
834.00 849.36
834.00 849.89
834.00 850.42
834.00 850.95
834.01 851.48
834.02 852.00
834.05 852.52
834.11 853.03
834.20 853.52
834.33 854.00
834.49 854.46
834.64 854.93
834.78 855.41
834.88 855.90
834.94 856.40
834.97 856.92
834.99 857.44
834.99 857.97
834.99 858.50
834.98 859.03
834.95 859.54
834.88 860.05
834.77 860.53
834.59 860.99
834.35 861.42
834.06 861.83
833.73 862.23
833.39 862.62
833.05 863.01
832.72 863.40
832.43 863.81
832.17 864.24
831.93 864.67
831.71 865.11
831.51 865.56
831.33 866.01
831.16 866.48
831.01 866.95
830.86 867.41
830.67 867.87
830.44 868.31
830.18 868.73
829.91 869.15
829.64 869.57
829.41 870.00
829.24 870.46
829.12 870.94
829.04 871.45
828.99 871.96
828.94 872.46
828.86 872.95
828.72 873.41
828.53 873.82
828.28 874.18
828.03 874.46
827.83 874.68
827.73 874.85
827.78 874.97
828.00 875.07
828.35 875.17
828.81 875.29
829.31 875.46
829.79 875.68
830.20 875.97
830.50 876.32
830.69 876.73
830.76 877.17
830.73 877.63
830.62 878.09
830.48 878.55
830.33 879.01
830.20 879.49
830.11 879.98
830.04 880.49
830.00 881.00
829.96 881.51
829.89 882.02
829.80 882.51
829.67 882.99
829.51 883.45
829.36 883.92
829.23 884.40
829.12 884.89
829.06 885.39
829.02 885.91
829.01 886.43
829.00 886.96
828.99 887.49
828.98 888.02
828.95 888.53
828.89 889.04
828.80 889.53
828.67 890.01
828.51 890.48
828.36 890.95
828.22 891.42
828.12 891.91
828.05 892.41
828.02 892.93
828.00 893.45
827.99 893.98
827.96 894.50
827.90 895.01
827.80 895.50
827.67 895.97
827.51 896.44
827.35 896.90
827.19 897.37
827.05 897.84
826.91 898.32
826.76 898.79
826.60 899.25
826.44 899.71
826.28 900.18
826.16 900.66
826.06 901.15
825.98 901.65
825.89 902.14
825.78 902.63
825.64 903.10
825.48 903.57
825.33 904.04
825.20 904.51
825.10 905.01
825.05 905.51
825.02 906.03
825.01 906.56
825.01 907.09
825.00 907.62
825.00 908.15
825.00 908.68
825.00 909.21
825.00 909.74
825.00 910.28
825.00 910.81
825.00 911.34
825.00 911.87
825.00 912.40
825.00 912.93
825.00 913.47
825.00 914.00
825.00 914.53
825.00 915.06
824.99 915.59
824.97 916.11
824.94 916.63
824.87 917.13
824.77 917.62
824.63 918.09
824.48 918.56
824.33 919.03
824.20 919.51
824.11 920.00
824.05 920.51
824.02 921.03
824.00 921.55
824.00 922.08
823.99 922.61
823.98 923.14
823.94 923.65
823.87 924.16
823.77 924.64
823.63 925.12
823.47 925.58
823.32 926.05
823.19 926.53
823.10 927.02
823.05 927.53
823.02 928.05
823.01 928.58
823.01 929.11
823.00 929.64
823.00 930.17
823.00 930.70
823.00 931.23
823.00 931.76
823.00 932.29
823.00 932.83
823.01 933.36
823.02 933.88
823.04 934.40
823.09 934.91
823.18 935.41
823.30 935.89
823.45 936.36
823.60 936.82
823.72 937.29
823.79 937.76
823.79 938.23
823.72 938.70
823.60 939.16
823.45 939.63
823.30 940.10
823.18 940.58
823.09 941.07
823.04 941.58
823.02 942.10
823.01 942.63
823.00 943.16
823.00 943.69
823.00 944.22
823.00 944.75
823.00 945.28
823.00 945.81
823.00 946.34
823.00 946.87
823.00 947.41
823.00 947.94
823.00 948.47
823.00 949.00
822.99 949.53
822.98 950.06
822.95 950.57
822.89 951.08
822.79 951.57
822.66 952.05
822.50 952.51
822.35 952.98
822.21 953.46
822.11 953.94
822.04 954.45
822.01 954.97
822.01 955.50
822.01 956.03
822.01 956.56
822.02 957.09
822.01 957.62
822.01 958.15
822.01 958.68
822.00 959.21
822.00 959.74
821.99 960.27
821.99 960.80
821.99 961.33
821.99 961.87
821.99 962.40
821.99 962.93
821.99 963.46
822.00 963.99
822.00 964.53
822.00 965.06
822.00 965.59
822.00 966.12
822.00 966.65
822.00 967.18
822.01 967.72
822.01 968.25
822.01 968.78
822.01 969.31
822.01 969.84
822.01 970.37
822.00 970.90
822.00 971.44
822.00 971.97
822.00 972.50
822.00 973.03
822.00 973.56
822.00 974.09
822.00 974.62
821.99 975.15
821.99 975.68
821.99 976.21
821.99 976.74
821.99 977.27
821.98 977.80
821.96 978.31
821.90 978.81
821.79 979.27
821.61 979.70
821.36 980.07
821.03 980.41
820.66 980.73
820.27 981.05
819.92 981.38
819.61 981.75
819.37 982.17
819.20 982.62
819.08 983.10
818.98 983.59
818.89 984.09
818.78 984.57
818.64 985.04
818.46 985.50
818.26 985.95
818.05 986.39
817.84 986.84
817.63 987.28
817.44 987.73
817.26 988.19
817.11 988.66
816.96 989.13
816.82 989.60
816.66 990.07
816.50 990.53
816.34 991.00
816.21 991.47
816.11 991.96
816.05 992.47
816.00 992.98
815.96 993.50
815.90 994.00
815.80 994.49
815.67 994.97
815.52 995.44
815.37 995.91
815.23 996.38
815.12 996.87
815.06 997.37
815.02 997.89
815.01 998.42
815.00 998.95
815.00 999.48
815.00 1000.01
815.00 1000.54
815.00 1001.07
815.00 1001.60
815.00 1002.13
815.00 1002.66
815.00 1003.19
815.01 1003.72
815.03 1004.24
815.07 1004.76
815.15 1005.26
815.25 1005.74
815.38 1006.21
815.51 1006.66
815.60 1007.11
815.63 1007.55
815.59 1008.00
815.49 1008.44
815.35 1008.90
815.23 1009.37
815.12 1009.86
815.06 1010.36
815.02 1010.88
815.01 1011.40
815.01 1011.93
815.01 1012.46
815.01 1012.99
815.01 1013.52
815.00 1014.05
815.00 1014.59
815.00 1015.12
815.01 1015.64
815.02 1016.17
815.06 1016.68
815.13 1017.18
815.22 1017.66
815.31 1018.11
815.39 1018.55
815.43 1018.97
815.40 1019.38
815.33 1019.81
815.24 1020.26
815.14 1020.73
815.07 1021.23
815.03 1021.74
815.02 1022.27
815.01 1022.79
815.01 1023.32
815.00 1023.85
815.00 1024.38
815.00 1024.91
814.99 1025.45
814.99 1025.98
814.99 1026.51
815.00 1027.04
815.00 1027.57
815.00 1028.10
815.00 1028.64
815.00 1029.17
815.00 1029.70
815.00 1030.23
815.00 1030.76
815.00 1031.29
815.00 1031.82
815.00 1032.35
815.00 1032.89
815.00 1033.42
815.00 1033.95
815.00 1034.48
815.00 1035.01
815.00 1035.54
815.00 1036.07
814.99 1036.60
814.97 1037.13
814.94 1037.64
814.87 1038.15
814.77 1038.63
814.63 1039.11
814.47 1039.58
814.32 1040.04
814.20 1040.52
814.10 1041.02
814.05 1041.52
814.02 1042.04
814.01 1042.57
814.00 1043.10
814.00 1043.63
814.00 1044.16
814.00 1044.69
814.00 1045.22
814.00 1045.75
813.99 1046.28
813.99 1046.81
813.96 1047.33
813.92 1047.85
813.83 1048.34
813.72 1048.82
813.57 1049.29
813.41 1049.76
813.27 1050.23
813.15 1050.72
813.08 1051.22
813.03 1051.73
813.01 1052.25
813.00 1052.78
813.00 1053.31
813.01 1053.84
813.00 1054.37
813.00 1054.90
813.00 1055.43
812.99 1055.96
812.99 1056.49
812.99 1057.03
812.99 1057.56
812.98 1058.08
812.95 1058.60
812.88 1059.11
812.78 1059.59
812.64 1060.07
812.48 1060.53
812.33 1061.00
812.19 1061.48
812.09 1061.97
812.01 1062.46
811.92 1062.96
811.82 1063.45
811.69 1063.93
811.54 1064.39
811.38 1064.86
811.24 1065.33
811.13 1065.82
811.07 1066.32
811.03 1066.84
811.01 1067.36
811.00 1067.89
811.00 1068.42
811.00 1068.95
810.99 1069.48
810.98 1070.01
810.95 1070.53
810.89 1071.03
810.79 1071.52
810.66 1072.00
810.51 1072.47
810.36 1072.94
810.22 1073.41
810.12 1073.90
810.06 1074.41
810.02 1074.92
810.01 1075.45
810.00 1075.98
810.00 1076.51
810.00 1077.04
810.00 1077.57
810.00 1078.10
810.00 1078.63
810.00 1079.17
810.00 1079.70
810.00 1080.23
810.00 1080.76
810.00 1081.29
810.00 1081.82
809.99 1082.35
809.98 1082.88
809.96 1083.40
809.91 1083.91
809.82 1084.41
809.70 1084.89
809.55 1085.36
809.39 1085.82
809.25 1086.29
809.14 1086.78
809.07 1087.28
809.03 1087.80
809.01 1088.32
809.01 1088.85
809.00 1089.38
809.00 1089.91
809.00 1090.44
809.00 1090.97
809.00 1091.50
809.00 1092.03
809.00 1092.56
808.99 1093.09
808.99 1093.62
808.97 1094.15
808.94 1094.66
808.87 1095.17
808.77 1095.66
808.63 1096.13
808.47 1096.60
808.32 1097.07
808.19 1097.54
808.10 1098.04
808.05 1098.55
808.02 1099.07
808.01 1099.59
808.00 1100.12
807.99 1100.65
807.97 1101.17
807.93 1101.69
807.86 1102.19
807.76 1102.68
807.62 1103.15
807.46 1103.62
807.31 1104.09
807.18 1104.57
807.10 1105.06
807.04 1105.57
807.02 1106.09
807.01 1106.62
807.00 1107.15
807.00 1107.68
807.00 1108.21
807.00 1108.74
807.00 1109.27
807.00 1109.80
807.00 1110.33
807.00 1110.86
806.99 1111.39
806.98 1111.92
806.96 1112.44
806.90 1112.95
806.81 1113.44
806.69 1113.92
806.54 1114.39
806.38 1114.86
806.24 1115.33
806.14 1115.82
806.07 1116.32
806.03 1116.84
806.01 1117.36
806.00 1117.89
806.00 1118.42
806.00 1118.95
805.99 1119.48
805.98 1120.01
805.95 1120.53
805.89 1121.03
805.80 1121.52
805.67 1122.00
805.51 1122.47
805.36 1122.94
805.22 1123.41
805.12 1123.90
805.06 1124.41
805.02 1124.92
805.01 1125.45
805.00 1125.98
804.99 1126.51
804.98 1127.03
804.95 1127.55
804.89 1128.05
804.79 1128.55
804.66 1129.02
804.50 1129.49
804.35 1129.96
804.22 1130.43
804.12 1130.92
804.06 1131.43
804.02 1131.95
804.01 1132.47
804.00 1133.00
804.00 1133.53
804.00 1134.06
803.99 1134.59
803.97 1135.12
803.94 1135.63
803.87 1136.14
803.77 1136.62
803.63 1137.10
803.48 1137.57
803.33 1138.03
803.20 1138.51
803.10 1139.01
803.04 1139.51
803.00 1140.02
802.95 1140.54
802.89 1141.04
802.79 1141.53
802.66 1142.01
802.51 1142.48
802.35 1142.95
802.22 1143.42
802.12 1143.91
802.06 1144.42
802.02 1144.93
802.01 1145.46
802.00 1145.99
802.00 1146.52
802.00 1147.05
802.00 1147.58
802.00 1148.11
801.99 1148.64
801.97 1149.16
801.93 1149.68
801.86 1150.18
801.76 1150.67
801.62 1151.14
801.46 1151.61
801.31 1152.08
801.19 1152.56
801.10 1153.05
801.04 1153.56
801.02 1154.08
801.01 1154.61
801.00 1155.14
801.00 1155.67
801.00 1156.20
801.00 1156.73
801.00 1157.26
801.00 1157.79
800.99 1158.32
800.98 1158.85
800.96 1159.37
800.91 1159.88
800.83 1160.38
800.70 1160.86
800.55 1161.33
800.40 1161.79
800.26 1162.27
800.15 1162.75
800.07 1163.25
800.03 1163.77
800.01 1164.29
800.00 1164.82
800.00 1165.35
800.00 1165.88
800.00 1166.41
800.00 1166.94
800.01 1167.48
800.01 1168.01
800.01 1168.54
800.01 1169.07
800.00 1169.60
800.00 1170.13
799.99 1170.66
799.99 1171.19
799.99 1171.72
799.99 1172.25
799.99 1172.78
800.00 1173.32
799.99 1173.85
799.97 1174.37
799.92 1174.88
799.83 1175.37
799.69 1175.85
799.53 1176.31
799.33 1176.76
799.13 1177.21
798.92 1177.65
798.70 1178.09
798.48 1178.53
798.26 1178.97
798.04 1179.42
797.83 1179.86
797.62 1180.31
797.44 1180.76
797.28 1181.22
797.16 1181.71
797.08 1182.20
797.03 1182.72
797.01 1183.24
796.99 1183.76
796.97 1184.28
796.92 1184.80
796.85 1185.30
796.73 1185.78
796.59 1186.25
796.43 1186.72
796.28 1187.19
796.16 1187.67
796.08 1188.17
796.04 1188.68
796.02 1189.20
796.01 1189.73
796.00 1190.26
796.00 1190.79
796.00 1191.32
795.99 1191.85
795.99 1192.38
795.98 1192.91
795.96 1193.43
795.91 1193.94
795.82 1194.43
795.69 1194.91
795.54 1195.38
795.38 1195.85
795.24 1196.32
795.13 1196.81
795.06 1197.31
795.03 1197.83
795.01 1198.35
795.01 1198.88
795.00 1199.41
795.00 1199.94
795.00 1200.47
794.99 1201.00
794.99 1201.53
794.98 1202.06
794.94 1202.57
794.88 1203.08
794.78 1203.57
794.65 1204.05
794.49 1204.51
794.34 1204.98
794.21 1205.46
794.11 1205.95
794.05 1206.45
794.02 1206.97
794.01 1207.50
794.00 1208.03
794.00 1208.56
794.00 1209.09
793.99 1209.62
793.97 1210.14
793.94 1210.66
793.87 1211.16
793.77 1211.65
793.63 1212.12
793.47 1212.59
793.32 1213.06
793.19 1213.54
793.10 1214.03
793.05 1214.54
793.02 1215.06
793.01 1215.59
793.00 1216.12
793.00 1216.65
793.00 1217.17
792.99 1217.70
792.99 1218.24
792.99 1218.76
792.97 1219.29
792.92 1219.80
792.85 1220.30
792.73 1220.78
792.58 1221.25
792.42 1221.72
792.28 1222.19
792.16 1222.67
792.08 1223.17
792.04 1223.68
792.01 1224.21
792.01 1224.73
792.00 1225.26
792.00 1225.79
791.99 1226.32
791.98 1226.85
791.96 1227.37
791.91 1227.88
791.83 1228.38
791.71 1228.86
791.56 1229.33
791.40 1229.80
791.26 1230.27
791.14 1230.75
791.07 1231.25
791.03 1231.77
791.01 1232.29
790.99 1232.82
790.97 1233.34
790.92 1233.85
790.83 1234.34
790.71 1234.82
790.56 1235.29
790.40 1235.76
790.26 1236.23
790.15 1236.72
790.08 1237.22
790.03 1237.73
790.01 1238.26
790.01 1238.78
790.00 1239.31
790.00 1239.84
790.00 1240.37
789.99 1240.90
789.99 1241.43
789.98 1241.96
789.95 1242.48
789.90 1242.99
789.80 1243.48
789.66 1243.95
789.49 1244.41
789.29 1244.86
789.09 1245.31
788.88 1245.75
788.67 1246.20
788.48 1246.65
788.31 1247.11
788.18 1247.59
788.09 1248.09
788.04 1248.59
788.01 1249.11
788.00 1249.64
788.00 1250.17
788.00 1250.71
788.01 1251.24
788.01 1251.77
788.01 1252.30
788.01 1252.83
788.00 1253.36
788.00 1253.89
788.00 1254.42
788.00 1254.95
788.00 1255.48
787.99 1256.02
787.99 1256.55
788.00 1257.08
788.00 1257.61
788.00 1258.14
787.99 1258.67
787.97 1259.20
787.94 1259.71
787.86 1260.21
787.76 1260.70
787.62 1261.17
787.46 1261.64
787.31 1262.11
787.18 1262.59
787.09 1263.08
787.04 1263.59
787.01 1264.11
787.01 1264.64
787.01 1265.17
787.01 1265.70
787.01 1266.23
787.00 1266.76
787.00 1267.29
786.99 1267.82
786.99 1268.35
786.99 1268.88
786.99 1269.41
786.99 1269.94
786.96 1270.46
786.90 1270.97
786.81 1271.46
786.68 1271.94
786.53 1272.41
786.37 1272.88
786.23 1273.35
786.13 1273.84
786.06 1274.34
786.03 1274.86
786.02 1275.38
786.02 1275.91
786.05 1276.43
786.09 1276.93
786.17 1277.42
786.26 1277.89
786.36 1278.33
786.42 1278.75
786.42 1279.17
786.37 1279.59
786.29 1280.03
786.19 1280.49
786.11 1280.97
786.05 1281.48
786.02 1282.00
786.00 1282.52
785.98 1283.04
785.95 1283.56
785.89 1284.07
785.79 1284.56
785.66 1285.04
785.50 1285.50
785.35 1285.97
785.21 1286.45
785.11 1286.94
785.05 1287.44
785.02 1287.96
785.01 1288.49
785.01 1289.02
785.00 1289.55
785.00 1290.08
785.00 1290.61
785.00 1291.14
785.00 1291.67
785.00 1292.20
785.00 1292.73
785.00 1293.26
784.99 1293.79
784.96 1294.31
784.92 1294.82
784.84 1295.32
784.72 1295.81
784.58 1296.28
784.42 1296.74
784.27 1297.21
784.16 1297.70
784.08 1298.20
784.04 1298.71
784.01 1299.23
784.00 1299.76
784.00 1300.29
784.00 1300.82
783.99 1301.35
783.98 1301.88
783.96 1302.40
783.91 1302.91
783.82 1303.40
783.70 1303.88
783.54 1304.35
783.38 1304.81
783.22 1305.28
783.07 1305.75
782.93 1306.22
782.78 1306.69
782.60 1307.14
782.41 1307.58
782.19 1308.00
781.93 1308.39
781.64 1308.73
781.30 1309.03
780.91 1309.29
780.50 1309.53
780.09 1309.77
779.73 1310.04
779.45 1310.37
779.24 1310.75
779.12 1311.20
779.05 1311.68
779.02 1312.19
779.01 1312.71
779.00 1313.24
779.00 1313.77
779.00 1314.30
779.00 1314.83
779.00 1315.36
779.00 1315.89
779.00 1316.43
779.00 1316.96
779.00 1317.49
779.00 1318.02
779.00 1318.55
779.00 1319.08
779.00 1319.61
779.00 1320.14
779.00 1320.68
779.00 1321.21
779.00 1321.74
779.00 1322.27
779.01 1322.81
779.01 1323.34
779.01 1323.87
779.01 1324.40
779.00 1324.93
779.00 1325.46
779.00 1325.99
779.00 1326.52
778.99 1327.05
778.99 1327.58
778.99 1328.11
778.99 1328.64
778.99 1329.17
779.00 1329.71
779.00 1330.24
778.99 1330.77
778.96 1331.28
778.90 1331.77
778.78 1332.23
778.60 1332.65
778.35 1333.03
778.06 1333.38
777.75 1333.72
777.44 1334.07
777.15 1334.44
776.89 1334.84
776.65 1335.25
776.42 1335.68
776.20 1336.11
775.98 1336.55
775.76 1336.99
775.56 1337.44
775.37 1337.89
775.20 1338.36
775.05 1338.82
774.91 1339.30
774.76 1339.77
774.60 1340.23
774.43 1340.69
774.27 1341.16
774.11 1341.62
773.97 1342.10
773.82 1342.57
773.67 1343.03
773.51 1343.50
773.35 1343.96
773.22 1344.44
773.12 1344.93
773.06 1345.44
773.02 1345.95
773.00 1346.48
773.00 1347.01
772.99 1347.53
772.98 1348.06
772.95 1348.58
772.88 1349.08
772.78 1349.57
772.64 1350.05
772.48 1350.51
772.32 1350.98
772.17 1351.44
772.02 1351.92
771.88 1352.39
771.74 1352.86
771.57 1353.32
771.41 1353.79
771.27 1354.26
771.15 1354.74
771.07 1355.24
771.03 1355.76
771.02 1356.28
771.01 1356.81
771.01 1357.34
771.00 1357.87
771.00 1358.40
771.00 1358.93
770.99 1359.46
770.99 1359.99
771.00 1360.52
771.00 1361.06
771.00 1361.59
771.00 1362.12
771.01 1362.65
771.01 1363.18
771.01 1363.71
771.00 1364.25
771.00 1364.78
771.00 1365.31
771.00 1365.84
770.99 1366.37
770.99 1366.90
770.99 1367.43
771.00 1367.96
770.99 1368.49
770.98 1369.02
770.95 1369.54
770.89 1370.04
770.79 1370.53
770.66 1371.01
770.51 1371.48
770.35 1371.94
770.21 1372.42
770.10 1372.91
770.02 1373.40
769.93 1373.90
769.84 1374.39
769.71 1374.87
769.56 1375.34
769.40 1375.80
769.26 1376.27
769.14 1376.76
769.07 1377.26
769.03 1377.77
769.01 1378.30
769.01 1378.83
769.01 1379.36
769.00 1379.89
769.00 1380.42
769.00 1380.95
769.00 1381.48
769.00 1382.01
768.99 1382.54
768.98 1383.07
768.95 1383.58
768.88 1384.09
768.78 1384.58
768.65 1385.06
768.50 1385.52
768.34 1385.99
768.20 1386.46
768.10 1386.95
768.01 1387.45
767.92 1387.94
767.82 1388.43
767.69 1388.91
767.54 1389.38
767.38 1389.84
767.24 1390.32
767.14 1390.80
767.06 1391.30
767.01 1391.82
766.97 1392.33
766.92 1392.84
766.84 1393.34
766.72 1393.82
766.57 1394.29
766.41 1394.76
766.27 1395.23
766.16 1395.71
766.08 1396.21
766.03 1396.72
766.01 1397.24
765.99 1397.77
765.97 1398.29
765.92 1398.80
765.84 1399.30
765.73 1399.78
765.58 1400.26
765.43 1400.72
765.28 1401.19
765.15 1401.67
765.06 1402.16
764.97 1402.66
764.88 1403.15
764.77 1403.64
764.63 1404.11
764.47 1404.58
764.32 1405.04
764.19 1405.52
764.10 1406.02
764.04 1406.52
764.00 1407.04
763.95 1407.55
763.89 1408.05
763.79 1408.55
763.66 1409.02
763.50 1409.49
763.35 1409.96
763.22 1410.43
763.12 1410.92
763.06 1411.43
763.02 1411.95
763.01 1412.47
763.00 1413.00
762.99 1413.53
762.98 1414.05
762.95 1414.57
762.88 1415.08
762.79 1415.57
762.66 1416.05
762.50 1416.51
762.35 1416.98
762.21 1417.46
762.11 1417.95
762.05 1418.45
762.02 1418.97
762.01 1419.50
762.01 1420.03
762.01 1420.56
762.01 1421.09
762.00 1421.62
762.00 1422.15
761.99 1422.68
761.99 1423.21
762.00 1423.74
762.00 1424.27
762.00 1424.81
762.00 1425.34
761.99 1425.86
761.96 1426.38
761.91 1426.89
761.82 1427.39
761.70 1427.87
761.55 1428.34
761.40 1428.81
761.26 1429.28
761.15 1429.77
761.07 1430.27
761.03 1430.78
761.01 1431.30
761.00 1431.83
761.00 1432.36
761.00 1432.89
761.00 1433.43
761.00 1433.96
761.00 1434.49
761.00 1435.02
761.00 1435.55
761.00 1436.08
760.99 1436.61
760.97 1437.13
760.94 1437.65
760.87 1438.15
760.77 1438.64
760.63 1439.12
760.47 1439.58
760.32 1440.05
760.19 1440.53
760.10 1441.02
760.05 1441.53
760.02 1442.05
760.01 1442.58
760.00 1443.11
759.99 1443.63
759.97 1444.16
759.93 1444.67
759.87 1445.18
759.76 1445.66
759.62 1446.14
759.46 1446.60
759.31 1447.07
759.19 1447.55
759.10 1448.05
759.04 1448.55
759.01 1449.07
759.00 1449.60
758.98 1450.12
758.94 1450.64
758.87 1451.14
758.77 1451.63
758.63 1452.10
758.47 1452.57
758.32 1453.04
758.20 1453.52
758.11 1454.01
758.05 1454.52
758.02 1455.04
758.00 1455.56
757.99 1456.09
757.99 1456.62
757.97 1457.14
757.94 1457.66
757.87 1458.16
757.78 1458.64
757.68 1459.09
757.60 1459.52
757.56 1459.94
757.57 1460.35
757.61 1460.77
757.65 1461.19
757.64 1461.62
757.58 1462.06
757.47 1462.51
757.34 1462.97
757.21 1463.44
757.12 1463.93
757.05 1464.44
757.02 1464.95
757.01 1465.48
757.00 1466.01
757.00 1466.54
757.00 1467.07
757.00 1467.60
757.00 1468.13
757.00 1468.66
756.99 1469.19
756.99 1469.72
756.97 1470.24
756.93 1470.76
756.85 1471.26
756.74 1471.74
756.60 1472.22
756.44 1472.68
756.29 1473.15
756.17 1473.63
756.08 1474.13
756.03 1474.64
755.99 1475.15
755.94 1475.66
755.87 1476.16
755.76 1476.65
755.61 1477.12
755.43 1477.58
755.22 1478.02
755.00 1478.46
754.76 1478.89
754.49 1479.31
754.20 1479.73
753.91 1480.14
753.64 1480.55
753.40 1480.99
753.20 1481.44
753.04 1481.90
752.89 1482.37
752.73 1482.84
752.57 1483.30
752.40 1483.76
752.24 1484.23
752.09 1484.70
751.95 1485.17
751.80 1485.64
751.65 1486.11
751.48 1486.57
751.33 1487.04
751.20 1487.51
751.10 1488.01
751.04 1488.51
751.01 1489.03
751.00 1489.56
750.98 1490.08
750.95 1490.60
750.88 1491.10
750.78 1491.59
750.64 1492.06
750.48 1492.53
750.33 1493.00
750.19 1493.47
750.09 1493.96
750.01 1494.46
749.92 1494.96
749.82 1495.44
749.69 1495.92
749.54 1496.39
749.38 1496.86
749.24 1497.33
749.13 1497.82
749.06 1498.32
749.01 1498.83
748.97 1499.34
748.92 1499.85
748.84 1500.35
748.72 1500.83
748.57 1501.30
748.41 1501.77
748.26 1502.24
748.15 1502.72
748.07 1503.22
748.03 1503.74
748.01 1504.26
748.01 1504.79
748.01 1505.32
748.00 1505.85
748.00 1506.38
748.00 1506.91
748.00 1507.44
748.00 1507.97
748.00 1508.50
748.00 1509.04
748.00 1509.57
748.00 1510.10
748.00 1510.63
748.00 1511.16
748.00 1511.69
748.00 1512.22
747.99 1512.75
747.97 1513.27
747.92 1513.79
747.84 1514.29
747.73 1514.77
747.59 1515.24
747.43 1515.71
747.28 1516.18
747.17 1516.66
747.09 1517.16
747.04 1517.67
747.02 1518.19
747.01 1518.72
747.00 1519.25
747.00 1519.78
747.00 1520.31
746.99 1520.84
746.99 1521.37
746.98 1521.90
746.96 1522.42
746.91 1522.93
746.82 1523.43
746.70 1523.91
746.55 1524.37
746.39 1524.84
746.25 1525.31
746.13 1525.80
746.06 1526.30
746.01 1526.81
745.97 1527.32
745.92 1527.83
745.84 1528.33
745.72 1528.81
745.57 1529.28
745.41 1529.75
745.27 1530.22
745.15 1530.70
745.08 1531.20
745.03 1531.72
745.01 1532.24
744.99 1532.76
744.97 1533.28
744.92 1533.80
744.84 1534.29
744.72 1534.78
744.57 1535.25
744.41 1535.71
744.25 1536.18
744.10 1536.64
743.96 1537.12
743.81 1537.59
743.65 1538.05
743.46 1538.51
743.26 1538.95
743.05 1539.40
742.84 1539.84
742.63 1540.29
742.44 1540.74
742.26 1541.20
742.11 1541.66
741.96 1542.13
741.82 1542.61
741.66 1543.07
741.50 1543.54
741.34 1544.00
741.21 1544.48
741.11 1544.97
741.05 1545.48
741.02 1545.99
741.00 1546.52
740.98 1547.04
740.95 1547.56
740.88 1548.06
740.79 1548.55
740.65 1549.03
740.50 1549.50
740.35 1549.97
740.22 1550.44
740.12 1550.93
740.05 1551.44
740.02 1551.96
740.00 1552.48
739.98 1553.00
739.95 1553.52
739.89 1554.03
739.79 1554.52
739.66 1555.00
739.51 1555.46
739.36 1555.93
739.22 1556.41
739.12 1556.90
739.06 1557.40
739.02 1557.92
739.00 1558.44
738.98 1558.97
738.95 1559.48
738.90 1559.99
738.80 1560.48
738.68 1560.96
738.52 1561.43
738.37 1561.90
738.23 1562.37
738.13 1562.86
738.06 1563.37
738.03 1563.88
738.01 1564.41
738.00 1564.94
738.00 1565.47
738.00 1566.00
738.00 1566.53
738.00 1567.06
737.99 1567.59
737.97 1568.11
737.94 1568.63
737.87 1569.13
737.77 1569.62
737.64 1570.10
737.48 1570.56
737.33 1571.03
737.19 1571.51
737.09 1571.99
737.00 1572.49
736.92 1572.99
736.81 1573.47
736.68 1573.95
736.53 1574.42
736.37 1574.89
736.23 1575.36
736.13 1575.85
736.06 1576.35
736.01 1576.86
735.97 1577.38
735.91 1577.88
735.83 1578.38
735.71 1578.86
735.56 1579.33
735.40 1579.80
735.26 1580.27
735.15 1580.75
735.07 1581.26
735.03 1581.77
735.01 1582.29
734.99 1582.82
734.96 1583.34
734.92 1583.85
734.84 1584.35
734.72 1584.83
734.57 1585.30
734.41 1585.76
734.27 1586.23
734.14 1586.72
734.05 1587.21
733.97 1587.70
733.87 1588.20
733.76 1588.68
733.62 1589.15
733.46 1589.62
733.31 1590.09
733.18 1590.57
733.09 1591.06
733.03 1591.57
732.99 1592.08
732.95 1592.60
732.88 1593.10
732.78 1593.59
732.65 1594.06
732.49 1594.53
732.34 1595.00
732.20 1595.48
732.11 1595.97
732.05 1596.47
732.02 1596.99
732.00 1597.52
731.98 1598.04
731.95 1598.56
731.89 1599.06
731.79 1599.55
731.67 1600.02
731.54 1600.48
731.43 1600.93
731.36 1601.37
731.36 1601.81
731.39 1602.23
731.42 1602.64
731.43 1603.05
731.39 1603.47
731.30 1603.90
731.18 1604.34
731.05 1604.80
730.92 1605.27
730.77 1605.74
730.61 1606.21
730.44 1606.67
730.27 1607.13
730.12 1607.60
729.98 1608.07
729.83 1608.54
729.67 1609.01
729.48 1609.46
729.28 1609.91
729.07 1610.35
728.85 1610.79
728.63 1611.23
728.41 1611.67
728.19 1612.11
727.97 1612.55
727.75 1612.99
727.53 1613.43
727.31 1613.87
727.09 1614.31
726.88 1614.76
726.67 1615.20
726.47 1615.65
726.29 1616.11
726.13 1616.57
725.99 1617.04
725.84 1617.52
725.69 1617.98
725.53 1618.45
725.37 1618.91
725.23 1619.39
725.13 1619.88
725.06 1620.38
725.02 1620.90
725.01 1621.42
725.00 1621.95
725.00 1622.48
725.00 1623.01
725.00 1623.54
725.00 1624.07
725.00 1624.61
725.00 1625.14
725.00 1625.67
725.00 1626.20
725.00 1626.73
725.00 1627.26
725.00 1627.79
725.00 1628.33
725.00 1628.86
725.00 1629.39
725.00 1629.92
725.00 1630.45
725.00 1630.98
725.00 1631.51
725.00 1632.04
725.00 1632.57
725.00 1633.11
725.00 1633.64
725.00 1634.17
724.99 1634.70
724.97 1635.22
724.93 1635.73
724.86 1636.24
724.75 1636.72
724.61 1637.19
724.45 1637.66
724.30 1638.13
724.17 1638.61
724.07 1639.10
723.98 1639.59
723.90 1640.09
723.79 1640.57
723.65 1641.05
723.49 1641.52
723.34 1641.98
723.21 1642.46
723.11 1642.95
723.05 1643.46
723.02 1643.98
723.01 1644.50
723.00 1645.03
723.00 1645.56
722.99 1646.09
722.99 1646.62
722.97 1647.14
722.94 1647.66
722.87 1648.16
722.76 1648.65
722.62 1649.12
722.46 1649.59
722.31 1650.06
722.18 1650.54
722.08 1651.03
722.00 1651.52
721.91 1652.02
721.81 1652.51
721.68 1652.98
721.53 1653.45
721.37 1653.92
721.23 1654.39
721.12 1654.88
721.05 1655.38
721.00 1655.89
720.96 1656.41
720.91 1656.92
720.82 1657.41
720.70 1657.89
720.54 1658.36
720.39 1658.82
720.25 1659.30
720.14 1659.78
720.06 1660.29
720.02 1660.80
719.97 1661.31
719.92 1661.82
719.84 1662.32
719.72 1662.80
719.58 1663.27
719.42 1663.74
719.27 1664.21
719.16 1664.69
719.08 1665.19
719.03 1665.70
719.01 1666.23
719.01 1666.75
719.00 1667.28
719.00 1667.81
719.00 1668.35
719.00 1668.88
718.99 1669.41
718.98 1669.93
718.95 1670.45
718.90 1670.96
718.81 1671.45
718.67 1671.93
718.50 1672.39
718.31 1672.84
718.10 1673.29
717.89 1673.73
717.68 1674.18
717.49 1674.63
717.32 1675.09
717.18 1675.56
717.08 1676.05
716.99 1676.55
716.91 1677.04
716.80 1677.53
716.67 1678.01
716.51 1678.47
716.35 1678.94
716.21 1679.41
716.10 1679.90
716.02 1680.39
715.93 1680.89
715.83 1681.38
715.71 1681.86
715.56 1682.33
715.40 1682.79
715.26 1683.27
715.14 1683.75
715.07 1684.25
715.02 1684.76
714.98 1685.28
714.93 1685.79
714.84 1686.28
714.73 1686.77
714.58 1687.24
714.42 1687.70
714.26 1688.17
714.11 1688.63
713.97 1689.11
713.82 1689.58
713.67 1690.05
713.50 1690.51
713.35 1690.98
713.21 1691.45
713.11 1691.94
713.05 1692.45
713.00 1692.96
712.96 1693.47
712.90 1693.98
712.80 1694.47
712.67 1694.95
712.50 1695.41
712.30 1695.86
712.09 1696.30
711.85 1696.73
711.59 1697.16
711.30 1697.57
710.98 1697.97
710.63 1698.35
710.28 1698.74
709.95 1699.13
709.66 1699.54
709.42 1699.98
709.24 1700.44
709.12 1700.92
709.05 1701.42
709.02 1701.94
709.01 1702.46
709.00 1702.99
709.01 1703.52
709.01 1704.06
709.01 1704.59
709.00 1705.12
709.00 1705.65
709.00 1706.18
709.00 1706.71
709.00 1707.24
709.00 1707.77
709.00 1708.30
709.00 1708.83
709.00 1709.37
709.00 1709.90
709.00 1710.43
709.00 1710.96
709.00 1711.49
709.00 1712.02
709.00 1712.56
709.00 1713.09
709.00 1713.62
709.00 1714.15
709.00 1714.68
708.99 1715.21
708.99 1715.74
708.97 1716.26
708.92 1716.77
708.85 1717.27
708.73 1717.76
708.59 1718.23
708.42 1718.69
708.26 1719.16
708.11 1719.63
707.97 1720.10
707.83 1720.57
707.67 1721.04
707.51 1721.50
707.35 1721.97
707.22 1722.44
707.12 1722.93
707.05 1723.44
707.00 1723.95
706.96 1724.46
706.90 1724.97
706.81 1725.46
706.69 1725.94
706.53 1726.41
706.38 1726.88
706.23 1727.35
706.12 1727.83
706.03 1728.33
705.95 1728.82
705.85 1729.31
705.73 1729.80
705.58 1730.27
705.42 1730.73
705.27 1731.20
705.16 1731.69
705.08 1732.18
705.03 1732.70
705.01 1733.22
705.00 1733.75
705.00 1734.28
705.00 1734.81
705.00 1735.34
705.00 1735.87
705.00 1736.40
705.00 1736.93
705.00 1737.46
705.00 1737.99
705.00 1738.53
705.00 1739.06
705.00 1739.59
705.00 1740.12
342.00 612.83
342.00 613.36
342.00 613.88
342.00 614.41
342.00 614.93
342.00 615.46
342.00 615.98
341.98 627.02
341.99 627.54
339.76 658.68
339.62 659.15
339.46 659.61
339.31 660.07
339.18 660.55
339.10 661.04
339.04 661.54
339.02 662.06
339.01 662.58
339.00 663.10
339.00 663.63
339.00 664.15
339.00 664.68
339.00 665.20
339.00 665.73
339.00 666.25
339.00 666.78
339.00 667.31
339.00 667.83
339.00 668.36
339.00 668.88
339.00 669.41
339.00 669.94
339.00 670.46
339.00 670.99
339.00 671.51
339.00 672.04
339.00 672.56
339.00 673.09
339.00 673.61
339.00 674.14
339.00 682.55
338.99 683.07
338.99 683.60
338.99 684.12
338.99 684.65
338.99 685.18
338.99 685.70
337.34 693.95
337.21 694.42
337.11 694.91
337.05 695.41
337.02 695.92
337.01 696.44
337.00 696.97
337.00 697.49
337.00 698.02
337.00 698.54
337.00 699.07
337.00 699.59
337.00 700.12
337.00 700.65
337.00 701.17
337.00 701.70
337.00 702.22
337.00 702.75
337.00 703.27
337.00 703.80
336.99 704.32
336.98 704.84
336.96 705.36
336.01 711.80
336.00 712.32
336.00 712.85
336.00 713.37
336.00 713.90
336.00 714.42
335.99 714.95
336.00 715.47
336.00 716.00
336.00 716.52
336.00 717.05
336.00 717.58
336.00 718.10
336.00 718.63
336.00 719.16
336.00 719.68
336.00 720.21
335.71 725.87
335.56 726.33
335.40 726.79
335.26 727.26
335.15 727.74
335.07 728.23
335.03 728.74
335.01 729.26
335.00 729.78
335.00 730.30
335.00 730.83
334.99 731.35
334.98 731.88
334.96 732.39
334.91 732.90
334.83 733.39
334.71 733.87
334.57 734.33
334.41 734.79
334.26 735.26
334.15 735.73
334.07 736.23
334.03 736.74
334.01 737.26
334.01 737.78
334.00 738.30
334.00 738.83
334.00 739.35
334.00 739.88
334.00 740.40
334.00 740.93
334.00 741.46
334.00 741.98
334.00 742.51
334.00 743.03
333.99 743.55
333.99 744.08
333.99 744.61
334.00 745.13
333.99 745.66
333.98 746.18
333.94 746.69
333.87 747.18
333.77 747.67
333.63 748.14
333.48 748.60
333.33 749.06
333.19 749.53
333.09 750.02
333.03 750.52
333.00 751.03
333.00 751.55
333.00 752.08
333.01 752.61
333.02 753.14
333.02 753.66
333.01 754.19
333.00 754.71
332.99 755.23
332.99 755.75
332.99 756.28
332.99 756.81
332.99 757.33
332.99 757.86
332.97 758.37
332.92 758.88
332.84 759.37
332.72 759.85
332.57 760.31
332.41 760.77
332.27 761.24
332.15 761.71
332.07 762.21
332.03 762.71
332.01 763.23
332.01 763.76
332.01 764.28
332.01 764.81
332.00 765.33
332.00 765.86
331.99 766.38
331.98 766.90
331.96 767.42
331.91 767.92
331.82 768.41
331.70 768.89
331.54 769.35
331.39 769.81
331.25 770.28
331.14 770.76
331.07 771.25
331.03 771.76
331.01 772.28
331.00 772.80
331.00 773.33
331.00 773.86
331.00 774.38
331.00 774.91
331.00 775.43
331.00 775.96
331.00 776.48
330.99 777.01
330.99 777.53
330.98 778.05
330.95 778.56
330.89 779.07
330.80 779.55
330.67 780.02
330.52 780.49
330.36 780.95
330.22 781.42
330.11 781.90
330.04 782.39
330.01 782.90
330.00 783.43
330.00 783.95
330.01 784.48
330.02 785.01
330.02 785.54
330.01 786.06
330.00 786.58
330.00 787.11
329.99 787.63
329.99 788.15
329.99 788.68
329.99 789.21
330.00 789.73
330.00 790.26
330.01 790.79
330.01 791.31
330.01 791.84
330.00 792.36
330.00 792.89
329.99 793.41
329.99 793.94
329.99 794.46
329.98 794.98
329.96 795.50
329.90 796.00
329.81 796.49
329.68 796.96
329.53 797.43
329.38 797.89
329.24 798.35
329.13 798.83
329.05 799.33
329.02 799.84
329.00 800.36
329.00 800.89
329.01 801.41
329.01 801.94
329.00 802.46
328.98 802.98
328.95 803.49
328.90 804.00
328.81 804.49
328.69 804.96
328.53 805.42
328.38 805.88
328.23 806.35
328.13 806.83
328.06 807.33
328.02 807.84
327.98 808.35
327.93 808.85
327.84 809.34
327.71 809.81
327.56 810.28
327.40 810.74
327.26 811.20
327.15 811.68
327.08 812.18
327.03 812.69
327.01 813.20
326.99 813.72
326.97 814.24
326.93 814.75
326.86 815.24
326.75 815.72
326.61 816.19
326.45 816.65
326.30 817.11
326.18 817.59
326.09 818.08
326.04 818.58
326.02 819.10
326.01 819.62
326.01 820.15
326.00 820.67
326.00 821.19
326.00 821.72
326.00 822.24
326.00 822.77
326.00 823.30
326.00 823.82
326.00 824.35
326.00 824.87
326.00 825.40
326.00 825.93
326.00 826.45
326.00 826.98
326.00 827.50
326.00 828.03
326.00 828.55
326.00 829.08
326.00 829.60
326.00 830.13
326.00 830.66
326.00 831.18
326.00 831.71
326.00 832.23
326.00 832.76
326.00 833.28
326.00 833.81
326.00 834.33
326.00 834.86
326.00 835.39
326.00 835.91
326.00 836.44
326.00 836.96
326.00 837.49
326.00 838.02
326.00 838.54
326.00 839.07
326.00 839.59
326.00 840.12
326.00 840.64
326.00 841.17
325.99 841.69
325.99 842.22
325.99 842.74
325.97 843.26
325.93 843.77
325.86 844.26
325.74 844.74
325.60 845.21
325.44 845.67
325.29 846.13
325.17 846.61
325.09 847.10
325.04 847.61
325.02 848.12
325.01 848.64
325.01 849.17
325.00 849.69
325.00 850.22
325.00 850.74
324.99 851.26
324.98 851.79
324.96 852.30
324.92 852.81
324.85 853.31
324.73 853.78
324.58 854.25
324.43 854.71
324.28 855.17
324.16 855.65
324.08 856.14
324.04 856.65
324.01 857.17
323.99 857.69
323.97 858.20
323.93 858.71
323.87 859.21
323.76 859.69
323.62 860.16
323.47 860.62
323.31 861.08
323.19 861.56
323.10 862.04
323.05 862.55
323.02 863.06
323.01 863.59
323.01 864.11
323.00 864.63
322.99 865.16
322.99 865.68
322.99 866.20
322.99 866.73
323.00 867.26
323.00 867.79
322.98 868.30
322.93 868.81
322.84 869.30
322.72 869.77
322.57 870.24
322.41 870.70
322.27 871.16
322.15 871.64
322.06 872.13
321.98 872.62
321.90 873.11
321.79 873.59
321.65 874.06
321.49 874.52
321.34 874.98
321.21 875.45
321.11 875.94
321.05 876.44
321.02 876.96
321.01 877.48
321.01 878.00
321.00 878.52
321.00 879.05
321.00 879.57
320.99 880.10
320.99 880.62
320.97 881.14
320.94 881.65
320.88 882.15
320.78 882.63
320.64 883.10
320.48 883.56
320.33 884.03
320.19 884.50
320.10 884.98
320.04 885.49
320.02 886.00
320.01 886.52
320.01 887.05
320.01 887.57
320.01 888.10
320.01 888.62
320.00 889.15
320.00 889.67
320.00 890.20
320.00 890.72
319.99 891.25
319.99 891.77
319.99 892.30
320.00 892.83
320.00 893.35
320.00 893.88
320.00 894.40
320.00 894.93
320.00 895.46
320.00 895.98
320.00 896.51
320.00 897.03
319.99 897.55
319.97 898.07
319.94 898.59
319.88 899.09
319.79 899.57
319.65 900.04
319.50 900.50
319.34 900.97
319.21 901.44
319.12 901.92
319.06 902.42
319.02 902.93
319.01 903.45
319.00 903.98
318.99 904.50
318.98 905.02
318.95 905.53
318.89 906.04
318.80 906.52
318.67 907.00
318.52 907.46
318.36 907.92
318.23 908.39
318.12 908.87
318.06 909.37
318.02 909.88
318.01 910.40
318.00 910.92
318.00 911.45
318.00 911.97
318.00 912.50
318.00 913.03
318.01 913.55
318.01 914.08
318.00 914.60
317.99 915.12
317.99 915.65
317.99 916.17
317.99 916.70
318.00 917.23
318.00 917.75
317.98 918.27
317.94 918.78
317.85 919.27
317.73 919.75
317.58 920.21
317.42 920.67
317.28 921.14
317.17 921.62
317.09 922.11
317.04 922.62
317.02 923.13
317.01 923.65
317.00 924.17
316.99 924.70
316.99 925.22
316.99 925.75
317.00 926.28
317.00 926.80
316.98 927.32
316.93 927.82
316.84 928.31
316.72 928.79
316.57 929.25
316.41 929.71
316.27 930.18
316.16 930.66
316.08 931.15
316.04 931.66
316.01 932.18
316.00 932.70
316.00 933.22
316.00 933.75
316.00 934.27
316.00 934.80
316.00 935.33
316.00 935.85
316.00 936.38
316.00 936.90
315.99 937.42
315.98 937.94
315.95 938.46
315.90 938.96
315.81 939.45
315.69 939.93
315.54 940.39
315.38 940.85
315.24 941.32
315.14 941.80
315.07 942.30
315.03 942.81
315.01 943.33
315.00 943.85
314.99 944.37
314.98 944.89
314.96 945.41
314.91 945.91
314.83 946.40
314.72 946.87
314.58 947.33
314.46 947.78
314.38 948.22
314.35 948.65
314.37 949.07
314.42 949.48
314.44 949.89
314.42 950.30
314.35 950.71
314.26 951.15
314.16 951.62
314.09 952.10
314.04 952.61
314.01 953.12
314.00 953.64
314.00 954.17
313.99 954.69
313.98 955.21
313.94 955.72
313.86 956.21
313.75 956.69
313.60 957.16
313.44 957.62
313.30 958.08
313.18 958.56
313.09 959.05
313.04 959.55
313.02 960.07
313.01 960.59
313.00 961.11
313.00 961.64
313.00 962.16
313.00 962.69
313.00 963.22
313.00 963.74
313.00 964.27
313.00 964.79
313.00 965.32
313.00 965.84
312.99 966.37
312.98 966.89
312.96 967.40
312.91 967.91
312.83 968.40
312.70 968.88
312.55 969.34
312.40 969.80
312.26 970.27
312.15 970.75
312.07 971.24
312.03 971.75
312.01 972.27
312.00 972.79
312.00 973.31
311.99 973.84
311.99 974.36
311.98 974.89
311.96 975.40
311.91 975.91
311.83 976.40
311.70 976.87
311.55 977.33
311.39 977.79
311.25 978.26
311.14 978.74
311.07 979.24
311.04 979.75
311.02 980.27
311.00 980.79
311.00 981.31
310.99 981.83
310.99 982.36
310.99 982.89
311.00 983.41
310.99 983.94
310.97 984.45
310.91 984.95
310.81 985.44
310.68 985.91
310.53 986.37
310.37 986.83
310.24 987.30
310.13 987.79
310.07 988.28
310.03 988.79
310.01 989.31
310.00 989.83
310.00 990.36
310.00 990.88
309.99 991.41
309.98 991.93
309.96 992.44
309.91 992.95
309.82 993.44
309.70 993.92
309.56 994.38
309.40 994.84
309.26 995.31
309.14 995.78
309.06 996.28
309.02 996.79
309.00 997.31
309.01 997.83
309.01 998.36
309.01 998.89
309.01 999.41
309.00 999.93
308.99 1000.46
308.99 1000.98
308.99 1001.50
308.98 1002.02
308.95 1002.54
308.89 1003.04
308.80 1003.53
308.67 1004.00
308.51 1004.46
308.36 1004.92
308.22 1005.39
308.12 1005.88
308.06 1006.38
308.03 1006.89
308.01 1007.41
308.01 1007.93
308.00 1008.46
308.00 1008.98
308.00 1009.50
307.99 1010.03
307.99 1010.55
307.98 1011.07
307.95 1011.59
307.89 1012.09
307.79 1012.57
307.66 1013.04
307.50 1013.50
307.34 1013.96
307.21 1014.43
307.11 1014.92
307.05 1015.42
307.02 1015.93
307.01 1016.46
307.01 1016.98
307.01 1017.50
307.00 1018.03
307.00 1018.55
306.99 1019.07
306.99 1019.60
306.99 1020.13
306.99 1020.65
306.98 1021.17
306.94 1021.68
306.87 1022.18
306.76 1022.66
306.62 1023.12
306.46 1023.59
306.31 1024.05
306.19 1024.52
306.10 1025.01
306.05 1025.52
306.02 1026.03
306.01 1026.55
306.00 1027.07
305.99 1027.60
305.97 1028.12
305.94 1028.63
305.88 1029.13
305.78 1029.61
305.64 1030.08
305.48 1030.54
305.33 1031.00
305.20 1031.47
305.11 1031.96
305.04 1032.46
305.00 1032.97
304.96 1033.48
304.90 1033.98
304.81 1034.47
304.68 1034.94
304.53 1035.40
304.38 1035.86
304.24 1036.33
304.13 1036.81
304.06 1037.31
304.01 1037.82
303.97 1038.33
303.92 1038.83
303.84 1039.32
303.72 1039.80
303.57 1040.26
303.41 1040.72
303.25 1041.18
303.10 1041.64
302.96 1042.11
302.82 1042.58
302.65 1043.04
302.47 1043.48
302.27 1043.93
302.07 1044.37
301.86 1044.81
301.66 1045.25
301.47 1045.70
301.30 1046.16
301.17 1046.63
301.09 1047.12
301.04 1047.62
301.02 1048.14
301.01 1048.66
301.01 1049.19
301.00 1049.71
300.99 1050.23
300.99 1050.76
300.99 1051.28
300.99 1051.81
301.00 1052.34
301.00 1052.86
300.98 1053.38
300.92 1053.88
300.83 1054.37
300.70 1054.84
300.55 1055.30
300.39 1055.77
300.25 1056.23
300.15 1056.72
300.08 1057.21
300.03 1057.72
300.01 1058.24
300.00 1058.76
300.00 1059.28
300.00 1059.81
300.00 1060.33
300.00 1060.86
300.00 1061.39
300.00 1061.91
300.00 1062.44
300.00 1062.96
300.00 1063.49
300.00 1064.02
300.00 1064.54
300.00 1065.07
300.00 1065.59
300.00 1066.12
300.00 1066.64
300.00 1067.17
300.00 1067.69
299.99 1068.22
299.99 1068.74
299.99 1069.27
299.98 1069.79
299.96 1070.31
299.92 1070.81
299.84 1071.31
299.72 1071.78
299.56 1072.24
299.38 1072.69
299.18 1073.13
298.97 1073.57
298.77 1074.02
298.57 1074.46
298.39 1074.91
298.24 1075.37
298.12 1075.85
298.03 1076.34
297.95 1076.83
297.85 1077.32
297.73 1077.79
297.58 1078.26
297.42 1078.72
297.28 1079.18
297.16 1079.66
297.08 1080.15
297.04 1080.66
297.02 1081.18
297.01 1081.70
297.00 1082.22
297.00 1082.75
297.00 1083.27
297.00 1083.80
297.00 1084.32
297.00 1084.85
297.00 1085.37
297.00 1085.90
297.00 1086.43
297.00 1086.95
297.00 1087.48
297.00 1088.00
297.00 1088.53
297.00 1089.06
297.00 1089.58
297.00 1090.11
297.00 1090.63
297.00 1091.16
297.00 1091.68
296.99 1092.20
296.99 1092.73
296.99 1093.26
296.99 1093.78
296.97 1094.30
296.92 1094.80
296.85 1095.30
296.73 1095.78
296.59 1096.24
296.43 1096.70
296.28 1097.17
296.16 1097.64
296.06 1098.13
295.98 1098.62
295.90 1099.11
295.79 1099.59
295.66 1100.06
295.50 1100.52
295.34 1100.98
295.21 1101.45
295.11 1101.94
295.05 1102.44
295.02 1102.95
295.02 1103.48
295.01 1104.00
295.01 1104.53
295.01 1105.05
295.00 1105.57
294.99 1106.10
294.99 1106.62
294.98 1107.14
294.98 1107.67
294.99 1108.20
294.99 1108.72
295.00 1109.25
295.00 1109.78
294.98 1110.30
294.93 1110.80
294.85 1111.29
294.73 1111.77
294.58 1112.23
294.42 1112.69
294.28 1113.16
294.16 1113.64
294.08 1114.13
294.04 1114.63
294.01 1115.15
294.01 1115.67
294.00 1116.20
293.99 1116.72
293.97 1117.23
293.93 1117.74
293.86 1118.24
293.75 1118.72
293.61 1119.19
293.45 1119.65
293.30 1120.11
293.18 1120.59
293.09 1121.08
293.04 1121.58
293.01 1122.10
293.00 1122.61
292.98 1123.13
292.94 1123.64
292.88 1124.14
292.77 1124.62
292.64 1125.09
292.48 1125.56
292.33 1126.02
292.19 1126.49
292.09 1126.97
292.01 1127.46
291.93 1127.95
291.83 1128.44
291.70 1128.91
291.55 1129.38
291.40 1129.84
291.25 1130.30
291.14 1130.78
291.06 1131.27
291.02 1131.78
291.01 1132.30
291.01 1132.83
291.01 1133.36
291.01 1133.88
291.00 1134.40
291.00 1134.93
290.99 1135.45
290.98 1135.97
290.95 1136.49
290.90 1136.99
290.81 1137.48
290.68 1137.95
290.52 1138.41
290.37 1138.87
290.23 1139.34
290.13 1139.82
290.06 1140.32
290.03 1140.83
290.01 1141.35
290.00 1141.87
289.99 1142.40
289.98 1142.92
289.96 1143.43
289.91 1143.94
289.82 1144.43
289.70 1144.90
289.55 1145.36
289.39 1145.83
289.25 1146.29
289.14 1146.77
289.07 1147.27
289.03 1147.78
289.01 1148.30
288.99 1148.81
288.96 1149.33
288.92 1149.84
288.84 1150.33
288.72 1150.81
288.58 1151.27
288.42 1151.73
288.28 1152.20
288.16 1152.68
288.08 1153.17
288.04 1153.68
288.01 1154.19
288.00 1154.71
287.99 1155.24
287.99 1155.76
287.97 1156.28
287.93 1156.78
287.85 1157.28
287.74 1157.76
287.60 1158.22
287.44 1158.68
287.29 1159.15
287.17 1159.62
287.08 1160.11
287.04 1160.62
287.02 1161.14
287.01 1161.66
287.01 1162.19
287.00 1162.71
287.00 1163.23
286.99 1163.75
286.97 1164.27
286.92 1164.78
286.85 1165.28
286.75 1165.76
286.61 1166.23
286.45 1166.69
286.30 1167.15
286.17 1167.62
286.08 1168.11
286.03 1168.61
286.01 1169.13
286.00 1169.66
286.01 1170.18
286.01 1170.71
286.00 1171.23
285.99 1171.75
285.97 1172.27
285.92 1172.78
285.85 1173.27
285.74 1173.75
285.60 1174.22
285.44 1174.68
285.29 1175.14
285.17 1175.62
285.09 1176.11
285.04 1176.62
285.02 1177.13
285.01 1177.65
285.00 1178.18
285.00 1178.70
285.00 1179.23
285.00 1179.75
285.00 1180.28
285.00 1180.80
285.00 1181.33
285.00 1181.86
285.01 1182.38
285.01 1182.91
285.01 1183.43
285.00 1183.96
285.00 1184.48
285.00 1185.01
285.00 1185.53
284.99 1186.06
284.99 1186.58
284.99 1187.11
284.99 1187.63
284.99 1188.16
284.99 1188.69
284.98 1189.20
284.94 1189.71
284.87 1190.21
284.76 1190.69
284.61 1191.16
284.45 1191.61
284.29 1192.07
284.14 1192.54
284.00 1193.00
283.86 1193.47
283.71 1193.94
283.55 1194.39
283.38 1194.85
283.24 1195.32
283.13 1195.80
283.04 1196.29
282.95 1196.78
282.85 1197.26
282.71 1197.72
282.50 1198.17
282.25 1198.58
281.94 1198.98
281.60 1199.37
281.24 1199.74
280.86 1200.10
280.46 1200.44
280.05 1200.76
279.63 1201.06
279.23 1201.37
278.87 1201.68
278.56 1202.02
278.33 1202.41
278.17 1202.84
278.08 1203.31
278.03 1203.80
278.01 1204.31
278.01 1204.83
278.00 1205.36
278.00 1205.88
278.00 1206.41
278.00 1206.93
278.00 1207.46
278.00 1207.98
278.00 1208.51
278.00 1209.04
278.00 1209.56
278.00 1210.09
278.00 1210.61
278.00 1211.14
278.00 1211.67
278.00 1212.19
278.00 1212.72
278.00 1213.24
278.00 1213.77
278.00 1214.29
278.00 1214.82
278.00 1215.34
278.00 1215.87
278.00 1216.39
278.00 1216.92
278.00 1217.45
278.00 1217.97
278.00 1218.50
278.00 1219.02
278.00 1219.55
278.00 1220.08
278.00 1220.60
278.00 1221.13
278.00 1221.65
278.00 1222.18
278.00 1222.70
278.00 1223.23
278.00 1223.75
278.00 1224.28
278.00 1224.80
278.00 1225.33
277.99 1225.85
277.99 1226.38
277.98 1226.90
277.96 1227.42
277.91 1227.92
277.83 1228.41
277.71 1228.89
277.56 1229.35
277.40 1229.81
277.25 1230.28
277.13 1230.75
277.04 1231.24
276.96 1231.73
276.87 1232.22
276.75 1232.70
276.61 1233.17
276.45 1233.63
276.30 1234.09
276.18 1234.56
276.09 1235.05
276.04 1235.56
276.02 1236.07
276.01 1236.59
276.00 1237.12
276.00 1237.64
276.00 1238.17
276.00 1238.70
276.00 1239.22
276.00 1239.75
276.00 1240.27
276.00 1240.80
276.00 1241.32
276.00 1241.85
275.99 1242.37
275.98 1242.89
275.96 1243.41
275.91 1243.91
275.82 1244.40
275.70 1244.88
275.55 1245.34
275.40 1245.80
275.25 1246.27
275.14 1246.75
275.07 1247.25
275.03 1247.76
275.01 1248.27
274.99 1248.79
274.97 1249.31
274.92 1249.81
274.84 1250.31
274.73 1250.78
274.58 1251.25
274.42 1251.71
274.26 1252.17
274.11 1252.63
273.97 1253.10
273.83 1253.57
273.67 1254.03
273.51 1254.48
273.34 1254.94
273.18 1255.40
273.04 1255.87
272.90 1256.33
272.75 1256.80
272.59 1257.26
272.43 1257.72
272.28 1258.18
272.16 1258.66
272.08 1259.15
272.04 1259.66
272.01 1260.17
271.99 1260.69
271.97 1261.21
271.93 1261.72
271.86 1262.21
271.75 1262.69
271.61 1263.16
271.46 1263.62
271.31 1264.09
271.18 1264.56
271.10 1265.05
271.04 1265.55
271.02 1266.07
271.00 1266.59
270.98 1267.10
270.94 1267.61
270.88 1268.11
270.78 1268.60
270.64 1269.07
270.48 1269.53
270.32 1269.99
270.17 1270.45
270.03 1270.91
269.89 1271.38
269.74 1271.85
269.58 1272.30
269.41 1272.76
269.27 1273.23
269.15 1273.71
269.08 1274.20
269.04 1274.71
269.02 1275.23
269.01 1275.75
269.00 1276.27
269.00 1276.80
268.99 1277.32
268.98 1277.84
268.96 1278.36
268.92 1278.87
268.84 1279.36
268.72 1279.83
268.57 1280.30
268.41 1280.76
268.26 1281.22
268.14 1281.70
268.05 1282.19
267.97 1282.68
267.89 1283.17
267.77 1283.65
267.63 1284.11
267.47 1284.58
267.32 1285.04
267.19 1285.51
267.10 1286.00
267.05 1286.50
267.02 1287.02
267.01 1287.54
267.00 1288.06
266.99 1288.58
266.97 1289.10
266.94 1289.61
266.88 1290.11
266.78 1290.60
266.64 1291.07
266.49 1291.53
266.33 1291.99
266.20 1292.46
266.11 1292.95
266.05 1293.45
266.00 1293.95
265.96 1294.46
265.91 1294.96
265.82 1295.45
265.69 1295.93
265.54 1296.39
265.38 1296.85
265.24 1297.32
265.13 1297.80
265.06 1298.30
265.03 1298.81
265.01 1299.32
264.99 1299.84
264.96 1300.36
264.91 1300.86
264.83 1301.35
264.72 1301.83
264.57 1302.30
264.41 1302.76
264.27 1303.22
264.15 1303.70
264.07 1304.19
264.03 1304.70
264.01 1305.22
263.99 1305.74
263.97 1306.25
263.93 1306.76
263.85 1307.26
263.74 1307.73
263.59 1308.20
263.43 1308.66
263.29 1309.12
263.17 1309.60
263.09 1310.09
263.03 1310.60
262.99 1311.10
262.95 1311.61
262.88 1312.11
262.78 1312.60
262.65 1313.07
262.50 1313.53
262.34 1313.99
262.21 1314.46
262.11 1314.95
262.05 1315.45
262.02 1315.96
262.00 1316.48
261.98 1316.99
261.95 1317.51
261.90 1318.01
261.81 1318.50
261.68 1318.97
261.52 1319.43
261.37 1319.89
261.23 1320.36
261.13 1320.84
261.06 1321.34
261.01 1321.85
260.97 1322.36
260.92 1322.86
260.84 1323.35
260.72 1323.83
260.58 1324.30
260.42 1324.76
260.27 1325.22
260.16 1325.70
260.08 1326.19
260.02 1326.70
259.99 1327.21
259.94 1327.71
259.87 1328.21
259.76 1328.69
259.62 1329.16
259.46 1329.62
259.31 1330.08
259.19 1330.55
259.10 1331.04
259.04 1331.55
259.02 1332.06
259.00 1332.58
258.98 1333.10
258.94 1333.61
258.88 1334.11
258.78 1334.59
258.65 1335.06
258.49 1335.52
258.34 1335.99
258.21 1336.46
258.11 1336.94
258.05 1337.44
258.02 1337.96
258.00 1338.47
257.98 1338.99
257.95 1339.50
257.89 1340.01
257.80 1340.49
257.68 1340.97
257.52 1341.43
257.37 1341.89
257.23 1342.36
257.13 1342.84
257.06 1343.34
257.01 1343.85
256.97 1344.36
256.92 1344.86
256.84 1345.35
256.72 1345.83
256.57 1346.29
256.41 1346.75
256.27 1347.22
256.15 1347.70
256.08 1348.19
256.02 1348.69
255.98 1349.20
255.94 1349.71
255.86 1350.20
255.76 1350.69
255.62 1351.15
255.46 1351.61
255.31 1352.08
255.19 1352.55
255.10 1353.04
255.04 1353.54
255.00 1354.05
254.95 1354.56
254.89 1355.06
254.80 1355.54
254.67 1356.02
254.51 1356.48
254.36 1356.94
254.22 1357.41
254.12 1357.89
254.06 1358.39
254.02 1358.90
254.00 1359.42
253.99 1359.94
253.96 1360.45
253.90 1360.96
253.82 1361.45
253.69 1361.92
253.54 1362.38
253.38 1362.84
253.24 1363.31
253.12 1363.79
253.04 1364.28
252.96 1364.77
252.86 1365.26
252.74 1365.73
252.60 1366.20
252.44 1366.66
252.29 1367.12
252.17 1367.60
252.09 1368.09
252.04 1368.60
252.01 1369.11
252.00 1369.63
251.97 1370.15
251.94 1370.66
251.87 1371.15
251.77 1371.64
251.63 1372.11
251.48 1372.57
251.32 1373.03
251.20 1373.50
251.11 1373.99
251.05 1374.49
251.02 1375.01
251.00 1375.52
250.98 1376.04
250.95 1376.55
250.89 1377.06
250.80 1377.54
250.67 1378.01
250.51 1378.48
250.36 1378.94
250.22 1379.41
250.12 1379.89
250.05 1380.39
250.01 1380.90
249.97 1381.41
249.92 1381.91
249.82 1382.40
249.70 1382.87
249.54 1383.33
249.39 1383.79
249.25 1384.26
249.14 1384.74
249.07 1385.24
249.03 1385.75
249.01 1386.26
248.99 1386.78
248.97 1387.30
248.92 1387.80
248.84 1388.30
248.72 1388.77
248.56 1389.23
248.38 1389.68
248.17 1390.12
247.96 1390.56
247.75 1391.00
247.53 1391.43
247.32 1391.87
247.10 1392.31
246.89 1392.74
246.68 1393.18
246.48 1393.63
246.30 1394.08
246.15 1394.54
246.00 1395.01
245.86 1395.47
245.71 1395.94
245.55 1396.40
245.39 1396.85
245.25 1397.32
245.14 1397.80
245.07 1398.30
245.03 1398.81
245.01 1399.33
245.00 1399.85
245.00 1400.37
244.98 1400.89
244.96 1401.41
244.91 1401.91
244.82 1402.40
244.70 1402.88
244.55 1403.34
244.39 1403.80
244.25 1404.27
244.13 1404.74
244.04 1405.23
243.96 1405.73
243.87 1406.21
243.76 1406.69
243.62 1407.16
243.46 1407.62
243.31 1408.08
243.19 1408.56
243.10 1409.05
243.05 1409.55
243.02 1410.06
243.00 1410.58
243.00 1411.11
242.99 1411.63
242.97 1412.15
242.94 1412.66
242.87 1413.16
242.77 1413.64
242.62 1414.11
242.46 1414.57
242.30 1415.02
242.15 1415.49
242.01 1415.95
241.87 1416.42
241.72 1416.89
241.56 1417.35
241.40 1417.80
241.25 1418.27
241.13 1418.75
241.04 1419.23
240.96 1419.73
240.88 1420.22
240.76 1420.69
240.62 1421.16
240.46 1421.62
240.31 1422.08
240.18 1422.56
240.08 1423.04
240.00 1423.53
239.91 1424.02
239.81 1424.51
239.68 1424.98
239.52 1425.44
239.36 1425.90
239.23 1426.37
239.13 1426.85
239.06 1427.35
239.03 1427.86
239.01 1428.38
239.00 1428.90
238.99 1429.42
238.98 1429.94
238.95 1430.46
238.90 1430.96
238.81 1431.45
238.69 1431.93
238.53 1432.39
238.37 1432.85
238.21 1433.31
238.07 1433.77
237.93 1434.24
237.78 1434.70
237.63 1435.16
237.46 1435.62
237.31 1436.09
237.18 1436.56
237.10 1437.05
237.04 1437.55
237.02 1438.07
237.00 1438.58
236.98 1439.10
236.94 1439.61
236.88 1440.11
236.78 1440.60
236.64 1441.07
236.49 1441.53
236.34 1441.99
236.21 1442.46
236.11 1442.95
236.05 1443.45
236.00 1443.95
235.96 1444.46
235.90 1444.96
235.81 1445.45
235.69 1445.93
235.54 1446.39
235.38 1446.85
235.24 1447.32
235.12 1447.80
235.04 1448.28
234.96 1448.78
234.86 1449.27
234.75 1449.74
234.60 1450.21
234.44 1450.67
234.29 1451.13
234.17 1451.61
234.09 1452.10
234.04 1452.60
234.01 1453.12
234.00 1453.64
233.97 1454.15
233.94 1454.66
233.87 1455.16
233.77 1455.64
233.63 1456.11
233.47 1456.57
233.31 1457.03
233.15 1457.49
233.01 1457.96
232.87 1458.43
232.72 1458.89
232.56 1459.35
232.39 1459.80
232.23 1460.26
232.08 1460.73
231.95 1461.20
231.80 1461.66
231.65 1462.13
231.48 1462.58
231.33 1463.04
231.20 1463.52
231.10 1464.00
231.05 1464.51
231.02 1465.02
231.01 1465.54
231.00 1466.06
231.00 1466.59
230.99 1467.11
230.99 1467.63
230.97 1468.15
230.94 1468.66
230.87 1469.16
230.77 1469.65
230.63 1470.11
230.47 1470.57
230.30 1471.03
230.15 1471.49
230.01 1471.96
229.87 1472.43
229.72 1472.89
229.56 1473.35
229.40 1473.81
229.25 1474.27
229.13 1474.75
229.04 1475.24
228.96 1475.73
228.87 1476.22
228.76 1476.70
228.62 1477.16
228.46 1477.62
228.30 1478.09
228.17 1478.56
228.07 1479.04
227.99 1479.54
227.91 1480.03
227.81 1480.51
227.68 1480.98
227.52 1481.44
227.36 1481.90
227.22 1482.37
227.11 1482.85
227.03 1483.34
226.95 1483.83
226.85 1484.32
226.73 1484.80
226.58 1485.26
226.42 1485.72
226.27 1486.18
226.15 1486.66
226.06 1487.14
225.98 1487.64
225.89 1488.13
225.78 1488.61
225.64 1489.07
225.48 1489.54
225.33 1490.00
225.20 1490.47
225.11 1490.96
225.04 1491.46
225.00 1491.96
224.96 1492.47
224.90 1492.97
224.82 1493.46
224.69 1493.94
224.54 1494.40
224.38 1494.86
224.24 1495.33
224.14 1495.81
224.07 1496.31
224.03 1496.82
224.01 1497.34
224.00 1497.86
224.00 1498.38
223.98 1498.90
223.96 1499.42
223.91 1499.92
223.82 1500.41
223.69 1500.88
223.53 1501.34
223.34 1501.79
223.13 1502.23
222.93 1502.67
222.73 1503.11
222.53 1503.56
222.36 1504.01
222.21 1504.47
222.11 1504.96
222.04 1505.46
222.00 1505.96
221.96 1506.47
221.90 1506.98
221.80 1507.46
221.67 1507.93
221.49 1508.38
221.30 1508.83
221.10 1509.27
220.89 1509.71
220.69 1510.15
220.50 1510.60
220.33 1511.05
220.19 1511.52
220.09 1512.00
220.00 1512.50
219.92 1512.99
219.82 1513.47
219.69 1513.94
219.54 1514.41
219.38 1514.87
219.24 1515.33
219.13 1515.82
219.06 1516.31
219.01 1516.82
218.98 1517.33
218.92 1517.83
218.84 1518.32
218.73 1518.80
218.58 1519.27
218.42 1519.72
218.26 1520.18
218.11 1520.65
217.97 1521.11
217.82 1521.58
217.67 1522.04
217.50 1522.50
217.33 1522.95
217.18 1523.42
217.04 1523.88
216.90 1524.35
216.75 1524.81
216.59 1525.27
216.42 1525.73
216.28 1526.20
216.16 1526.67
216.08 1527.17
216.04 1527.67
216.01 1528.19
215.99 1528.71
215.97 1529.22
215.93 1529.73
215.86 1530.23
215.76 1530.71
215.62 1531.18
215.46 1531.64
215.30 1532.10
215.17 1532.57
215.07 1533.06
214.99 1533.55
214.91 1534.04
214.80 1534.52
214.67 1534.99
214.51 1535.45
214.36 1535.91
214.22 1536.38
214.11 1536.86
214.03 1537.35
213.94 1537.85
213.85 1538.33
213.72 1538.80
213.57 1539.27
213.41 1539.73
213.27 1540.19
213.15 1540.67
213.05 1541.16
212.97 1541.65
212.88 1542.14
212.77 1542.62
212.62 1543.08
212.44 1543.53
212.24 1543.97
212.04 1544.41
211.83 1544.85
211.63 1545.30
211.44 1545.75
211.28 1546.21
211.16 1546.68
211.08 1547.17
211.03 1547.68
210.99 1548.18
210.94 1548.69
210.86 1549.19
210.75 1549.67
210.60 1550.13
210.42 1550.58
210.22 1551.02
210.02 1551.46
209.81 1551.90
209.61 1552.35
209.42 1552.79
209.27 1553.26
209.14 1553.73
209.05 1554.22
208.97 1554.71
208.88 1555.20
208.77 1555.68
208.63 1556.15
208.47 1556.60
208.32 1557.07
208.19 1557.54
208.10 1558.03
208.04 1558.53
208.00 1559.04
207.96 1559.55
207.89 1560.05
207.79 1560.53
207.65 1561.00
207.50 1561.46
207.35 1561.92
207.21 1562.39
207.12 1562.88
207.06 1563.38
207.02 1563.89
207.00 1564.41
206.98 1564.93
206.96 1565.44
206.90 1565.94
206.81 1566.43
206.68 1566.90
206.51 1567.36
206.32 1567.81
206.12 1568.25
205.90 1568.68
205.69 1569.12
205.47 1569.56
205.26 1569.99
205.04 1570.43
204.83 1570.87
204.62 1571.31
204.43 1571.75
204.26 1572.21
204.11 1572.67
203.96 1573.14
203.82 1573.60
203.67 1574.07
203.50 1574.52
203.34 1574.98
203.21 1575.45
203.10 1575.93
203.01 1576.42
202.93 1576.91
202.83 1577.40
202.71 1577.87
202.55 1578.33
202.39 1578.79
202.25 1579.26
202.13 1579.74
202.04 1580.23
201.96 1580.72
201.87 1581.21
201.76 1581.69
201.62 1582.15
201.46 1582.61
201.31 1583.08
201.19 1583.55
201.10 1584.04
201.04 1584.54
201.00 1585.05
200.95 1585.56
200.89 1586.05
200.79 1586.54
200.65 1587.01
200.48 1587.46
200.28 1587.91
200.08 1588.35
199.87 1588.79
199.67 1589.23
199.48 1589.68
199.31 1590.13
199.18 1590.60
199.09 1591.09
199.03 1591.59
198.99 1592.10
198.95 1592.61
198.88 1593.11
198.78 1593.59
198.65 1594.06
198.49 1594.52
198.34 1594.98
198.21 1595.44
596.99 155.87
597.00 156.93
597.00 157.46
597.00 157.99
597.00 158.52
597.00 159.05
597.00 159.58
597.00 160.12
597.00 160.65
597.00 161.18
597.00 161.71
597.00 162.24
597.00 162.77
597.00 163.31
597.00 163.84
597.00 164.37
597.00 164.90
597.01 165.43
597.02 165.95
597.05 166.47
597.10 166.98
597.19 167.48
597.31 167.96
597.47 168.43
597.62 168.89
597.77 169.37
597.87 169.85
597.99 172.99
598.00 173.52
598.00 174.05
598.01 174.58
598.01 175.11
598.01 175.64
598.01 176.17
598.01 176.71
598.00 177.24
598.00 177.77
598.00 178.30
598.00 178.83
598.00 179.37
598.00 179.90
597.99 180.43
598.00 180.96
598.00 181.49
598.00 182.02
598.00 182.55
598.00 183.09
598.00 183.62
598.00 184.15
598.00 184.68
598.00 185.21
598.00 185.74
598.00 186.27
598.00 186.80
598.00 187.33
598.00 187.87
598.00 188.40
598.00 188.93
598.00 189.46
598.00 189.99
598.00 190.52
598.00 191.06
598.00 191.59
598.00 192.12
598.00 192.65
598.00 193.18
598.00 193.71
598.00 194.24
598.00 194.78
598.00 195.31
598.00 195.84
598.00 196.37
598.00 196.90
598.00 197.43
598.00 197.96
598.00 198.50
598.00 199.03
598.00 199.56
598.00 200.09
598.00 200.62
598.00 201.15
598.00 201.68
598.00 202.21
598.00 202.75
598.00 203.28
598.01 203.80
598.04 204.33
598.08 204.84
598.16 205.34
598.28 205.82
598.42 206.29
598.58 206.76
598.73 207.23
598.85 207.71
598.93 208.21
598.97 208.72
598.98 209.25
598.99 209.78
598.99 210.31
598.99 210.84
599.00 211.37
599.01 211.89
599.01 212.42
599.01 212.96
599.01 213.49
599.02 214.02
599.05 214.54
599.11 215.04
599.21 215.53
599.34 216.01
599.50 216.47
599.66 216.94
599.79 217.42
599.88 217.91
599.95 218.41
599.98 218.93
599.99 219.46
600.00 219.99
600.00 220.52
600.00 221.05
600.00 221.58
600.00 222.11
600.00 222.64
600.00 223.17
600.00 223.71
600.00 224.24
600.00 224.77
600.00 225.30
600.00 225.83
600.00 226.36
600.00 226.89
600.00 227.43
600.00 227.96
600.00 228.49
600.00 229.02
600.00 229.55
600.00 230.08
600.00 230.61
600.00 231.15
600.00 231.68
600.00 232.21
600.00 232.74
600.00 233.27
600.00 233.80
600.00 234.33
600.00 234.86
600.00 235.40
600.00 235.93
600.00 236.46
600.00 236.99
600.00 237.52
600.00 238.05
600.00 238.59
600.00 239.12
600.00 239.65
600.01 240.18
600.01 240.71
600.03 241.23
600.07 241.74
600.15 242.24
600.26 242.73
600.40 243.20
600.56 243.67
600.71 244.14
600.83 244.62
600.91 245.12
600.96 245.63
600.98 246.15
600.99 246.68
601.00 247.21
601.00 247.74
601.00 248.27
601.00 248.80
601.00 249.33
601.00 249.86
601.00 250.39
601.00 250.93
601.00 251.46
601.00 251.99
601.00 252.52
601.00 253.05
601.00 253.58
601.00 254.11
601.00 254.64
601.00 255.18
601.00 255.71
601.00 256.24
601.00 256.77
601.00 257.30
601.00 257.83
601.01 258.36
601.02 258.89
601.04 259.41
601.09 259.92
601.18 260.42
601.30 260.90
601.45 261.37
601.60 261.83
601.75 262.31
601.86 262.79
601.94 263.29
601.98 263.81
601.99 264.33
601.99 264.86
601.99 265.40
601.99 265.93
601.99 266.46
601.99 266.99
602.00 267.52
602.00 268.05
602.01 268.58
602.01 269.11
602.01 269.64
602.01 270.17
602.01 270.70
602.01 271.23
602.00 271.77
602.00 272.30
602.00 272.83
602.00 273.36
602.00 273.89
601.99 274.43
601.99 274.96
601.99 275.49
602.00 276.02
602.00 276.55
602.00 277.08
602.00 277.61
602.00 278.14
602.00 278.67
602.00 279.21
602.00 279.74
602.00 280.27
602.00 280.80
602.00 281.33
602.00 281.86
602.00 282.39
602.00 282.93
602.00 283.46
602.00 283.99
602.00 284.52
602.00 285.05
602.00 285.58
602.00 286.12
602.00 286.65
602.00 287.18
602.01 287.70
602.03 288.23
602.07 288.74
602.15 289.24
602.26 289.73
602.40 290.20
602.56 290.67
602.70 291.14
602.83 291.62
602.91 292.12
602.96 292.63
602.98 293.15
602.99 293.67
603.00 294.20
603.00 294.73
603.00 295.27
603.00 295.80
603.00 296.33
603.00 296.86
603.00 297.39
603.00 297.92
603.00 298.45
603.00 298.99
603.00 299.52
603.00 300.05
603.00 300.58
603.00 301.11
603.00 301.64
603.00 302.17
603.00 302.71
603.00 303.24
603.00 303.77
603.00 304.30
603.00 304.83
603.00 305.36
603.00 305.89
603.00 306.43
603.00 306.96
603.00 307.49
603.00 308.02
603.00 308.55
603.00 309.08
603.00 309.61
603.00 310.15
603.00 310.68
603.00 311.21
603.00 311.74
603.00 312.27
603.00 312.80
603.00 313.33
603.00 313.87
603.00 314.40
603.00 314.93
603.00 315.46
603.00 315.99
603.00 316.52
603.00 317.05
603.00 317.58
603.00 318.12
603.00 318.65
603.00 319.18
603.00 319.71
603.00 320.24
603.00 320.77
603.00 321.30
603.00 321.84
603.00 322.37
603.00 322.90
603.00 323.43
603.00 323.96
603.00 324.49
603.00 325.02
603.00 325.56
603.00 326.09
603.00 326.62
603.00 327.15
603.00 327.68
603.00 328.21
603.00 328.74
603.00 329.28
603.00 329.81
603.00 330.34
603.00 330.87
603.00 331.40
603.00 331.93
603.00 332.46
603.00 333.00
603.00 333.53
603.00 334.06
603.00 334.59
603.00 335.12
603.00 335.65
603.00 336.18
603.00 336.72
603.00 337.25
603.00 337.78
603.00 338.31
603.00 338.84
603.01 339.37
603.02 339.90
603.04 340.42
603.09 340.93
603.18 341.42
603.30 341.90
603.45 342.37
603.61 342.84
603.75 343.31
603.86 343.80
603.93 344.30
603.97 344.82
603.99 345.34
603.99 345.87
603.99 346.40
603.99 346.93
604.00 347.46
604.00 347.99
604.00 348.52
604.00 349.05
604.00 349.59
604.00 350.12
604.00 350.65
604.00 351.18
604.00 351.71
604.00 352.24
604.00 352.77
604.00 353.31
604.00 353.84
604.00 354.37
604.00 354.90
604.00 355.43
604.00 355.96
604.00 356.50
604.00 357.03
604.00 357.56
604.00 358.09
604.00 358.62
604.00 359.15
604.00 359.68
604.00 360.22
604.00 360.75
604.00 361.28
604.00 361.81
604.00 362.34
604.00 362.87
604.00 363.40
604.00 363.93
604.00 364.47
604.00 365.00
604.00 365.53
604.00 366.06
604.00 366.59
604.00 367.12
604.00 367.65
604.00 368.19
604.00 368.72
604.00 369.25
604.00 369.78
604.00 370.31
604.00 370.84
604.00 371.37
604.00 371.91
604.00 372.44
604.00 372.97
604.00 373.50
604.00 374.03
604.00 374.56
604.00 375.09
604.00 375.63
604.00 376.16
604.00 376.69
604.00 377.22
604.00 377.75
604.00 378.28
604.00 378.81
604.00 379.35
604.00 379.88
604.00 380.41
604.00 380.94
604.00 381.47
604.00 382.00
604.00 382.53
604.00 383.07
604.00 383.60
604.00 384.13
604.00 384.66
604.00 385.19
604.00 385.72
604.00 386.25
604.00 386.78
604.00 387.32
604.00 387.85
604.00 388.38
604.00 388.91
604.00 389.44
604.00 389.97
604.00 390.50
604.00 391.04
604.00 391.57
604.00 392.10
604.00 392.63
604.00 393.16
604.00 393.69
604.00 394.22
604.00 394.76
604.00 395.29
604.00 395.82
604.00 396.35
604.00 396.88
604.00 397.41
604.00 397.94
604.00 398.48
604.00 399.01
604.00 399.54
604.00 400.07
604.00 400.60
604.00 401.13
604.00 401.66
604.00 402.20
604.00 402.73
604.00 403.26
604.00 403.79
604.00 404.32
604.00 404.85
604.00 405.38
604.00 405.92
604.00 406.45
604.00 406.98
604.00 407.51
604.00 408.04
604.00 408.57
604.00 409.10
604.00 409.64
604.00 410.17
604.00 410.70
604.00 411.23
604.00 411.76
604.00 412.29
604.00 412.82
604.00 413.36
604.00 413.89
604.00 414.42
604.00 414.95
604.00 415.48
604.00 416.01
604.00 416.54
604.00 417.08
604.00 417.61
604.00 418.14
604.00 418.67
604.00 419.20
604.00 419.73
604.00 420.26
604.00 420.80
604.00 421.33
604.00 421.86
604.00 422.39
604.00 422.92
604.00 423.45
604.00 423.98
604.00 424.51
604.00 425.05
604.00 425.58
604.00 426.11
604.00 426.64
604.00 427.17
604.00 427.70
604.00 428.23
604.00 428.77
604.00 429.30
604.00 429.83
604.00 430.36
604.00 430.89
604.00 431.42
604.00 431.95
604.00 432.49
604.00 433.02
604.00 433.55
604.00 434.08
604.00 434.61
604.00 435.14
604.00 435.67
604.00 436.21
604.00 436.74
604.00 437.27
604.00 437.80
604.00 438.33
604.00 438.86
604.00 439.39
604.00 439.93
604.00 440.46
604.00 440.99
604.00 441.52
604.00 442.05
604.00 442.58
604.00 443.11
603.99 443.64
603.97 444.17
603.93 444.68
603.87 445.18
603.76 445.67
603.62 446.15
603.46 446.61
603.31 447.08
603.18 447.56
603.09 448.05
603.04 448.56
603.02 449.08
603.01 449.61
603.01 450.14
603.01 450.67
603.01 451.21
603.01 451.74
603.01 452.27
603.00 452.80
603.00 453.33
603.00 453.86
603.00 454.39
603.00 454.92
603.00 455.45
603.00 455.98
603.00 456.52
603.00 457.05
603.00 457.58
603.00 458.11
603.00 458.64
603.00 459.17
603.00 459.70
603.00 460.24
603.00 460.77
603.00 461.30
603.00 461.83
603.00 462.36
603.00 462.89
603.00 463.42
603.00 463.96
603.00 464.49
603.00 465.02
603.00 465.55
603.00 466.08
603.00 466.61
603.00 467.15
603.00 467.68
603.00 468.21
603.00 468.74
603.00 469.27
603.00 469.80
603.00 470.33
603.00 470.86
603.00 471.40
603.00 471.93
603.00 472.46
603.00 472.99
603.00 473.52
603.00 474.05
603.00 474.58
603.00 475.12
603.00 475.65
603.00 476.18
603.00 476.71
603.00 477.24
603.00 477.77
603.00 478.30
603.00 478.84
603.00 479.37
603.00 479.90
603.00 480.43
603.00 480.96
603.00 481.49
603.00 482.02
603.00 482.56
603.00 483.09
603.00 483.62
603.00 484.15
603.00 484.68
603.00 485.21
603.00 485.74
603.00 486.28
603.00 486.81
603.00 487.34
603.00 487.87
602.99 488.40
602.98 488.92
602.96 489.45
602.90 489.96
602.82 490.45
602.69 490.93
602.54 491.40
602.38 491.87
602.24 492.34
602.13 492.82
602.06 493.33
602.03 493.84
602.01 494.37
602.01 494.90
602.01 495.43
602.01 495.96
602.01 496.49
602.00 497.02
602.00 497.55
601.99 498.08
601.99 498.61
601.99 499.14
601.99 499.67
601.99 500.21
602.00 500.74
602.00 501.27
602.00 501.80
602.00 502.33
602.00 502.87
602.00 503.40
602.00 503.93
602.00 504.46
602.00 504.99
602.00 505.53
602.00 506.06
602.00 506.59
602.00 507.12
602.00 507.65
602.00 508.18
602.00 508.71
602.00 509.24
602.00 509.77
602.00 510.30
602.00 510.84
602.00 511.37
602.00 511.90
602.00 512.43
602.00 512.96
602.00 513.49
602.00 514.02
602.00 514.56
602.00 515.09
602.00 515.62
602.00 516.15
602.00 516.68
602.00 517.22
602.00 517.75
602.00 518.28
602.00 518.81
602.00 519.34
602.00 519.87
602.00 520.40
602.00 520.94
602.00 521.47
602.00 522.00
602.00 522.53
602.00 523.06
602.00 523.59
602.00 524.12
601.99 524.65
601.99 525.18
601.99 525.71
601.99 526.25
601.99 526.78
601.99 527.31
601.99 527.84
601.97 528.36
601.92 528.87
601.83 529.37
601.71 529.85
601.56 530.32
601.40 530.78
601.26 531.25
601.15 531.74
601.07 532.24
601.03 532.76
601.01 533.28
601.01 533.81
601.00 534.34
601.00 534.87
601.00 535.40
601.00 535.93
601.00 536.46
601.00 536.99
601.00 537.52
601.00 538.06
601.00 538.59
601.00 539.12
601.00 539.65
601.00 540.18
601.00 540.71
601.00 541.24
601.00 541.77
601.00 542.31
601.00 542.84
601.00 543.37
601.00 543.90
601.00 544.44
601.01 544.97
601.01 545.50
601.00 546.03
601.00 546.56
600.99 547.09
600.99 547.62
600.99 548.15
600.99 548.68
600.97 549.20
600.93 549.72
600.86 550.22
600.75 550.70
600.60 551.18
600.44 551.64
600.29 552.11
600.17 552.59
600.09 553.09
600.04 553.60
600.02 554.12
600.00 554.65
600.00 555.18
600.00 555.71
600.00 556.24
600.00 556.77
600.00 557.30
600.00 557.84
600.00 558.37
600.00 558.90
600.00 559.43
600.00 559.96
599.99 560.49
599.98 561.02
599.95 561.53
599.89 562.04
599.80 562.53
599.67 563.01
599.52 563.48
599.36 563.95
599.22 564.42
599.12 564.91
599.05 565.41
599.02 565.93
599.01 566.46
599.01 566.99
599.01 567.52
599.01 568.05
599.01 568.58
599.00 569.11
599.00 569.64
598.99 570.17
598.99 570.70
598.99 571.23
598.99 571.77
599.00 572.30
599.00 572.83
599.00 573.36
599.01 573.90
599.01 574.43
599.01 574.96
599.01 575.49
599.00 576.02
599.00 576.55
599.00 577.08
598.99 577.61
598.99 578.14
598.99 578.67
598.99 579.21
598.99 579.74
598.97 580.26
598.93 580.77
598.85 581.27
598.74 581.76
598.60 582.23
598.44 582.70
598.29 583.16
598.16 583.65
598.08 584.14
598.03 584.65
598.01 585.17
598.00 585.70
598.00 586.24
598.01 586.77
598.01 587.30
598.01 587.83
598.01 588.36
598.01 588.89
598.00 589.42
598.00 589.95
597.99 590.48
597.99 591.01
597.99 591.54
597.99 592.08
597.99 592.61
597.98 593.13
597.94 593.65
597.87 594.15
597.76 594.64
597.62 595.11
597.46 595.58
597.31 596.05
597.19 596.53
597.10 597.02
597.05 597.53
597.02 598.05
597.00 598.58
597.00 599.10
596.99 599.63
596.97 600.16
596.94 600.67
596.87 601.18
596.76 601.66
596.62 602.13
596.46 602.60
596.31 603.07
596.18 603.55
596.09 604.04
596.04 604.55
596.00 605.07
595.95 605.58
595.89 606.08
595.79 606.58
595.66 607.05
595.50 607.52
595.35 607.99
595.21 608.46
595.11 608.95
595.05 609.46
595.02 609.98
595.01 610.50
595.01 611.03
595.01 611.57
595.01 612.10
595.00 612.63
595.00 613.16
595.00 613.68
595.00 614.22
595.00 614.75
595.00 615.28
595.02 615.81
595.04 616.33
595.08 616.84
595.16 617.34
595.28 617.82
595.42 618.29
595.58 618.76
595.73 619.23
595.83 619.71
595.89 620.20
595.90 620.70
595.85 621.19
595.76 621.68
595.62 622.15
595.47 622.62
595.32 623.08
595.19 623.56
595.10 624.06
595.04 624.57
595.02 625.09
595.00 625.61
594.98 626.13
594.94 626.65
594.87 627.15
594.76 627.64
594.63 628.12
594.47 628.58
594.32 629.05
594.19 629.53
594.10 630.02
594.05 630.53
594.01 631.05
594.00 631.57
593.98 632.10
593.94 632.61
593.88 633.12
593.78 633.61
593.64 634.08
593.48 634.55
593.33 635.02
593.20 635.49
593.10 635.99
593.04 636.49
593.01 637.01
593.00 637.54
593.00 638.07
593.00 638.60
593.01 639.13
593.01 639.67
593.01 640.20
593.01 640.73
593.01 641.26
593.00 641.79
593.00 642.32
593.00 642.85
593.00 643.38
593.00 643.91
593.00 644.45
593.00 644.98
593.00 645.51
593.00 646.04
593.00 646.57
593.00 647.10
593.00 647.63
593.00 648.17
593.00 648.70
593.00 649.23
593.00 649.76
593.00 650.29
593.00 650.82
593.00 651.36
593.00 651.89
593.00 652.42
593.00 652.95
593.00 653.48
593.00 654.01
593.00 654.54
593.00 655.08
593.00 655.61
593.00 656.14
593.00 656.67
593.00 657.20
593.00 657.73
593.00 658.26
593.00 658.79
593.00 659.33
593.00 659.86
593.00 660.39
593.00 660.92
593.00 661.45
593.00 661.98
593.00 662.51
593.00 663.05
593.00 663.58
593.00 664.11
593.00 664.64
593.00 665.17
593.00 665.70
593.00 666.23
593.00 666.77
593.00 667.30
593.00 667.83
593.00 668.36
593.00 668.89
593.00 669.42
593.00 669.95
593.00 670.49
593.00 671.02
593.00 671.55
593.00 672.08
592.99 672.61
592.97 673.13
592.94 673.65
592.87 674.15
592.77 674.64
592.63 675.11
592.47 675.58
592.32 676.05
592.19 676.53
592.08 677.01
592.00 677.51
591.92 678.01
591.81 678.50
591.68 678.97
591.53 679.44
591.37 679.91
591.23 680.38
591.12 680.87
591.05 681.37
591.01 681.89
591.00 682.41
591.00 682.94
591.00 683.47
591.00 684.01
591.01 684.54
591.01 685.07
591.01 685.60
591.01 686.13
591.01 686.67
591.01 687.20
591.00 687.73
591.00 688.26
591.00 688.79
591.00 689.32
591.00 689.85
591.00 690.38
591.00 690.91
591.00 691.44
591.00 691.97
591.00 692.51
591.00 693.04
591.00 693.57
591.00 694.10
591.00 694.63
591.00 695.16
591.00 695.70
591.00 696.23
591.00 696.76
591.00 697.29
591.00 697.82
591.00 698.35
591.00 698.89
591.00 699.42
591.00 699.95
591.00 700.48
591.00 701.01
591.00 701.54
591.00 702.07
591.00 702.61
591.00 703.14
591.00 703.67
591.00 704.20
591.00 704.73
591.00 705.26
591.00 705.79
591.00 706.32
591.00 706.85
591.00 707.39
591.00 707.92
591.00 708.45
591.00 708.98
591.00 709.51
591.00 710.04
591.00 710.58
591.00 711.11
591.00 711.64
591.00 712.17
591.00 712.70
591.00 713.23
591.00 713.76
590.99 714.29
590.98 714.82
590.96 715.34
590.91 715.85
590.83 716.35
590.71 716.83
590.57 717.30
590.41 717.77
590.27 718.24
590.15 718.73
590.08 719.23
590.04 719.74
590.01 720.26
590.00 720.79
590.00 721.32
590.00 721.85
589.99 722.38
589.98 722.91
589.96 723.43
589.90 723.94
589.81 724.43
589.69 724.91
589.53 725.38
589.38 725.85
589.24 726.32
589.13 726.81
589.07 727.31
589.03 727.83
589.01 728.35
589.00 728.88
588.99 729.41
588.98 729.93
588.95 730.45
588.90 730.96
588.81 731.46
588.68 731.94
588.53 732.40
588.38 732.87
588.24 733.34
588.13 733.83
588.07 734.34
588.03 734.85
588.01 735.38
588.00 735.91
588.00 736.44
588.00 736.97
588.00 737.50
588.00 738.03
588.00 738.56
588.00 739.09
588.00 739.62
588.00 740.15
588.00 740.69
588.00 741.22
588.00 741.75
588.00 742.28
588.00 742.81
588.00 743.34
588.00 743.87
588.00 744.41
588.00 744.94
588.00 745.47
588.00 746.00
588.00 746.53
588.00 747.06
588.00 747.59
588.00 748.12
588.00 748.66
588.00 749.19
588.00 749.72
588.00 750.25
588.00 750.78
588.00 751.32
588.00 751.85
588.00 752.38
588.00 752.91
588.00 753.44
588.00 753.97
588.00 754.50
588.00 755.03
587.99 755.56
587.99 756.09
587.99 756.63
587.99 757.16
587.99 757.69
587.97 758.21
587.93 758.73
587.86 759.23
587.75 759.71
587.61 760.19
587.46 760.65
587.30 761.12
587.18 761.60
587.09 762.09
587.03 762.60
587.00 763.12
586.99 763.65
586.99 764.18
587.00 764.71
587.00 765.25
587.00 765.78
587.01 766.31
587.01 766.85
587.01 767.38
587.01 767.91
587.01 768.44
587.01 768.97
587.01 769.50
587.01 770.03
587.00 770.56
587.00 771.09
587.00 771.62
587.00 772.15
587.00 772.69
586.99 773.22
586.99 773.75
586.99 774.28
586.99 774.81
586.99 775.34
586.99 775.87
586.99 776.40
587.00 776.94
587.00 777.47
587.00 778.00
587.00 778.53
587.01 779.07
587.01 779.60
587.01 780.13
587.01 780.66
587.01 781.19
587.01 781.73
587.01 782.26
587.01 782.79
587.00 783.32
587.00 783.84
586.99 784.37
586.98 784.90
586.98 785.43
586.98 785.96
586.98 786.50
586.99 787.03
586.95 789.67
586.86 790.17
586.72 790.64
586.53 791.09
586.29 791.52
586.02 791.94
585.73 792.36
585.46 792.77
585.20 793.20
584.96 793.63
584.74 794.07
584.54 794.52
584.37 794.98
584.22 795.45
584.12 795.94
584.06 796.44
584.02 796.96
584.01 797.49
584.00 798.02
583.99 798.54
583.98 799.07
583.94 799.59
583.88 800.09
583.78 800.58
583.64 801.05
583.48 801.52
583.32 801.98
583.16 802.45
583.02 802.92
582.88 803.40
582.73 803.86
582.57 804.33
582.42 804.79
582.29 805.25
582.21 805.72
582.20 806.19
582.25 806.66
582.32 807.10
582.40 807.53
582.44 807.94
582.43 808.35
582.39 808.77
582.36 809.19
582.36 809.62
582.43 810.07
582.54 810.51
582.67 810.97
582.79 811.45
582.89 811.94
582.95 812.44
582.98 812.96
582.99 813.48
583.00 814.01
583.00 814.54
582.99 815.07
582.99 815.60
582.97 816.13
582.94 816.64
582.87 817.15
582.76 817.63
582.62 818.11
582.47 818.57
582.32 819.04
582.19 819.52
582.10 820.02
582.05 820.53
582.02 821.04
582.01 821.57
582.00 822.10
582.00 822.63
582.00 823.16
582.00 823.69
582.00 824.23
582.00 824.76
582.00 825.29
582.00 825.82
582.00 826.35
582.00 826.88
582.00 827.41
582.00 827.95
582.00 828.48
582.00 829.01
582.00 829.54
582.00 830.07
582.00 830.60
582.00 831.13
581.99 831.66
581.97 832.19
581.93 832.70
581.86 833.20
581.76 833.69
581.62 834.17
581.46 834.63
581.31 835.10
581.18 835.58
581.09 836.07
581.04 836.58
581.02 837.10
581.01 837.63
581.01 838.16
581.00 838.69
581.00 839.22
581.00 839.75
581.00 840.28
581.00 840.81
581.00 841.35
581.00 841.88
581.00 842.41
581.00 842.94
580.99 843.47
580.98 844.00
580.95 844.52
580.89 845.02
580.79 845.51
580.66 845.99
580.51 846.46
580.34 846.92
580.19 847.39
580.04 847.86
579.90 848.33
579.76 848.80
579.60 849.27
579.43 849.73
579.28 850.20
579.16 850.68
579.08 851.18
579.03 851.69
579.01 852.21
578.99 852.74
578.97 853.26
578.93 853.77
578.85 854.27
578.74 854.76
578.59 855.23
578.44 855.70
578.29 856.17
578.17 856.65
578.09 857.15
578.04 857.66
578.01 858.18
578.00 858.71
578.00 859.23
577.99 859.76
577.97 860.28
577.92 860.80
577.84 861.30
577.72 861.78
577.58 862.25
577.42 862.72
577.27 863.19
577.16 863.67
577.08 864.17
577.03 864.68
577.01 865.20
577.00 865.73
577.00 866.26
577.00 866.79
577.01 867.33
577.01 867.86
577.01 868.39
577.01 868.92
577.00 869.45
576.99 869.98
576.99 870.51
576.99 871.04
576.99 871.57
576.99 872.10
576.99 872.64
576.98 873.16
576.94 873.68
576.87 874.18
576.76 874.66
576.61 875.13
576.45 875.60
576.30 876.07
576.18 876.55
576.10 877.05
576.04 877.56
576.02 878.08
576.01 878.60
576.00 879.13
576.00 879.66
576.00 880.20
576.00 880.73
576.00 881.26
576.00 881.79
576.00 882.32
576.00 882.85
576.00 883.38
576.00 883.91
575.99 884.44
575.98 884.97
575.95 885.49
575.90 886.00
575.81 886.49
575.68 886.97
575.53 887.44
575.37 887.91
575.23 888.38
575.13 888.87
575.06 889.37
575.03 889.89
575.01 890.41
575.01 890.94
575.01 891.48
575.01 892.01
575.00 892.54
575.00 893.06
574.99 893.59
574.99 894.13
574.99 894.66
574.99 895.19
575.00 895.72
575.00 896.25
575.00 896.79
575.00 897.32
575.00 897.85
575.01 898.38
575.01 898.91
575.01 899.45
575.01 899.98
575.00 900.51
575.00 901.04
575.00 901.57
575.00 902.10
575.00 902.63
575.00 903.16
575.00 903.69
575.00 904.22
575.00 904.76
574.99 905.29
574.99 905.82
574.99 906.35
574.99 906.88
575.00 907.41
575.00 907.94
575.00 908.48
575.00 909.01
575.00 909.54
575.01 910.07
575.01 910.61
575.01 911.14
575.01 911.67
575.01 912.20
575.00 912.73
575.00 913.26
574.99 913.79
574.99 914.32
574.99 914.85
574.99 915.38
574.98 915.91
574.96 916.43
574.91 916.94
574.81 917.43
574.69 917.91
574.53 918.38
574.38 918.85
574.24 919.32
574.13 919.81
574.07 920.31
574.03 920.83
574.01 921.35
574.00 921.88
573.99 922.41
573.98 922.93
573.95 923.45
573.90 923.96
573.81 924.46
573.68 924.94
573.53 925.40
573.36 925.87
573.21 926.33
573.06 926.80
572.92 927.28
572.77 927.75
572.61 928.21
572.44 928.67
572.29 929.14
572.17 929.62
572.09 930.12
572.03 930.63
571.99 931.14
571.94 931.65
571.87 932.16
571.77 932.64
571.63 933.12
571.47 933.59
571.32 934.05
571.19 934.53
571.10 935.03
571.05 935.54
571.02 936.06
571.01 936.58
571.00 937.11
570.99 937.64
570.97 938.16
570.93 938.68
570.86 939.18
570.76 939.67
570.62 940.14
570.46 940.61
570.31 941.08
570.19 941.56
570.10 942.05
570.05 942.56
570.02 943.08
570.01 943.61
570.00 944.14
570.00 944.67
570.00 945.20
570.00 945.73
570.00 946.26
570.00 946.79
569.99 947.32
569.98 947.85
569.96 948.37
569.91 948.88
569.83 949.38
569.71 949.86
569.56 950.33
569.41 950.80
569.26 951.27
569.15 951.75
569.07 952.25
569.03 952.77
569.01 953.29
569.00 953.82
569.00 954.35
569.00 954.88
569.00 955.41
569.00 955.94
569.00 956.48
569.01 957.01
569.01 957.54
569.01 958.07
569.00 958.60
569.00 959.13
568.99 959.66
568.99 960.19
568.99 960.72
568.99 961.25
568.99 961.79
568.97 962.31
568.93 962.82
568.84 963.32
568.72 963.80
568.57 964.27
568.41 964.73
568.27 965.21
568.15 965.69
568.08 966.19
568.03 966.70
568.01 967.23
568.01 967.75
568.00 968.28
568.00 968.82
568.00 969.35
568.00 969.88
568.00 970.41
568.00 970.94
568.00 971.47
568.00 972.00
568.00 972.53
568.00 973.07
568.00 973.60
568.00 974.13
568.00 974.66
568.00 975.19
568.00 975.72
568.00 976.25
567.99 976.78
567.96 977.30
567.92 977.82
567.84 978.31
567.73 978.80
567.58 979.27
567.42 979.73
567.28 980.21
567.16 980.69
567.08 981.19
567.04 981.70
567.02 982.22
567.01 982.75
567.00 983.28
567.00 983.81
567.00 984.34
567.00 984.87
567.00 985.40
566.99 985.93
566.99 986.46
566.98 986.99
566.95 987.51
566.90 988.02
566.80 988.51
566.67 988.99
566.52 989.46
566.36 989.92
566.23 990.40
566.12 990.89
566.06 991.39
566.02 991.91
566.01 992.44
566.01 992.97
566.00 993.50
566.00 994.03
566.00 994.55
565.99 995.08
565.99 995.61
565.97 996.14
565.94 996.66
565.87 997.16
565.77 997.65
565.63 998.12
565.47 998.59
565.32 999.06
565.19 999.53
565.10 1000.03
565.04 1000.54
565.02 1001.06
565.01 1001.59
565.01 1002.12
565.00 1002.65
565.00 1003.18
565.00 1003.71
564.99 1004.24
564.98 1004.76
564.96 1005.29
564.92 1005.80
564.85 1006.30
564.73 1006.79
564.59 1007.26
564.43 1007.72
564.28 1008.19
564.16 1008.67
564.08 1009.17
564.03 1009.68
564.01 1010.21
563.99 1010.73
563.97 1011.25
563.93 1011.77
563.85 1012.27
563.74 1012.75
563.60 1013.22
563.44 1013.69
563.29 1014.16
563.16 1014.64
563.06 1015.13
562.98 1015.63
562.89 1016.12
562.78 1016.60
562.63 1017.08
562.47 1017.54
562.31 1018.00
562.16 1018.47
562.02 1018.95
561.88 1019.42
561.73 1019.89
561.57 1020.35
561.40 1020.82
561.26 1021.29
561.14 1021.77
561.07 1022.27
561.03 1022.79
561.01 1023.31
561.00 1023.84
561.00 1024.37
560.98 1024.89
560.96 1025.41
560.90 1025.92
560.82 1026.42
560.70 1026.90
560.55 1027.37
560.40 1027.83
560.28 1028.30
560.21 1028.77
560.20 1029.24
560.25 1029.70
560.33 1030.14
560.40 1030.57
560.43 1030.99
560.40 1031.40
560.32 1031.83
560.23 1032.28
560.14 1032.76
560.07 1033.26
560.03 1033.77
560.01 1034.29
560.00 1034.82
560.00 1035.35
560.00 1035.88
560.00 1036.41
560.00 1036.94
560.00 1037.48
560.00 1038.01
560.00 1038.54
560.00 1039.07
560.00 1039.60
560.00 1040.13
559.99 1040.66
559.97 1041.18
559.93 1041.70
559.86 1042.20
559.75 1042.69
559.61 1043.16
559.46 1043.63
559.31 1044.10
559.18 1044.58
559.10 1045.07
559.04 1045.58
559.02 1046.10
559.01 1046.63
559.00 1047.16
559.00 1047.69
559.00 1048.22
559.00 1048.75
559.00 1049.28
559.00 1049.82
558.99 1050.35
558.99 1050.88
558.99 1051.41
559.00 1051.94
559.00 1052.47
559.00 1053.00
559.01 1053.53
559.01 1054.06
559.01 1054.59
559.01 1055.13
559.01 1055.66
559.00 1056.19
559.01 1056.72
559.03 1057.24
559.07 1057.76
559.14 1058.25
559.23 1058.73
559.34 1059.17
559.42 1059.60
559.47 1060.00
559.50 1060.39
559.52 1060.78
559.55 1061.18
559.62 1061.59
559.71 1062.02
559.82 1062.48
560.39 1065.75
560.35 1066.15
560.21 1066.53
560.00 1066.92
559.74 1067.31
559.46 1067.70
559.18 1068.10
558.89 1068.49
558.60 1068.85
558.29 1069.20
557.96 1069.54
557.63 1069.88
557.33 1070.23
557.05 1070.61
556.81 1071.01
556.58 1071.44
556.39 1071.88
556.22 1072.34
556.06 1072.81
555.92 1073.28
555.77 1073.75
555.61 1074.21
555.45 1074.68
555.29 1075.15
555.17 1075.63
555.09 1076.12
555.04 1076.63
555.02 1077.16
555.01 1077.68
555.01 1078.22
555.01 1078.75
555.01 1079.28
555.00 1079.81
555.00 1080.34
554.99 1080.87
554.99 1081.40
554.99 1081.93
554.99 1082.46
554.98 1082.99
554.95 1083.51
554.89 1084.01
554.80 1084.51
554.67 1084.98
554.51 1085.45
554.34 1085.91
554.19 1086.38
554.05 1086.85
553.91 1087.33
553.76 1087.80
553.60 1088.26
553.44 1088.73
553.29 1089.19
553.16 1089.67
553.07 1090.17
553.03 1090.68
553.01 1091.20
553.01 1091.73
553.01 1092.27
553.01 1092.80
553.02 1093.33
553.01 1093.86
553.01 1094.39
553.00 1094.92
552.99 1095.45
552.99 1095.98
552.99 1096.51
552.99 1097.04
552.99 1097.57
553.00 1098.11
553.00 1098.64
553.01 1099.17
553.01 1099.71
553.01 1100.24
553.01 1100.77
553.01 1101.30
553.00 1101.83
553.00 1102.36
552.99 1102.89
552.99 1103.42
552.98 1103.95
552.99 1104.48
552.99 1105.01
552.99 1105.55
552.99 1106.07
552.95 1106.59
552.88 1107.09
552.75 1107.57
552.57 1108.03
552.34 1108.46
552.07 1108.88
551.80 1109.30
551.54 1109.73
551.34 1110.17
551.19 1110.64
551.09 1111.13
551.04 1111.64
551.02 1112.17
551.01 1112.69
551.01 1113.22
551.00 1113.76
551.00 1114.29
551.00 1114.81
550.99 1115.34
550.98 1115.87
550.96 1116.39
550.91 1116.90
550.82 1117.40
550.70 1117.88
550.55 1118.35
550.38 1118.81
550.22 1119.28
550.07 1119.75
549.93 1120.22
549.79 1120.69
549.63 1121.16
549.46 1121.62
549.31 1122.09
549.18 1122.57
549.09 1123.06
549.04 1123.57
548.99 1124.08
548.95 1124.60
548.88 1125.10
548.78 1125.59
548.65 1126.07
548.50 1126.53
548.34 1127.00
548.21 1127.48
548.11 1127.97
548.05 1128.47
548.02 1128.99
548.01 1129.52
548.01 1130.05
548.00 1130.58
548.00 1131.11
548.00 1131.64
547.99 1132.17
547.99 1132.70
547.99 1133.23
548.00 1133.77
548.00 1134.30
548.00 1134.83
548.00 1135.36
548.00 1135.90
548.00 1136.43
548.01 1136.96
548.00 1137.49
548.00 1138.02
548.00 1138.55
548.00 1139.08
548.00 1139.61
548.00 1140.14
548.00 1140.68
548.00 1141.21
548.00 1141.74
548.00 1142.27
547.99 1142.80
547.99 1143.33
547.99 1143.86
548.00 1144.39
548.00 1144.93
548.00 1145.46
548.00 1145.99
548.00 1146.52
548.00 1147.05
548.01 1147.59
548.01 1148.12
548.01 1148.65
548.01 1149.18
548.00 1149.71
548.00 1150.24
547.99 1150.77
547.99 1151.30
547.99 1151.83
547.99 1152.36
547.98 1152.89
547.96 1153.41
547.91 1153.92
547.82 1154.42
547.69 1154.90
547.54 1155.36
547.38 1155.83
547.24 1156.30
547.14 1156.79
547.07 1157.29
547.03 1157.81
547.00 1158.33
546.98 1158.85
546.95 1159.36
546.88 1159.85
546.76 1160.31
546.57 1160.72
546.33 1161.10
546.04 1161.45
545.75 1161.81
545.49 1162.18
545.28 1162.58
545.15 1163.03
545.07 1163.51
545.03 1164.02
545.01 1164.54
545.00 1165.07
545.00 1165.60
545.00 1166.13
545.00 1166.66
545.00 1167.19
545.00 1167.72
545.00 1168.25
545.00 1168.78
545.00 1169.31
544.99 1169.84
544.99 1170.38
545.00 1170.91
545.00 1171.44
545.00 1171.97
545.00 1172.51
545.01 1173.04
545.01 1173.57
545.01 1174.10
545.01 1174.63
545.01 1175.16
545.00 1175.69
545.00 1176.22
544.99 1176.75
544.99 1177.28
544.99 1177.81
544.99 1178.35
544.98 1178.87
544.96 1179.40
544.91 1179.91
544.82 1180.40
544.70 1180.88
544.54 1181.35
544.39 1181.81
544.25 1182.29
544.14 1182.78
544.07 1183.28
544.03 1183.79
544.01 1184.31
543.99 1184.84
543.96 1185.36
543.91 1185.87
543.83 1186.37
543.71 1186.85
543.56 1187.32
543.39 1187.78
543.23 1188.25
543.08 1188.72
542.94 1189.19
542.79 1189.66
542.62 1190.12
542.43 1190.57
542.23 1191.02
542.00 1191.46
541.76 1191.89
541.50 1192.31
541.21 1192.72
540.91 1193.13
540.61 1193.54
540.33 1193.95
540.08 1194.38
539.86 1194.82
539.65 1195.26
539.46 1195.71
539.32 1196.17
539.23 1196.64
539.20 1197.11
539.25 1197.58
539.36 1198.05
539.50 1198.51
539.65 1198.98
539.78 1199.45
539.87 1199.94
539.90 1200.43
539.89 1200.93
539.82 1201.42
539.70 1201.90
539.55 1202.37
539.40 1202.83
539.25 1203.30
539.14 1203.79
539.07 1204.29
539.03 1204.81
539.01 1205.33
539.00 1205.86
539.00 1206.39
538.98 1206.91
538.96 1207.43
538.90 1207.94
538.82 1208.44
538.70 1208.92
538.55 1209.39
538.39 1209.86
538.24 1210.33
538.13 1210.81
538.06 1211.32
538.03 1211.83
538.01 1212.36
538.01 1212.89
538.01 1213.42
538.00 1213.95
538.00 1214.48
538.00 1215.01
538.00 1215.54
538.00 1216.07
538.00 1216.60
538.00 1217.13
538.00 1217.67
538.00 1218.20
537.99 1218.72
537.97 1219.25
537.92 1219.76
537.85 1220.26
537.74 1220.75
537.59 1221.22
537.44 1221.68
537.29 1222.15
537.17 1222.64
537.09 1223.13
537.04 1223.64
537.02 1224.17
537.00 1224.69
537.00 1225.22
536.99 1225.75
536.97 1226.27
536.92 1226.79
536.85 1227.29
536.74 1227.77
536.59 1228.24
536.44 1228.71
536.29 1229.18
536.17 1229.66
536.08 1230.16
536.04 1230.67
536.01 1231.19
535.99 1231.71
535.97 1232.24
535.93 1232.75
535.85 1233.25
535.74 1233.74
535.60 1234.21
535.44 1234.67
535.29 1235.14
535.17 1235.63
535.09 1236.12
535.04 1236.63
535.02 1237.16
535.01 1237.68
535.00 1238.21
535.00 1238.74
534.99 1239.27
534.98 1239.80
534.96 1240.32
534.92 1240.83
534.84 1241.33
534.72 1241.81
534.57 1242.28
534.41 1242.75
534.27 1243.22
534.15 1243.71
534.08 1244.21
534.03 1244.72
534.01 1245.24
533.99 1245.76
533.97 1246.29
533.92 1246.80
533.84 1247.30
533.73 1247.78
533.58 1248.25
533.42 1248.72
533.26 1249.18
533.11 1249.65
532.96 1250.12
532.80 1250.58
532.60 1251.03
532.35 1251.46
532.07 1251.88
531.78 1252.29
531.49 1252.70
531.23 1253.12
530.98 1253.55
530.76 1253.99
530.53 1254.43
530.31 1254.87
530.10 1255.31
529.88 1255.75
529.67 1256.20
529.47 1256.65
529.29 1257.10
529.14 1257.57
528.99 1258.04
528.85 1258.51
528.70 1258.98
528.54 1259.45
528.38 1259.91
528.23 1260.38
528.12 1260.87
528.05 1261.37
527.99 1267.72
527.99 1268.25
527.99 1268.79
527.99 1269.32
527.99 1269.85
527.99 1270.38
527.99 1270.91
527.99 1271.44
528.00 1271.98
528.00 1272.51
528.00 1273.04
528.00 1273.57
528.01 1274.11
528.01 1274.64
528.01 1275.17
528.01 1275.70
528.01 1276.23
528.01 1276.77
528.01 1277.30
528.01 1277.83
528.00 1278.36
528.00 1278.89
528.00 1279.42
527.99 1279.95
527.99 1280.47
527.98 1281.01
527.98 1281.54
527.99 1282.07
527.99 1282.60
528.00 1283.14
528.00 1283.67
527.99 1284.19
527.94 1284.71
527.87 1285.21
527.75 1285.69
527.60 1286.16
527.44 1286.63
527.29 1287.10
527.17 1287.58
527.07 1288.07
526.99 1288.56
526.90 1289.06
526.79 1289.55
526.66 1290.02
526.50 1290.49
526.34 1290.95
526.21 1291.43
526.12 1291.92
526.05 1292.43
526.02 1292.95
526.00 1293.47
525.98 1293.99
525.95 1294.51
525.89 1295.02
525.80 1295.51
525.67 1295.99
525.52 1296.46
525.36 1296.93
525.23 1297.40
525.12 1297.89
525.06 1298.39
525.03 1298.91
525.01 1299.44
525.00 1299.96
525.00 1300.49
525.00 1301.02
524.99 1301.55
524.97 1302.08
524.94 1302.60
524.88 1303.10
524.78 1303.59
524.64 1304.06
524.48 1304.53
524.33 1305.00
524.20 1305.48
524.11 1305.97
524.04 1306.48
524.00 1306.99
523.96 1307.50
523.90 1308.01
523.80 1308.50
523.67 1308.98
523.52 1309.45
523.36 1309.91
523.23 1310.39
523.13 1310.88
523.06 1311.38
523.03 1311.90
523.01 1312.42
523.00 1312.95
522.99 1313.48
522.98 1314.01
522.95 1314.52
522.89 1315.03
522.80 1315.52
522.67 1316.00
522.52 1316.47
522.36 1316.94
522.22 1317.41
522.12 1317.90
522.06 1318.41
522.02 1318.92
522.01 1319.45
522.00 1319.98
521.99 1320.51
521.98 1321.03
521.95 1321.55
521.89 1322.06
521.79 1322.55
521.66 1323.02
521.51 1323.49
521.35 1323.96
521.21 1324.43
521.12 1324.92
521.05 1325.43
521.02 1325.95
521.01 1326.47
521.01 1327.00
521.00 1327.53
521.00 1328.06
520.99 1328.59
520.97 1329.12
520.94 1329.63
520.87 1330.14
520.77 1330.63
520.64 1331.10
520.48 1331.57
520.33 1332.04
520.20 1332.52
520.10 1333.01
520.05 1333.52
520.02 1334.04
520.01 1334.56
520.01 1335.09
520.00 1335.62
520.00 1336.15
519.99 1336.68
519.97 1337.20
519.93 1337.72
519.86 1338.22
519.75 1338.71
519.61 1339.18
519.45 1339.64
519.30 1340.11
519.18 1340.60
519.09 1341.09
519.04 1341.60
519.01 1342.12
518.99 1342.64
518.97 1343.17
518.93 1343.68
518.86 1344.19
518.75 1344.67
518.61 1345.14
518.46 1345.61
518.31 1346.08
518.18 1346.56
518.10 1347.06
518.04 1347.57
518.02 1348.09
518.00 1348.61
518.00 1349.14
517.99 1349.67
517.97 1350.19
517.93 1350.71
517.86 1351.21
517.75 1351.70
517.61 1352.17
517.46 1352.64
517.30 1353.10
517.17 1353.58
517.07 1354.07
516.99 1354.57
516.90 1355.06
516.79 1355.55
516.66 1356.02
516.50 1356.49
516.34 1356.96
516.21 1357.43
516.12 1357.93
516.06 1358.43
516.02 1358.95
516.01 1359.48
516.00 1360.00
516.00 1360.53
515.99 1361.06
515.99 1361.59
515.97 1362.12
515.94 1362.64
515.87 1363.14
515.77 1363.63
515.63 1364.10
515.47 1364.57
515.32 1365.04
515.19 1365.51
515.10 1366.01
515.05 1366.52
515.02 1367.04
515.01 1367.56
515.00 1368.09
515.00 1368.62
515.00 1369.15
514.99 1369.68
514.97 1370.20
514.93 1370.72
514.86 1371.22
514.75 1371.71
514.61 1372.18
514.45 1372.65
514.30 1373.12
514.18 1373.60
514.09 1374.09
514.03 1374.60
513.99 1375.11
513.94 1375.63
513.88 1376.13
513.77 1376.62
513.64 1377.09
513.48 1377.56
513.33 1378.03
513.20 1378.51
513.10 1379.00
513.04 1379.50
513.00 1380.02
512.95 1380.53
512.89 1381.04
512.79 1381.53
512.66 1382.00
512.51 1382.47
512.35 1382.94
512.22 1383.41
512.12 1383.90
512.05 1384.41
512.01 1384.92
511.96 1385.43
511.90 1385.94
511.81 1386.43
511.69 1386.91
511.54 1387.38
511.37 1387.85
511.21 1388.31
511.07 1388.78
510.92 1389.25
510.78 1389.72
510.62 1390.19
510.45 1390.65
510.30 1391.12
510.18 1391.60
510.09 1392.10
510.03 1392.61
509.99 1393.12
509.95 1393.63
509.88 1394.13
509.77 1394.62
509.64 1395.10
509.48 1395.57
509.33 1396.03
509.20 1396.51
509.11 1397.00
509.05 1397.51
509.02 1398.03
509.01 1398.56
509.00 1399.09
509.00 1399.62
509.00 1400.15
509.00 1400.68
509.00 1401.21
508.99 1401.74
508.97 1402.26
508.92 1402.77
508.85 1403.27
508.73 1403.76
508.59 1404.23
508.43 1404.70
508.29 1405.17
508.17 1405.65
508.08 1406.15
508.03 1406.65
507.99 1407.17
507.94 1407.68
507.87 1408.18
507.76 1408.67
507.62 1409.14
507.46 1409.61
507.31 1410.08
507.19 1410.56
507.10 1411.05
507.05 1411.56
507.02 1412.08
507.01 1412.61
507.00 1413.14
507.00 1413.67
507.00 1414.20
506.99 1414.73
506.97 1415.25
506.93 1415.76
506.85 1416.26
506.74 1416.75
506.60 1417.22
506.44 1417.69
506.29 1418.16
506.17 1418.64
506.08 1419.13
506.03 1419.64
505.99 1420.16
505.94 1420.67
505.87 1421.17
505.77 1421.66
505.63 1422.13
505.47 1422.60
505.32 1423.07
505.18 1423.54
505.08 1424.03
505.00 1424.53
504.91 1425.02
504.81 1425.51
504.67 1425.99
504.52 1426.46
504.36 1426.92
504.22 1427.40
504.11 1427.88
504.02 1428.38
503.94 1428.87
503.84 1429.36
503.71 1429.84
503.56 1430.31
503.40 1430.78
503.26 1431.25
503.15 1431.73
503.07 1432.23
503.03 1432.75
503.01 1433.27
502.99 1433.79
502.96 1434.32
502.92 1434.83
502.84 1435.32
502.72 1435.81
502.57 1436.28
502.41 1436.74
502.27 1437.21
502.15 1437.70
502.08 1438.20
502.03 1438.71
502.01 1439.23
501.99 1439.76
501.97 1440.28
501.92 1440.79
501.85 1441.29
501.73 1441.78
501.59 1442.25
501.43 1442.71
501.28 1443.18
501.16 1443.67
501.08 1444.16
501.04 1444.68
501.01 1445.20
501.00 1445.73
501.00 1446.25
500.99 1446.78
500.96 1447.30
500.92 1447.82
500.84 1448.31
500.72 1448.80
500.58 1449.27
500.42 1449.74
500.27 1450.21
500.16 1450.69
500.08 1451.19
500.03 1451.70
500.01 1452.22
499.99 1452.75
499.97 1453.27
499.92 1453.78
499.85 1454.28
499.73 1454.76
499.59 1455.24
499.43 1455.70
499.28 1456.17
499.16 1456.65
499.06 1457.14
498.98 1457.64
498.89 1458.13
498.78 1458.62
498.64 1459.09
498.48 1459.56
498.33 1460.03
498.20 1460.51
498.10 1461.00
498.04 1461.50
498.00 1462.02
497.95 1462.53
497.89 1463.04
497.79 1463.53
497.66 1464.00
497.51 1464.47
497.35 1464.94
497.22 1465.41
497.12 1465.90
497.05 1466.41
497.01 1466.92
496.96 1467.43
496.91 1467.94
496.82 1468.44
496.70 1468.92
496.54 1469.39
496.39 1469.85
496.25 1470.33
496.14 1470.81
496.06 1471.31
496.01 1471.82
495.97 1472.34
495.92 1472.85
495.84 1473.35
495.73 1473.83
495.58 1474.30
495.42 1474.77
495.27 1475.24
495.15 1475.72
495.07 1476.22
495.02 1476.73
494.98 1477.24
494.93 1477.75
494.86 1478.25
494.74 1478.74
494.59 1479.21
494.43 1479.67
494.28 1480.14
494.16 1480.62
494.06 1481.11
493.98 1481.61
493.90 1482.11
493.79 1482.59
493.65 1483.07
493.49 1483.53
493.34 1484.00
493.21 1484.48
493.11 1484.97
493.04 1485.47
493.00 1485.99
492.96 1486.50
492.90 1487.01
492.81 1487.50
492.68 1487.98
492.53 1488.45
492.37 1488.91
492.23 1489.39
492.13 1489.88
492.06 1490.38
492.02 1490.90
492.00 1491.42
491.99 1491.94
491.96 1492.46
491.90 1492.97
491.81 1493.46
491.68 1493.94
491.53 1494.41
491.38 1494.88
491.24 1495.35
491.13 1495.84
491.06 1496.34
491.03 1496.86
491.00 1497.38
490.99 1497.91
490.96 1498.42
490.90 1498.93
490.82 1499.43
490.69 1499.91
490.54 1500.38
490.38 1500.84
490.24 1501.32
490.14 1501.80
490.06 1502.31
490.01 1502.82
489.97 1503.33
489.92 1503.84
489.84 1504.34
489.72 1504.82
489.57 1505.29
489.41 1505.76
489.27 1506.23
489.15 1506.71
489.07 1507.21
489.02 1507.72
488.98 1508.23
488.93 1508.74
488.85 1509.24
488.74 1509.73
488.60 1510.20
488.44 1510.67
488.29 1511.14
488.17 1511.62
488.09 1512.12
488.04 1512.63
488.01 1513.15
487.99 1513.67
487.97 1514.19
487.93 1514.71
487.86 1515.21
487.75 1515.70
487.61 1516.17
487.45 1516.64
487.30 1517.10
487.18 1517.58
487.09 1518.08
487.03 1518.59
486.99 1519.10
486.95 1519.61
486.88 1520.12
486.77 1520.61
486.64 1521.08
486.48 1521.55
486.33 1522.02
486.20 1522.49
486.11 1522.99
486.05 1523.49
486.02 1524.01
486.00 1524.53
485.98 1525.06
485.94 1525.58
485.88 1526.08
485.78 1526.57
485.64 1527.05
485.49 1527.51
485.34 1527.98
485.20 1528.46
485.11 1528.95
485.05 1529.45
485.00 1529.97
484.96 1530.48
484.90 1530.99
484.81 1531.48
484.68 1531.96
484.53 1532.43
484.37 1532.89
484.23 1533.37
484.12 1533.85
484.03 1534.35
483.94 1534.84
483.84 1535.33
483.72 1535.81
483.57 1536.28
483.41 1536.75
483.26 1537.22
483.15 1537.70
483.07 1538.20
483.02 1538.71
482.98 1539.23
482.93 1539.74
482.85 1540.24
482.74 1540.72
482.60 1541.19
482.44 1541.66
482.29 1542.13
482.17 1542.61
482.09 1543.11
482.04 1543.62
482.01 1544.14
481.99 1544.66
481.97 1545.19
481.93 1545.70
481.86 1546.20
481.75 1546.69
481.61 1547.16
481.46 1547.63
481.31 1548.10
481.18 1548.58
481.09 1549.07
481.03 1549.58
480.99 1550.09
480.95 1550.61
480.88 1551.11
480.78 1551.60
480.64 1552.07
480.48 1552.54
480.32 1553.00
480.16 1553.47
480.02 1553.94
479.87 1554.41
479.72 1554.88
479.56 1555.35
479.40 1555.81
479.26 1556.28
479.14 1556.77
479.07 1557.27
479.03 1557.78
479.01 1558.31
478.99 1558.83
478.96 1559.35
478.91 1559.86
478.83 1560.36
478.71 1560.84
478.57 1561.31
478.41 1561.78
478.26 1562.25
478.14 1562.73
478.05 1563.22
477.96 1563.72
477.87 1564.21
477.75 1564.70
477.61 1565.17
477.45 1565.63
477.30 1566.10
477.18 1566.58
477.09 1567.08
477.03 1567.59
476.99 1568.10
476.95 1568.61
476.88 1569.12
476.77 1569.60
476.64 1570.08
476.48 1570.55
476.33 1571.01
476.20 1571.49
476.11 1571.98
476.04 1572.49
476.00 1573.00
475.96 1573.52
475.89 1574.02
475.80 1574.51
475.67 1574.99
475.51 1575.46
475.36 1575.93
475.22 1576.40
475.11 1576.88
475.02 1577.38
474.94 1577.88
474.84 1578.37
474.71 1578.85
474.56 1579.31
474.39 1579.78
474.23 1580.24
474.09 1580.71
473.95 1581.19
473.80 1581.66
473.64 1582.12
473.48 1582.59
473.32 1583.05
473.19 1583.53
473.08 1584.02
473.00 1584.51
472.91 1585.01
472.80 1585.50
472.67 1585.97
472.51 1586.44
472.36 1586.91
472.22 1587.38
472.13 1587.87
472.06 1588.38
472.02 1588.89
472.01 1589.42
472.00 1589.94
471.99 1590.47
471.98 1591.00
471.95 1591.52
471.89 1592.03
471.80 1592.52
471.66 1592.99
471.51 1593.46
471.35 1593.93
471.21 1594.40
471.10 1594.89
471.02 1595.38
470.94 1595.88
470.84 1596.37
470.71 1596.85
470.56 1597.32
470.40 1597.78
470.26 1598.26
470.15 1598.74
470.07 1599.24
470.02 1599.75
469.98 1600.27
469.93 1600.78
469.85 1601.28
469.74 1601.76
469.59 1602.23
469.44 1602.70
469.29 1603.17
469.16 1603.65
469.06 1604.14
468.98 1604.64
468.89 1605.13
468.78 1605.61
468.63 1606.09
468.48 1606.55
468.32 1607.02
468.20 1607.50
468.10 1607.99
468.04 1608.50
468.00 1609.01
467.95 1609.53
467.89 1610.03
467.79 1610.52
467.66 1611.00
467.51 1611.47
467.36 1611.94
467.22 1612.41
467.12 1612.90
467.05 1613.40
467.01 1613.92
466.96 1614.43
466.91 1614.94
466.82 1615.43
466.69 1615.91
466.54 1616.38
466.38 1616.85
466.24 1617.32
466.14 1617.81
466.07 1618.31
466.03 1618.82
466.01 1619.35
465.99 1619.87
465.96 1620.39
465.91 1620.90
465.83 1621.40
465.71 1621.88
465.56 1622.35
465.40 1622.82
465.25 1623.29
465.13 1623.77
465.04 1624.26
464.95 1624.76
464.86 1625.25
464.74 1625.73
464.58 1626.19
464.39 1626.65
464.18 1627.09
463.96 1627.53
463.71 1627.96
463.43 1628.38
463.13 1628.78
462.79 1629.17
462.43 1629.56
462.07 1629.94
461.69 1630.31
461.32 1630.69
460.94 1631.07
460.57 1631.44
460.21 1631.83
459.88 1632.22
459.60 1632.64
459.38 1633.08
459.22 1633.54
459.11 1634.03
459.05 1634.53
459.02 1635.05
459.00 1635.58
459.00 1636.11
458.99 1636.64
458.98 1637.16
458.93 1637.67
458.85 1638.17
458.71 1638.63
458.49 1639.05
458.20 1639.42
457.83 1639.73
457.41 1639.99
456.95 1640.21
456.49 1640.42
455.11 1647.01
455.19 1647.49
455.28 1647.95
455.37 1648.39
455.42 1648.81
455.42 1649.23
455.36 1649.65
455.27 1650.09
455.17 1650.56
455.09 1651.05
455.04 1651.55
455.01 1652.07
455.00 1652.60
455.00 1653.13
455.01 1653.66
455.01 1654.20
455.01 1654.73
455.01 1655.26
455.01 1655.79
455.00 1656.32
455.00 1656.85
455.00 1657.38
455.00 1657.91
454.99 1658.44
454.99 1658.97
454.99 1659.50
454.99 1660.04
455.00 1660.57
455.00 1661.10
455.00 1661.63
455.00 1662.16
455.00 1662.70
455.00 1663.23
455.00 1663.76
455.00 1664.29
454.99 1664.82
454.96 1665.34
454.91 1665.85
454.83 1666.35
454.71 1666.83
454.57 1667.30
454.41 1667.77
454.27 1668.24
454.15 1668.72
454.07 1669.22
454.02 1669.73
453.98 1670.24
453.93 1670.76
453.86 1671.26
453.75 1671.74
453.60 1672.21
453.45 1672.68
453.30 1673.15
453.17 1673.63
453.09 1674.13
453.04 1674.64
453.01 1675.16
453.00 1675.68
452.97 1676.20
452.93 1676.72
452.85 1677.22
452.74 1677.70
452.59 1678.17
452.41 1678.63
452.20 1679.07
451.99 1679.52
451.78 1679.96
451.58 1680.41
451.40 1680.87
451.25 1681.34
451.14 1681.82
451.07 1682.32
451.03 1682.84
451.01 1683.36
451.00 1683.89
451.00 1684.42
451.00 1684.95
451.00 1685.48
451.00 1686.02
451.00 1686.55
451.00 1687.08
451.00 1687.61
451.00 1688.14
450.99 1688.67
450.99 1689.20
450.98 1689.72
450.96 1690.24
450.91 1690.74
450.81 1691.21
450.63 1691.63
450.39 1692.01
450.07 1692.35
449.69 1692.67
449.29 1692.98
448.88 1693.29
448.48 1693.63
448.10 1693.99
447.76 1694.37
447.46 1694.77
447.20 1695.19
446.96 1695.62
446.74 1696.07
446.54 1696.51
446.37 1696.97
446.22 1697.44
446.12 1697.93
446.05 1698.44
446.02 1698.96
446.00 1699.48
445.98 1700.00
445.95 1700.52
445.89 1701.03
445.79 1701.52
445.66 1702.00
445.51 1702.46
445.34 1702.93
445.19 1703.39
445.04 1703.86
444.90 1704.34
444.75 1704.81
444.59 1705.27
444.43 1705.73
444.28 1706.20
444.16 1706.69
444.08 1707.19
444.04 1707.70
444.01 1708.22
443.99 1708.74
443.97 1709.26
443.93 1709.78
443.85 1710.28
443.74 1710.76
443.60 1711.24
443.44 1711.70
443.29 1712.17
443.17 1712.65
443.08 1713.15
443.04 1713.66
443.02 1714.18
443.01 1714.71
443.00 1715.24
442.99 1715.77
442.97 1716.29
442.92 1716.80
442.84 1717.30
442.73 1717.78
442.58 1718.25
442.42 1718.72
442.26 1719.18
442.11 1719.65
441.96 1720.13
441.82 1720.60
441.66 1721.06
441.49 1721.52
441.33 1721.99
441.17 1722.45
441.02 1722.92
440.87 1723.39
440.68 1723.85
440.46 1724.29
440.20 1724.71
439.92 1725.13
439.65 1725.55
439.42 1725.98
439.24 1726.44
439.12 1726.92
439.05 1727.42
439.00 1727.93
438.96 1728.45
438.90 1728.95
438.79 1729.44
438.63 1729.90
438.41 1730.34
438.15 1730.77
437.87 1731.18
437.61 1731.61
437.39 1732.05
437.22 1732.51
437.09 1732.99
437.00 1733.48
436.92 1733.98
436.81 1734.47
436.68 1734.94
436.53 1735.41
436.36 1735.87
436.20 1736.34
436.06 1736.81
435.92 1737.28
435.77 1737.75
435.61 1738.22
435.45 1738.68
435.30 1739.15
435.17 1739.63
435.09 1740.13
435.04 1740.64
435.01 1741.16
435.00 1741.68
434.97 1742.21
434.93 1742.72
434.86 1743.22
434.75 1743.71
434.61 1744.18
434.46 1744.65
434.30 1745.12
434.17 1745.59
434.07 1746.08
433.99 1746.58
433.90 1747.08
433.79 1747.56
433.65 1748.04
433.49 1748.50
433.33 1748.96
433.17 1749.43
433.03 1749.90
432.87 1750.37
432.69 1750.83
432.47 1751.27
432.21 1751.69
431.93 1752.10
431.66 1752.52
431.42 1752.96
431.25 1753.42
431.13 1753.90
431.06 1754.40
431.02 1754.92
431.00 1755.44
430.98 1755.96
430.95 1756.48
430.90 1756.99
430.80 1757.48
430.67 1757.96
430.51 1758.43
430.35 1758.89
430.19 1759.36
430.05 1759.83
429.91 1760.30
429.76 1760.77
429.61 1761.24
429.44 1761.70
429.29 1762.17
429.16 1762.65
429.06 1763.14
428.98 1763.64
428.89 1764.13
428.78 1764.61
428.63 1765.09
428.47 1765.55
428.31 1766.02
428.16 1766.48
428.01 1766.96
427.87 1767.43
427.72 1767.90
427.56 1768.36
427.40 1768.83
427.25 1769.30
427.13 1769.78
427.04 1770.27
426.95 1770.77
426.86 1771.26
426.74 1771.74
426.59 1772.21
426.43 1772.68
426.27 1773.14
426.12 1773.61
425.98 1774.08
425.83 1774.56
425.68 1775.02
425.52 1775.49
425.36 1775.95
425.22 1776.43
425.10 1776.91
425.02 1777.41
424.93 1777.90
424.83 1778.39
424.71 1778.87
424.56 1779.34
424.40 1779.81
424.25 1780.28
424.14 1780.76
424.07 1781.26
424.02 1781.77
423.98 1782.29
423.93 1782.80
423.85 1783.30
423.73 1783.78
423.59 1784.25
423.43 1784.72
423.28 1785.19
423.16 1785.67
423.06 1786.16
422.97 1786.66
422.89 1787.15
422.77 1787.64
422.63 1788.11
422.48 1788.58
422.32 1789.04
422.19 1789.52
422.08 1790.01
422.00 1790.50
421.91 1791.00
421.80 1791.49
421.66 1791.96
421.49 1792.42
421.29 1792.87
421.08 1793.31
420.87 1793.76
420.67 1794.20
420.47 1794.65
420.29 1795.11
420.13 1795.58
419.99 1796.05
419.84 1796.52
419.67 1796.98
419.49 1797.44
419.29 1797.88
419.08 1798.33
418.87 1798.77
418.66 1799.22
418.46 1799.67
418.29 1800.13
418.13 1800.59
417.98 1801.06
417.84 1801.53
417.68 1802.00
417.51 1802.46
417.35 1802.92
417.19 1803.39
417.04 1803.86
416.90 1804.33
416.74 1804.80
416.57 1805.26
416.37 1805.71
416.16 1806.16
415.95 1806.60
415.74 1807.04
415.55 1807.49
415.37 1807.95
415.23 1808.42
415.12 1808.91
415.05 1809.41
415.01 1809.93
414.96 1810.44
414.91 1810.95
414.82 1811.44
414.69 1811.92
414.54 1812.39
414.39 1812.86
414.24 1813.33
414.14 1813.82
414.07 1814.32
414.03 1814.83
414.01 1815.36
413.99 1815.88
413.96 1816.40
413.91 1816.91
413.82 1817.41
413.70 1817.89
413.55 1818.36
413.38 1818.82
413.22 1819.28
413.07 1819.75
412.93 1820.23
412.78 1820.70
412.62 1821.16
412.45 1821.62
412.29 1822.09
412.14 1822.55
411.99 1823.03
411.85 1823.50
411.70 1823.97
411.54 1824.43
411.38 1824.90
411.24 1825.37
411.13 1825.86
411.06 1826.36
411.01 1826.87
410.97 1827.39
410.91 1827.89
410.83 1828.39
410.71 1828.87
410.56 1829.34
410.39 1829.80
410.23 1830.27
410.08 1830.74
409.93 1831.21
409.76 1831.67
409.56 1832.11
409.30 1832.54
409.00 1832.94
408.65 1833.33
408.27 1833.70
407.87 1834.05
407.46 1834.38
407.03 1834.68
406.57 1834.94
406.10 1835.17
405.62 1835.38
405.18 1835.61
404.80 1835.86
404.50 1836.17
404.28 1836.54
404.14 1836.97
404.06 1837.44
404.03 1837.94
404.02 1838.46
404.02 1838.98
404.05 1839.50
404.11 1840.01
404.20 1840.50
404.33 1840.98
404.48 1841.45
404.64 1841.91
404.77 1842.39
404.86 1842.87
404.90 1843.37
404.89 1843.86
404.82 1844.35
404.71 1844.83
404.56 1845.30
404.40 1845.77
404.26 1846.24
404.15 1846.72
404.07 1847.22
404.02 1847.73
403.98 1848.25
403.93 1848.76
403.86 1849.26
403.75 1849.75
403.60 1850.22
403.45 1850.69
403.29 1851.15
403.17 1851.63
403.09 1852.13
403.04 1852.64
403.02 1853.16
403.01 1853.69
403.01 1854.22
403.01 1854.75
403.00 1855.28
403.00 1855.81
402.99 1856.34
402.99 1856.87
402.99 1857.40
403.00 1857.94
403.00 1858.47
403.01 1859.01
403.01 1859.54
403.01 1860.07
403.01 1860.60
403.00 1861.13
403.00 1861.66
402.99 1862.19
402.99 1862.72
402.99 1863.25
402.98 1863.77
402.96 1864.29
402.90 1864.79
402.79 1865.25
402.61 1865.67
402.36 1866.04
402.03 1866.38
401.65 1866.69
401.25 1867.01
400.84 1867.32
400.45 1867.66
400.08 1868.03
399.75 1868.42
399.48 1868.83
399.27 1869.27
399.09 1869.73
398.94 1870.20
398.79 1870.67
398.62 1871.13
398.43 1871.58
398.23 1872.03
398.02 1872.47
397.81 1872.92
397.60 1873.37
397.42 1873.82
397.26 1874.29
397.14 1874.77
397.04 1875.26
396.96 1875.76
396.86 1876.25
396.74 1876.73
396.60 1877.20
396.44 1877.66
396.29 1878.13
396.17 1878.62
396.09 1879.11
396.03 1879.62
395.99 1880.14
395.94 1880.65
395.87 1881.15
395.77 1881.64
395.63 1882.11
395.47 1882.58
395.32 1883.05
395.19 1883.53
395.10 1884.02
395.04 1884.53
395.00 1885.04
394.95 1885.55
394.89 1886.06
394.79 1886.55
394.66 1887.02
394.50 1887.49
394.33 1887.95
394.18 1888.42
394.03 1888.89
393.89 1889.36
393.74 1889.83
393.58 1890.30
393.42 1890.76
393.27 1891.23
393.15 1891.71
393.05 1892.20
392.97 1892.70
392.88 1893.20
392.76 1893.68
392.62 1894.15
392.46 1894.62
392.31 1895.08
392.18 1895.56
392.09 1896.06
392.03 1896.57
391.99 1897.08
391.95 1897.59
391.88 1898.10
391.78 1898.59
391.65 1899.06
391.49 1899.53
391.34 1900.00
391.21 1900.47
391.11 1900.96
391.04 1901.47
391.00 1901.98
390.96 1902.50
390.90 1903.00
390.80 1903.49
390.67 1903.97
390.51 1904.44
390.35 1904.90
390.19 1905.37
390.05 1905.84
389.91 1906.31
389.76 1906.78
389.60 1907.25
389.44 1907.71
389.28 1908.18
389.16 1908.66
389.06 1909.15
388.98 1909.65
388.89 1910.14
388.78 1910.63
388.64 1911.10
388.48 1911.57
388.33 1912.04
388.20 1912.51
388.10 1913.00
388.05 1913.51
388.02 1914.03
388.01 1914.56
388.00 1915.09
387.99 1915.62
387.98 1916.14
387.94 1916.66
387.87 1917.16
387.77 1917.65
387.64 1918.13
387.48 1918.59
387.33 1919.06
387.19 1919.54
387.10 1920.03
387.04 1920.54
387.01 1921.06
387.01 1921.59
387.01 1922.12
387.01 1922.65
387.01 1923.18
387.00 1923.71
387.00 1924.24
386.99 1924.77
386.99 1925.30
386.98 1925.83
386.96 1926.35
386.91 1926.86
386.83 1927.36
386.72 1927.84
386.57 1928.31
386.41 1928.78
386.26 1929.25
386.15 1929.73
386.07 1930.23
386.03 1930.75
386.01 1931.27
385.99 1931.79
385.97 1932.31
385.92 1932.82
385.84 1933.32
385.72 1933.81
385.58 1934.28
385.42 1934.74
385.27 1935.21
385.16 1935.70
385.08 1936.20
385.04 1936.71
385.01 1937.23
385.00 1937.76
385.00 1938.29
384.99 1938.82
384.96 1939.34
384.92 1939.85
384.84 1940.35
384.72 1940.83
384.57 1941.30
384.42 1941.77
384.27 1942.24
384.15 1942.72
384.08 1943.22
384.03 1943.74
384.01 1944.26
384.01 1944.79
384.00 1945.32
384.00 1945.85
384.00 1946.38
384.00 1946.91
383.99 1947.44
383.98 1947.96
383.95 1948.48
383.90 1948.99
383.81 1949.49
383.68 1949.97
383.53 1950.43
383.37 1950.90
383.23 1951.37
383.13 1951.86
383.06 1952.36
383.01 1952.88
382.97 1953.39
382.91 1953.90
382.83 1954.40
382.71 1954.88
382.56 1955.35
382.40 1955.81
382.26 1956.28
382.15 1956.77
382.07 1957.27
382.03 1957.78
382.01 1958.31
381.99 1958.83
381.96 1959.35
381.92 1959.86
381.83 1960.36
381.71 1960.84
381.57 1961.31
381.41 1961.78
381.26 1962.25
381.14 1962.73
381.05 1963.22
380.96 1963.72
380.87 1964.21
380.75 1964.69
380.61 1965.17
380.45 1965.63
380.30 1966.10
380.18 1966.58
380.09 1967.08
380.04 1967.59
380.01 1968.11
379.99 1968.63
379.97 1969.16
379.94 1969.67
379.86 1970.17
379.76 1970.66
379.61 1971.13
379.46 1971.60
379.31 1972.07
379.19 1972.55
379.10 1973.04
379.04 1973.55
379.02 1974.07
379.00 1974.60
378.99 1975.13
378.99 1975.66
378.97 1976.18
378.93 1976.70
378.86 1977.20
378.75 1977.68
378.61 1978.15
378.46 1978.62
378.32 1979.08
378.23 1979.55
378.20 1980.03
378.24 1980.50
378.34 1980.97
378.48 1981.43
378.63 1981.90
378.76 1982.37
378.86 1982.85
378.90 1983.35
378.89 1983.84
378.83 1984.33
378.72 1984.82
378.58 1985.29
378.42 1985.75
378.28 1986.22
378.16 1986.70
378.08 1987.20
378.03 1987.72
378.01 1988.24
377.99 1988.76
377.97 1989.28
377.92 1989.80
377.85 1990.30
377.73 1990.78
377.59 1991.25
377.43 1991.72
377.28 1992.19
377.16 1992.67
377.06 1993.16
376.97 1993.66
376.88 1994.15
376.77 1994.63
376.63 1995.10
376.47 1995.57
376.32 1996.04
376.19 1996.52
376.10 1997.01
376.04 1997.52
376.01 1998.04
376.00 1998.56
375.98 1999.09
375.94 1999.60
375.88 2000.11
375.77 2000.60
375.64 2001.07
375.48 2001.54
375.33 2002.01
375.20 2002.48
375.11 2002.98
375.05 2003.49
375.02 2004.00
375.01 2004.53
375.00 2005.06
375.00 2005.59
375.00 2006.12
375.00 2006.66
375.00 2007.19
375.00 2007.72
375.00 2008.25
375.00 2008.78
375.00 2009.31
375.01 2009.84
375.01 2010.37
375.00 2010.90
375.01 2011.43
375.02 2011.96
375.04 2012.48
375.10 2012.99
375.19 2013.48
375.32 2013.96
375.47 2014.43
375.63 2014.89
375.77 2015.37
375.89 2015.85
375.98 2016.35
376.06 2016.84
376.18 2017.32
376.35 2017.78
376.60 2018.20
376.93 2018.57
680.98 140.94
680.99 141.47
680.99 141.99
680.99 142.52
680.99 143.05
681.00 143.58
681.00 144.11
681.01 144.64
681.01 145.17
681.01 145.70
681.01 146.23
681.00 146.76
681.00 147.29
681.00 147.83
681.00 148.36
680.99 148.89
680.99 149.42
681.00 149.95
681.00 150.48
681.00 151.01
681.00 151.54
681.00 152.07
681.00 152.60
681.00 153.13
681.00 153.66
681.00 154.19
681.00 154.72
681.00 155.25
681.00 155.78
681.00 156.31
681.00 156.84
681.00 157.37
681.00 157.90
681.01 158.43
681.02 158.95
681.05 159.47
681.10 159.98
681.19 160.47
681.31 160.95
681.46 161.42
681.62 161.89
681.76 162.36
681.87 162.84
681.94 163.35
681.97 163.86
681.99 164.39
681.99 164.92
681.99 165.45
682.00 165.97
682.00 166.50
682.00 167.03
682.01 167.56
682.01 168.09
682.00 168.62
682.00 169.16
682.00 169.69
682.00 170.22
681.99 170.75
682.00 171.28
682.00 171.81
682.00 172.34
682.00 172.87
682.00 173.40
682.00 173.93
682.00 174.46
682.00 174.99
682.01 175.52
682.02 176.04
682.05 176.56
682.11 177.06
682.20 177.56
682.33 178.03
682.49 178.50
682.65 178.96
682.79 179.44
682.89 179.92
682.96 180.43
682.99 180.94
683.00 181.47
683.00 182.00
682.99 182.53
682.98 183.07
682.98 183.60
682.98 184.13
682.99 184.66
682.99 185.18
683.00 185.71
683.00 186.24
683.00 186.77
683.01 187.30
683.01 187.83
683.01 188.36
683.01 188.89
683.01 189.42
683.01 189.95
683.01 190.48
683.01 191.01
683.00 191.54
683.00 192.08
683.00 192.61
683.00 193.14
683.00 193.67
683.00 194.20
683.00 194.73
682.99 195.26
682.99 195.79
682.99 196.32
682.99 196.85
683.00 197.38
683.00 197.91
683.00 198.44
683.00 198.97
683.00 199.50
683.00 200.03
683.00 200.56
683.01 201.09
683.01 201.62
683.03 202.14
683.06 202.66
683.13 203.16
683.23 203.65
683.36 204.12
683.52 204.59
683.67 205.06
683.81 205.53
683.91 206.02
683.96 206.53
683.99 207.05
684.00 207.57
683.99 208.11
683.99 208.64
683.98 209.17
683.99 209.70
683.99 210.23
684.00 210.76
684.00 211.28
684.01 211.81
684.01 212.34
684.01 212.87
684.01 213.40
684.01 213.93
684.01 214.46
684.00 215.00
684.00 215.53
684.00 216.06
684.00 216.59
684.00 217.12
684.00 217.65
684.00 218.18
684.00 218.71
684.00 219.24
684.00 219.77
684.00 220.30
684.00 220.83
684.00 221.36
684.00 221.89
684.00 222.42
684.00 222.95
684.00 223.48
684.00 224.01
684.00 224.54
684.00 225.07
684.00 225.60
684.00 226.13
684.00 226.66
684.00 227.19
684.00 227.73
684.00 228.26
684.00 228.79
684.00 229.32
684.00 229.85
684.00 230.38
684.00 230.91
684.00 231.44
684.00 231.97
684.00 232.50
684.00 233.03
684.00 233.56
684.00 234.09
684.00 234.62
684.00 235.15
684.00 235.68
684.00 236.21
684.01 236.74
684.03 237.26
684.08 237.77
684.15 238.27
684.26 238.75
684.41 239.23
684.56 239.69
684.71 240.16
684.83 240.64
684.91 241.14
684.96 241.65
684.98 242.17
684.99 242.69
685.00 243.22
685.00 243.75
685.00 244.28
685.00 244.81
685.00 245.34
685.00 245.88
685.00 246.41
685.00 246.94
685.00 247.47
685.00 248.00
685.01 248.52
685.01 249.05
685.01 249.58
685.02 250.11
685.06 250.62
685.12 251.13
685.23 251.61
685.37 252.09
685.53 252.55
685.68 253.02
685.80 253.50
685.90 253.99
685.95 254.50
685.98 255.02
685.99 255.54
686.00 256.07
686.00 256.60
686.00 257.13
686.00 257.66
686.00 258.19
686.00 258.72
686.00 259.25
686.00 259.78
686.00 260.31
686.00 260.84
686.00 261.37
686.00 261.90
686.00 262.43
686.00 262.96
686.00 263.49
686.00 264.02
686.00 264.55
686.00 265.08
686.00 265.61
686.00 266.14
686.00 266.67
686.00 267.20
686.00 267.73
686.00 268.26
686.00 268.79
686.00 269.32
686.00 269.86
686.00 270.39
686.00 270.92
686.00 271.45
686.00 271.98
686.00 272.51
686.00 273.04
686.00 273.57
685.99 274.10
685.99 274.63
685.99 275.16
685.99 275.69
685.99 276.22
686.00 276.75
686.00 277.28
686.01 277.81
686.01 278.34
686.01 278.87
686.01 279.40
686.02 279.93
686.04 280.45
686.10 280.96
686.19 281.45
686.32 281.92
686.47 282.39
686.63 282.86
686.77 283.33
686.87 283.82
686.94 284.32
686.97 284.83
686.99 285.36
687.00 285.89
687.00 286.41
687.00 286.94
687.00 287.47
687.00 288.01
687.00 288.54
687.00 289.07
687.00 289.60
687.00 290.13
687.00 290.66
687.00 291.19
687.00 291.72
687.00 292.25
687.00 292.78
687.00 293.31
687.00 293.84
687.00 294.37
687.00 294.90
687.00 295.43
687.00 295.96
687.01 296.49
687.02 297.01
687.05 297.53
687.11 298.04
687.20 298.53
687.33 299.00
687.49 299.47
687.64 299.94
687.78 300.41
687.88 300.90
687.95 301.40
687.98 301.92
687.99 302.44
688.00 302.97
688.00 303.50
687.99 304.03
687.99 304.57
687.99 305.10
687.99 305.63
687.99 306.16
688.00 306.69
688.00 307.22
688.00 307.75
688.00 308.28
688.00 308.81
688.00 309.34
688.00 309.87
688.00 310.40
688.00 310.93
688.00 311.46
688.00 311.99
688.00 312.52
688.00 313.05
688.00 313.58
688.00 314.11
688.00 314.64
688.00 315.17
688.00 315.70
688.00 316.23
688.00 316.76
688.00 317.29
688.00 317.82
688.00 318.35
688.00 318.88
688.00 319.41
688.00 319.94
688.00 320.47
688.00 321.00
688.00 321.53
688.00 322.06
688.00 322.59
688.00 323.13
688.00 323.66
688.00 324.19
688.00 324.72
688.00 325.25
688.00 325.78
688.00 326.31
688.00 326.84
688.00 327.37
688.00 327.90
688.00 328.43
688.00 328.96
688.00 329.49
688.00 330.02
688.00 330.55
688.00 331.08
688.00 331.61
688.00 332.14
688.00 332.67
688.00 333.20
688.00 333.73
688.00 334.26
688.00 334.79
688.00 335.32
688.00 335.85
688.00 336.38
688.00 336.91
688.01 337.44
688.02 337.97
688.05 338.48
688.10 338.99
688.19 339.48
688.32 339.96
688.47 340.43
688.63 340.90
688.77 341.37
688.87 341.86
688.94 342.36
688.97 342.87
688.98 343.40
688.98 343.92
688.96 344.44
688.90 344.95
688.81 345.44
688.68 345.92
688.53 346.38
688.38 346.85
688.24 347.32
688.13 347.81
688.07 348.31
688.03 348.83
688.01 349.35
688.00 349.88
688.00 350.41
688.00 350.94
688.00 351.47
688.00 352.00
688.00 352.53
688.00 353.06
688.00 353.59
688.00 354.12
688.00 354.65
688.00 355.18
688.00 355.71
688.00 356.24
688.00 356.77
688.00 357.30
688.00 357.83
688.00 358.36
688.00 358.89
688.00 359.42
688.00 359.95
688.00 360.48
688.00 361.01
688.00 361.54
688.00 362.07
688.00 362.60
688.00 363.13
688.00 363.66
688.00 364.19
688.00 364.73
688.00 365.26
688.00 365.79
688.00 366.32
688.00 366.85
688.00 367.38
688.00 367.91
688.00 368.44
688.00 368.97
688.00 369.50
688.00 370.03
688.00 370.56
688.00 371.09
688.00 371.62
688.00 372.15
688.00 372.68
688.00 373.21
688.00 373.74
688.00 374.27
688.00 374.80
688.00 375.33
688.00 375.86
688.00 376.39
688.00 376.92
688.00 377.45
688.00 377.98
688.00 378.51
688.00 379.05
688.00 379.58
688.00 380.11
688.00 380.64
688.00 381.17
688.00 381.70
688.00 382.23
687.99 382.75
687.97 383.27
687.92 383.79
687.85 384.28
687.73 384.77
687.59 385.24
687.43 385.70
687.28 386.17
687.17 386.65
687.09 387.15
687.04 387.66
687.01 388.18
687.00 388.71
687.00 389.24
686.99 389.76
686.97 390.28
686.92 390.80
686.85 391.29
686.73 391.78
686.59 392.25
686.43 392.71
686.28 393.18
686.16 393.66
686.08 394.16
686.04 394.67
686.02 395.19
686.01 395.72
686.01 396.25
686.02 396.77
686.03 397.29
686.08 397.81
686.15 398.30
686.26 398.78
686.40 399.25
686.52 399.70
686.61 400.14
686.65 400.58
686.63 401.01
686.59 401.43
686.56 401.84
686.58 402.25
686.64 402.67
686.73 403.11
686.83 403.57
686.90 404.06
686.95 404.57
686.98 405.09
686.98 405.61
686.97 406.13
686.94 406.65
686.87 407.15
686.77 407.64
686.63 408.11
686.47 408.58
686.32 409.05
686.19 409.52
686.10 410.01
686.04 411.03
686.12 412.05
686.21 412.54
686.34 413.01
686.50 413.48
686.65 413.94
686.78 414.42
686.88 414.91
686.94 415.41
686.98 415.93
686.99 416.46
687.00 416.99
687.00 417.52
687.00 418.05
687.00 418.57
687.00 419.10
687.00 419.63
687.00 420.16
686.99 420.69
686.99 421.22
686.99 421.75
686.99 422.28
686.99 422.81
686.97 423.33
686.92 423.84
686.84 424.34
686.72 424.82
686.57 425.29
686.41 425.75
686.27 426.22
686.15 426.71
686.08 427.21
686.03 427.72
686.01 428.24
686.00 428.77
686.00 429.30
686.00 429.83
686.00 430.36
686.00 430.89
686.00 431.42
686.00 431.95
686.00 432.48
686.00 433.01
686.00 433.54
686.00 434.07
686.00 434.60
686.00 435.13
686.00 435.66
686.00 436.19
686.00 436.72
686.00 437.25
686.00 437.78
686.00 438.31
686.00 438.84
686.00 439.37
686.00 439.90
686.00 440.43
686.00 440.97
686.00 441.50
686.00 442.03
686.00 442.56
686.00 443.09
686.00 443.62
686.00 444.15
686.00 444.68
686.00 445.21
686.00 445.74
686.00 446.27
686.00 446.80
686.01 447.33
686.02 447.85
686.04 448.37
686.09 448.88
686.17 449.38
686.29 449.86
686.44 450.33
686.59 450.80
686.74 451.27
686.85 451.75
686.93 452.25
686.97 452.76
686.99 453.29
686.99 453.81
687.00 454.34
687.00 454.87
687.00 455.40
687.00 455.93
687.00 456.46
687.00 456.99
687.00 457.52
687.00 458.05
687.00 458.58
687.00 459.11
687.00 459.64
687.00 460.17
687.00 460.70
687.00 461.23
687.00 461.76
687.00 462.29
687.00 462.82
686.99 463.35
686.98 463.88
686.96 464.40
686.91 464.91
686.82 465.40
686.70 465.88
686.55 466.35
686.39 466.82
686.25 467.29
686.14 467.77
686.07 468.28
686.03 468.79
686.01 469.31
686.00 469.84
686.00 470.37
686.00 470.90
686.01 471.42
686.02 471.95
686.05 472.47
686.10 472.98
686.19 473.47
686.32 473.95
686.47 474.41
686.63 474.88
686.77 475.35
686.87 475.84
686.94 476.34
686.98 476.86
686.99 477.38
687.00 477.91
687.00 478.44
686.99 478.97
686.99 479.50
686.99 480.03
686.99 480.56
686.98 481.08
686.95 481.60
686.88 482.10
686.78 482.59
686.64 483.06
686.49 483.53
686.33 484.00
686.20 484.47
686.11 484.96
686.05 485.47
686.02 485.99
686.01 486.51
686.01 487.04
686.00 487.57
686.00 488.10
685.99 488.63
685.99 489.16
685.99 489.69
685.97 490.21
685.93 490.72
685.86 491.22
685.75 491.71
685.60 492.18
685.44 492.64
685.29 493.11
685.17 493.59
685.09 494.09
685.04 494.60
685.02 495.12
685.01 495.64
685.00 496.17
685.00 496.70
685.00 497.23
685.00 497.76
685.00 498.29
685.00 498.82
685.00 499.35
685.00 499.89
685.00 500.42
685.00 500.95
685.00 501.48
685.00 502.01
685.00 502.54
685.00 503.07
685.00 503.60
685.00 504.13
685.00 504.66
685.00 505.19
685.00 505.72
685.00 506.25
685.00 506.78
685.00 507.31
685.00 507.84
685.00 508.37
685.00 508.90
685.00 509.43
685.00 509.96
685.00 510.49
685.00 511.02
685.00 511.55
685.00 512.08
685.00 512.61
685.00 513.14
685.00 513.67
685.00 514.20
685.00 514.73
685.00 515.26
685.00 515.79
685.00 516.33
685.00 516.86
685.00 517.39
685.00 517.92
685.00 518.45
685.00 518.98
685.00 519.51
685.00 520.04
685.00 520.57
685.00 521.10
685.00 521.63
685.00 522.16
685.00 522.69
685.00 523.22
685.00 523.75
685.00 524.28
685.00 524.81
685.00 525.34
685.00 525.87
685.00 526.40
685.00 526.93
685.00 527.46
685.00 527.99
685.00 528.53
685.00 529.06
685.00 529.59
685.00 530.12
685.00 530.65
685.00 531.18
685.00 531.71
685.00 532.24
685.00 532.77
685.00 533.30
685.00 533.83
685.00 534.36
685.00 534.89
685.00 535.42
685.00 535.95
685.00 536.48
685.00 537.01
685.00 537.54
685.00 538.07
685.00 538.60
685.00 539.13
685.00 539.66
685.00 540.19
685.00 540.72
685.00 541.25
685.00 541.78
685.00 542.31
685.00 542.84
684.99 543.37
684.99 543.90
684.99 544.43
684.99 544.96
684.99 545.49
684.99 546.02
684.99 546.55
684.99 547.08
684.99 547.61
685.00 548.15
685.00 548.68
685.00 549.21
685.01 549.74
685.01 550.27
685.00 550.80
684.98 551.32
684.93 551.83
684.84 552.32
684.72 552.80
684.57 553.27
684.41 553.74
684.27 554.21
684.15 554.69
684.08 555.19
684.04 555.70
684.01 556.23
684.01 556.75
684.00 557.28
684.00 557.81
684.00 558.34
684.00 558.87
683.99 559.40
683.99 559.93
684.00 560.46
684.00 560.99
684.00 561.52
684.00 562.05
684.00 562.59
684.01 563.12
684.01 563.65
684.01 564.18
684.01 564.71
684.00 565.24
684.00 565.77
683.99 566.29
683.99 566.82
683.99 567.35
683.99 567.88
683.99 568.41
683.98 568.94
683.96 569.46
683.90 569.97
683.81 570.46
683.68 570.94
683.52 571.40
683.37 571.87
683.23 572.34
683.13 572.83
683.06 573.33
683.03 573.85
683.01 574.37
683.00 574.90
683.00 575.43
683.00 575.96
683.00 576.49
683.00 577.02
683.00 577.55
683.00 578.08
683.00 578.61
683.00 579.14
683.00 579.67
683.00 580.20
683.00 580.73
683.00 581.26
683.00 581.79
683.00 582.32
683.00 582.85
683.00 583.38
683.00 583.91
683.00 584.44
683.00 584.97
682.99 585.50
682.98 586.03
682.95 586.54
682.89 587.05
682.80 587.54
682.67 588.02
682.51 588.49
682.36 588.95
682.22 589.42
682.12 589.91
682.05 590.42
682.02 590.93
682.01 591.46
682.01 591.99
682.01 592.52
682.01 593.05
682.00 593.58
682.00 594.10
681.99 594.63
681.99 595.17
681.99 595.70
682.00 596.23
682.00 596.76
682.00 597.29
682.00 597.82
682.01 598.35
682.01 598.88
682.01 599.41
682.00 599.94
682.00 600.47
682.00 601.00
681.99 601.53
681.99 602.06
681.99 602.59
682.00 603.12
682.00 603.65
682.01 604.18
682.01 604.71
682.01 605.24
682.02 605.77
682.03 606.29
682.08 606.80
682.15 607.30
682.27 607.78
682.40 608.24
682.53 608.69
682.62 609.14
682.64 609.59
682.59 610.03
682.48 610.48
682.34 610.93
682.22 611.40
682.12 611.89
682.06 612.39
682.02 612.91
682.01 613.44
682.01 613.97
682.01 614.50
682.01 615.03
682.00 615.55
682.00 616.08
682.00 616.61
682.00 617.14
681.99 617.67
681.99 618.20
682.00 618.73
682.00 619.26
682.00 619.80
682.00 620.33
682.00 620.86
682.00 621.39
682.00 621.92
682.00 622.45
682.00 622.98
682.00 623.51
682.00 624.04
682.00 624.57
682.00 625.10
682.00 625.63
682.00 626.16
682.00 626.69
682.00 627.22
682.00 627.75
682.00 628.28
682.00 628.81
682.00 629.34
682.00 629.87
682.00 630.40
682.00 630.93
682.00 631.46
682.00 631.99
682.00 632.52
682.00 633.05
682.00 633.59
682.00 634.12
682.00 634.65
682.01 635.18
681.95 641.52
681.89 642.03
681.80 642.52
681.66 642.99
681.51 643.46
681.35 643.92
681.22 644.40
681.12 644.89
681.06 645.39
681.02 645.91
681.01 646.43
681.00 646.96
681.00 647.49
681.00 648.02
680.99 648.55
680.98 649.07
680.94 649.59
680.88 650.09
680.78 650.58
680.64 651.06
680.49 651.52
680.32 651.98
680.17 652.45
680.02 652.92
679.88 653.39
679.73 653.86
679.57 654.32
679.41 654.79
679.26 655.26
679.15 655.74
679.08 656.24
679.04 656.75
679.02 657.28
679.01 657.80
679.01 658.33
679.00 658.86
679.00 659.39
678.99 659.92
678.99 660.45
678.99 660.98
678.99 661.51
678.98 662.04
678.95 662.55
678.89 663.06
678.79 663.55
678.66 664.02
678.50 664.49
678.35 664.95
678.21 665.43
678.11 665.92
678.05 666.42
678.02 666.94
678.01 667.47
678.01 668.00
678.01 668.53
678.01 669.06
678.00 669.58
677.99 670.11
677.99 670.64
677.99 671.17
677.99 671.70
677.99 672.23
677.99 672.76
677.97 673.29
677.93 673.80
677.85 674.29
677.72 674.77
677.57 675.24
677.42 675.71
677.27 676.18
677.16 676.66
677.09 677.16
677.05 677.67
677.04 678.18
677.07 678.69
677.14 679.19
677.24 679.68
677.38 680.15
677.54 680.61
677.69 681.08
677.81 681.56
677.90 682.06
677.95 682.56
677.98 683.08
677.99 683.61
678.00 684.14
678.00 684.67
678.00 685.20
678.00 685.73
678.00 686.26
678.00 686.79
678.00 687.32
678.00 687.85
678.00 688.38
678.00 688.91
678.00 689.44
678.00 689.97
678.00 690.50
678.00 691.03
678.00 691.56
678.00 692.09
678.00 692.62
678.00 693.15
678.00 693.68
678.00 694.21
677.99 694.74
677.97 695.26
677.93 695.77
677.85 696.27
677.74 696.76
677.60 697.23
677.44 697.69
677.29 698.16
677.17 698.64
677.08 699.14
677.03 699.65
677.01 700.17
677.01 700.70
677.01 701.23
677.01 701.76
677.01 702.29
677.01 702.82
677.00 703.35
677.00 703.88
677.00 704.40
676.99 704.93
676.99 705.46
676.99 705.99
676.99 706.52
676.99 707.05
677.00 707.59
677.00 708.12
677.00 708.65
676.98 709.17
676.94 709.69
676.87 710.19
676.76 710.67
676.62 711.14
676.46 711.61
676.30 712.07
676.18 712.55
676.08 713.04
675.99 713.54
675.91 714.03
675.81 714.52
675.68 714.99
675.52 715.46
675.36 715.93
675.23 716.40
675.12 716.89
675.06 717.39
675.02 717.91
675.01 718.43
675.01 718.96
675.00 719.49
675.00 720.02
674.99 720.54
674.97 721.07
674.94 721.59
674.88 722.09
674.78 722.58
674.65 723.06
674.49 723.52
674.34 723.99
674.21 724.46
674.11 724.95
674.05 725.46
674.02 725.98
674.01 726.50
674.01 727.03
674.01 727.56
674.00 728.09
674.00 728.62
673.99 729.15
673.99 729.68
673.99 730.21
673.99 730.74
673.97 731.26
673.93 731.77
673.85 732.27
673.73 732.75
673.58 733.22
673.42 733.68
673.26 734.15
673.11 734.62
672.97 735.09
672.83 735.56
672.68 736.03
672.52 736.49
672.36 736.96
672.22 737.43
672.11 737.92
672.05 738.42
672.02 738.94
672.01 739.46
672.01 739.99
672.01 740.53
672.01 741.06
672.01 741.59
672.01 742.12
672.01 742.65
672.01 743.17
672.00 743.70
672.00 744.23
672.00 744.76
672.00 745.29
672.00 745.82
671.99 746.35
671.99 746.88
671.99 747.41
671.99 747.94
671.99 748.47
671.99 749.00
671.99 749.53
671.99 750.06
672.00 750.60
672.00 751.13
672.00 751.66
672.00 752.19
672.00 752.72
672.00 753.25
672.00 753.78
672.00 754.31
672.00 754.84
672.00 755.37
672.00 755.90
672.00 756.43
672.00 756.96
672.00 757.49
672.00 758.02
672.00 758.55
672.00 759.08
672.00 759.61
672.00 760.15
672.00 760.68
672.00 761.21
672.00 761.74
672.00 762.27
672.00 762.80
672.00 763.33
672.00 763.86
672.00 764.39
672.00 764.92
672.00 765.45
672.00 765.98
672.00 766.51
672.00 767.04
672.00 767.57
671.99 768.10
671.99 768.63
671.99 769.16
671.99 769.69
671.99 770.22
671.99 770.75
671.97 771.27
671.93 771.78
671.85 772.28
671.73 772.76
671.57 773.22
671.38 773.68
671.18 774.12
670.97 774.57
670.77 775.01
670.57 775.46
670.39 775.92
670.24 776.39
670.13 776.87
670.06 777.37
670.03 777.89
670.01 778.41
670.01 778.94
670.01 779.47
670.02 779.99
670.05 780.51
670.10 781.01
670.20 781.50
670.32 781.98
670.46 782.43
670.57 782.88
670.63 783.33
670.62 783.77
670.54 784.22
670.41 784.67
670.27 785.12
670.12 785.59
669.98 786.06
669.84 786.53
669.69 787.00
669.52 787.46
669.36 787.92
669.22 788.40
669.12 788.88
669.05 789.39
669.02 789.90
669.01 790.43
669.01 790.96
669.01 791.49
669.01 792.02
669.01 792.55
669.01 793.08
669.00 793.61
669.00 794.14
669.00 794.67
668.99 795.19
668.99 795.72
668.99 796.25
668.99 796.78
668.99 797.32
669.00 797.85
669.00 798.38
668.99 798.91
668.96 799.43
668.91 799.93
668.82 800.43
668.69 800.90
668.54 801.37
668.38 801.84
668.24 802.31
668.14 802.80
668.07 803.30
668.03 803.81
668.01 804.33
668.00 804.86
668.00 805.39
668.00 805.92
667.99 806.45
667.98 806.97
667.95 807.49
667.89 808.00
667.80 808.49
667.67 808.97
667.52 809.43
667.37 809.90
667.23 810.37
667.13 810.86
667.06 811.37
667.03 811.88
667.01 812.41
667.00 812.93
667.00 813.46
667.00 813.99
667.00 814.52
667.00 815.05
667.00 815.58
667.00 816.11
667.00 816.64
667.00 817.17
667.00 817.71
667.00 818.24
667.00 818.77
667.00 819.30
667.00 819.83
667.00 820.36
667.00 820.89
667.00 821.42
667.00 821.95
666.99 822.48
666.98 823.00
666.95 823.52
666.89 824.02
666.80 824.52
666.67 824.99
666.52 825.46
666.36 825.93
666.22 826.40
666.12 826.89
666.06 827.39
666.03 827.91
666.01 828.43
666.01 828.96
666.00 829.49
666.00 830.02
666.00 830.55
666.00 831.08
665.99 831.61
665.99 832.14
665.99 832.67
665.97 833.19
665.93 833.70
665.86 834.21
665.75 834.69
665.61 835.16
665.45 835.63
665.30 836.10
665.18 836.58
665.10 837.07
665.04 837.58
665.02 838.10
665.00 838.62
665.00 839.15
664.99 839.68
664.97 840.20
664.93 840.71
664.86 841.21
664.75 841.70
664.60 842.17
664.45 842.63
664.30 843.10
664.18 843.58
664.09 844.08
664.04 844.59
664.02 845.11
664.01 845.63
664.00 846.16
664.00 846.69
663.99 847.22
663.99 847.75
663.97 848.27
663.92 848.78
663.85 849.28
663.73 849.76
663.59 850.23
663.43 850.70
663.28 851.17
663.17 851.65
663.08 852.15
663.04 852.66
663.01 853.18
663.01 853.71
663.00 854.23
663.00 854.76
663.00 855.29
663.00 855.82
663.00 856.36
663.00 856.89
663.00 857.42
663.00 857.95
663.00 858.48
663.00 859.01
663.00 859.54
663.00 860.07
663.00 860.60
663.00 861.13
663.00 861.66
663.00 862.19
663.00 862.72
663.00 863.25
662.99 863.77
662.97 864.30
662.92 864.81
662.84 865.31
662.73 865.79
662.58 866.26
662.43 866.72
662.28 867.19
662.16 867.68
662.08 868.17
662.04 868.68
662.02 869.21
662.01 869.73
662.01 870.26
662.00 870.79
662.00 871.32
662.00 871.85
662.00 872.38
661.99 872.91
661.99 873.44
661.98 873.96
661.95 874.48
661.90 874.99
661.81 875.48
661.68 875.96
661.53 876.43
661.37 876.89
661.23 877.37
661.13 877.85
661.06 878.36
661.01 878.87
660.97 879.38
660.92 879.89
660.83 880.38
660.71 880.86
660.56 881.33
660.41 881.80
660.26 882.27
660.14 882.75
660.07 883.25
660.03 883.76
660.01 884.29
660.00 884.81
660.01 885.35
660.01 885.88
660.01 886.41
660.01 886.94
660.01 887.47
660.00 888.00
660.00 888.52
660.00 889.05
660.00 889.58
659.99 890.11
660.00 890.64
660.00 891.18
660.00 891.71
660.00 892.24
660.00 892.77
660.00 893.30
659.99 893.82
659.96 894.34
659.92 894.85
659.84 895.35
659.72 895.83
659.57 896.30
659.41 896.77
659.27 897.24
659.15 897.72
659.07 898.22
659.03 898.73
659.01 899.25
659.01 899.78
659.01 900.31
659.01 900.84
659.01 901.37
659.01 901.90
659.00 902.43
659.00 902.96
659.00 903.49
658.99 904.02
658.99 904.55
658.99 905.08
659.00 905.61
659.00 906.14
659.00 906.68
659.01 907.21
659.01 907.74
659.01 908.27
659.01 908.80
659.00 909.33
658.99 909.85
658.99 910.38
658.99 910.91
658.99 911.44
658.99 911.97
658.99 912.51
658.99 913.03
658.96 913.55
658.89 914.05
658.79 914.54
658.65 915.01
658.49 915.48
658.34 915.95
658.21 916.42
658.11 916.91
658.05 917.42
658.02 917.94
658.01 918.46
658.00 918.99
658.00 919.52
658.00 920.05
657.99 920.57
657.97 921.10
657.94 921.61
657.88 922.12
657.77 922.61
657.64 923.08
657.48 923.54
657.31 924.01
657.16 924.47
657.02 924.95
656.88 925.42
656.73 925.89
656.56 926.35
656.40 926.81
656.25 927.28
656.13 927.76
656.04 928.25
655.96 928.75
655.87 929.24
655.75 929.72
655.60 930.19
655.44 930.66
655.29 931.13
655.17 931.61
655.09 932.10
655.04 932.61
655.02 933.13
655.01 933.66
655.01 934.19
655.00 934.72
655.00 935.25
655.00 935.78
655.00 936.31
655.00 936.84
655.00 937.37
655.00 937.90
655.00 938.43
655.00 938.96
655.00 939.49
655.00 940.02
655.00 940.55
655.00 941.08
655.00 941.61
655.00 942.14
655.00 942.67
655.00 943.20
655.00 943.73
655.00 944.26
655.00 944.79
655.00 945.32
655.00 945.85
655.00 946.38
655.00 946.91
654.99 947.44
654.98 947.97
654.95 948.49
654.89 948.99
654.80 949.48
654.67 949.96
654.52 950.43
654.37 950.90
654.23 951.37
654.13 951.86
654.06 952.36
654.02 952.87
654.00 953.40
653.99 953.92
653.96 954.44
653.90 954.95
653.82 955.44
653.69 955.92
653.54 956.39
653.38 956.85
653.24 957.32
653.13 957.81
653.06 958.31
653.02 958.82
653.00 959.35
653.00 959.88
653.00 960.41
653.00 960.94
653.01 961.47
653.01 962.00
653.01 962.53
653.01 963.06
653.01 963.59
653.00 964.12
653.00 964.65
653.00 965.18
653.00 965.71
653.00 966.24
653.00 966.77
653.00 967.30
653.00 967.83
653.00 968.36
653.00 968.89
653.00 969.42
653.00 969.95
653.00 970.48
653.00 971.01
653.00 971.54
653.00 972.07
653.00 972.60
653.00 973.14
653.00 973.67
653.00 974.20
653.00 974.73
653.00 975.26
653.00 975.79
653.00 976.32
653.00 976.85
653.00 977.38
653.00 977.91
653.00 978.44
653.00 978.97
652.99 979.50
652.98 980.02
652.95 980.54
652.89 981.04
652.79 981.53
652.66 982.01
652.50 982.48
652.34 982.94
652.18 983.40
652.04 983.87
651.90 984.35
651.75 984.82
651.59 985.28
651.43 985.74
651.28 986.21
651.16 986.69
651.08 987.19
651.03 987.70
651.01 988.22
650.99 988.74
650.97 989.26
650.93 989.78
650.85 990.28
650.74 990.76
650.60 991.23
650.44 991.70
650.29 992.17
650.17 992.65
650.08 993.14
650.04 993.65
650.02 994.17
650.01 994.70
650.01 995.23
650.01 995.76
650.00 996.29
650.00 996.82
650.00 997.35
649.99 997.88
649.99 998.41
649.99 998.94
650.00 999.47
650.00 1000.00
650.00 1000.53
650.00 1001.06
650.00 1001.59
650.00 1002.12
650.00 1002.65
650.00 1003.18
650.00 1003.71
650.00 1004.24
650.00 1004.77
650.00 1005.30
650.00 1005.83
650.00 1006.36
650.00 1006.89
649.99 1007.42
649.98 1007.95
649.95 1008.47
649.90 1008.97
649.81 1009.47
649.68 1009.95
649.53 1010.41
649.37 1010.88
649.24 1011.35
649.13 1011.84
649.06 1012.34
649.01 1012.85
648.97 1013.36
648.91 1013.87
648.83 1014.37
648.71 1014.85
648.56 1015.32
648.40 1015.78
648.26 1016.25
648.15 1016.74
648.07 1017.23
648.02 1017.74
647.98 1018.26
647.93 1018.77
647.84 1019.26
647.70 1019.73
647.50 1020.18
647.26 1020.61
646.98 1021.03
646.71 1021.44
646.47 1021.87
646.28 1022.33
646.15 1022.80
646.07 1023.30
646.03 1023.81
646.01 1024.34
646.00 1024.86
646.00 1025.39
646.00 1025.92
646.00 1026.45
646.00 1026.98
646.00 1027.51
646.00 1028.05
646.00 1028.58
646.00 1029.10
645.99 1029.63
645.99 1030.16
645.99 1030.69
645.97 1031.21
645.93 1031.73
645.86 1032.23
645.74 1032.71
645.60 1033.18
645.44 1033.65
645.29 1034.12
645.17 1034.60
645.09 1035.09
645.04 1035.60
645.01 1036.12
645.00 1036.65
645.00 1037.18
645.00 1037.71
645.00 1038.24
645.01 1038.77
645.01 1039.30
645.01 1039.83
645.00 1040.36
645.00 1040.89
644.99 1041.42
644.99 1041.94
644.99 1042.48
644.99 1043.01
644.99 1043.54
644.98 1044.06
644.95 1044.58
644.89 1045.08
644.78 1045.57
644.64 1046.04
644.48 1046.51
644.33 1046.98
644.20 1047.45
644.11 1047.95
644.05 1048.45
644.02 1048.97
644.01 1049.49
644.00 1050.02
644.00 1050.55
644.00 1051.08
644.00 1051.61
644.00 1052.14
644.00 1052.67
644.00 1053.20
644.00 1053.73
644.00 1054.26
644.00 1054.80
644.00 1055.32
644.00 1055.85
644.00 1056.38
643.99 1056.91
643.99 1057.44
643.98 1057.97
643.95 1058.49
643.89 1058.99
643.80 1059.48
643.66 1059.96
643.49 1060.42
643.30 1060.87
643.09 1061.31
642.88 1061.76
642.68 1062.20
642.49 1062.65
642.32 1063.11
642.19 1063.59
642.10 1064.08
642.04 1064.59
642.01 1065.11
641.99 1065.63
641.97 1066.14
641.91 1066.64
641.82 1067.11
641.66 1067.54
641.43 1067.94
641.15 1068.29
640.84 1068.64
640.53 1068.98
640.24 1069.34
639.97 1069.73
639.74 1070.14
639.53 1070.57
639.35 1071.03
639.21 1071.50
639.11 1071.99
639.05 1072.49
639.02 1073.01
639.01 1073.53
639.00 1074.06
639.00 1074.59
639.00 1075.12
639.00 1075.65
639.00 1076.18
639.00 1076.71
639.00 1077.24
639.00 1077.77
639.00 1078.30
639.00 1078.83
639.00 1079.36
639.00 1079.90
639.00 1080.43
639.00 1080.96
639.00 1081.49
639.00 1082.02
639.00 1082.55
639.00 1083.08
639.00 1083.61
639.00 1084.14
639.00 1084.67
639.00 1085.20
639.00 1085.73
639.00 1086.26
639.00 1086.79
639.00 1087.32
639.00 1087.85
639.00 1088.38
639.00 1088.91
639.00 1089.44
639.00 1089.97
639.00 1090.50
639.00 1091.03
639.00 1091.56
639.00 1092.09
639.00 1092.62
638.99 1093.15
638.99 1093.67
638.97 1094.19
638.92 1094.69
638.83 1095.17
638.68 1095.60
638.45 1095.99
638.14 1096.33
637.78 1096.65
637.38 1096.96
637.00 1097.29
636.65 1097.64
635.00 1111.77
635.00 1112.30
635.00 1112.83
635.00 1113.36
635.00 1113.89
635.00 1114.42
635.00 1114.95
635.00 1115.48
634.99 1116.01
634.99 1116.54
634.99 1117.07
634.99 1117.60
634.99 1118.13
634.99 1118.66
635.00 1119.20
635.00 1119.73
635.00 1120.26
635.00 1120.79
635.00 1121.32
635.00 1121.85
635.00 1122.38
635.00 1122.91
635.00 1123.44
635.00 1123.97
635.00 1124.50
635.00 1125.03
635.01 1125.56
635.01 1126.09
635.01 1126.62
635.00 1127.15
635.00 1127.68
635.00 1128.21
635.00 1128.74
635.00 1129.27
635.00 1129.80
635.00 1130.33
634.99 1130.86
634.99 1131.39
634.99 1131.92
634.99 1132.45
634.99 1132.98
634.99 1133.51
634.98 1134.04
634.95 1134.56
634.88 1135.06
634.77 1135.54
634.59 1136.00
634.36 1136.43
634.09 1136.85
633.79 1137.26
633.51 1137.67
633.25 1138.09
633.02 1138.51
632.83 1138.92
632.70 1139.31
632.65 1139.67
632.70 1139.99
632.88 1140.29
633.16 1140.58
633.52 1140.88
633.89 1141.21
634.24 1141.57
634.52 1141.97
634.73 1142.41
634.86 1142.88
634.94 1143.38
634.98 1143.89
634.99 1144.41
633.86 1149.78
633.66 1150.22
633.47 1150.67
633.31 1151.14
633.18 1151.61
633.09 1152.11
633.04 1152.62
633.02 1153.14
633.01 1153.66
633.00 1154.19
633.00 1154.72
633.00 1155.25
633.00 1155.78
633.00 1156.31
633.00 1156.84
633.00 1157.37
633.00 1157.90
632.99 1158.43
632.98 1158.96
632.95 1159.48
632.89 1159.98
632.80 1160.47
632.67 1160.95
632.49 1161.41
632.30 1161.86
632.09 1162.30
631.88 1162.74
631.66 1163.18
631.44 1163.62
631.22 1164.06
631.00 1164.50
630.79 1164.94
630.59 1165.39
630.41 1165.85
630.25 1166.31
630.14 1166.80
630.07 1167.30
630.03 1167.81
630.00 1168.33
629.99 1168.85
629.96 1169.37
629.91 1169.88
629.83 1170.38
629.70 1170.86
629.55 1171.33
629.40 1171.79
629.25 1172.26
629.14 1172.75
629.07 1173.25
629.03 1173.76
629.01 1174.29
629.00 1174.81
629.00 1175.34
629.00 1175.87
628.99 1176.40
628.98 1176.92
628.95 1177.44
628.90 1177.95
628.81 1178.45
628.69 1178.92
628.54 1179.39
628.38 1179.86
628.24 1180.33
628.13 1180.82
628.06 1181.32
628.01 1181.83
627.97 1182.34
627.92 1182.85
627.84 1183.34
627.72 1183.83
627.57 1184.30
627.41 1184.76
627.27 1185.23
627.15 1185.71
627.08 1186.21
627.04 1186.73
627.01 1187.25
627.01 1187.77
627.00 1188.30
627.00 1188.83
626.99 1189.36
626.98 1189.89
626.96 1190.41
626.91 1190.91
626.82 1191.41
626.70 1191.89
626.55 1192.36
626.39 1192.82
626.25 1193.29
626.14 1193.78
626.07 1194.28
626.03 1194.79
626.01 1195.31
625.99 1195.84
625.96 1196.36
625.91 1196.87
625.83 1197.37
625.72 1197.85
625.57 1198.32
625.41 1198.78
625.27 1199.25
625.15 1199.73
625.07 1200.23
625.03 1200.75
625.01 1201.27
625.01 1201.80
625.01 1202.33
625.00 1202.85
625.00 1203.38
624.99 1203.91
624.99 1204.44
624.98 1204.97
624.95 1205.49
624.90 1205.99
624.81 1206.49
624.68 1206.97
624.53 1207.43
624.37 1207.90
624.23 1208.37
624.13 1208.86
624.06 1209.36
624.03 1209.88
624.01 1210.40
624.01 1210.93
624.00 1211.46
624.00 1211.99
623.99 1212.51
623.99 1213.04
623.99 1213.57
623.98 1214.10
623.94 1214.61
623.88 1215.12
623.77 1215.60
623.63 1216.08
623.48 1216.54
623.32 1217.01
623.20 1217.49
623.10 1217.98
623.04 1218.48
623.00 1219.00
622.96 1219.51
622.89 1220.01
622.80 1220.50
622.67 1220.98
622.52 1221.45
622.36 1221.91
622.23 1222.39
622.12 1222.88
622.05 1223.38
622.01 1223.89
621.97 1224.40
621.91 1224.91
621.82 1225.40
621.70 1225.88
621.55 1226.35
621.39 1226.82
621.25 1227.29
621.14 1227.77
621.07 1228.27
621.03 1228.79
621.01 1229.31
620.99 1229.83
620.96 1230.35
620.92 1230.86
620.83 1231.36
620.72 1231.84
620.57 1232.31
620.41 1232.78
620.27 1233.25
620.15 1233.73
620.08 1234.23
620.03 1234.74
620.01 1235.26
620.01 1235.79
620.00 1236.32
620.00 1236.85
619.99 1237.37
619.98 1237.90
619.96 1238.42
619.91 1238.93
619.82 1239.42
619.69 1239.90
619.54 1240.37
619.38 1240.83
619.24 1241.31
619.14 1241.79
619.07 1242.29
619.03 1242.81
619.01 1243.33
619.00 1243.86
618.99 1244.39
618.98 1244.91
618.96 1245.43
618.90 1245.94
618.82 1246.43
618.70 1246.91
618.55 1247.38
618.39 1247.85
618.25 1248.32
618.14 1248.80
618.07 1249.31
618.03 1249.82
618.01 1250.34
618.01 1250.87
618.00 1251.40
618.00 1251.93
618.00 1252.46
618.00 1252.99
618.00 1253.52
618.00 1254.05
618.00 1254.58
618.00 1255.11
617.99 1255.64
617.97 1256.16
617.93 1256.67
617.87 1257.18
617.76 1257.66
617.62 1258.14
617.47 1258.60
617.31 1259.07
617.19 1259.55
617.10 1260.04
617.05 1260.55
617.02 1261.07
617.00 1261.59
616.98 1262.11
616.94 1262.63
616.87 1263.13
616.77 1263.62
616.64 1264.09
616.48 1264.56
616.33 1265.03
616.20 1265.50
616.11 1265.99
616.05 1266.50
616.02 1267.02
616.01 1267.54
616.00 1268.07
615.99 1268.60
615.97 1269.12
615.94 1269.64
615.87 1270.14
615.76 1270.63
615.61 1271.09
615.44 1271.55
615.24 1272.00
615.03 1272.44
614.82 1272.89
614.61 1273.33
614.42 1273.78
614.25 1274.24
614.09 1274.71
613.95 1275.18
613.80 1275.65
613.65 1276.11
613.48 1276.58
613.32 1277.04
613.19 1277.52
613.10 1278.01
613.04 1278.51
613.01 1279.03
613.01 1279.56
613.01 1280.09
613.01 1280.62
613.01 1281.15
613.01 1281.68
613.01 1282.21
613.01 1282.74
613.01 1283.27
613.01 1283.80
613.00 1284.33
613.00 1284.86
613.00 1285.39
613.00 1285.92
613.00 1286.45
612.99 1286.98
612.99 1287.51
612.99 1288.04
612.99 1288.57
612.99 1289.10
612.99 1289.63
612.99 1290.16
612.99 1290.69
612.99 1291.22
613.00 1291.75
613.00 1292.29
613.00 1292.82
613.01 1293.35
613.01 1293.88
613.01 1294.41
613.00 1294.94
612.97 1295.45
612.90 1295.96
612.81 1296.45
612.67 1296.92
612.52 1297.39
612.35 1297.85
612.20 1298.32
612.06 1298.79
611.92 1299.26
611.77 1299.73
611.62 1300.20
611.45 1300.66
611.30 1301.13
611.17 1301.61
611.07 1302.09
610.99 1302.59
610.90 1303.08
610.79 1303.57
610.65 1304.04
610.49 1304.51
610.34 1304.97
610.21 1305.45
610.11 1305.94
610.05 1306.44
610.00 1306.96
609.96 1307.47
609.90 1307.97
609.81 1308.47
609.68 1308.94
609.53 1309.41
609.37 1309.88
609.24 1310.35
609.13 1310.84
609.07 1311.34
609.03 1311.86
609.01 1312.38
609.00 1312.90
608.99 1313.43
608.99 1313.96
608.99 1314.49
608.98 1315.02
608.95 1315.54
608.89 1316.04
608.79 1316.53
608.65 1317.00
608.50 1317.47
608.34 1317.94
608.21 1318.41
608.12 1318.90
608.05 1319.41
608.02 1319.92
608.00 1320.45
607.98 1320.97
607.95 1321.49
607.90 1321.99
607.80 1322.49
607.67 1322.96
607.52 1323.43
607.36 1323.89
607.23 1324.37
607.13 1324.86
607.06 1325.36
607.03 1325.88
607.01 1326.40
607.00 1326.93
607.00 1327.46
607.00 1327.99
606.99 1328.51
606.98 1329.04
606.95 1329.56
606.89 1330.06
606.79 1330.55
606.66 1331.03
606.50 1331.49
606.35 1331.96
606.21 1332.43
606.12 1332.92
606.05 1333.43
606.02 1333.95
606.00 1334.47
605.98 1334.99
605.95 1335.51
605.89 1336.01
605.80 1336.51
605.67 1336.98
605.52 1337.45
605.37 1337.92
605.23 1338.39
605.13 1338.88
605.06 1339.38
605.02 1339.90
605.00 1340.42
604.98 1340.94
604.95 1341.46
604.90 1341.97
604.81 1342.46
604.68 1342.94
604.53 1343.40
604.37 1343.87
604.24 1344.34
604.13 1344.83
604.07 1345.33
604.03 1345.85
604.01 1346.37
604.00 1346.90
603.99 1347.43
603.99 1347.96
603.99 1348.49
603.98 1349.01
603.95 1349.53
603.89 1350.04
603.79 1350.52
603.66 1351.00
603.50 1351.46
603.35 1351.93
603.22 1352.41
603.12 1352.90
603.06 1353.40
603.02 1353.92
603.00 1354.44
602.98 1354.96
602.95 1355.48
602.90 1355.99
602.81 1356.48
602.68 1356.96
602.53 1357.43
602.37 1357.89
602.24 1358.37
602.13 1358.85
602.06 1359.35
602.02 1359.87
602.01 1360.39
601.99 1360.91
601.96 1361.43
601.90 1361.94
601.82 1362.43
601.69 1362.91
601.54 1363.38
601.39 1363.85
601.25 1364.32
601.14 1364.80
601.06 1365.30
601.01 1365.82
600.97 1366.33
600.92 1366.84
600.84 1367.33
600.72 1367.81
600.57 1368.28
600.42 1368.75
600.27 1369.22
600.15 1369.70
600.07 1370.20
600.02 1370.71
599.98 1371.22
599.93 1371.73
599.86 1372.23
599.75 1372.71
599.60 1373.19
599.45 1373.65
599.30 1374.12
599.17 1374.60
599.09 1375.09
599.04 1375.60
599.02 1376.12
599.01 1376.65
599.01 1377.18
599.01 1377.71
599.00 1378.24
599.00 1378.77
598.99 1379.30
598.99 1379.83
598.99 1380.36
598.98 1380.88
598.96 1381.41
598.91 1381.91
598.82 1382.41
598.69 1382.89
598.54 1383.35
598.37 1383.81
598.22 1384.28
598.07 1384.75
597.93 1385.22
597.79 1385.69
597.63 1386.16
597.46 1386.62
597.31 1387.09
597.19 1387.56
597.10 1388.06
597.05 1388.57
597.02 1389.09
597.01 1389.61
597.00 1390.14
597.00 1390.67
597.00 1391.20
597.00 1391.73
597.00 1392.26
597.00 1392.79
597.00 1393.32
597.00 1393.85
596.99 1394.38
596.98 1394.91
596.96 1395.42
596.90 1395.93
596.82 1396.43
596.69 1396.91
596.54 1397.37
596.38 1397.84
596.22 1398.30
596.07 1398.77
595.93 1399.24
595.79 1399.71
595.63 1400.18
595.46 1400.64
595.31 1401.11
595.18 1401.58
595.07 1402.07
594.99 1402.57
594.91 1403.06
594.80 1403.55
594.67 1404.02
594.51 1404.49
594.35 1404.95
594.22 1405.43
594.11 1405.92
594.05 1406.42
594.02 1406.94
594.01 1407.46
594.01 1407.99
594.00 1408.52
594.00 1409.05
593.99 1409.58
593.99 1410.11
593.99 1410.64
593.97 1411.16
593.94 1411.68
593.87 1412.18
593.76 1412.66
593.61 1413.13
593.46 1413.60
593.31 1414.07
593.18 1414.55
593.09 1415.04
593.04 1415.55
592.99 1416.06
592.95 1416.57
592.89 1417.07
592.79 1417.56
592.65 1418.04
592.50 1418.50
592.34 1418.97
592.21 1419.45
592.11 1419.94
592.05 1420.44
592.02 1420.96
592.01 1421.49
592.01 1422.01
592.01 1422.54
592.00 1423.07
592.00 1423.60
591.99 1424.13
591.99 1424.66
591.99 1425.19
591.99 1425.72
591.97 1426.24
591.93 1426.76
591.85 1427.25
591.74 1427.74
591.59 1428.21
591.43 1428.67
591.29 1429.14
591.17 1429.62
591.09 1430.12
591.04 1430.63
591.01 1431.15
590.99 1431.67
590.97 1432.19
590.93 1432.71
590.86 1433.21
590.75 1433.69
590.61 1434.16
590.45 1434.63
590.29 1435.09
590.13 1435.56
589.99 1436.03
589.85 1436.50
589.69 1436.97
589.53 1437.43
589.37 1437.89
589.23 1438.37
589.13 1438.86
589.07 1439.36
589.03 1439.87
589.01 1440.40
589.00 1440.92
589.00 1441.45
588.99 1441.98
588.99 1442.51
588.98 1443.04
588.95 1443.55
588.89 1444.06
588.79 1444.55
588.66 1445.02
588.50 1445.49
588.35 1445.95
588.21 1446.43
588.11 1446.92
588.05 1447.43
588.02 1447.94
588.01 1448.47
588.00 1448.99
587.99 1449.52
587.98 1450.05
587.95 1450.56
587.88 1451.07
587.79 1451.56
587.66 1452.03
587.50 1452.50
587.35 1452.97
587.21 1453.44
587.10 1453.92
587.01 1454.42
586.93 1454.92
586.83 1455.40
586.70 1455.88
586.55 1456.35
586.39 1456.81
586.25 1457.28
586.14 1457.77
586.07 1458.27
586.02 1458.78
585.98 1459.29
585.92 1459.80
585.84 1460.30
585.73 1460.78
585.58 1461.25
585.43 1461.72
585.28 1462.19
585.16 1462.67
585.08 1463.17
585.04 1463.68
585.02 1464.20
585.01 1464.73
585.00 1465.25
585.00 1465.78
585.00 1466.31
585.00 1466.84
584.99 1467.37
584.98 1467.90
584.96 1468.42
584.91 1468.93
584.82 1469.42
584.70 1469.90
584.55 1470.37
584.39 1470.83
584.25 1471.30
584.13 1471.79
584.04 1472.28
583.95 1472.77
583.86 1473.27
583.74 1473.75
583.59 1474.22
583.43 1474.68
583.27 1475.14
583.11 1475.61
582.97 1476.08
582.83 1476.55
582.67 1477.02
582.51 1477.48
582.34 1477.94
582.18 1478.41
582.04 1478.88
581.90 1479.35
581.75 1479.82
581.58 1480.28
581.42 1480.74
581.27 1481.21
581.16 1481.69
581.08 1482.19
581.02 1482.70
580.98 1483.21
580.94 1483.72
580.86 1484.22
580.75 1484.71
580.61 1485.18
580.46 1485.65
580.30 1486.11
580.17 1486.59
580.07 1487.08
579.99 1487.57
579.90 1488.07
579.79 1488.55
579.65 1489.03
579.50 1489.49
579.34 1489.96
579.21 1490.43
579.11 1490.92
579.05 1491.43
579.02 1491.94
579.00 1492.47
578.98 1492.99
578.95 1493.51
578.89 1494.01
578.80 1494.51
578.67 1494.98
578.51 1495.45
578.36 1495.91
578.22 1496.39
578.12 1496.88
578.06 1497.38
578.02 1497.90
578.00 1498.42
577.98 1498.94
577.95 1499.46
577.90 1499.97
577.81 1500.46
577.68 1500.94
577.53 1501.41
577.38 1501.87
577.24 1502.35
577.13 1502.83
577.07 1503.33
577.03 1503.85
577.01 1504.37
577.00 1504.90
576.99 1505.43
576.98 1505.95
576.96 1506.47
576.90 1506.98
576.81 1507.47
576.68 1507.95
576.52 1508.41
576.37 1508.88
576.23 1509.35
576.12 1509.84
576.03 1510.33
575.95 1510.83
575.85 1511.32
575.73 1511.80
575.58 1512.26
575.42 1512.73
575.27 1513.20
575.15 1513.68
575.05 1514.17
574.97 1514.67
574.88 1515.16
574.77 1515.64
574.63 1516.11
574.47 1516.58
574.32 1517.05
574.18 1517.52
574.08 1518.01
574.00 1518.51
573.92 1519.00
573.81 1519.49
573.68 1519.96
573.52 1520.43
573.37 1520.90
573.23 1521.37
573.12 1521.86
573.06 1522.36
573.01 1522.87
572.97 1523.38
572.91 1523.89
572.83 1524.38
572.71 1524.86
572.56 1525.33
572.40 1525.80
572.26 1526.27
572.15 1526.75
572.07 1527.25
572.02 1527.76
571.98 1528.28
571.93 1528.79
571.85 1529.28
571.74 1529.77
571.60 1530.24
571.44 1530.70
571.29 1531.17
571.17 1531.65
571.08 1532.15
571.04 1532.66
571.01 1533.18
571.00 1533.70
570.97 1534.22
570.93 1534.74
570.86 1535.24
570.75 1535.72
570.60 1536.19
570.45 1536.66
570.30 1537.13
570.18 1537.61
570.09 1538.10
570.03 1538.61
569.99 1539.12
569.94 1539.63
569.87 1540.13
569.77 1540.62
569.63 1541.09
569.48 1541.56
569.33 1542.03
569.20 1542.50
569.10 1542.99
569.04 1543.50
569.00 1544.01
568.96 1544.52
568.89 1545.03
568.79 1545.52
568.66 1545.99
568.51 1546.46
568.35 1546.93
568.22 1547.40
568.12 1547.89
568.06 1548.40
568.02 1548.91
568.00 1549.43
568.00 1549.96
567.99 1550.49
567.98 1551.02
567.95 1551.53
567.89 1552.04
567.79 1552.53
567.66 1553.00
567.50 1553.47
567.35 1553.94
567.21 1554.41
567.12 1554.90
567.05 1555.41
567.02 1555.92
567.00 1556.44
566.98 1556.97
566.95 1557.48
566.90 1557.99
566.80 1558.48
566.67 1558.96
566.52 1559.43
566.36 1559.89
566.23 1560.37
566.12 1560.85
566.06 1561.36
566.01 1561.87
565.97 1562.38
565.91 1562.89
565.83 1563.38
565.71 1563.86
565.56 1564.33
565.40 1564.80
565.26 1565.27
565.15 1565.75
565.07 1566.25
565.02 1566.76
564.98 1567.27
564.93 1567.78
564.85 1568.28
564.73 1568.76
564.59 1569.23
564.43 1569.70
564.28 1570.17
564.17 1570.65
564.08 1571.15
564.03 1571.65
563.99 1572.17
563.94 1572.68
563.87 1573.18
563.76 1573.67
563.62 1574.14
563.47 1574.60
563.31 1575.07
563.18 1575.55
563.08 1576.03
563.00 1576.53
562.91 1577.02
562.80 1577.51
562.67 1577.98
562.51 1578.45
562.36 1578.92
562.22 1579.39
562.12 1579.88
562.05 1580.38
562.01 1580.89
561.97 1581.41
561.91 1581.91
561.82 1582.41
561.70 1582.89
561.55 1583.36
561.40 1583.82
561.25 1584.29
561.13 1584.77
561.04 1585.27
560.96 1585.76
560.87 1586.26
560.75 1586.74
560.61 1587.21
560.45 1587.67
560.30 1588.14
560.17 1588.62
560.08 1589.11
560.03 1589.62
559.99 1590.13
559.95 1590.65
559.87 1591.15
559.77 1591.63
559.62 1592.10
559.46 1592.57
559.31 1593.04
559.19 1593.52
559.10 1594.01
559.04 1594.51
559.00 1595.03
558.95 1595.54
558.89 1596.04
558.79 1596.53
558.66 1597.01
558.51 1597.48
558.35 1597.94
558.22 1598.42
558.12 1598.91
558.05 1599.41
558.01 1599.92
557.97 1600.43
557.91 1600.94
557.82 1601.43
557.70 1601.91
557.55 1602.38
557.39 1602.85
557.24 1603.32
557.13 1603.80
557.03 1604.29
556.95 1604.79
556.86 1605.28
556.74 1605.76
556.60 1606.23
556.44 1606.70
556.29 1607.16
556.17 1607.64
556.08 1608.14
556.04 1608.65
556.01 1609.17
556.01 1609.70
556.00 1610.23
555.99 1610.75
555.97 1611.27
555.92 1611.79
555.85 1612.29
555.74 1612.77
555.59 1613.24
555.44 1613.71
555.29 1614.17
555.16 1614.65
555.06 1615.14
554.98 1615.64
554.89 1616.13
554.77 1616.61
554.62 1617.08
554.44 1617.54
554.24 1617.98
554.03 1618.43
553.81 1618.87
553.60 1619.31
553.38 1619.75
553.15 1620.18
552.91 1620.61
552.65 1621.02
552.35 1621.40
551.99 1621.75
551.60 1622.07
551.17 1622.38
550.74 1622.67
550.33 1622.98
549.96 1623.30
549.65 1623.67
549.40 1624.07
549.23 1624.52
549.12 1625.00
549.05 1625.50
549.02 1626.02
549.01 1626.55
549.00 1627.08
549.00 1627.60
549.00 1628.13
549.00 1628.66
548.99 1629.19
548.99 1629.72
548.97 1630.24
548.93 1630.76
548.86 1631.26
548.75 1631.74
548.61 1632.21
548.45 1632.68
548.30 1633.15
548.17 1633.62
548.08 1634.12
548.03 1634.63
548.01 1635.15
548.01 1635.68
548.01 1636.21
548.01 1636.74
548.01 1637.27
548.02 1637.79
548.03 1638.31
548.08 1638.82
548.16 1639.32
548.28 1639.80
548.42 1640.27
548.58 1640.73
548.71 1641.20
548.79 1641.67
548.80 1642.14
548.75 1642.61
548.63 1643.08
548.49 1643.54
548.34 1644.00
548.21 1644.48
548.11 1644.97
548.05 1645.47
548.02 1645.99
548.00 1646.51
547.98 1647.04
547.95 1647.55
547.88 1648.06
547.76 1648.54
547.59 1649.00
547.36 1649.43
547.10 1649.85
546.82 1650.27
546.57 1650.69
546.36 1651.14
546.20 1651.60
546.10 1652.09
546.04 1652.60
546.01 1653.11
546.00 1653.64
546.00 1654.17
546.00 1654.70
546.00 1655.23
545.99 1655.76
545.97 1656.28
545.92 1656.79
545.84 1657.29
545.72 1657.77
545.57 1658.23
545.38 1658.69
545.18 1659.13
544.97 1659.58
544.76 1660.02
544.56 1660.47
544.38 1660.93
544.23 1661.40
544.13 1661.88
544.06 1662.38
544.03 1662.90
544.01 1663.42
544.00 1663.95
543.99 1664.48
543.98 1665.00
543.95 1665.52
543.88 1666.02
543.77 1666.51
543.60 1666.97
543.37 1667.40
543.08 1667.81
542.75 1668.21
542.40 1668.59
542.03 1668.97
541.66 1669.35
541.31 1669.73
540.97 1670.12
540.67 1670.53
540.43 1670.96
540.25 1671.41
540.13 1671.89
540.06 1672.39
540.02 1672.91
540.01 1673.44
540.01 1673.96
540.00 1674.49
540.00 1675.02
540.00 1675.55
540.00 1676.08
540.00 1676.61
540.00 1677.14
540.00 1677.67
540.00 1678.20
540.00 1678.73
540.00 1679.27
540.00 1679.80
540.00 1680.33
540.00 1680.86
540.00 1681.39
540.00 1681.92
539.99 1682.44
539.98 1682.97
539.95 1683.49
539.90 1684.00
539.81 1684.49
539.68 1684.97
539.53 1685.43
539.37 1685.90
539.23 1686.37
539.11 1686.85
539.03 1687.35
538.94 1687.84
538.85 1688.33
538.72 1688.81
538.57 1689.28
538.41 1689.74
538.27 1690.21
538.15 1690.70
538.07 1691.20
538.02 1691.70
537.98 1692.22
537.93 1692.73
537.86 1693.23
537.75 1693.71
537.60 1694.18
537.44 1694.65
537.28 1695.11
537.13 1695.58
536.99 1696.05
536.84 1696.52
536.69 1696.99
536.52 1697.45
536.36 1697.91
536.22 1698.38
536.11 1698.87
536.02 1699.36
535.94 1699.86
535.84 1700.35
535.72 1700.83
535.57 1701.30
535.41 1701.76
535.27 1702.23
535.15 1702.71
535.07 1703.21
535.02 1703.72
534.98 1704.23
534.93 1704.74
534.84 1705.24
534.71 1705.71
534.51 1706.16
534.27 1706.59
534.00 1707.01
533.73 1707.43
533.48 1707.86
533.29 1708.31
533.15 1708.78
533.07 1709.28
533.03 1709.79
533.01 1710.31
533.01 1710.84
533.01 1711.37
533.00 1711.90
533.00 1712.43
532.99 1712.96
532.99 1713.49
532.98 1714.01
532.95 1714.53
532.89 1715.04
532.80 1715.53
532.66 1716.00
532.51 1716.47
532.35 1716.93
532.22 1717.41
532.12 1717.90
532.06 1718.40
532.02 1718.92
532.00 1719.44
531.98 1719.96
531.95 1720.48
531.89 1720.99
531.80 1721.48
531.66 1721.95
531.49 1722.41
531.30 1722.86
531.09 1723.31
530.88 1723.75
530.67 1724.19
530.48 1724.64
530.30 1725.10
530.14 1725.56
529.99 1726.03
529.85 1726.50
529.69 1726.97
529.53 1727.43
529.37 1727.90
529.23 1728.37
529.13 1728.86
529.06 1729.36
529.01 1729.87
528.97 1730.38
528.91 1730.89
528.83 1731.39
528.71 1731.87
528.56 1732.34
528.40 1732.80
528.26 1733.27
528.14 1733.75
528.04 1734.24
527.96 1734.74
527.87 1735.23
527.75 1735.71
527.60 1736.18
527.44 1736.65
527.29 1737.11
527.17 1737.60
527.09 1738.09
527.03 1738.60
526.99 1739.11
526.95 1739.62
526.88 1740.12
526.78 1740.61
526.64 1741.09
526.49 1741.55
526.33 1742.02
526.20 1742.49
526.09 1742.98
526.00 1743.47
525.92 1743.97
525.82 1744.46
525.68 1744.93
525.53 1745.40
525.36 1745.86
525.20 1746.33
525.06 1746.80
524.92 1747.27
524.77 1747.74
524.61 1748.20
524.44 1748.66
524.28 1749.12
524.12 1749.59
523.98 1750.06
523.83 1750.53
523.67 1750.99
523.49 1751.45
523.29 1751.90
523.08 1752.34
522.87 1752.78
522.66 1753.23
522.46 1753.68
522.28 1754.13
522.13 1754.60
521.98 1755.07
521.84 1755.54
521.68 1756.00
521.51 1756.46
521.35 1756.93
521.19 1757.39
521.04 1757.86
520.90 1758.33
520.75 1758.80
520.59 1759.26
520.43 1759.73
520.28 1760.20
520.16 1760.68
520.08 1761.18
520.04 1761.69
520.01 1762.21
519.99 1762.73
519.97 1763.25
519.93 1763.76
519.85 1764.26
519.74 1764.75
519.59 1765.22
519.43 1765.68
519.27 1766.14
519.12 1766.61
518.98 1767.08
518.83 1767.55
518.68 1768.02
518.51 1768.48
518.36 1768.95
518.22 1769.42
518.12 1769.91
518.06 1770.41
518.02 1770.93
518.01 1771.45
518.00 1771.98
518.00 1772.51
518.00 1773.04
517.99 1773.57
517.97 1774.09
517.94 1774.61
517.88 1775.11
517.78 1775.60
517.64 1776.07
517.48 1776.54
517.32 1777.00
517.16 1777.47
517.02 1777.94
516.88 1778.41
516.72 1778.88
516.56 1779.34
516.39 1779.80
516.23 1780.26
516.08 1780.73
515.94 1781.21
515.80 1781.68
515.64 1782.14
515.48 1782.60
515.32 1783.07
515.19 1783.55
515.10 1784.04
515.04 1784.55
515.02 1785.07
515.01 1785.59
515.01 1786.12
515.00 1786.65
515.00 1787.18
514.99 1787.70
514.99 1788.23
514.98 1788.76
514.95 1789.27
514.89 1789.75
514.77 1790.19
514.56 1790.58
514.28 1790.90
513.92 1791.17
513.52 1791.42
513.12 1791.66
512.76 1791.93
512.47 1792.25
512.26 1792.63
512.13 1793.07
512.05 1793.54
512.00 1794.04
511.96 1794.55
511.89 1795.05
511.79 1795.54
511.66 1796.02
511.51 1796.48
511.35 1796.95
511.21 1797.42
511.10 1797.91
511.02 1798.40
510.93 1798.90
510.83 1799.38
510.70 1799.86
510.55 1800.33
510.38 1800.79
510.23 1801.25
510.08 1801.72
509.94 1802.20
509.79 1802.67
509.63 1803.13
509.47 1803.59
509.30 1804.05
509.15 1804.52
509.00 1804.99
508.86 1805.46
508.71 1805.93
508.54 1806.39
508.37 1806.85
508.21 1807.31
508.07 1807.78
507.93 1808.26
507.78 1808.73
507.62 1809.19
507.46 1809.65
507.30 1810.12
507.17 1810.60
507.07 1811.08
506.99 1811.58
506.90 1812.07
506.79 1812.56
506.65 1813.03
506.50 1813.50
506.34 1813.96
506.21 1814.44
506.11 1814.93
506.05 1815.44
506.02 1815.95
506.01 1816.48
506.01 1817.01
506.01 1817.54
506.00 1818.07
506.00 1818.60
506.00 1819.13
505.99 1819.65
505.99 1820.18
505.99 1820.71
505.97 1821.23
505.93 1821.75
505.85 1822.25
505.74 1822.73
505.60 1823.20
505.44 1823.67
505.29 1824.14
505.17 1824.62
505.07 1825.11
504.98 1825.60
504.89 1826.09
504.75 1826.56
504.57 1827.02
504.33 1827.45
504.04 1827.86
503.71 1828.26
503.36 1828.64
502.99 1829.02
502.62 1829.39
502.25 1829.77
501.91 1830.16
501.60 1830.56
501.32 1830.98
501.07 1831.40
500.83 1831.84
500.61 1832.27
500.39 1832.71
500.17 1833.15
499.96 1833.60
499.75 1834.04
499.55 1834.49
499.37 1834.94
499.23 1835.41
499.12 1835.90
499.06 1836.40
499.02 1836.92
499.01 1837.44
499.00 1837.97
499.00 1838.50
499.00 1839.03
499.00 1839.56
499.00 1840.09
499.00 1840.62
499.00 1841.15
498.99 1841.68
498.97 1842.20
498.93 1842.72
498.86 1843.22
498.75 1843.70
498.61 1844.17
498.45 1844.64
498.30 1845.11
498.17 1845.58
498.07 1846.07
497.99 1846.57
497.90 1847.06
497.80 1847.55
497.66 1848.03
497.51 1848.49
497.35 1848.96
497.22 1849.43
497.12 1849.92
497.06 1850.42
497.02 1850.94
497.00 1851.46
496.98 1851.99
496.95 1852.50
496.89 1853.01
496.80 1853.50
496.67 1853.98
496.52 1854.45
496.36 1854.91
496.23 1855.39
496.12 1855.87
496.06 1856.38
496.01 1856.89
495.97 1857.40
495.91 1857.91
495.83 1858.40
495.71 1858.88
495.56 1859.35
495.40 1859.82
495.25 1860.29
495.13 1860.77
495.04 1861.26
494.96 1861.75
494.87 1862.25
494.75 1862.73
494.60 1863.20
494.45 1863.66
494.29 1864.13
494.17 1864.61
494.07 1865.10
493.98 1865.59
493.90 1866.09
493.79 1866.57
493.65 1867.05
493.49 1867.51
493.34 1867.98
493.20 1868.45
493.10 1868.94
493.01 1869.43
492.93 1869.93
492.83 1870.42
492.70 1870.89
492.54 1871.36
492.38 1871.83
492.24 1872.30
492.14 1872.78
492.07 1873.29
492.03 1873.80
492.01 1874.32
492.00 1874.85
492.00 1875.38
492.00 1875.91
492.00 1876.44
492.00 1876.97
492.00 1877.50
492.00 1878.03
492.00 1878.56
492.00 1879.09
492.00 1879.62
492.00 1880.15
492.00 1880.68
492.00 1881.21
492.00 1881.74
492.00 1882.27
492.00 1882.80
492.00 1883.33
492.00 1883.86
492.00 1884.39
492.00 1884.92
492.00 1885.45
492.00 1885.99
492.00 1886.52
492.00 1887.05
492.01 1887.58
492.01 1888.11
492.01 1888.64
492.00 1889.17
492.00 1889.70
491.99 1890.23
491.99 1890.76
490.75 1896.55
490.51 1896.94
490.20 1897.28
489.82 1897.57
489.38 1897.83
488.90 1898.06
488.42 1898.30
487.95 1898.55
487.49 1898.82
487.06 1899.12
486.65 1899.44
486.26 1899.78
485.88 1900.14
485.50 1900.51
485.15 1900.90
484.81 1901.29
484.51 1901.69
484.24 1902.11
484.00 1902.54
483.78 1902.98
483.58 1903.43
483.39 1903.88
483.24 1904.35
483.12 1904.83
483.03 1905.32
482.95 1905.82
482.85 1906.31
482.73 1906.79
482.58 1907.26
482.42 1907.72
482.27 1908.19
482.16 1908.67
482.08 1909.17
482.04 1909.68
482.01 1910.20
482.00 1910.73
481.99 1911.26
481.99 1911.78
481.97 1912.31
481.92 1912.82
481.84 1913.32
481.72 1913.80
481.57 1914.27
481.42 1914.73
481.27 1915.20
481.15 1915.68
481.05 1916.17
480.97 1916.67
480.88 1917.16
480.77 1917.64
480.63 1918.12
480.47 1918.58
480.32 1919.05
480.18 1919.52
480.08 1920.01
480.00 1920.51
479.91 1921.00
479.81 1921.49
479.67 1921.96
479.52 1922.43
479.36 1922.90
479.23 1923.37
479.12 1923.86
479.06 1924.36
479.01 1924.87
478.97 1925.38
478.91 1925.89
478.83 1926.39
478.70 1926.87
478.56 1927.33
478.40 1927.80
478.26 1928.27
478.15 1928.76
478.07 1929.25
478.02 1929.76
477.98 1930.28
477.93 1930.79
477.85 1931.28
477.73 1931.77
477.59 1932.24
477.43 1932.70
477.28 1933.17
477.17 1933.65
477.09 1934.15
477.04 1934.66
477.01 1935.18
476.99 1935.70
476.97 1936.22
476.93 1936.74
476.86 1937.24
476.75 1937.72
476.61 1938.20
476.45 1938.66
476.30 1939.13
476.18 1939.61
476.09 1940.10
476.04 1940.61
476.02 1941.13
476.01 1941.66
476.01 1942.19
476.00 1942.72
476.00 1943.25
475.99 1943.78
475.99 1944.30
475.98 1944.83
475.96 1945.35
475.92 1945.86
475.83 1946.36
475.71 1946.84
475.56 1947.31
475.41 1947.77
475.26 1948.25
475.15 1948.73
475.08 1949.23
475.03 1949.74
475.01 1950.26
475.00 1950.79
474.99 1951.32
474.98 1951.84
474.96 1952.36
474.91 1952.87
474.83 1953.37
474.71 1953.85
474.56 1954.32
474.40 1954.78
474.26 1955.25
474.15 1955.74
474.07 1956.24
474.03 1956.75
474.01 1957.27
473.99 1957.80
473.97 1958.32
473.92 1958.83
473.84 1959.33
473.73 1959.81
473.58 1960.28
473.43 1960.74
473.28 1961.21
473.16 1961.69
473.08 1962.19
473.03 1962.70
473.02 1963.23
473.01 1963.75
473.01 1964.28
473.00 1964.81
473.00 1965.34
472.99 1965.87
472.99 1966.40
472.98 1966.92
472.96 1967.44
472.90 1967.95
472.81 1968.44
472.68 1968.92
472.53 1969.39
472.37 1969.85
472.24 1970.33
472.13 1970.82
472.07 1971.32
472.03 1971.83
472.01 1972.36
472.01 1972.88
472.00 1973.41
471.99 1973.94
471.99 1974.47
471.99 1975.00
471.99 1975.53
471.98 1976.06
471.95 1976.57
471.89 1977.08
471.78 1977.56
471.64 1978.04
471.49 1978.50
471.33 1978.97
471.20 1979.45
471.11 1979.94
471.05 1980.44
471.02 1980.96
471.00 1981.48
470.98 1982.01
470.95 1982.52
470.89 1983.03
470.79 1983.52
470.66 1983.99
470.51 1984.46
470.35 1984.93
470.22 1985.40
470.12 1985.89
470.05 1986.39
470.01 1986.91
469.97 1987.42
469.91 1987.93
469.82 1988.42
469.70 1988.90
469.55 1989.37
469.39 1989.83
469.24 1990.30
469.13 1990.79
469.04 1991.28
468.96 1991.77
468.86 1992.27
468.75 1992.75
468.60 1993.22
468.44 1993.68
468.29 1994.15
468.17 1994.63
468.08 1995.12
468.03 1995.63
468.01 1996.15
468.00 1996.68
468.00 1997.21
468.01 1997.75
468.01 1998.28
468.01 1998.81
468.01 1999.34
468.01 1999.87
468.00 2000.40
468.00 2000.92
467.99 2001.45
467.99 2001.98
467.99 2002.51
467.99 2003.04
467.99 2003.57
467.98 2004.10
467.95 2004.62
467.88 2005.12
467.77 2005.60
467.63 2006.08
467.48 2006.54
467.32 2007.01
467.20 2007.49
467.10 2007.98
467.04 2008.48
467.00 2009.00
466.96 2009.51
466.90 2010.01
466.80 2010.51
466.68 2010.98
466.53 2011.45
466.37 2011.92
466.23 2012.39
466.12 2012.88
466.06 2013.38
466.02 2013.90
466.01 2014.42
466.00 2014.95
466.00 2015.48
465.98 2016.00
465.95 2016.52
465.89 2017.02
465.80 2017.51
465.67 2017.99
465.52 2018.46
465.37 2018.93
465.23 2019.40
465.12 2019.89
465.06 2020.39
465.02 2020.91
465.00 2021.43
464.99 2021.95
464.96 2022.47
464.90 2022.98
464.81 2023.47
464.69 2023.95
464.54 2024.42
464.38 2024.88
464.24 2025.35
464.13 2025.84
464.06 2026.34
464.03 2026.86
464.01 2027.38
464.01 2027.91
464.01 2028.44
464.01 2028.97
464.00 2029.50
464.00 2030.03
463.99 2030.56
463.99 2031.09
463.99 2031.62
463.99 2032.15
464.00 2032.68
464.00 2033.21
464.00 2033.74
464.00 2034.27
464.00 2034.80
464.00 2035.33
464.00 2035.86
464.00 2036.39
464.00 2036.93
464.00 2037.46
464.00 2037.99
464.00 2038.52
464.00 2039.05
464.00 2039.58
464.00 2040.11
464.00 2040.64
464.00 2041.17
464.00 2041.70
464.00 2042.23
464.00 2042.76
464.00 2043.29
464.00 2043.81
464.00 2044.33
464.00 2044.84
464.00 2045.31
464.00 2045.71
464.00 2046.02
464.00 2046.18
765.01 141.71
765.03 142.22
765.07 142.73
765.14 143.23
765.25 143.71
765.39 144.17
765.54 144.63
765.69 145.09
765.82 145.57
765.90 146.06
765.96 146.56
765.98 147.07
765.99 147.59
766.00 148.12
766.00 148.64
766.00 149.16
766.00 149.69
766.01 150.21
766.01 150.73
766.00 151.26
766.00 151.78
766.00 152.31
766.00 152.84
765.99 153.36
765.99 153.89
765.99 154.41
765.99 154.94
765.99 155.46
766.00 155.98
766.01 156.50
766.01 157.03
766.01 157.55
766.01 158.07
766.01 158.60
766.00 159.13
766.00 159.65
766.02 160.17
766.05 160.68
766.13 161.17
766.24 161.65
766.38 162.12
766.53 162.57
766.67 163.03
766.77 163.49
766.81 163.96
766.79 164.42
766.72 164.87
766.64 165.31
766.58 165.72
766.57 166.13
766.62 166.54
766.71 166.97
766.81 167.42
766.90 167.90
766.98 168.38
767.06 168.87
767.16 169.36
767.28 169.83
767.43 170.30
767.59 170.75
767.73 171.22
767.85 171.70
767.92 172.19
767.97 172.70
767.99 173.21
767.99 173.73
768.00 174.26
768.00 174.78
768.00 175.30
768.00 175.83
768.00 176.35
768.00 176.88
768.00 177.40
768.00 177.93
767.99 178.45
767.99 178.98
767.99 179.50
767.99 180.03
767.99 180.55
768.00 181.07
768.01 181.60
768.01 182.12
768.01 182.64
768.01 183.17
768.01 183.69
768.00 184.22
768.00 184.74
768.02 185.26
768.06 185.77
768.14 186.26
768.26 186.74
768.40 187.20
768.56 187.66
768.71 188.12
768.83 188.60
768.91 189.09
768.96 189.59
768.98 190.11
768.99 190.63
768.99 191.15
769.00 191.67
769.00 192.20
769.00 192.72
769.00 193.24
769.00 193.77
769.00 194.29
769.00 194.82
769.00 195.34
769.00 195.87
769.00 196.39
769.00 196.92
769.00 197.44
769.00 197.97
769.00 198.49
769.00 199.02
769.00 199.54
769.00 200.07
769.00 200.59
769.00 201.11
769.00 201.64
769.00 202.16
769.00 202.69
769.00 203.21
769.00 203.73
769.00 204.26
769.00 204.78
769.00 205.31
769.00 205.83
769.01 206.36
769.02 206.88
769.04 207.39
769.09 207.90
769.17 208.39
769.29 208.86
769.44 209.32
769.60 209.78
769.74 210.25
769.85 210.73
769.93 211.22
769.97 211.73
769.98 212.24
769.99 212.77
769.99 213.29
770.00 213.81
770.00 214.34
770.01 214.86
770.01 215.38
770.01 215.90
770.01 216.43
770.01 216.96
770.00 217.48
770.01 218.00
770.04 218.52
770.10 219.02
770.20 219.50
770.33 219.97
770.48 220.43
770.64 220.89
770.77 221.36
770.88 221.84
770.94 222.34
770.97 222.85
770.99 223.37
771.00 223.89
771.00 224.41
771.00 224.93
771.01 225.46
771.02 225.98
771.05 226.49
771.10 226.99
771.19 227.48
771.32 227.95
771.47 228.41
771.63 228.87
771.76 229.34
771.87 229.82
771.94 230.32
771.97 230.83
771.99 231.34
772.00 231.86
772.00 232.39
772.02 232.91
772.04 233.42
772.09 233.92
772.17 234.41
772.26 234.87
772.36 235.30
772.42 235.72
772.44 236.13
772.41 236.53
772.37 236.94
772.34 237.36
772.35 237.78
772.38 238.20
772.43 238.61
772.44 239.02
772.41 239.42
772.33 239.85
772.23 240.29
772.13 240.76
772.06 241.25
772.03 241.76
772.01 242.27
772.01 242.80
772.01 243.32
772.01 243.85
772.01 244.37
772.01 244.90
772.01 245.42
772.00 245.94
772.00 246.47
772.00 246.99
771.99 247.51
771.99 248.04
771.99 248.56
771.99 249.09
771.99 249.61
771.99 250.14
771.99 250.66
772.00 251.18
772.00 251.71
772.00 252.23
772.00 252.76
772.00 253.28
772.00 253.81
772.00 254.33
772.00 254.86
772.01 255.38
772.01 255.91
772.01 256.43
772.00 256.96
772.00 257.48
772.00 258.01
772.00 258.53
772.00 259.05
773.00 273.85
773.00 274.37
773.00 274.90
773.00 275.42
773.00 275.95
773.00 276.47
773.00 277.00
773.00 277.52
773.00 278.04
773.00 278.57
773.00 279.09
773.00 279.62
773.00 280.14
773.00 280.67
773.00 281.19
773.00 281.72
773.00 282.24
773.00 282.77
773.00 283.29
773.00 283.81
773.00 284.34
773.00 284.86
773.00 285.39
773.00 285.91
773.00 286.44
773.00 286.96
773.00 287.49
773.00 288.01
773.00 288.53
773.00 289.06
773.00 289.58
773.00 290.11
773.00 290.63
773.00 291.16
773.00 291.68
773.00 292.20
773.00 292.73
773.00 293.25
772.99 293.77
772.97 294.29
772.93 294.80
772.85 295.29
772.74 295.76
772.61 296.22
772.48 296.67
772.39 297.11
772.36 297.55
772.41 297.99
772.51 298.43
772.64 298.88
772.77 299.34
772.87 299.82
772.94 300.32
772.98 300.83
772.99 301.35
773.00 301.87
773.00 302.39
773.00 302.92
773.00 303.44
773.00 303.97
773.00 304.49
773.00 305.01
773.00 305.54
773.00 306.06
773.00 306.59
773.00 307.11
773.00 307.63
773.00 308.16
773.00 308.68
773.00 309.21
773.00 309.73
773.00 310.26
773.00 310.78
773.00 311.31
773.00 311.83
773.00 312.36
773.00 312.88
773.01 313.41
773.01 313.93
773.01 314.46
773.00 314.98
773.00 315.51
773.00 316.03
773.00 316.55
773.00 317.08
773.00 317.60
773.00 318.13
773.00 318.65
773.00 319.17
772.99 319.70
772.99 320.22
772.99 320.74
772.99 321.27
772.99 321.79
772.99 322.32
772.99 322.84
772.99 323.37
773.00 323.89
773.00 324.42
773.00 324.95
773.01 325.47
773.01 326.00
773.01 326.52
772.99 327.04
772.96 327.55
772.89 328.05
772.79 328.53
772.66 329.00
772.50 329.46
772.35 329.92
772.22 330.39
772.12 330.87
772.06 331.37
772.02 331.88
772.01 332.40
772.00 332.92
772.00 333.45
772.00 333.97
772.00 334.50
772.00 335.02
772.00 335.54
772.00 336.07
772.00 336.59
772.00 337.12
772.00 337.64
772.00 338.17
772.00 338.69
772.00 339.22
772.00 339.74
772.00 340.26
772.00 340.79
772.01 341.31
772.01 341.83
772.04 342.35
772.08 342.85
772.16 343.34
772.28 343.82
772.42 344.28
772.57 344.74
772.70 345.20
772.79 345.66
772.80 346.13
772.75 346.59
772.64 347.05
772.50 347.51
772.36 347.96
772.25 348.42
772.20 348.89
772.22 349.36
772.30 349.82
772.43 350.28
772.58 350.74
772.73 351.20
772.84 351.67
772.92 352.17
772.95 352.67
772.96 353.18
772.93 353.68
772.87 354.17
772.78 354.65
772.68 355.09
772.60 355.52
772.56 355.93
772.57 356.33
772.61 356.74
772.65 357.16
772.65 357.59
772.60 358.02
772.51 358.45
772.42 358.89
772.36 359.32
772.37 359.76
772.45 360.20
772.56 360.64
772.69 361.09
772.78 361.55
772.81 362.01
772.77 362.48
772.67 362.94
772.53 363.40
772.38 363.86
772.24 364.32
772.13 364.80
772.06 365.30
772.02 365.81
772.01 366.33
772.00 366.85
772.00 367.37
772.00 367.90
772.00 368.42
772.00 368.94
772.01 369.47
772.00 369.99
772.01 370.51
772.02 371.03
772.05 371.55
772.11 372.05
772.20 372.53
772.33 373.00
772.49 373.46
772.64 373.92
772.78 374.39
772.88 374.87
772.95 375.37
772.98 375.88
773.00 376.40
773.00 376.92
773.00 377.45
773.00 377.97
773.00 378.50
773.00 379.02
773.00 379.55
773.00 380.07
773.00 380.59
773.00 381.12
773.00 381.64
773.00 382.17
773.00 382.69
773.00 383.22
773.00 383.74
773.00 384.26
773.00 384.79
773.00 385.31
773.00 385.84
773.00 386.36
773.00 386.89
773.00 387.41
773.00 387.94
773.00 388.46
773.00 388.98
773.00 389.51
773.00 390.03
773.00 390.56
773.00 391.08
773.00 391.61
773.00 392.13
773.00 392.66
773.00 393.18
773.00 393.70
773.00 394.23
773.00 394.75
773.00 395.28
773.00 395.80
773.00 396.33
773.00 396.85
773.00 397.38
773.00 397.90
773.00 398.42
773.00 398.95
773.00 399.47
773.00 400.00
773.00 400.52
773.00 401.05
773.00 401.57
773.00 402.10
773.00 402.62
773.00 403.14
773.00 403.67
773.00 404.19
773.00 404.72
773.00 405.24
773.00 405.77
773.00 406.29
773.00 406.82
773.00 407.34
773.00 407.87
773.00 408.39
773.00 408.91
773.00 409.44
773.00 409.96
773.00 410.49
773.00 411.01
773.00 411.54
773.00 412.06
773.00 412.59
773.00 413.11
773.00 413.63
773.00 414.16
773.00 414.68
773.00 415.21
773.00 415.73
773.00 416.26
773.00 416.78
773.00 417.31
773.00 417.83
773.00 418.36
773.00 418.88
773.00 419.40
773.00 419.93
773.00 420.45
773.00 420.98
773.00 421.50
773.00 422.03
773.00 422.55
773.00 423.08
773.00 423.60
773.00 424.12
773.00 424.65
773.00 425.17
773.00 425.70
773.00 426.22
773.00 426.75
773.00 427.27
773.00 427.80
773.00 428.32
773.00 428.85
773.00 429.37
773.00 429.89
773.00 430.42
773.00 430.94
773.00 431.47
773.00 431.99
773.00 432.52
773.00 433.04
773.00 433.57
773.00 434.09
773.00 434.61
773.00 435.14
773.00 435.66
773.00 436.19
773.00 436.71
773.00 437.24
773.00 437.76
773.00 438.29
773.00 438.81
773.00 439.33
773.00 439.86
773.00 440.38
773.00 440.91
773.00 441.43
773.00 441.96
773.00 442.48
773.00 443.01
773.00 443.53
773.00 444.05
773.00 444.58
773.00 445.10
773.00 445.63
773.00 446.15
773.00 446.68
773.00 447.20
773.00 447.72
773.00 448.25
773.00 448.77
773.00 449.30
773.00 449.82
773.00 450.35
773.00 450.87
773.00 451.40
773.00 451.92
772.99 452.44
772.98 452.96
772.96 453.48
772.90 453.98
772.81 454.47
772.69 454.94
772.53 455.40
772.38 455.86
772.24 456.33
772.13 456.81
772.06 457.30
772.03 457.81
772.01 458.33
772.00 458.85
772.00 459.38
772.00 459.90
772.00 460.42
772.00 460.95
772.00 461.47
772.00 462.00
772.00 462.52
772.00 463.05
772.00 463.57
772.00 464.10
772.00 464.62
772.00 465.14
772.00 465.67
772.00 466.19
772.00 466.72
772.00 467.24
772.00 467.77
772.00 468.29
772.00 468.82
772.00 469.34
772.00 469.86
772.00 470.39
772.00 470.91
772.00 471.44
772.00 471.96
772.00 472.49
772.00 473.01
772.00 473.53
772.00 474.06
772.00 474.58
772.00 475.11
772.00 475.63
772.00 476.16
772.00 476.68
772.00 477.21
772.00 477.73
772.00 478.26
772.00 478.78
772.00 479.31
772.00 479.83
772.00 480.36
772.01 480.88
772.01 481.41
772.01 481.93
772.01 482.45
772.01 482.98
772.01 483.50
772.01 484.03
772.01 484.55
772.01 485.08
772.00 485.60
772.00 486.12
772.00 486.65
772.00 487.17
771.99 487.69
771.99 488.22
771.99 488.74
771.98 489.26
771.98 489.79
771.99 490.31
772.00 490.84
772.00 491.37
772.00 491.89
771.97 492.41
771.92 492.91
771.83 493.40
771.70 493.87
771.55 494.33
771.39 494.79
771.25 495.25
771.14 495.73
771.07 496.23
771.03 496.74
771.01 497.25
771.00 497.77
771.00 498.30
770.99 498.82
770.96 499.33
770.92 499.84
770.84 500.33
770.72 500.80
770.58 501.27
770.42 501.73
770.28 502.19
770.16 502.67
770.08 503.16
770.04 503.67
770.01 504.18
770.00 504.70
770.00 505.23
770.00 505.75
770.00 506.27
770.00 506.80
770.00 507.32
770.00 507.85
770.00 508.37
770.00 508.90
770.00 509.42
770.00 509.95
770.00 510.47
770.00 510.99
770.00 511.52
770.00 512.04
770.00 512.57
770.00 513.09
770.00 513.62
770.00 514.14
769.99 514.66
769.97 515.18
769.94 515.69
769.87 516.19
769.77 516.67
769.63 517.13
769.47 517.59
769.32 518.05
769.19 518.53
769.10 519.01
769.04 519.51
769.01 520.03
769.00 520.55
769.00 521.07
769.01 521.60
769.01 522.12
769.01 522.65
769.01 523.17
769.00 523.69
769.00 524.22
768.99 524.74
768.99 525.26
768.99 525.79
768.99 526.31
768.99 526.83
768.97 527.35
768.92 527.86
768.84 528.35
768.72 528.82
768.57 529.28
768.41 529.74
768.27 530.21
768.15 530.68
768.08 531.18
768.03 531.68
768.01 532.20
768.00 532.72
768.00 533.24
768.00 533.77
768.00 534.29
768.00 534.82
768.00 535.34
768.00 535.87
768.00 536.39
768.00 536.91
768.00 537.44
768.00 537.96
767.99 538.48
767.98 539.00
767.95 539.52
767.89 540.02
767.80 540.50
767.67 540.98
767.52 541.44
767.37 541.90
767.23 542.36
767.13 542.85
767.06 543.34
767.03 543.85
767.01 544.37
767.00 544.89
767.00 545.42
766.99 545.94
766.99 546.46
766.98 546.98
766.96 547.50
766.90 548.00
766.81 548.48
766.68 548.96
766.53 549.42
766.37 549.88
766.00 573.32
766.00 573.85
766.00 574.37
766.00 574.90
766.00 575.42
766.00 575.95
766.00 576.47
766.00 577.00
766.00 577.52
766.00 578.04
766.00 578.57
766.00 579.09
766.00 579.62
765.99 580.14
765.99 580.66
765.97 581.18
765.94 581.69
765.87 582.19
765.76 582.67
765.62 583.13
765.01 587.60
765.01 588.12
765.01 588.65
765.00 589.17
765.00 589.69
765.00 590.22
765.00 590.74
765.00 591.27
765.00 591.79
765.00 592.31
765.00 592.84
765.00 593.36
765.00 593.89
765.00 594.41
765.00 594.94
765.00 595.46
765.00 595.99
765.00 596.51
765.00 597.03
765.00 597.56
765.00 598.08
765.00 598.61
765.00 599.13
765.00 599.66
765.00 600.18
765.00 600.71
765.00 601.23
765.00 601.76
765.00 602.28
765.00 602.81
765.00 603.33
765.00 603.85
765.00 604.38
765.00 604.90
765.00 605.43
765.00 605.95
765.00 606.48
765.00 607.00
765.00 607.53
765.00 608.05
765.00 608.57
765.00 609.10
765.00 609.62
765.00 610.15
765.00 610.67
765.00 611.19
765.00 611.72
764.99 612.24
764.99 612.77
764.97 613.28
764.93 613.79
764.85 614.28
764.74 614.76
764.59 615.22
764.44 615.68
764.29 616.15
764.17 616.62
764.09 617.11
764.04 617.62
764.01 618.13
764.00 618.65
764.00 619.17
764.00 619.70
764.00 620.22
764.00 620.75
764.00 621.27
764.00 621.80
764.00 622.32
764.00 622.85
764.00 623.37
764.00 623.90
764.00 624.42
764.00 624.94
764.00 625.47
764.00 625.99
764.00 626.52
764.00 627.04
764.00 627.57
764.00 628.09
764.00 628.61
764.00 629.14
764.00 629.66
764.00 630.19
764.00 630.71
764.00 631.24
764.00 631.76
764.00 632.29
764.00 632.81
764.00 633.33
764.00 633.86
764.00 634.38
764.00 634.91
764.00 635.43
764.00 635.96
764.00 636.48
764.00 637.01
764.01 637.53
764.01 638.06
764.00 638.58
764.00 639.11
764.00 639.63
764.00 640.15
763.99 640.68
763.99 641.20
763.99 641.72
763.99 642.25
763.99 642.77
763.97 643.29
763.93 643.79
763.85 644.29
763.74 644.77
763.60 645.23
763.45 645.70
763.30 646.16
763.17 646.63
763.08 647.11
763.02 647.61
762.99 648.13
762.99 648.65
763.00 649.18
763.01 649.71
763.02 650.24
763.02 650.76
763.01 651.28
763.01 651.81
763.00 652.33
762.99 652.85
762.99 653.37
762.98 653.89
762.95 654.41
762.91 654.91
762.83 655.40
762.71 655.88
762.56 656.34
762.40 656.80
762.26 657.26
762.15 657.74
762.07 658.24
762.03 658.74
762.01 659.26
762.01 659.78
762.00 660.31
762.00 660.83
762.00 661.35
762.00 661.88
762.00 662.40
762.00 662.93
762.00 663.45
762.00 663.98
762.00 664.50
762.00 665.02
762.00 665.55
762.00 666.07
762.00 666.60
762.00 667.12
761.99 667.64
761.97 668.16
761.94 668.67
761.87 669.17
761.77 669.65
761.63 670.12
761.47 670.58
761.32 671.04
761.19 671.51
761.10 672.00
761.05 672.50
761.02 673.01
761.01 673.53
761.00 674.05
761.00 674.58
761.00 675.10
761.00 675.62
761.00 676.15
761.00 676.67
761.00 677.20
761.00 677.72
761.00 678.25
761.00 678.77
761.00 679.30
761.00 679.82
761.00 680.34
761.00 680.87
761.00 681.39
761.00 681.92
761.00 682.44
761.00 682.97
761.00 683.49
761.00 684.02
761.00 684.54
761.00 685.06
761.00 685.59
761.00 686.11
761.00 686.64
761.00 687.16
761.00 687.69
761.00 688.21
761.00 688.74
761.00 689.26
761.00 689.79
761.00 690.31
761.00 690.83
761.00 691.36
761.00 691.88
760.99 692.40
760.98 692.92
760.96 693.44
760.91 693.94
760.82 694.43
760.70 694.90
760.55 695.37
760.39 695.83
760.25 696.29
760.14 696.77
760.07 697.27
760.03 697.77
760.01 698.29
760.00 698.81
760.00 699.34
760.00 699.86
760.00 700.39
760.00 700.91
760.00 701.43
760.00 701.96
760.00 702.48
760.00 703.01
760.00 703.53
760.00 704.06
760.00 704.58
760.00 705.10
760.00 705.63
759.99 706.15
759.99 706.68
759.99 707.20
760.00 707.73
760.00 708.25
759.99 708.77
759.97 709.29
759.93 709.80
759.85 710.29
759.74 710.77
759.59 711.23
759.43 711.69
759.28 712.15
759.17 712.63
759.08 713.12
759.04 713.62
759.02 714.14
759.01 714.66
759.01 715.18
759.00 715.71
759.00 716.23
759.00 716.75
758.99 717.28
758.99 717.80
758.99 718.32
758.99 718.85
758.97 719.36
758.92 719.87
758.84 720.36
758.72 720.83
758.57 721.30
758.41 721.75
758.27 722.22
758.15 722.70
758.07 723.19
758.03 723.70
758.01 724.21
758.01 724.74
758.01 725.26
758.01 725.78
758.00 726.31
757.99 726.83
757.99 727.35
757.99 727.87
757.99 728.40
757.99 728.92
757.96 729.44
757.91 729.94
757.82 730.43
757.69 730.90
757.54 731.36
757.38 731.82
757.24 732.28
757.13 732.76
757.04 733.25
756.96 733.74
756.87 734.23
756.75 734.70
756.61 735.17
756.45 735.63
756.30 736.09
756.18 736.56
756.09 737.05
756.04 737.56
756.02 738.07
756.01 738.59
756.00 739.11
756.00 739.64
756.00 740.16
756.00 740.69
756.00 741.21
756.00 741.74
756.00 742.26
756.00 742.78
756.00 743.31
756.00 743.83
756.00 744.36
756.00 744.88
756.00 745.41
756.00 745.93
756.00 746.46
756.00 746.98
755.99 747.50
755.98 748.02
755.95 748.53
755.89 749.03
755.80 749.52
755.67 749.99
755.52 750.45
755.37 750.91
755.23 751.38
755.12 751.86
755.06 752.36
755.03 752.87
755.01 753.39
755.01 753.91
755.00 754.43
755.00 754.96
755.00 755.48
755.00 756.01
755.00 756.53
755.00 757.06
755.00 757.58
755.00 758.11
755.00 758.63
755.00 759.15
755.00 759.68
755.00 760.20
755.00 760.73
755.00 761.25
755.00 761.77
755.00 762.30
755.00 762.82
755.00 763.35
755.00 763.87
755.00 764.40
755.00 764.92
755.00 765.45
755.00 765.97
755.00 766.50
755.00 767.02
755.01 767.55
755.01 768.07
755.01 768.60
755.01 769.12
755.00 769.65
755.00 770.17
755.00 770.69
755.00 771.22
754.99 771.74
754.99 772.26
754.99 772.79
754.99 773.31
754.99 773.83
754.99 774.36
755.00 774.89
755.00 775.41
754.99 775.93
754.97 776.45
754.91 776.95
754.82 777.44
754.70 777.91
754.55 778.37
754.40 778.83
754.25 779.30
754.14 779.78
754.06 780.27
754.01 780.77
753.99 781.29
754.00 781.81
754.00 782.34
754.01 782.87
754.02 783.40
754.02 783.92
754.01 784.44
754.01 784.97
754.00 785.49
753.99 786.01
753.99 786.53
753.99 787.06
753.99 787.58
753.99 788.11
753.99 788.63
754.00 789.16
754.00 789.68
753.98 790.20
753.94 790.71
753.87 791.20
753.76 791.68
753.62 792.15
753.46 792.61
753.31 793.07
753.18 793.54
753.10 794.03
753.04 794.53
753.02 795.05
753.01 795.57
753.00 796.09
753.00 796.61
753.00 797.14
753.00 797.66
752.99 798.18
752.99 798.71
752.97 799.22
752.93 799.73
752.86 800.23
752.75 800.71
752.61 801.17
752.46 801.63
752.31 802.09
752.18 802.57
752.09 803.05
752.04 803.56
752.01 804.07
752.00 804.59
752.00 805.12
752.01 805.64
752.01 806.17
752.01 806.69
752.01 807.21
752.00 807.74
752.00 808.26
752.00 808.78
752.00 809.31
752.00 809.83
752.00 810.36
752.00 810.88
752.00 811.41
752.00 811.93
752.00 812.46
752.00 812.98
752.00 813.51
752.00 814.03
752.00 814.56
752.00 815.08
752.00 815.60
752.00 816.13
752.00 816.65
752.00 817.18
751.99 817.70
751.97 818.21
751.93 818.72
751.87 819.22
751.76 819.70
751.62 820.17
751.47 820.63
751.31 821.09
751.18 821.56
751.09 822.05
751.03 822.55
751.00 823.05
750.96 823.56
750.89 824.06
750.79 824.54
750.66 825.01
750.50 825.47
750.35 825.93
750.21 826.40
750.12 826.89
750.06 827.39
750.02 827.90
750.01 828.41
750.00 828.94
749.99 829.46
749.98 829.98
749.95 830.49
749.90 830.99
749.81 831.48
749.68 831.95
749.53 832.41
749.37 832.87
749.24 833.34
749.13 833.82
749.06 834.32
749.03 834.83
749.01 835.34
749.00 835.87
749.00 836.39
749.00 836.91
749.00 837.44
749.00 837.96
749.00 838.49
749.00 839.01
749.00 839.54
749.00 840.06
749.00 840.59
749.00 841.11
749.00 841.63
749.00 842.16
749.00 842.68
749.00 843.21
748.99 843.73
748.97 844.24
748.93 844.75
748.86 845.25
748.75 845.72
748.61 846.19
748.45 846.65
748.30 847.11
748.17 847.58
748.07 848.07
747.99 848.56
747.91 849.05
747.80 849.53
747.67 850.00
747.52 850.46
747.36 850.92
747.22 851.39
747.00 861.26
747.00 861.78
747.00 862.31
747.00 862.83
747.00 863.36
747.00 863.88
747.00 864.41
747.00 864.93
747.00 865.46
747.00 865.98
747.00 866.50
747.00 867.03
746.99 867.55
746.98 868.07
746.95 868.58
746.88 869.08
746.79 869.56
746.66 870.03
746.50 870.49
746.35 870.95
746.21 871.42
746.12 871.91
746.06 872.41
746.02 872.92
746.01 873.44
746.00 873.96
746.00 874.48
746.00 875.01
746.00 875.53
746.00 876.06
746.00 876.58
746.00 877.10
746.00 877.63
746.00 878.15
746.00 878.68
746.00 879.20
746.00 879.73
746.00 880.25
746.00 880.78
746.00 881.30
746.00 881.82
746.00 882.35
746.00 882.87
746.00 883.40
746.00 883.92
746.00 884.45
746.00 884.97
746.00 885.50
746.00 886.02
746.00 886.55
746.00 887.07
746.00 887.59
746.00 888.12
746.00 888.64
746.00 889.17
746.00 889.69
746.00 890.22
746.00 890.74
746.00 891.26
745.99 891.78
745.97 892.30
745.92 892.81
745.85 893.30
745.73 893.78
745.58 894.24
745.42 894.70
745.26 895.16
745.12 895.62
744.98 896.09
744.84 896.55
744.68 897.01
744.52 897.47
744.36 897.93
744.22 898.40
744.11 898.87
744.02 899.36
743.94 899.85
743.85 900.34
743.72 900.81
743.57 901.28
743.42 901.73
743.27 902.20
743.16 902.68
743.08 903.17
743.03 903.67
743.01 904.19
742.99 904.71
742.97 905.22
742.93 905.73
742.86 906.22
742.75 906.70
742.61 907.17
742.46 907.63
742.31 908.09
742.00 916.88
742.00 917.41
742.00 917.93
742.00 918.46
742.00 918.98
742.00 919.50
742.00 920.03
742.00 920.55
742.00 921.08
742.00 921.60
742.00 922.13
741.99 922.65
741.97 923.16
741.94 923.67
741.87 924.17
741.76 924.65
741.63 925.12
741.47 925.58
741.30 926.03
741.15 926.50
741.01 926.96
740.87 927.43
740.73 927.89
740.57 928.35
740.00 937.03
740.00 937.56
740.00 938.08
740.00 938.61
740.00 939.13
740.00 939.66
740.00 940.18
740.00 940.70
739.99 941.23
739.99 941.75
739.97 942.26
739.93 942.77
739.85 943.27
739.74 943.74
739.60 944.21
739.44 944.67
739.29 945.13
739.17 945.61
739.09 946.10
739.04 946.60
739.01 947.11
739.00 947.63
739.00 948.16
739.00 948.68
739.00 949.21
739.01 949.73
739.01 950.26
739.01 950.78
739.00 951.30
739.00 951.83
738.99 952.35
738.99 952.87
738.99 953.40
739.00 953.92
739.00 954.45
739.00 954.97
738.97 955.49
738.91 955.98
738.81 956.47
738.67 956.94
738.52 957.40
738.36 957.86
738.23 958.33
738.13 958.81
738.07 959.31
738.03 959.82
738.01 960.33
738.00 960.86
738.00 961.38
738.00 961.90
737.99 962.42
737.98 962.95
737.96 963.46
737.91 963.96
737.82 964.45
737.70 964.92
737.55 965.39
737.39 965.85
737.25 966.31
737.13 966.79
737.06 967.28
737.02 967.79
737.01 968.31
737.00 968.83
737.00 969.36
736.99 969.88
736.97 970.39
736.91 970.89
736.83 971.38
736.71 971.86
736.57 972.32
736.41 972.78
736.27 973.25
736.15 973.73
736.07 974.22
736.03 974.73
736.02 975.24
736.00 977.86
735.99 978.38
735.99 978.90
736.00 979.43
736.00 979.96
736.00 980.48
736.00 981.01
736.01 981.53
736.01 982.06
736.00 982.58
736.00 983.10
736.00 983.63
736.00 984.15
735.99 984.67
735.99 985.20
735.99 985.72
735.99 986.25
735.99 986.77
735.97 987.29
735.93 987.79
735.85 988.29
735.74 988.76
735.59 989.23
735.43 989.69
735.29 990.15
735.16 990.62
735.08 991.11
735.03 991.62
735.01 992.14
735.01 992.66
735.01 993.18
735.01 993.71
735.01 994.23
735.01 994.76
735.00 995.28
735.00 995.80
734.99 996.32
734.98 996.84
734.98 997.37
734.98 997.89
734.99 998.42
735.00 998.95
735.00 999.47
735.00 1000.00
734.97 1000.51
734.90 1001.00
734.78 1001.48
734.61 1001.93
734.39 1002.37
734.13 1002.78
733.86 1003.20
733.61 1003.62
733.39 1004.05
733.23 1004.51
733.11 1004.98
733.05 1005.48
733.02 1005.99
733.00 1006.51
733.00 1007.04
733.00 1007.56
732.98 1008.08
732.00 1027.60
732.00 1028.12
731.99 1028.64
731.99 1029.17
731.99 1029.69
731.99 1030.22
731.99 1030.74
732.00 1031.27
732.00 1031.80
732.00 1032.32
732.01 1032.85
732.01 1033.38
732.01 1033.90
732.01 1034.43
732.01 1034.95
732.01 1035.47
732.00 1035.99
732.00 1036.51
731.99 1037.03
731.98 1037.55
731.98 1038.08
731.98 1038.60
731.99 1039.13
731.99 1039.66
731.98 1040.17
731.93 1040.66
731.84 1041.11
731.67 1041.52
731.42 1041.86
731.09 1042.15
730.69 1042.39
730.26 1042.61
726.00 1070.87
726.01 1071.40
726.02 1071.92
726.04 1072.43
726.09 1072.93
726.18 1073.42
726.30 1073.90
726.45 1074.36
726.61 1074.82
726.75 1075.28
726.86 1075.76
726.93 1076.26
726.97 1076.77
726.99 1077.28
727.00 1077.80
727.00 1078.33
727.00 1078.85
727.00 1079.38
727.00 1079.90
727.00 1080.42
727.00 1080.95
727.00 1081.47
727.00 1082.00
727.00 1082.52
727.00 1083.05
727.00 1083.57
727.00 1084.10
727.00 1084.62
727.00 1085.15
727.00 1085.67
726.99 1086.19
726.99 1086.71
726.97 1087.23
726.93 1087.74
726.86 1088.23
726.75 1088.71
726.61 1089.18
726.45 1089.64
726.30 1090.10
726.18 1090.58
726.09 1091.06
726.04 1091.57
726.01 1092.08
726.00 1092.60
726.00 1093.12
726.00 1093.65
726.00 1094.17
726.00 1094.70
726.00 1095.22
726.01 1095.75
726.01 1096.27
726.00 1096.80
726.00 1097.32
726.00 1097.84
725.99 1098.37
725.99 1098.89
725.99 1099.41
725.99 1099.94
725.99 1100.46
725.99 1100.98
725.96 1101.50
725.90 1102.00
725.81 1102.49
725.68 1102.96
725.53 1103.42
725.38 1103.88
725.24 1104.35
725.13 1104.82
725.06 1105.32
725.02 1105.83
725.01 1106.35
725.01 1106.87
725.01 1107.40
725.01 1107.92
725.00 1108.44
724.99 1108.96
724.99 1109.49
724.99 1110.01
724.99 1110.54
724.99 1111.06
724.96 1111.57
724.89 1112.07
724.79 1112.55
724.65 1113.02
724.49 1113.48
724.34 1113.94
724.21 1114.41
724.12 1114.90
724.05 1115.39
724.02 1115.90
724.01 1116.42
724.00 1116.95
724.00 1117.47
724.00 1117.99
724.00 1118.52
724.00 1119.04
724.00 1119.57
724.00 1120.09
724.00 1120.62
724.00 1121.14
724.00 1121.66
724.00 1122.19
724.00 1122.71
723.99 1123.24
723.99 1123.76
723.97 1124.27
723.93 1124.78
723.85 1125.28
723.74 1125.75
723.60 1126.22
723.44 1126.68
723.29 1127.14
723.17 1127.62
723.09 1128.10
723.03 1128.61
722.99 1129.11
722.95 1129.62
722.88 1130.12
722.79 1130.60
722.65 1131.07
722.50 1131.53
722.35 1131.99
722.21 1132.46
722.11 1132.94
722.04 1133.44
722.00 1133.95
721.96 1134.46
721.91 1134.96
721.82 1135.45
721.69 1135.92
721.54 1136.38
721.38 1136.84
721.24 1137.31
721.13 1137.79
721.07 1138.28
721.03 1138.79
721.01 1139.31
721.00 1139.83
721.00 1140.35
721.00 1140.88
720.99 1141.40
720.98 1141.92
720.96 1142.43
720.91 1142.94
720.82 1143.43
720.70 1143.90
720.55 1144.36
720.39 1144.82
720.25 1145.29
720.13 1145.76
720.04 1146.25
719.96 1146.74
719.87 1147.23
719.75 1147.70
719.61 1148.17
719.45 1148.63
719.28 1149.08
719.13 1149.55
718.99 1150.01
718.84 1150.47
718.65 1150.92
718.43 1151.35
718.16 1151.76
717.87 1152.17
717.58 1152.57
717.31 1152.99
717.07 1153.41
716.84 1153.84
716.64 1154.28
509.05 154.52
509.02 155.03
512.00 186.92
511.99 187.45
511.98 187.97
511.95 188.49
511.90 188.99
511.81 189.48
511.68 189.96
511.53 190.42
511.37 190.88
511.23 191.35
511.13 191.84
511.06 192.34
511.03 192.85
511.01 193.37
511.00 193.89
511.00 194.42
511.00 194.95
511.00 195.48
511.00 196.00
511.01 196.53
511.02 197.05
511.05 197.56
511.11 198.06
511.21 198.55
511.34 199.02
511.50 199.49
511.65 199.95
511.78 200.42
511.88 200.91
511.94 201.41
511.98 201.93
511.99 202.45
512.00 202.97
512.01 203.49
512.02 204.02
512.05 204.53
512.11 205.03
512.20 205.52
512.34 205.99
512.49 206.46
512.65 206.92
512.81 207.38
512.95 207.85
513.10 208.32
513.24 208.78
513.40 209.24
513.57 209.70
513.71 210.17
513.83 210.65
513.91 211.14
513.96 211.65
513.99 212.17
514.00 212.69
514.00 213.22
514.01 213.75
514.00 214.27
514.00 214.79
513.99 215.32
513.99 215.84
513.99 216.37
513.99 216.90
514.00 217.43
513.99 217.96
513.97 218.47
513.91 218.98
513.81 219.46
513.67 219.93
513.52 220.40
513.36 220.86
513.23 221.33
513.13 221.82
513.07 222.32
513.03 222.83
513.02 223.35
513.02 223.87
513.04 224.39
513.09 224.89
513.17 225.38
513.30 225.86
513.45 226.32
513.61 226.78
513.75 227.25
513.86 227.74
513.93 228.23
513.97 228.74
513.99 229.26
514.00 229.79
514.00 230.32
514.00 230.84
514.00 231.37
514.00 231.90
514.00 232.42
514.00 232.95
514.01 233.47
514.01 234.00
514.01 234.53
514.01 235.06
514.01 235.58
514.02 236.10
514.05 236.62
514.12 237.12
514.22 237.60
514.36 238.07
514.52 238.54
514.67 239.00
514.80 239.47
514.89 239.96
514.96 240.46
515.00 240.97
515.04 241.48
515.10 241.99
515.19 242.47
515.32 242.95
515.47 243.41
515.63 243.88
515.76 244.35
515.87 244.83
515.94 245.33
515.97 245.84
515.99 246.36
516.00 246.89
516.00 247.41
516.00 247.94
516.00 248.47
516.00 248.99
516.00 249.52
516.00 250.05
516.00 250.58
516.00 251.10
516.00 251.63
516.00 252.16
516.00 252.68
516.00 253.21
516.00 253.74
516.00 254.27
516.00 254.80
516.00 255.32
516.00 255.85
516.00 256.38
516.00 256.90
516.01 257.43
516.02 257.95
516.05 258.47
516.10 258.97
516.19 259.46
516.31 259.94
516.47 260.40
516.62 260.86
516.76 261.33
516.87 261.82
516.94 262.32
516.97 262.83
516.99 263.35
517.00 263.87
517.00 264.40
517.00 264.92
517.00 265.45
517.00 265.98
517.00 266.51
517.00 267.04
517.00 267.56
517.00 268.09
517.00 268.62
517.00 269.14
517.00 269.67
517.01 270.20
517.01 270.72
517.01 271.25
517.01 271.77
517.03 272.29
517.08 272.80
517.15 273.30
517.27 273.78
517.42 274.24
517.57 274.71
517.72 275.17
517.84 275.65
517.91 276.14
517.95 276.65
517.96 277.16
517.93 277.67
517.87 278.17
517.77 278.65
517.63 279.12
517.47 279.58
517.32 280.05
517.19 280.52
517.10 281.01
517.05 281.52
517.02 282.03
517.01 282.56
517.00 283.08
517.00 283.61
517.00 284.13
517.00 284.66
517.00 285.19
517.00 285.71
517.00 286.24
517.00 286.77
517.00 287.30
517.00 287.82
517.00 288.35
517.00 288.88
517.01 289.40
517.02 289.93
517.04 290.44
517.09 290.95
517.17 291.43
517.27 291.89
517.36 292.33
517.44 292.74
517.48 293.14
517.50 293.52
517.52 293.91
517.57 294.30
517.65 294.72
517.74 295.16
517.84 295.62
517.91 296.11
517.96 296.62
517.98 297.13
517.99 297.66
517.99 298.18
518.00 298.71
518.00 299.24
518.00 299.76
518.00 300.29
518.00 300.82
518.00 301.34
518.00 301.87
518.00 302.40
518.00 302.93
518.00 303.45
518.00 303.98
518.00 304.51
518.00 305.04
518.00 305.56
518.00 306.09
518.00 306.62
518.00 307.15
518.00 307.67
518.00 308.20
518.00 308.73
518.00 309.25
518.00 309.78
518.00 310.31
518.00 310.84
518.00 311.36
518.00 311.89
518.00 312.42
518.00 312.95
518.00 313.47
518.00 314.00
518.00 314.53
518.00 315.05
518.00 315.58
518.00 316.11
518.00 316.64
518.00 317.16
518.00 317.69
518.00 318.22
518.00 318.74
518.00 319.27
518.00 319.80
518.00 320.33
518.00 320.85
518.00 321.38
518.00 321.91
518.00 322.44
518.00 322.96
518.00 323.49
518.00 324.02
518.00 324.55
518.00 325.07
518.00 325.60
518.00 326.13
518.00 326.65
518.00 327.18
518.00 327.71
518.00 328.24
518.00 328.76
518.00 329.29
518.00 329.82
518.00 330.35
518.00 330.87
518.00 331.40
518.00 331.93
518.00 332.46
518.00 332.98
518.00 333.51
518.00 334.04
518.00 334.56
518.00 335.09
518.00 335.62
518.00 336.14
518.00 336.67
518.01 337.20
518.01 337.72
518.03 338.24
518.07 338.75
518.14 339.25
518.26 339.73
518.40 340.20
518.56 340.66
518.70 341.13
518.83 341.60
518.91 342.10
518.96 342.60
518.98 343.12
518.99 343.64
519.00 344.17
519.00 344.70
519.00 345.22
519.00 345.75
519.00 346.28
519.00 346.80
519.00 347.33
519.00 347.86
519.00 348.39
519.00 348.91
519.00 349.44
519.00 349.97
519.00 350.49
519.00 351.02
519.00 351.55
519.00 352.08
519.00 352.60
519.00 353.13
519.00 353.66
519.00 354.19
519.00 354.71
519.00 355.24
519.00 355.77
519.00 356.30
519.00 356.82
519.00 357.35
519.00 357.88
519.00 358.40
519.00 358.93
519.00 359.46
519.00 359.99
519.00 360.51
519.00 361.04
519.00 361.57
519.00 362.09
519.00 362.62
519.00 363.15
519.00 363.68
519.00 364.20
519.00 364.73
519.00 365.26
519.00 365.79
519.00 366.31
519.00 366.84
519.00 367.37
519.00 367.89
519.00 368.42
519.00 368.95
519.00 369.48
519.00 370.00
519.00 370.53
519.00 371.06
519.00 371.59
519.00 372.11
519.00 372.64
519.00 373.17
519.00 373.69
519.00 374.22
519.00 374.75
519.00 375.28
519.00 375.80
519.00 376.33
519.00 376.86
519.00 377.39
519.00 377.91
519.00 378.44
519.00 378.97
519.00 379.49
519.00 380.02
519.00 380.55
519.00 381.08
519.00 381.60
519.00 382.13
519.00 382.66
519.00 383.19
519.00 383.71
519.00 384.24
519.00 384.77
519.00 385.29
519.00 385.82
519.00 386.35
519.00 386.88
519.00 387.40
519.00 387.93
519.00 388.46
519.00 388.99
519.00 389.51
519.00 390.04
519.00 390.57
519.00 391.10
519.00 391.62
519.00 392.15
519.00 392.68
519.00 393.20
519.00 393.73
519.00 394.26
519.00 394.79
519.00 395.31
519.00 395.84
519.00 396.37
519.00 396.90
519.00 397.42
519.00 397.95
519.00 398.48
519.00 399.00
519.00 399.53
519.00 400.06
519.00 400.59
519.00 401.11
519.00 401.64
519.00 402.17
519.00 402.70
519.00 403.22
519.00 403.75
519.00 404.28
519.00 404.80
519.00 405.33
519.00 405.86
519.00 406.39
519.00 406.91
519.00 407.44
519.00 407.97
519.00 408.50
519.00 409.02
519.00 409.55
519.00 410.08
519.00 410.60
519.00 411.13
519.00 411.66
519.00 412.19
519.00 412.71
519.00 413.24
519.00 413.77
519.00 414.29
519.00 414.82
519.00 415.35
519.00 415.88
519.00 416.40
519.00 416.93
519.00 417.46
519.00 417.99
519.00 418.51
519.00 419.04
519.00 419.57
519.00 420.09
519.00 420.62
519.00 421.15
519.00 421.68
519.00 422.20
519.00 422.73
519.00 423.26
519.00 423.79
519.00 424.31
519.00 424.84
519.00 425.37
519.00 425.90
519.00 426.42
519.00 426.95
519.00 427.48
519.00 428.00
519.00 428.53
519.00 429.06
519.00 429.59
519.00 430.11
519.00 430.64
519.00 431.17
519.00 431.69
519.00 432.22
519.00 432.75
519.00 433.28
519.00 433.80
519.00 434.33
519.00 434.86
519.00 435.39
519.00 435.91
519.00 436.44
519.00 436.97
519.00 437.50
519.00 438.02
519.00 438.55
519.00 439.08
519.00 439.60
519.00 440.13
518.99 440.65
518.97 441.17
518.93 441.69
518.87 442.18
518.76 442.67
518.62 443.14
518.47 443.60
518.31 444.07
518.19 444.54
518.10 445.03
518.05 445.54
518.02 446.05
518.01 446.57
518.00 447.10
518.00 447.63
518.00 448.15
518.00 448.68
518.00 449.21
518.00 449.74
518.00 450.26
518.00 450.79
518.00 451.32
518.00 451.84
518.00 452.37
518.00 452.90
518.00 453.43
518.00 453.95
518.00 454.48
518.00 455.01
518.00 455.54
518.00 456.06
518.00 456.59
518.00 457.12
518.00 457.64
518.00 458.17
518.00 458.70
518.00 459.23
518.00 459.75
518.00 460.28
518.00 460.81
518.00 461.34
518.00 461.86
518.00 462.39
518.00 462.92
518.00 463.44
518.00 463.97
518.00 464.50
518.00 465.03
518.00 465.55
518.00 466.08
518.00 466.61
518.00 467.14
518.00 467.66
518.00 468.19
518.00 468.72
518.00 469.24
518.00 469.77
518.00 470.30
518.00 470.83
518.00 471.35
518.00 471.88
518.00 472.41
518.00 472.94
518.00 473.46
518.00 473.99
518.00 474.52
518.00 475.04
518.00 475.57
518.00 476.10
518.00 476.63
518.00 477.15
518.00 477.68
518.00 478.21
518.00 478.74
518.00 479.26
518.00 479.79
518.00 480.32
518.00 480.84
518.00 481.37
518.00 481.90
518.00 482.43
518.00 482.95
518.00 483.48
518.00 484.01
517.99 484.53
517.98 485.05
517.95 485.57
517.88 486.07
517.79 486.56
517.66 487.03
517.50 487.49
517.35 487.96
517.22 488.43
517.12 488.92
517.06 489.42
517.02 489.93
517.01 490.45
517.01 490.98
517.01 491.50
517.02 492.02
517.05 492.54
517.11 493.04
517.19 493.52
517.28 493.98
517.37 494.41
517.42 494.83
517.42 495.24
517.36 495.66
517.27 496.10
517.17 496.56
517.10 497.04
517.05 497.55
517.02 498.06
517.01 498.59
517.01 499.11
517.00 499.64
517.00 500.17
517.00 500.69
516.99 501.22
516.99 501.75
516.99 502.27
517.00 502.80
517.00 503.33
517.00 503.86
517.00 504.38
517.00 504.91
517.00 505.44
517.00 505.97
517.00 506.49
517.00 507.02
517.00 507.55
517.00 508.08
517.00 508.60
517.00 509.13
517.00 509.66
517.00 510.18
517.00 510.71
517.00 511.24
517.00 511.76
517.00 512.29
517.00 512.82
517.00 513.35
517.00 513.87
517.00 514.40
517.00 514.93
517.00 515.46
517.00 515.98
517.00 516.51
517.00 517.04
517.00 517.57
517.00 518.09
517.00 518.62
517.00 519.15
517.00 519.68
517.00 520.20
517.00 520.73
517.00 521.26
517.00 521.79
517.00 522.31
517.00 522.84
517.00 523.37
517.00 523.89
517.00 524.42
517.00 524.95
516.99 525.47
516.99 526.00
516.99 526.53
516.99 527.05
516.99 527.58
516.99 528.11
517.00 528.64
517.00 529.17
517.00 529.69
516.98 530.21
516.94 530.72
516.86 531.22
516.75 531.70
516.61 532.17
516.45 532.63
516.30 533.09
516.18 533.57
516.09 534.06
516.04 534.57
516.02 535.09
516.01 535.61
516.00 536.13
516.00 536.66
516.00 537.19
516.00 537.72
516.00 538.24
516.00 538.77
516.00 539.30
516.00 539.82
516.00 540.35
516.00 540.88
516.00 541.41
516.00 541.93
516.00 542.46
516.00 542.99
516.00 543.52
516.00 544.04
516.00 544.57
516.00 545.10
516.00 545.62
516.00 546.15
516.00 546.68
516.00 547.21
516.00 547.73
516.00 548.26
516.00 548.79
516.00 549.32
516.00 549.84
516.00 550.37
516.00 550.90
516.00 551.42
516.00 551.95
515.99 552.48
515.98 553.00
515.95 553.51
515.89 554.02
515.80 554.51
515.67 554.98
515.52 555.44
515.36 555.91
515.23 556.38
515.12 556.86
515.06 557.36
515.02 557.87
515.01 558.40
515.01 558.92
515.01 559.45
515.01 559.98
515.00 560.50
514.99 561.03
514.99 561.55
514.99 562.08
514.99 562.61
515.00 563.14
515.00 563.66
514.99 564.19
514.94 564.70
514.87 565.19
514.75 565.67
514.61 566.14
514.46 566.60
514.32 567.06
514.23 567.53
514.19 567.99
514.22 568.46
514.29 568.91
514.37 569.34
514.42 569.76
514.43 570.17
514.38 570.59
514.29 571.02
514.19 571.48
514.10 571.96
514.05 572.46
514.02 572.97
514.01 573.50
514.01 574.02
514.01 574.55
514.01 575.08
514.01 575.61
514.01 576.13
514.00 576.66
514.00 577.19
513.99 577.71
513.99 578.24
513.99 578.76
513.99 579.29
513.99 579.82
513.96 580.33
513.92 580.84
513.84 581.34
513.72 581.82
513.57 582.28
513.42 582.74
513.27 583.21
513.15 583.69
513.05 584.18
512.97 584.67
512.89 585.16
512.78 585.64
512.64 586.11
512.48 586.57
512.33 587.04
512.20 587.51
512.10 588.00
512.05 588.50
512.02 589.02
512.01 589.54
512.01 590.07
512.01 590.60
512.01 591.12
512.00 591.65
512.00 592.17
512.00 592.70
511.99 593.23
511.99 593.75
511.99 594.28
511.99 594.81
512.00 595.34
512.00 595.87
512.00 596.39
512.00 596.92
512.00 597.45
512.00 597.98
512.00 598.50
512.00 599.03
512.00 599.56
512.00 600.09
512.00 600.61
512.00 601.14
512.00 601.67
512.00 602.19
512.00 602.72
512.00 603.25
512.00 603.78
512.00 604.30
512.00 604.83
512.00 605.36
512.00 605.88
512.00 606.41
512.00 606.94
512.00 607.47
512.00 607.99
512.00 608.52
512.00 609.05
512.00 609.57
512.00 610.10
512.00 610.63
512.00 611.16
512.00 611.68
512.00 612.21
512.00 612.74
512.00 613.27
512.00 613.79
512.00 614.32
512.00 614.85
512.00 615.38
512.00 615.90
512.00 616.43
512.00 616.96
512.00 617.48
512.00 618.01
512.00 618.54
512.00 619.07
512.00 619.59
512.00 620.12
511.99 620.64
511.97 621.16
511.94 621.68
511.87 622.18
511.77 622.66
511.63 623.13
511.47 623.59
511.32 624.06
511.19 624.53
511.10 625.02
511.04 625.52
511.01 626.04
511.00 626.56
511.00 627.09
511.01 627.62
511.01 628.15
511.01 628.67
511.01 629.20
511.01 629.73
511.00 630.25
511.00 630.78
511.00 631.31
511.00 631.83
511.00 632.36
510.99 632.89
510.99 633.41
510.99 633.94
510.99 634.47
511.00 635.00
511.00 635.52
511.00 636.05
511.00 636.58
511.00 637.11
511.00 637.63
511.00 638.16
511.00 638.69
511.01 639.22
511.01 639.75
511.01 640.27
511.01 640.80
511.00 641.33
511.00 641.85
511.00 642.38
511.00 642.91
511.00 643.43
510.99 643.96
510.99 644.49
510.99 645.01
510.99 645.54
510.99 646.07
511.00 646.60
511.00 647.12
510.99 647.65
510.98 648.17
510.94 648.68
510.87 649.18
510.76 649.66
510.62 650.13
510.46 650.59
510.31 651.06
510.19 651.53
510.10 652.02
510.05 652.53
510.02 653.05
510.01 653.57
510.01 654.10
510.00 654.62
509.99 655.14
509.99 655.67
509.99 656.20
509.99 656.73
510.00 657.26
510.00 657.78
509.98 658.30
509.93 658.81
509.84 659.30
509.72 659.78
509.57 660.24
509.41 660.70
509.27 661.17
509.16 661.65
509.08 662.15
509.04 662.66
509.01 663.18
509.00 663.70
509.00 664.22
509.00 664.75
509.00 665.28
509.00 665.81
509.00 666.33
509.00 666.86
509.00 667.39
509.00 667.92
509.00 668.44
509.00 668.97
509.00 669.50
509.00 670.03
509.00 670.55
509.00 671.08
509.00 671.61
509.00 672.13
509.00 672.66
509.00 673.19
509.00 673.71
509.00 674.24
508.99 674.77
508.99 675.29
508.99 675.82
508.99 676.35
509.00 676.88
509.00 677.40
509.00 677.93
509.00 678.46
509.00 678.99
509.00 679.52
509.01 680.04
509.01 680.57
509.01 681.10
509.01 681.63
509.01 682.16
509.01 682.68
509.01 683.21
509.00 683.73
509.00 684.26
508.99 684.79
508.99 685.31
508.99 685.84
508.98 686.36
508.98 686.89
508.98 687.42
508.99 687.95
509.00 688.48
509.01 689.01
509.01 689.54
509.00 690.06
508.96 690.57
508.89 691.07
508.79 691.55
508.65 692.02
508.49 692.49
508.34 692.95
508.21 693.42
508.11 693.91
508.05 694.41
508.01 694.92
507.97 695.43
507.91 695.94
507.82 696.43
507.70 696.90
507.55 697.37
507.39 697.83
507.25 698.30
507.14 698.78
507.07 699.28
507.03 699.79
507.01 700.31
507.00 700.83
507.00 701.36
506.98 701.88
506.96 702.40
506.91 702.90
506.84 703.39
506.74 703.85
506.65 704.30
506.58 704.72
506.57 705.13
506.62 705.54
506.70 705.98
506.80 706.43
506.89 706.91
506.95 707.41
506.98 707.92
506.99 708.44
506.99 708.97
506.99 709.50
506.99 710.02
506.99 710.55
507.00 711.08
507.00 711.61
507.00 712.13
507.01 712.66
507.01 713.18
507.01 713.71
507.00 714.24
507.00 714.76
507.00 715.29
506.99 715.82
506.99 716.35
506.99 716.88
506.99 717.40
506.98 717.93
506.96 718.44
506.91 718.95
506.82 719.44
506.69 719.91
506.54 720.38
506.38 720.84
506.24 721.31
506.14 721.79
506.07 722.29
506.03 722.80
506.01 723.32
506.01 723.85
506.01 724.37
506.00 724.90
506.00 725.43
505.99 725.95
505.99 726.48
505.99 727.00
505.99 727.53
505.98 728.05
505.95 728.57
505.89 729.07
505.79 729.56
505.66 730.03
505.51 730.49
505.35 730.96
505.21 731.43
505.11 731.91
505.04 732.41
505.00 732.92
504.96 733.43
504.91 733.94
504.82 734.43
504.69 734.90
504.54 735.37
504.38 735.83
504.24 736.30
504.14 736.78
504.07 737.28
504.03 737.79
504.01 738.31
504.00 738.84
504.00 739.36
504.00 739.89
503.99 740.41
503.98 740.94
503.95 741.45
503.90 741.96
503.81 742.45
503.69 742.92
503.54 743.39
503.38 743.85
503.24 744.32
503.14 744.80
503.07 745.30
503.03 745.81
503.01 746.33
503.00 746.86
503.00 747.38
503.00 747.91
503.00 748.44
503.00 748.96
503.00 749.49
503.00 750.02
503.00 750.55
503.00 751.07
502.99 751.60
502.97 752.12
502.94 752.63
502.87 753.13
502.77 753.62
502.64 754.09
502.48 754.55
502.33 755.01
502.20 755.49
502.11 755.98
502.05 756.48
502.02 757.00
502.01 757.52
502.00 758.04
502.00 758.57
502.00 759.10
502.00 759.62
502.00 760.15
502.00 760.68
502.00 761.21
502.00 761.73
502.00 762.26
502.00 762.79
502.00 763.31
502.00 763.84
502.00 764.37
502.00 764.90
502.00 765.42
502.00 765.95
502.00 766.48
502.00 767.00
502.00 767.53
502.00 768.06
502.00 768.59
502.00 769.11
502.00 769.64
502.00 770.17
502.00 770.70
502.00 771.22
502.00 771.75
502.00 772.28
502.00 772.81
502.00 773.33
502.00 773.86
502.00 774.39
502.00 774.92
502.00 775.44
502.00 775.97
502.00 776.50
502.00 777.02
502.00 777.55
501.99 778.08
501.99 778.60
501.97 779.12
501.94 779.64
501.88 780.14
501.77 780.62
501.64 781.09
501.48 781.55
501.33 782.02
501.20 782.49
501.11 782.98
501.05 783.49
501.02 784.00
501.01 784.52
501.00 785.05
500.99 785.57
500.99 786.10
500.99 786.62
501.00 787.15
501.00 787.68
500.98 788.20
500.94 788.71
500.86 789.21
500.75 789.69
500.60 790.15
500.44 790.62
500.30 791.08
500.18 791.56
500.09 792.05
500.04 792.56
500.02 793.07
500.01 793.60
500.00 794.12
500.00 794.65
500.00 795.18
500.00 795.70
500.00 796.23
500.00 796.76
500.00 797.29
500.00 797.81
500.00 798.34
500.00 798.87
500.00 799.40
500.00 799.92
500.00 800.45
500.00 800.98
500.00 801.51
500.00 802.03
500.00 802.56
500.00 803.08
499.99 803.61
499.97 804.13
499.94 804.64
499.88 805.14
499.78 805.63
499.65 806.10
499.49 806.57
499.34 807.03
499.20 807.50
499.10 807.99
499.04 808.49
499.01 809.00
499.00 809.53
499.01 810.06
499.01 810.59
499.01 811.11
499.01 811.64
499.00 812.16
499.00 812.69
498.99 813.21
498.98 813.74
498.96 814.26
498.92 814.77
498.85 815.27
498.74 815.75
498.60 816.21
498.44 816.68
498.29 817.14
498.17 817.62
498.09 818.11
498.04 818.62
498.01 819.14
498.01 819.66
498.00 820.19
498.00 820.71
498.01 821.24
498.00 821.77
498.00 822.29
498.00 822.82
497.99 823.35
497.99 823.87
497.99 824.40
497.98 824.92
497.96 825.44
497.91 825.95
497.82 826.44
497.69 826.91
497.54 827.38
497.38 827.84
497.24 828.31
497.14 828.79
497.07 829.29
497.03 829.80
497.01 830.32
497.00 830.85
497.00 831.37
497.00 831.90
497.00 832.43
497.00 832.95
497.00 833.48
497.00 834.01
496.99 834.53
496.98 835.05
496.95 835.57
496.89 836.07
496.79 836.56
496.66 837.03
496.50 837.49
496.35 837.96
496.22 838.43
496.12 838.91
496.06 839.42
496.02 839.93
496.01 840.45
496.00 840.98
496.00 841.50
496.00 842.03
496.00 842.56
496.00 843.08
496.00 843.61
496.00 844.14
496.00 844.67
496.00 845.19
496.00 845.72
496.00 846.25
496.00 846.78
496.00 847.30
496.00 847.83
496.00 848.36
496.00 848.88
495.99 849.41
495.98 849.93
495.96 850.45
495.90 850.95
495.81 851.44
495.69 851.92
495.54 852.38
495.38 852.85
495.25 853.32
495.14 853.80
495.07 854.30
495.03 854.81
495.01 855.33
494.99 855.85
494.99 856.38
494.99 856.90
495.00 857.43
494.99 857.96
494.96 858.47
494.90 858.98
494.81 859.46
494.67 859.93
494.52 860.40
494.36 860.86
494.23 861.33
494.13 861.82
494.06 862.32
494.03 862.83
494.00 863.35
493.99 863.87
493.96 864.38
493.91 864.89
493.83 865.38
493.71 865.86
493.56 866.33
493.40 866.79
493.26 867.26
493.15 867.74
493.07 868.24
493.03 868.75
493.01 869.26
493.00 869.79
493.00 870.31
492.99 870.84
492.96 871.35
492.91 871.86
492.83 872.35
492.72 872.83
492.57 873.30
492.41 873.76
492.27 874.23
492.15 874.71
492.08 875.20
492.04 875.71
492.01 876.23
492.01 876.76
492.00 877.28
492.00 877.81
492.00 878.33
491.99 878.86
492.00 879.39
492.00 879.92
492.00 880.45
492.00 880.97
492.01 881.50
492.01 882.03
492.01 882.56
492.01 883.08
492.00 883.61
492.00 884.13
491.99 884.66
491.99 885.19
491.99 885.71
491.99 886.24
491.99 886.77
491.97 887.29
491.93 887.80
491.85 888.29
491.74 888.77
491.60 889.23
491.47 889.68
491.38 890.12
491.35 890.56
491.40 891.01
491.51 891.45
491.64 891.90
491.77 892.37
491.88 892.85
491.94 893.35
491.97 893.86
491.99 894.39
491.99 894.91
491.99 895.44
491.99 895.96
491.99 896.49
492.00 897.01
492.00 897.54
492.01 898.07
492.01 898.60
492.01 899.13
492.01 899.66
492.01 900.18
492.01 900.71
492.00 901.24
492.00 901.76
491.99 902.29
491.99 902.81
491.98 903.34
491.98 903.87
491.98 904.39
491.99 904.92
492.00 905.45
492.00 905.98
492.01 906.51
492.00 907.03
491.96 907.55
491.90 908.05
491.79 908.53
491.65 909.00
491.50 909.46
491.34 909.93
491.21 910.40
491.10 910.88
491.02 911.37
490.94 911.87
490.84 912.36
490.72 912.83
490.56 913.30
490.40 913.75
490.24 914.22
490.09 914.68
489.95 915.15
489.81 915.62
489.65 916.08
489.49 916.54
489.34 917.00
489.20 917.48
489.11 917.97
489.05 918.47
489.02 918.98
489.01 919.50
489.00 920.03
489.00 920.56
489.00 921.08
489.00 921.61
489.00 922.14
489.00 922.66
488.99 923.19
488.99 923.71
488.97 924.23
488.93 924.74
488.85 925.24
488.74 925.72
488.58 926.18
488.40 926.64
488.20 927.08
487.99 927.52
487.78 927.96
487.58 928.41
487.40 928.86
487.25 929.32
487.14 929.80
487.07 930.30
487.03 930.81
487.01 931.33
487.00 931.86
487.00 932.38
487.00 932.91
487.00 933.44
487.00 933.96
487.00 934.49
487.00 935.02
487.00 935.55
487.00 936.07
487.00 936.60
487.00 937.13
487.00 937.65
487.00 938.18
487.00 938.71
487.00 939.24
487.00 939.76
487.00 940.29
487.00 940.82
487.00 941.35
487.00 941.87
487.00 942.40
487.00 942.93
487.00 943.46
487.00 943.98
487.00 944.51
487.00 945.04
487.00 945.56
487.00 946.09
487.00 946.62
487.00 947.14
487.00 947.67
486.99 948.20
486.99 948.72
486.97 949.24
486.93 949.75
486.86 950.25
486.74 950.73
486.60 951.20
486.44 951.66
486.30 952.13
486.17 952.60
486.09 953.10
486.04 953.60
486.02 954.12
486.01 954.64
486.00 955.17
486.00 955.69
486.00 956.22
485.98 956.74
485.96 957.25
485.90 957.75
485.80 958.21
485.64 958.64
485.41 959.02
485.13 959.38
484.84 959.72
484.56 960.08
484.34 960.47
484.18 960.90
484.08 961.37
484.04 961.86
484.01 962.38
484.01 962.90
484.00 963.42
484.00 963.95
483.99 964.47
483.98 965.00
483.95 965.51
483.89 966.02
483.80 966.50
483.67 966.98
483.52 967.44
483.36 967.91
483.23 968.38
483.12 968.86
483.06 969.36
483.02 969.87
483.01 970.40
483.01 970.92
483.01 971.45
483.01 971.98
483.00 972.50
483.00 973.03
483.00 973.55
482.99 974.08
482.99 974.61
482.99 975.13
482.99 975.66
483.00 976.19
482.99 976.71
482.97 977.23
482.93 977.75
482.86 978.24
482.75 978.72
482.60 979.19
482.44 979.65
482.30 980.12
482.17 980.59
482.09 981.09
482.04 981.59
482.02 982.11
482.01 982.63
482.00 983.16
482.00 983.69
482.00 984.21
482.00 984.74
482.00 985.27
482.00 985.79
482.00 986.32
482.00 986.85
482.00 987.38
482.00 987.90
482.00 988.43
482.00 988.96
482.00 989.49
482.00 990.01
482.00 990.54
482.00 991.07
482.00 991.59
482.00 992.12
481.99 992.64
481.97 993.17
481.93 993.68
481.86 994.17
481.73 994.65
481.55 995.10
481.31 995.53
481.03 995.94
480.74 996.34
480.46 996.76
480.20 997.18
479.96 997.61
479.75 998.04
479.55 998.49
479.37 998.94
479.22 999.41
479.11 999.89
479.02 1000.38
478.94 1000.87
478.84 1001.36
478.72 1001.84
478.57 1002.30
478.41 1002.76
478.27 1003.23
478.15 1003.71
478.08 1004.21
478.03 1004.72
478.01 1005.23
478.01 1005.76
478.00 1006.29
478.00 1006.81
478.00 1007.34
478.00 1007.86
478.00 1008.39
478.00 1008.92
478.00 1009.45
478.00 1009.97
478.00 1010.50
478.00 1011.03
478.00 1011.56
478.00 1012.08
477.99 1012.61
477.98 1013.13
477.94 1013.64
477.88 1014.14
477.79 1014.61
477.69 1015.07
477.61 1015.50
477.57 1015.91
477.57 1016.32
477.61 1016.73
477.65 1017.14
477.66 1017.57
477.64 1017.99
477.59 1018.40
477.56 1018.81
477.57 1019.22
477.63 1019.64
477.72 1020.07
477.82 1020.53
477.90 1021.01
477.95 1021.52
477.97 1022.03
477.99 1022.55
477.98 1023.07
477.95 1023.59
477.88 1024.09
477.78 1024.57
477.64 1025.04
477.49 1025.50
477.33 1025.97
477.21 1026.44
477.11 1026.93
477.05 1027.43
477.02 1027.95
477.01 1028.47
477.00 1028.99
476.99 1029.52
476.98 1030.04
476.95 1030.55
476.89 1031.06
476.80 1031.55
476.67 1032.02
476.52 1032.49
476.37 1032.95
476.22 1033.42
476.12 1033.90
476.05 1034.40
476.01 1034.91
476.00 1035.44
476.01 1035.96
476.01 1036.49
476.01 1037.02
476.00 1037.54
475.98 1038.06
475.94 1038.57
475.88 1039.08
475.79 1039.56
475.66 1040.04
475.50 1040.50
475.35 1040.96
475.22 1041.44
475.12 1041.92
475.06 1042.43
475.02 1042.94
475.01 1043.46
475.00 1043.99
475.00 1044.51
475.00 1045.04
475.00 1045.57
475.00 1046.09
475.00 1046.62
475.00 1047.15
475.00 1047.67
475.00 1048.20
475.00 1048.73
475.00 1049.26
475.00 1049.78
475.00 1050.31
475.00 1050.84
474.99 1051.36
474.98 1051.89
474.96 1052.40
474.91 1052.91
474.82 1053.40
474.70 1053.88
474.55 1054.34
474.39 1054.80
474.23 1055.26
474.08 1055.73
473.94 1056.20
473.80 1056.67
473.64 1057.13
473.47 1057.59
473.32 1058.05
473.19 1058.53
473.10 1059.02
473.05 1059.52
473.02 1060.04
473.01 1060.56
473.00 1061.08
473.00 1061.61
473.00 1062.14
473.00 1062.66
473.00 1063.19
472.99 1063.71
472.97 1064.23
472.93 1064.74
472.86 1065.24
472.75 1065.72
472.60 1066.19
472.45 1066.65
472.30 1067.12
472.18 1067.60
472.09 1068.09
472.04 1068.59
472.01 1069.11
472.00 1069.63
471.98 1070.15
471.94 1070.66
471.87 1071.16
471.77 1071.64
471.63 1072.12
471.47 1072.58
471.32 1073.04
471.19 1073.52
471.10 1074.01
471.05 1074.51
471.02 1075.03
471.01 1075.55
471.00 1076.07
470.99 1076.60
470.98 1077.12
470.94 1077.63
470.88 1078.13
470.78 1078.62
470.64 1079.09
470.49 1079.55
470.33 1080.01
470.20 1080.49
470.11 1080.98
470.05 1081.48
470.02 1081.99
470.00 1082.51
469.98 1083.03
469.95 1083.55
469.89 1084.05
469.79 1084.54
469.66 1085.01
469.51 1085.47
469.35 1085.94
469.22 1086.41
469.11 1086.89
469.02 1087.38
468.94 1087.87
468.84 1088.36
468.71 1088.83
468.54 1089.29
468.35 1089.74
468.15 1090.18
467.93 1090.62
467.72 1091.06
467.50 1091.50
467.28 1091.93
467.06 1092.37
466.85 1092.81
466.63 1093.24
466.41 1093.68
466.19 1094.12
465.00 1106.81
465.00 1107.33
464.99 1107.86
464.99 1108.38
464.99 1108.91
464.99 1109.44
464.98 1109.96
464.96 1110.48
464.90 1110.98
464.81 1111.47
464.69 1111.95
464.54 1112.42
464.39 1112.88
464.24 1113.35
464.13 1113.83
464.05 1114.32
464.01 1114.83
464.00 1115.35
464.00 1115.88
464.01 1116.41
464.01 1116.94
464.02 1117.47
464.01 1118.00
464.01 1118.52
464.00 1119.05
463.99 1119.57
463.99 1120.10
463.99 1120.62
463.99 1121.15
464.00 1121.68
464.00 1122.21
464.00 1122.74
464.01 1123.27
464.00 1123.79
464.00 1124.32
464.00 1124.85
463.99 1125.37
463.98 1125.89
463.96 1126.41
463.91 1126.92
463.82 1127.41
463.70 1127.89
463.55 1128.35
463.40 1128.81
463.25 1129.28
463.13 1129.76
463.04 1130.25
462.96 1130.74
462.87 1131.23
462.75 1131.71
462.60 1132.18
462.44 1132.64
462.28 1133.10
462.13 1133.56
461.99 1134.03
461.85 1134.50
461.70 1134.97
461.54 1135.43
461.38 1135.89
461.24 1136.36
461.13 1136.84
461.06 1137.34
461.03 1137.85
461.01 1138.37
461.00 1138.90
461.00 1139.42
461.00 1139.95
461.00 1140.48
461.00 1141.00
461.00 1141.53
461.00 1142.06
460.99 1142.58
460.98 1143.10
460.94 1143.62
460.88 1144.12
460.78 1144.60
460.66 1145.07
460.52 1145.52
460.42 1145.97
460.36 1146.41
460.38 1146.85
460.47 1147.29
460.60 1147.74
460.73 1148.20
460.84 1148.68
460.92 1149.17
460.96 1149.68
460.98 1150.20
460.99 1150.72
460.99 1151.25
460.99 1151.77
460.97 1152.29
460.93 1152.80
460.85 1153.29
460.73 1153.77
460.58 1154.24
460.42 1154.70
460.27 1155.17
460.15 1155.64
460.06 1156.13
459.98 1156.63
459.90 1157.12
459.79 1157.60
459.65 1158.07
459.50 1158.53
459.34 1159.00
459.21 1159.47
459.11 1159.95
459.04 1160.46
459.01 1160.97
459.00 1161.49
459.00 1162.02
459.00 1162.55
459.00 1163.08
459.01 1163.60
459.01 1164.13
459.01 1164.66
459.01 1165.19
459.01 1165.71
459.01 1166.24
459.00 1166.77
459.00 1167.29
459.00 1167.82
459.00 1168.35
458.99 1168.87
458.99 1169.40
458.99 1169.93
458.99 1170.45
458.99 1170.98
458.99 1171.51
458.98 1172.03
458.95 1172.54
458.89 1173.05
458.80 1173.53
458.66 1174.01
458.51 1174.47
458.35 1174.93
458.22 1175.41
458.12 1175.89
458.06 1176.39
458.02 1176.91
458.01 1177.43
458.00 1177.95
457.99 1178.48
457.98 1179.00
457.95 1179.51
457.89 1180.02
457.80 1180.50
457.67 1180.98
457.52 1181.44
457.36 1181.91
457.23 1182.38
457.13 1182.86
457.06 1183.36
457.02 1183.87
457.00 1184.39
456.99 1184.91
456.96 1185.43
456.91 1185.93
456.82 1186.42
456.70 1186.90
456.55 1187.37
456.39 1187.83
456.25 1188.30
456.14 1188.78
456.07 1189.28
456.03 1189.79
456.01 1190.31
455.99 1190.83
455.96 1191.34
455.92 1191.85
455.84 1192.35
455.72 1192.82
455.57 1193.29
455.41 1193.75
455.27 1194.22
455.15 1194.70
455.08 1195.19
455.02 1195.70
454.98 1196.21
454.94 1196.72
454.86 1197.21
454.75 1197.70
454.61 1198.17
454.46 1198.63
454.31 1199.09
454.18 1199.57
454.09 1200.06
454.03 1200.56
453.99 1201.07
453.95 1201.58
453.89 1202.08
453.79 1202.57
453.65 1203.04
453.50 1203.50
453.34 1203.97
453.21 1204.44
453.11 1204.93
453.05 1205.43
453.02 1205.94
453.00 1206.46
452.98 1206.98
452.95 1207.50
452.90 1208.00
452.81 1208.49
452.68 1208.97
452.53 1209.43
452.37 1209.89
452.23 1210.36
452.13 1210.84
452.06 1211.34
452.03 1211.86
452.02 1212.38
452.02 1212.91
452.01 1213.44
452.01 1213.96
452.00 1214.48
451.99 1215.01
451.98 1215.53
451.98 1216.06
451.98 1216.58
451.99 1217.11
452.00 1217.65
452.01 1218.18
452.01 1218.71
451.99 1219.23
451.94 1219.73
451.86 1220.22
451.74 1220.70
451.59 1221.17
451.43 1221.63
451.29 1222.10
451.17 1222.58
451.09 1223.07
451.03 1223.57
450.99 1224.09
450.95 1224.59
450.88 1225.09
450.79 1225.58
450.65 1226.05
450.50 1226.52
450.34 1226.98
450.21 1227.45
450.11 1227.94
450.05 1228.44
450.02 1228.96
450.01 1229.48
450.00 1230.00
450.00 1230.53
450.00 1231.06
450.00 1231.58
450.00 1232.11
450.00 1232.64
450.00 1233.17
450.00 1233.69
450.00 1234.22
449.99 1234.74
449.99 1235.27
449.99 1235.80
449.97 1236.31
449.92 1236.82
449.84 1237.32
449.73 1237.80
449.58 1238.26
449.42 1238.72
449.27 1239.19
449.16 1239.67
449.08 1240.17
449.04 1240.67
449.01 1241.19
449.00 1241.72
449.00 1242.24
448.99 1242.76
448.97 1243.28
448.92 1243.79
448.85 1244.29
448.73 1244.77
448.59 1245.23
448.43 1245.70
448.28 1246.16
448.16 1246.64
448.08 1247.13
448.03 1247.64
448.01 1248.16
448.00 1248.68
447.98 1249.20
447.94 1249.71
447.86 1250.21
447.75 1250.69
447.60 1251.15
447.45 1251.62
447.30 1252.08
447.18 1252.56
447.09 1253.05
447.04 1253.56
447.01 1254.07
447.00 1254.59
446.98 1255.11
446.94 1255.62
446.88 1256.13
446.78 1256.61
446.64 1257.08
446.49 1257.54
446.33 1258.01
446.20 1258.48
446.09 1258.96
446.01 1259.46
445.92 1259.95
445.82 1260.43
445.68 1260.90
445.52 1261.36
445.32 1261.81
445.12 1262.25
444.91 1262.69
444.71 1263.14
444.51 1263.58
444.34 1264.04
444.20 1264.51
444.10 1264.99
444.04 1265.50
444.01 1266.01
444.00 1266.53
444.00 1267.06
444.00 1267.59
444.01 1268.12
444.01 1268.65
444.01 1269.17
444.01 1269.70
444.01 1270.23
444.00 1270.75
444.00 1271.28
444.00 1271.80
443.99 1272.33
443.99 1272.86
443.99 1273.38
443.99 1273.91
443.99 1274.44
444.00 1274.97
444.00 1275.50
443.99 1276.02
443.96 1276.53
443.90 1277.04
443.80 1277.52
443.67 1278.00
443.51 1278.46
443.36 1278.92
443.22 1279.39
443.12 1279.88
443.05 1280.38
443.01 1280.89
442.97 1281.40
442.92 1281.90
442.83 1282.39
442.70 1282.87
442.55 1283.33
442.39 1283.79
442.25 1284.26
442.13 1284.74
442.04 1285.23
441.96 1285.73
441.87 1286.22
441.76 1286.70
441.61 1287.16
441.46 1287.63
441.31 1288.09
441.18 1288.57
441.10 1289.06
441.04 1289.56
441.01 1290.08
441.00 1290.60
440.98 1291.12
440.94 1291.63
440.88 1292.13
440.77 1292.62
440.64 1293.09
440.48 1293.55
440.33 1294.01
440.20 1294.49
440.11 1294.98
440.05 1295.48
440.02 1295.99
440.01 1296.52
440.00 1297.04
439.99 1297.56
439.98 1298.09
439.94 1298.60
439.88 1299.10
439.78 1299.59
439.65 1300.06
439.49 1300.52
439.34 1300.98
439.21 1301.46
439.11 1301.95
439.05 1302.45
439.02 1302.96
439.00 1303.48
438.98 1304.00
438.95 1304.52
438.89 1305.02
438.80 1305.51
438.67 1305.98
438.52 1306.45
438.36 1306.91
438.23 1307.38
438.12 1307.86
438.05 1308.36
438.01 1308.87
437.97 1309.38
437.92 1309.89
437.83 1310.38
437.71 1310.86
437.57 1311.32
437.41 1311.79
437.26 1312.25
437.15 1312.73
437.07 1313.23
437.03 1313.74
437.01 1314.26
437.01 1314.78
437.00 1315.31
437.00 1315.83
436.99 1316.36
436.98 1316.88
436.96 1317.40
436.91 1317.91
436.82 1318.40
436.70 1318.87
436.55 1319.34
436.40 1319.80
436.25 1320.27
436.14 1320.75
436.07 1321.25
436.03 1321.76
436.01 1322.28
435.99 1322.80
435.97 1323.31
435.92 1323.82
435.84 1324.32
435.72 1324.80
435.58 1325.26
435.42 1325.73
435.28 1326.19
435.16 1326.67
435.08 1327.17
435.04 1327.68
435.01 1328.19
435.00 1328.71
434.99 1329.24
434.99 1329.76
434.97 1330.28
434.93 1330.79
434.85 1331.29
434.73 1331.77
434.59 1332.23
434.43 1332.70
434.28 1333.16
434.16 1333.64
434.08 1334.14
434.04 1334.64
434.01 1335.16
433.99 1335.68
433.97 1336.20
433.93 1336.71
433.86 1337.21
433.76 1337.69
433.62 1338.16
433.46 1338.62
433.31 1339.09
433.18 1339.56
433.10 1340.05
433.04 1340.56
433.02 1341.08
433.01 1341.60
433.00 1342.12
432.99 1342.65
432.97 1343.17
432.93 1343.68
432.87 1344.18
432.76 1344.66
432.62 1345.13
432.47 1345.59
432.32 1346.06
432.19 1346.53
432.10 1347.02
432.05 1347.53
432.02 1348.04
432.00 1348.56
431.98 1349.08
431.94 1349.59
431.88 1350.10
431.78 1350.58
431.65 1351.05
431.49 1351.52
431.34 1351.98
431.20 1352.45
431.10 1352.94
431.01 1353.43
430.93 1353.92
430.83 1354.41
430.70 1354.88
430.55 1355.35
430.40 1355.81
430.25 1356.28
430.14 1356.76
430.07 1357.25
430.02 1357.76
429.98 1358.27
429.93 1358.78
429.85 1359.27
429.74 1359.75
429.59 1360.22
429.44 1360.68
429.29 1361.15
429.17 1361.63
429.09 1362.12
429.04 1362.63
429.01 1363.14
429.00 1363.67
429.00 1364.19
428.99 1364.72
428.97 1365.24
428.93 1365.75
428.86 1366.24
428.75 1366.73
428.61 1367.20
428.45 1367.66
428.30 1368.12
428.18 1368.60
428.08 1369.09
428.03 1369.59
427.99 1370.10
427.95 1370.61
427.88 1371.11
427.78 1371.60
427.64 1372.07
427.49 1372.53
427.33 1372.99
427.20 1373.46
427.09 1373.95
427.01 1374.44
426.93 1374.94
426.83 1375.42
426.71 1375.90
426.56 1376.36
426.40 1376.83
426.26 1377.29
426.14 1377.77
426.06 1378.27
426.02 1378.78
426.00 1379.30
426.00 1379.83
426.01 1380.35
426.01 1380.88
426.00 1381.41
425.99 1381.93
425.96 1382.44
425.90 1382.95
425.81 1383.44
425.69 1383.91
425.54 1384.38
425.39 1384.84
425.24 1385.31
425.13 1385.79
425.04 1386.28
424.96 1386.77
424.87 1387.26
424.75 1387.74
424.61 1388.21
424.45 1388.67
424.30 1389.14
424.17 1389.61
424.08 1390.10
424.03 1390.61
423.99 1391.12
423.95 1391.63
423.88 1392.13
423.78 1392.61
423.64 1393.08
423.48 1393.55
423.33 1394.01
423.20 1394.48
423.10 1394.97
423.04 1395.47
423.01 1395.98
422.97 1396.49
422.90 1397.00
422.80 1397.48
422.67 1397.95
422.52 1398.42
422.36 1398.88
422.23 1399.35
422.13 1399.84
422.06 1400.34
422.03 1400.85
422.01 1401.37
422.00 1401.89
422.00 1402.42
421.99 1402.95
421.99 1403.47
421.98 1404.00
421.95 1404.51
421.90 1405.01
421.80 1405.50
421.67 1405.97
421.51 1406.44
421.36 1406.90
421.22 1407.37
421.12 1407.86
421.05 1408.36
421.01 1408.87
420.97 1409.38
420.92 1409.88
420.83 1410.37
420.71 1410.85
420.57 1411.32
420.41 1411.78
420.26 1412.25
420.15 1412.73
420.07 1413.22
420.03 1413.73
420.01 1414.25
419.99 1414.77
419.97 1415.29
419.92 1415.80
419.85 1416.29
419.73 1416.77
419.59 1417.24
419.43 1417.70
419.28 1418.17
419.16 1418.65
419.08 1419.14
419.03 1419.64
418.99 1420.16
418.94 1420.66
418.87 1421.16
418.77 1421.65
418.63 1422.12
418.47 1422.58
418.32 1423.04
418.19 1423.52
418.09 1424.00
418.00 1424.49
417.92 1424.99
417.82 1425.47
417.69 1425.94
417.54 1426.41
417.38 1426.87
417.24 1427.34
417.13 1427.82
417.06 1428.32
417.02 1428.83
417.00 1429.35
416.99 1429.87
416.96 1430.39
416.91 1430.90
416.83 1431.39
416.71 1431.87
416.56 1432.33
416.40 1432.79
416.26 1433.26
416.14 1433.74
416.04 1434.23
415.96 1434.72
415.87 1435.21
415.76 1435.69
415.61 1436.16
415.46 1436.62
415.31 1437.08
415.18 1437.56
415.09 1438.05
415.04 1438.55
414.99 1439.07
414.95 1439.58
414.89 1440.08
414.79 1440.56
414.66 1441.04
414.51 1441.50
414.35 1441.96
414.22 1442.43
414.11 1442.92
414.04 1443.42
414.00 1443.93
413.96 1444.44
413.91 1444.94
413.82 1445.43
413.69 1445.91
413.54 1446.37
413.38 1446.83
413.24 1447.30
413.13 1447.79
413.06 1448.28
413.02 1448.79
412.98 1449.30
412.93 1449.81
412.85 1450.30
412.74 1450.78
412.59 1451.25
412.43 1451.71
412.28 1452.18
412.16 1452.66
412.08 1453.15
412.03 1453.66
411.99 1454.17
411.95 1454.68
411.87 1455.17
411.76 1455.65
411.62 1456.12
411.46 1456.58
411.31 1457.05
411.19 1457.52
411.10 1458.02
411.05 1458.52
411.02 1459.04
411.01 1459.56
411.00 1460.08
410.99 1460.61
410.97 1461.13
410.94 1461.64
410.87 1462.14
410.77 1462.62
410.64 1463.10
410.48 1463.56
410.33 1464.02
410.20 1464.50
410.10 1464.99
410.04 1465.49
410.00 1466.00
409.96 1466.51
409.90 1467.01
409.80 1467.50
409.68 1467.97
409.52 1468.44
409.37 1468.90
409.23 1469.37
409.11 1469.85
409.03 1470.34
408.95 1470.83
408.85 1471.32
408.73 1471.80
408.58 1472.26
408.42 1472.72
408.28 1473.19
408.16 1473.67
408.08 1474.16
408.03 1474.67
407.99 1475.18
407.94 1475.69
407.87 1476.19
407.76 1476.67
407.62 1477.14
407.47 1477.60
407.31 1478.07
407.19 1478.54
407.10 1479.03
407.04 1479.53
407.00 1480.04
406.95 1480.55
406.89 1481.05
406.80 1481.54
406.67 1482.02
406.52 1482.48
406.36 1482.94
406.22 1483.41
406.12 1483.90
406.05 1484.40
406.00 1484.90
405.96 1485.42
405.91 1485.92
405.82 1486.41
405.70 1486.89
405.55 1487.35
405.39 1487.81
405.25 1488.28
405.14 1488.76
405.06 1489.26
405.02 1489.77
404.98 1490.28
404.93 1490.79
404.85 1491.28
404.74 1491.76
404.59 1492.23
404.44 1492.69
404.29 1493.16
404.16 1493.63
404.07 1494.12
403.98 1494.61
403.89 1495.10
403.78 1495.58
403.64 1496.05
403.48 1496.52
403.33 1496.98
403.20 1497.45
403.10 1497.94
403.01 1498.43
402.93 1498.92
402.83 1499.41
402.70 1499.88
402.55 1500.35
402.39 1500.81
402.25 1501.28
402.14 1501.76
402.07 1502.26
402.02 1502.76
401.98 1503.27
401.93 1503.78
401.85 1504.28
401.74 1504.76
401.59 1505.22
401.44 1505.69
401.29 1506.15
401.16 1506.63
401.06 1507.11
400.98 1507.61
400.89 1508.10
400.79 1508.58
400.65 1509.05
400.49 1509.51
400.34 1509.98
400.21 1510.45
400.11 1510.94
400.05 1511.44
400.02 1511.95
400.00 1512.47
399.99 1512.99
399.96 1513.51
399.90 1514.01
399.80 1514.50
399.66 1514.97
399.51 1515.43
399.36 1515.90
399.22 1516.37
399.12 1516.86
399.06 1517.36
399.03 1517.87
399.01 1518.39
399.00 1518.91
398.99 1519.44
398.98 1519.96
398.95 1520.48
398.90 1520.98
398.81 1521.47
398.68 1521.94
398.53 1522.41
398.36 1522.87
398.21 1523.33
398.06 1523.80
397.92 1524.27
397.77 1524.73
397.62 1525.19
397.45 1525.65
397.30 1526.12
397.18 1526.59
397.09 1527.09
397.04 1527.59
397.01 1528.11
397.00 1528.63
396.98 1529.15
396.94 1529.66
396.87 1530.16
396.77 1530.64
396.63 1531.11
396.47 1531.57
396.30 1532.03
396.15 1532.50
396.01 1532.97
395.87 1533.43
395.72 1533.90
395.56 1534.36
395.40 1534.82
395.25 1535.29
395.14 1535.77
395.07 1536.27
395.03 1536.78
395.01 1537.30
394.99 1537.82
394.97 1538.33
394.92 1538.84
394.84 1539.34
394.72 1539.81
394.58 1540.28
394.42 1540.74
394.27 1541.21
394.15 1541.69
394.05 1542.17
393.97 1542.67
393.89 1543.16
393.77 1543.64
393.63 1544.11
393.48 1544.57
393.32 1545.03
393.19 1545.51
393.09 1545.99
393.00 1546.48
392.92 1546.98
392.82 1547.46
392.69 1547.94
392.54 1548.40
392.38 1548.86
392.24 1549.33
392.13 1549.81
392.06 1550.31
392.02 1550.82
391.98 1551.33
391.93 1551.84
391.84 1552.33
391.72 1552.80
391.57 1553.27
391.41 1553.73
391.27 1554.20
391.15 1554.68
391.08 1555.18
391.02 1555.68
390.99 1556.19
390.94 1556.70
390.87 1557.20
390.76 1557.68
390.62 1558.15
390.47 1558.61
390.31 1559.08
390.19 1559.55
390.10 1560.04
390.04 1560.55
390.00 1561.06
389.95 1561.57
389.89 1562.07
389.79 1562.55
389.66 1563.03
389.50 1563.49
389.35 1563.95
389.22 1564.42
389.12 1564.91
389.05 1565.41
389.01 1565.92
388.97 1566.43
388.91 1566.93
388.82 1567.42
388.70 1567.90
388.55 1568.36
388.39 1568.83
388.25 1569.30
388.14 1569.78
388.06 1570.27
388.02 1570.78
387.98 1571.29
387.93 1571.80
387.84 1572.29
387.73 1572.77
387.58 1573.24
387.42 1573.70
387.26 1574.16
387.11 1574.62
386.97 1575.09
386.82 1575.56
386.66 1576.02
386.48 1576.47
386.27 1576.91
386.06 1577.35
385.82 1577.78
385.56 1578.20
385.27 1578.61
384.95 1579.00
384.60 1579.39
384.24 1579.76
383.87 1580.14
383.50 1580.51
383.15 1580.89
382.83 1581.29
382.56 1581.70
382.35 1582.14
382.19 1582.61
382.10 1583.09
382.05 1583.59
382.04 1584.10
382.06 1584.61
382.12 1585.11
382.22 1585.60
382.35 1586.07
382.50 1586.53
382.65 1586.99
382.75 1587.45
382.80 1587.92
382.78 1588.39
382.69 1588.86
382.56 1589.32
382.40 1589.78
382.26 1590.24
382.15 1590.72
382.07 1591.22
382.03 1591.73
382.01 1592.25
382.00 1592.77
382.00 1593.30
382.00 1593.83
382.00 1594.35
382.00 1594.88
381.99 1595.40
381.98 1595.93
381.96 1596.44
381.90 1596.95
381.82 1597.44
381.69 1597.92
381.54 1598.38
381.38 1598.84
381.24 1599.31
381.13 1599.79
381.04 1600.28
380.96 1600.77
380.86 1601.26
380.75 1601.74
380.60 1602.21
380.44 1602.67
380.29 1603.14
380.17 1603.61
380.09 1604.10
380.03 1604.61
379.99 1605.12
379.95 1605.63
379.88 1606.13
379.78 1606.61
379.65 1607.09
379.49 1607.55
379.33 1608.01
379.20 1608.48
379.10 1608.97
379.04 1609.47
379.01 1609.98
378.97 1610.50
378.90 1611.00
378.80 1611.48
378.67 1611.95
378.52 1612.42
378.36 1612.88
378.22 1613.35
378.11 1613.83
378.03 1614.33
377.95 1614.82
377.86 1615.31
377.74 1615.79
377.60 1616.26
377.44 1616.72
377.29 1617.18
377.16 1617.66
377.08 1618.15
377.02 1618.65
376.98 1619.17
376.94 1619.67
376.87 1620.17
376.76 1620.66
376.62 1621.12
376.46 1621.58
376.29 1622.04
376.14 1622.51
376.00 1622.98
375.86 1623.45
375.70 1623.91
375.52 1624.36
375.33 1624.81
375.12 1625.25
374.91 1625.69
374.70 1626.13
374.51 1626.58
374.34 1627.03
374.20 1627.50
374.11 1627.99
374.05 1628.50
374.02 1629.01
374.01 1629.53
374.00 1630.06
373.99 1630.58
373.98 1631.10
373.94 1631.61
373.87 1632.11
373.77 1632.60
373.64 1633.07
373.48 1633.53
373.32 1633.99
373.16 1634.46
373.02 1634.92
372.86 1635.39
372.68 1635.84
372.46 1636.27
372.19 1636.69
371.87 1637.08
371.53 1637.47
371.19 1637.84
1187.25 146.94
1187.07 147.34
1186.89 147.76
1186.73 148.17
1186.63 148.58
1186.58 148.98
1186.60 149.39
1186.67 149.80
1186.77 150.24
1186.85 150.71
1186.92 151.19
1186.96 151.70
1186.98 152.21
1186.99 152.73
1187.00 153.25
1187.00 153.77
1187.01 154.29
1187.01 154.81
1187.01 155.33
1187.00 155.85
1187.00 156.37
1187.01 156.89
1187.03 157.40
1187.08 157.90
1187.17 158.39
1187.29 158.86
1187.44 159.32
1187.59 159.78
1187.74 160.24
1187.85 160.71
1187.93 161.20
1187.97 161.70
1187.99 162.22
1188.00 162.74
1187.99 163.26
1188.00 163.78
1188.00 164.30
1188.01 164.82
1188.04 165.33
1188.08 165.83
1188.15 166.32
1188.26 166.80
1188.40 167.26
1188.56 167.72
1188.71 168.18
1188.83 168.65
1188.92 169.13
1188.98 169.63
1189.00 170.14
1189.00 170.66
1188.99 171.19
1188.99 171.71
1188.99 172.23
1189.00 172.75
1189.03 173.26
1189.07 173.76
1189.15 174.25
1189.25 174.73
1189.39 175.19
1189.55 175.65
1189.70 176.11
1189.82 176.58
1189.91 177.06
1189.97 177.56
1190.00 178.06
1190.05 178.57
1190.11 179.06
1190.21 179.54
1190.34 180.01
1190.50 180.47
1190.66 180.92
1190.81 181.38
1190.95 181.84
1191.09 182.31
1191.24 182.77
1191.39 183.22
1191.56 183.68
1191.71 184.14
1191.83 184.61
1191.91 185.09
1191.97 185.59
1192.01 186.10
1192.05 186.60
1192.11 187.10
1192.21 187.58
1192.34 188.04
1192.50 188.50
1192.65 188.96
1192.79 189.42
1192.89 189.90
1192.95 190.40
1192.98 190.91
1192.99 191.42
1192.99 191.94
1192.99 192.46
1192.99 192.98
1192.99 193.50
1192.98 194.02
1192.96 194.53
1192.90 195.03
1192.80 195.51
1192.67 195.98
1192.52 196.43
1192.36 196.89
1192.23 197.35
1192.12 197.83
1192.06 198.33
1192.03 198.83
1192.01 199.35
1192.01 199.87
1192.00 200.39
1192.00 200.91
1192.00 201.43
1192.00 201.95
1192.00 202.47
1192.00 202.99
1192.00 203.51
1192.00 204.04
1192.00 204.56
1192.00 205.08
1192.00 205.60
1192.00 206.12
1192.00 206.64
1192.00 207.16
1192.00 207.69
1192.00 208.21
1192.00 208.73
1192.00 209.25
1192.00 209.77
1192.00 210.29
1192.00 210.81
1192.00 211.33
1192.00 211.86
1192.00 212.38
1192.00 212.90
1192.00 213.42
1192.00 213.94
1192.00 214.46
1192.00 214.98
1192.00 215.50
1192.00 216.02
1192.00 216.55
1192.00 217.07
1192.00 217.59
1192.00 218.11
1192.00 218.63
1192.00 219.15
1192.00 219.67
1192.00 220.19
1192.00 220.72
1192.00 221.24
1192.00 221.76
1192.00 222.28
1192.00 222.80
1192.00 223.32
1192.00 223.84
1192.00 224.37
1192.00 224.89
1192.00 225.41
1192.00 225.93
1192.00 226.45
1192.00 226.97
1192.00 227.49
1192.00 228.02
1192.00 228.54
1192.00 229.06
1192.00 229.58
1192.00 230.10
1192.00 230.62
1192.00 231.14
1192.00 231.66
1192.00 232.18
1192.00 232.71
1192.00 233.23
1192.00 233.75
1192.00 234.27
1192.00 234.79
1192.00 235.31
1192.00 235.83
1192.01 236.35
1192.01 236.87
1192.01 237.39
1192.01 237.91
1192.01 238.44
1192.01 238.96
1192.00 239.48
1192.00 240.00
1192.00 240.52
1192.00 241.05
1192.00 241.57
1192.01 242.08
1192.05 242.59
1192.11 243.08
1192.21 243.56
1192.35 244.03
1192.50 244.49
1192.65 244.94
1192.78 245.41
1192.88 245.89
1192.94 246.39
1192.98 246.89
1193.00 247.41
1193.00 247.93
1193.01 248.45
1193.02 248.96
1193.04 249.48
1193.09 249.97
1193.18 250.46
1193.31 250.93
1193.46 251.39
1193.62 251.84
1193.76 252.31
1194.00 274.62
1194.00 275.14
1194.00 275.66
1194.00 276.18
1194.00 276.70
1194.00 277.23
1194.00 277.75
1194.00 278.27
1194.00 278.79
1194.00 279.31
1194.00 279.83
1194.00 280.35
1194.00 280.87
1194.00 281.40
1194.00 281.92
1194.00 282.44
1194.00 282.96
1194.00 283.48
1194.00 284.00
1194.00 284.52
1194.00 285.04
1194.00 285.57
1194.00 286.09
1194.00 286.61
1194.00 287.13
1194.00 287.65
1194.00 288.17
1194.00 288.69
1194.00 289.21
1194.00 289.74
1194.00 290.26
1194.00 290.78
1194.00 291.30
1194.00 291.82
1194.00 292.34
1194.00 292.86
1194.00 293.38
1194.00 293.91
1194.00 294.43
1194.00 294.95
1194.00 295.47
1194.00 295.99
1194.00 296.51
1194.00 297.03
1194.00 297.56
1194.00 298.08
1194.00 298.60
1194.00 299.12
1194.00 299.64
1194.00 300.16
1194.00 300.68
1194.00 301.20
1194.00 301.73
1194.00 302.25
1194.00 302.77
1194.00 303.29
1194.00 303.81
1194.00 304.33
1194.00 304.85
1194.00 305.37
1194.00 305.89
1194.00 306.42
1194.00 306.94
1194.00 307.46
1194.00 307.98
1194.00 308.50
1194.00 309.02
1194.00 309.54
1194.00 310.06
1194.00 310.58
1194.00 311.11
1194.00 311.63
1194.00 312.15
1194.00 312.67
1194.00 313.19
1194.00 313.71
1194.00 314.23
1194.00 314.76
1194.00 315.28
1194.00 315.80
1194.00 316.32
1194.00 316.84
1193.99 317.36
1193.99 317.89
1193.99 318.41
1193.99 318.93
1193.99 319.45
1193.99 319.97
1193.99 320.49
1193.99 321.01
1194.00 321.53
1194.00 322.05
1194.01 322.57
1194.01 323.09
1194.01 323.61
1194.01 324.13
1194.01 324.66
1194.01 325.18
1194.00 325.70
1194.02 326.22
1194.06 326.72
1194.13 327.21
1194.24 327.69
1194.39 328.15
1194.55 328.60
1194.70 329.06
1194.82 329.53
1194.90 330.02
1194.96 330.52
1194.98 331.03
1194.99 331.55
1195.00 332.07
1195.00 332.59
1195.00 333.11
1195.00 333.63
1195.00 334.15
1195.00 334.67
1195.00 335.19
1195.00 335.71
1195.00 336.23
1195.00 336.75
1195.00 337.28
1195.00 337.80
1195.00 338.32
1195.00 338.84
1195.00 339.36
1195.00 339.88
1195.00 340.40
1195.00 340.93
1195.00 341.45
1195.00 341.97
1195.01 342.49
1195.00 343.01
1195.00 343.53
1195.00 344.05
1195.01 344.57
1195.02 345.09
1195.05 345.60
1195.11 346.09
1195.21 346.57
1195.35 347.04
1195.50 347.49
1195.65 347.95
1195.79 348.42
1195.88 348.90
1195.95 349.39
1195.98 349.90
1195.99 350.42
1196.00 350.94
1196.00 351.46
1196.00 351.98
1196.00 352.50
1196.00 353.02
1196.00 353.54
1196.00 354.06
1196.00 354.59
1196.00 355.11
1196.00 355.63
1196.00 356.15
1196.00 356.67
1196.00 357.19
1196.00 357.71
1196.00 358.23
1196.00 358.75
1196.00 359.28
1196.00 359.80
1196.00 360.32
1196.00 360.84
1196.00 361.36
1196.00 361.88
1196.00 362.40
1196.00 362.92
1196.00 363.45
1196.00 363.97
1196.00 364.49
1196.00 365.01
1196.00 365.53
1196.00 366.05
1196.00 366.57
1196.00 367.09
1196.00 367.62
1196.00 368.14
1196.00 368.66
1196.00 369.18
1196.00 369.70
1196.00 370.22
1196.00 370.74
1196.00 371.27
1196.00 371.79
1196.00 372.31
1196.00 372.83
1196.00 373.35
1196.00 373.87
1196.00 374.39
1196.00 374.91
1196.00 375.44
1196.00 375.96
1196.00 376.48
1196.00 377.00
1196.00 377.52
1196.00 378.04
1196.00 378.56
1196.00 379.08
1196.00 379.61
1196.00 380.13
1196.00 380.65
1196.00 381.17
1196.00 381.69
1196.00 382.21
1196.00 382.73
1196.00 383.25
1196.00 383.77
1196.00 384.30
1196.00 384.82
1196.00 385.34
1196.00 385.86
1196.00 386.38
1196.00 386.90
1196.00 387.42
1196.00 387.94
1196.00 388.47
1196.00 388.99
1195.99 389.51
1195.98 390.02
1195.95 390.53
1195.89 391.03
1195.80 391.51
1195.67 391.98
1195.52 392.44
1195.37 392.90
1195.23 393.36
1195.13 393.84
1195.06 394.33
1195.03 394.84
1195.01 395.35
1195.01 395.87
1195.00 396.39
1195.00 396.91
1195.00 397.44
1195.00 397.96
1195.00 398.48
1195.00 399.00
1195.00 399.52
1195.00 400.04
1195.00 400.56
1195.00 401.08
1195.00 401.60
1195.00 402.13
1195.00 402.65
1195.00 403.17
1195.01 403.69
1195.01 404.21
1195.01 404.73
1195.01 405.26
1195.00 405.78
1195.00 406.30
1195.00 406.82
1195.00 407.34
1194.99 407.86
1194.99 408.38
1194.99 408.90
1194.99 409.42
1194.99 409.94
1195.00 410.46
1194.99 410.98
1194.96 411.49
1194.91 411.99
1194.82 412.47
1194.69 412.94
1194.54 413.40
1194.38 413.86
1194.24 414.32
1194.13 414.80
1194.06 415.29
1194.02 415.79
1194.00 416.31
1194.00 416.83
1194.01 417.35
1194.01 417.87
1194.01 418.39
1194.00 418.91
1194.00 419.43
1193.99 419.95
1193.99 420.47
1194.00 421.00
1194.00 421.52
1194.00 422.04
1194.00 422.56
1193.98 423.08
1193.95 423.58
1193.89 424.08
1193.79 424.56
1193.66 425.03
1193.51 425.48
1193.35 425.94
1193.22 426.41
1193.12 426.89
1193.05 427.38
1193.02 427.89
1193.01 428.40
1193.00 428.92
1193.00 429.45
1193.00 429.97
1193.00 430.49
1193.00 431.01
1193.00 431.53
1193.00 432.05
1193.00 432.57
1193.00 433.09
1193.00 433.62
1193.00 434.14
1193.00 434.66
1193.00 435.18
1193.00 435.70
1193.00 436.22
1193.00 436.74
1193.00 437.26
1193.00 437.78
1193.00 438.30
1193.00 438.83
1193.00 439.35
1193.00 439.87
1193.00 440.39
1193.00 440.91
1193.00 441.43
1193.00 441.96
1193.00 442.48
1193.00 443.00
1193.01 443.52
1193.01 444.04
1193.01 444.56
1193.01 445.09
1193.01 445.61
1193.00 446.13
1193.00 446.65
1193.00 447.17
1192.99 447.69
1192.99 448.21
1192.99 448.73
1192.99 449.25
1192.99 449.77
1193.00 450.29
1192.99 450.81
1192.97 451.33
1192.93 451.83
1192.85 452.32
1192.73 452.79
1192.59 453.25
1192.44 453.71
1192.29 454.17
1192.16 454.64
1192.08 455.13
1192.03 455.63
1192.00 456.14
1192.00 456.66
1192.01 457.18
1192.01 457.70
1192.01 458.22
1191.99 458.74
1191.97 459.25
1191.93 459.75
1191.85 460.25
1191.75 460.72
1191.61 461.19
1191.45 461.64
1191.31 462.10
1191.18 462.57
1191.09 463.06
1191.04 463.56
1191.02 464.07
1191.00 464.58
1191.00 465.10
1191.00 465.63
1191.00 466.15
1191.00 466.67
1191.00 467.19
1191.00 467.71
1191.00 468.23
1191.00 468.75
1191.00 469.27
1191.00 469.80
1191.00 470.32
1191.00 470.84
1191.00 471.36
1191.00 471.88
1190.99 472.40
1190.99 472.92
1190.96 473.43
1190.91 473.93
1190.83 474.41
1190.71 474.89
1190.56 475.35
1190.40 475.80
1190.26 476.27
1190.15 476.74
1190.07 477.23
1190.02 477.73
1190.00 478.24
1189.99 478.76
1189.99 479.28
1190.00 479.81
1190.00 480.33
1190.00 480.85
1190.01 481.37
1190.01 481.89
1190.01 482.42
1190.01 482.94
1190.01 483.46
1190.01 483.98
1190.00 484.50
1190.00 485.02
1190.00 485.54
1190.00 486.06
1190.00 486.58
1190.00 487.10
1190.00 487.62
1190.00 488.14
1190.00 488.67
1189.99 489.19
1190.00 489.71
1190.00 490.23
1190.00 490.75
1190.00 491.27
1190.00 491.79
1190.00 492.32
1190.00 492.84
1190.00 493.36
1190.00 493.88
1190.00 494.40
1190.00 494.92
1190.00 495.45
1190.00 495.97
1190.00 496.49
1190.00 497.01
1190.00 497.53
1190.00 498.05
1190.00 498.57
1190.00 499.09
1190.00 499.61
1190.00 500.13
1189.99 500.65
1189.98 501.17
1189.94 501.67
1189.87 502.17
1189.77 502.65
1189.63 503.11
1189.48 503.57
1189.33 504.03
1189.20 504.49
1189.10 504.98
1189.05 505.47
1189.02 505.98
1189.01 506.50
1189.00 507.02
1189.00 507.54
1189.00 508.06
1189.00 508.58
1189.00 509.10
1189.00 509.62
1189.00 510.15
1189.00 510.67
1189.00 511.19
1189.00 511.71
1189.00 512.23
1189.00 512.75
1189.00 513.27
1189.00 513.80
1189.00 514.32
1189.00 514.84
1189.00 515.36
1189.00 515.88
1189.00 516.40
1189.00 516.92
1189.00 517.44
1189.00 517.96
1188.99 518.48
1188.98 519.00
1188.95 519.51
1188.90 520.01
1188.81 520.49
1188.68 520.96
1188.53 521.42
1188.38 521.88
1188.24 522.34
1188.13 522.82
1188.06 523.31
1188.03 523.82
1188.01 524.33
1188.01 524.85
1188.00 525.37
1188.00 525.89
1188.00 526.41
1188.00 526.93
1188.00 527.45
1188.00 527.97
1188.00 528.50
1188.00 529.02
1188.00 529.54
1188.00 530.06
1188.00 530.58
1188.00 531.10
1188.00 531.63
1188.00 532.15
1188.00 532.67
1188.00 533.19
1188.00 533.71
1188.00 534.23
1188.00 534.75
1188.00 535.27
1188.00 535.79
1188.00 536.31
1188.00 536.84
1188.00 537.36
1188.00 537.88
1188.00 538.40
1188.00 538.92
1188.00 539.44
1188.00 539.96
1188.00 540.49
1188.00 541.01
1188.00 541.53
1188.00 542.05
1188.00 542.57
1188.00 543.09
1188.00 543.61
1188.00 544.13
1188.00 544.66
1188.00 545.18
1188.00 545.70
1188.00 546.22
1188.00 546.74
1188.00 547.26
1188.00 547.78
1188.00 548.30
1187.99 548.82
1187.97 549.33
1187.92 549.84
1187.84 550.32
1187.73 550.80
1187.58 551.26
1187.43 551.72
1187.28 552.18
1187.16 552.65
1187.08 553.14
1187.04 553.64
1187.01 554.15
1187.01 554.67
1187.00 555.19
1187.00 555.71
1187.00 556.23
1187.00 556.75
1187.00 557.27
1187.00 557.79
1187.00 558.31
1187.00 558.84
1187.00 559.36
1187.00 559.88
1187.00 560.40
1187.00 560.92
1187.00 561.44
1187.00 561.96
1187.00 562.49
1187.00 563.01
1187.00 563.53
1187.00 564.05
1187.00 564.57
1187.00 565.09
1186.99 565.61
1186.98 566.12
1186.94 566.63
1186.88 567.13
1186.78 567.61
1186.64 568.07
1186.49 568.53
1186.34 568.99
1186.21 569.45
1186.11 569.93
1186.06 570.43
1186.04 570.93
1186.05 571.44
1186.09 571.94
1186.17 572.42
1186.29 572.90
1186.44 573.36
1186.59 573.81
1186.74 574.27
1186.86 574.75
1186.94 575.23
1186.98 575.74
1187.00 576.25
1187.00 576.77
1186.99 577.30
1186.99 577.82
1186.99 578.34
1186.99 578.86
1187.00 579.38
1187.01 579.90
1187.01 580.42
1187.01 580.94
1187.01 581.46
1187.00 581.98
1187.00 582.50
1187.00 583.03
1186.99 583.55
1186.98 584.07
1186.94 584.57
1186.89 585.07
1186.79 585.55
1186.66 586.02
1186.51 586.47
1186.36 586.93
1186.23 587.39
1186.13 587.87
1186.09 588.36
1186.10 588.84
1186.16 589.33
1186.27 589.80
1186.40 590.25
1186.53 590.69
1186.62 591.13
1186.66 591.56
1186.64 591.98
1186.60 592.39
1186.56 592.80
1186.57 593.20
1186.62 593.61
1186.71 594.04
1186.81 594.49
1186.90 594.97
1186.95 595.46
1186.98 595.97
1186.99 596.49
1186.99 597.01
1186.99 597.53
1187.00 598.05
1187.00 598.57
1187.00 599.09
1187.01 599.61
1187.01 600.13
1187.00 600.66
1187.00 601.18
1187.00 601.70
1187.00 602.22
1187.00 602.74
1187.00 603.27
1187.00 603.79
1187.00 604.31
1187.00 604.83
1187.00 605.35
1187.00 605.87
1187.00 606.39
1187.00 606.91
1187.00 607.43
1187.00 607.95
1187.00 608.47
1187.00 609.00
1186.99 609.52
1186.98 610.03
1186.95 610.54
1186.89 611.04
1186.80 611.52
1186.67 611.99
1186.52 612.45
1186.36 612.90
1186.22 613.37
1186.11 613.84
1186.03 614.33
1185.95 614.82
1185.86 615.30
1185.74 615.77
1185.60 616.23
1185.44 616.69
1185.29 617.15
1185.17 617.62
1185.08 618.11
1185.04 618.61
1185.02 619.12
1185.01 619.64
1185.01 620.16
1185.01 620.68
1185.00 621.20
1185.00 621.72
1185.00 622.24
1185.00 622.76
1184.99 623.28
1184.99 623.80
1185.00 624.33
1185.00 624.85
1185.00 625.37
1185.00 625.89
1185.00 626.41
1185.00 626.93
1185.00 627.46
1185.00 627.98
1185.00 628.50
1185.00 629.02
1185.00 629.54
1185.00 630.06
1185.00 630.58
1185.00 631.10
1185.00 631.63
1185.00 632.15
1185.00 632.67
1185.00 633.19
1185.00 633.71
1185.00 634.23
1185.00 634.75
1185.00 635.27
1185.00 635.79
1185.00 636.32
1185.00 636.84
1185.00 637.36
1185.00 637.88
1185.00 638.40
1185.00 638.92
1185.00 639.44
1185.00 639.97
1185.00 640.49
1185.00 641.01
1185.00 641.53
1185.00 642.05
1185.00 642.57
1185.00 643.09
1185.00 643.61
1185.00 644.13
1184.99 644.65
1184.97 645.17
1184.94 645.67
1184.87 646.17
1184.77 646.65
1184.63 647.11
1184.48 647.57
1184.32 648.03
1184.20 648.49
1184.10 648.98
1184.05 649.47
1184.02 649.98
1184.00 650.50
1183.98 651.01
1183.95 651.52
1183.90 652.02
1183.80 652.50
1183.67 652.97
1183.52 653.43
1183.36 653.88
1183.20 654.34
1183.06 654.80
1182.92 655.26
1182.78 655.73
1182.62 656.18
1182.46 656.64
1182.31 657.10
1182.18 657.56
1182.10 658.05
1182.05 658.54
1182.04 659.05
1182.06 659.55
1182.11 660.05
1182.20 660.53
1182.33 661.00
1182.49 661.46
1182.64 661.91
1182.77 662.38
1182.88 662.86
1182.94 663.35
1182.98 663.86
1182.99 664.37
1183.00 664.89
1183.00 665.41
1183.00 665.94
1183.00 666.46
1183.00 666.98
1183.00 667.50
1183.00 668.02
1183.00 668.54
1183.00 669.06
1183.00 669.58
1183.00 670.10
1183.00 670.63
1183.00 671.15
1183.00 671.67
1183.00 672.19
1183.00 672.71
1183.00 673.23
1183.00 673.75
1183.00 674.27
1183.00 674.80
1183.00 675.32
1182.99 675.83
1182.97 676.35
1182.92 676.85
1182.84 677.34
1182.72 677.81
1182.58 678.27
1182.42 678.73
1182.28 679.19
1182.16 679.66
1182.08 680.15
1182.04 680.65
1182.01 681.16
1182.00 681.68
1182.00 682.20
1182.00 682.72
1182.00 683.24
1182.00 683.76
1182.00 684.28
1182.00 684.81
1182.00 685.33
1182.00 685.85
1182.00 686.37
1182.00 686.89
1182.00 687.41
1182.00 687.94
1182.00 688.46
1182.01 688.98
1182.01 689.50
1182.01 690.02
1182.00 690.54
1182.00 691.06
1182.00 691.58
1182.00 692.10
1181.99 692.62
1181.99 693.14
1181.99 693.66
1181.99 694.19
1181.99 694.71
1182.00 695.23
1181.99 695.75
1181.98 696.26
1181.93 696.77
1181.86 697.26
1181.75 697.74
1181.61 698.20
1181.46 698.66
1181.31 699.11
1181.18 699.58
1181.08 700.07
1181.03 700.56
1181.00 701.07
1181.00 701.59
1181.00 702.12
1181.01 702.64
1181.01 703.16
1181.01 703.68
1181.01 704.20
1181.00 704.72
1180.99 705.24
1180.99 705.76
1180.99 706.28
1180.99 706.80
1181.00 707.33
1181.00 707.85
1181.00 708.37
1181.01 708.89
1181.00 709.41
1181.00 709.93
1181.00 710.46
1181.00 710.98
1181.00 711.50
1181.00 712.02
1180.99 712.54
1180.98 713.05
1180.95 713.56
1180.89 714.06
1180.80 714.54
1180.67 715.01
1180.52 715.47
1180.36 715.92
1180.22 716.39
1180.12 716.87
1180.06 717.36
1180.02 717.87
1180.01 718.39
1180.00 718.90
1180.00 719.42
1180.00 719.94
1180.00 720.47
1180.00 720.99
1180.00 721.51
1180.00 722.03
1180.00 722.55
1180.00 723.07
1180.00 723.59
1180.00 724.11
1179.99 724.63
1179.98 725.15
1179.94 725.65
1179.88 726.15
1179.77 726.63
1179.64 727.09
1179.48 727.55
1179.33 728.01
1179.20 728.47
1179.11 728.96
1179.05 729.45
1179.02 729.96
1179.01 730.48
1179.00 731.00
1179.00 731.52
1179.00 732.04
1179.00 732.56
1179.00 733.08
1179.00 733.60
1179.00 734.12
1178.99 734.64
1178.98 735.16
1178.94 735.66
1178.87 736.16
1178.77 736.64
1178.63 737.10
1178.48 737.56
1178.33 738.02
1178.20 738.49
1178.11 738.97
1178.05 739.47
1178.02 739.98
1178.01 740.49
1178.00 741.01
1178.00 741.53
1178.00 742.05
1177.99 742.57
1177.99 743.09
1177.99 743.61
1178.00 744.14
1177.99 744.66
1177.98 745.17
1177.94 745.68
1177.88 746.17
1177.77 746.65
1177.64 747.11
1177.48 747.57
1177.33 748.03
1177.20 748.50
1177.10 748.98
1177.04 749.47
1177.01 749.98
1177.00 750.50
1177.00 751.02
1177.01 751.54
1177.01 752.07
1177.01 752.59
1177.00 753.11
1177.00 753.62
1176.99 754.14
1176.99 754.66
1176.97 755.18
1176.94 755.68
1176.87 756.18
1176.77 756.66
1176.63 757.12
1176.47 757.58
1176.32 758.04
1176.19 758.50
1176.10 758.99
1176.05 759.49
1176.02 759.99
1176.00 760.51
1175.98 761.02
1175.95 761.53
1175.89 762.03
1175.80 762.51
1175.67 762.98
1175.52 763.44
1175.37 763.90
1175.23 764.36
1175.13 764.84
1175.06 765.33
1175.02 765.84
1175.01 766.35
1175.00 766.87
1175.00 767.39
1175.00 767.91
1175.00 768.44
1175.00 768.96
1175.00 769.48
1175.00 770.00
1175.00 770.52
1175.00 771.04
1175.00 771.56
1175.00 772.08
1175.00 772.61
1175.00 773.13
1175.00 773.65
1175.00 774.17
1174.99 774.69
1174.97 775.20
1174.94 775.71
1174.87 776.20
1174.76 776.68
1174.62 777.14
1174.47 777.60
1174.32 778.06
1174.19 778.52
1174.10 779.01
1174.04 779.51
1174.02 780.02
1174.01 780.53
1174.00 781.05
1174.00 781.57
1174.00 782.10
1174.00 782.62
1174.00 783.14
1174.00 783.66
1174.00 784.18
1173.99 784.70
1173.97 785.21
1173.93 785.72
1173.86 786.21
1173.76 786.69
1173.62 787.15
1173.46 787.61
1173.31 788.07
1173.19 788.53
1173.10 789.02
1173.04 789.52
1173.02 790.03
1173.01 790.54
1173.00 791.06
1173.00 791.59
1173.00 792.11
1173.00 792.63
1173.00 793.15
1173.00 793.67
1173.00 794.19
1173.00 794.71
1173.00 795.23
1173.00 795.75
1173.00 796.27
1173.00 796.80
1173.00 797.32
1173.00 797.84
1173.00 798.36
1173.00 798.88
1173.00 799.40
1173.00 799.92
1173.00 800.45
1173.00 800.97
1173.00 801.49
1173.00 802.01
1173.00 802.53
1173.00 803.05
1173.00 803.57
1173.00 804.10
1173.00 804.62
1173.00 805.14
1173.00 805.66
1173.00 806.18
1173.00 806.70
1173.00 807.22
1173.00 807.74
1172.99 808.26
1172.99 808.78
1172.99 809.30
1173.00 809.83
1173.00 810.35
1173.00 810.87
1173.00 811.39
1172.99 811.91
1172.97 812.42
1172.91 812.92
1172.83 813.40
1172.70 813.88
1172.55 814.33
1172.40 814.79
1172.26 815.25
1172.15 815.73
1172.07 816.22
1172.03 816.72
1172.01 817.24
1172.00 817.76
1172.00 818.28
1172.00 818.80
1172.00 819.32
1172.00 819.84
1172.00 820.36
1172.00 820.88
1172.00 821.40
1172.00 821.92
1172.00 822.44
1172.00 822.97
1172.00 823.49
1172.00 824.01
1172.00 824.53
1172.00 825.05
1171.99 825.57
1171.98 826.09
1171.95 826.59
1171.89 827.09
1171.79 827.57
1171.66 828.04
1171.51 828.50
1171.35 828.95
1171.22 829.42
1171.12 829.90
1171.05 830.39
1171.01 830.90
1171.00 831.41
1170.99 831.93
1171.00 832.45
1171.00 832.98
1171.00 833.50
1171.01 834.02
1171.01 834.54
1171.01 835.07
1171.01 835.59
1171.01 836.11
1171.01 836.63
1171.01 837.15
1171.00 837.67
1171.00 838.19
1171.00 838.71
1171.00 839.23
1171.00 839.75
1170.99 840.27
1170.99 840.79
1170.99 841.31
1170.99 841.84
1171.00 842.36
1171.00 842.88
1171.00 843.40
1170.99 843.92
1170.96 844.43
1170.91 844.93
1170.82 845.41
1170.70 845.89
1170.55 846.34
1170.40 846.80
1170.26 847.26
1170.14 847.74
1170.07 848.23
1170.03 848.73
1170.01 849.25
1169.99 849.76
1169.97 850.27
1169.93 850.78
1169.86 851.27
1169.75 851.74
1169.60 852.21
1169.45 852.66
1169.30 853.12
1169.18 853.59
1169.09 854.08
1169.04 854.58
1169.02 855.09
1169.01 855.61
1169.00 856.13
1169.00 856.65
1169.00 857.17
1169.00 857.69
1169.00 858.21
1169.00 858.73
1169.00 859.25
1168.99 859.77
1168.97 860.28
1168.93 860.79
1168.85 861.28
1168.74 861.75
1168.60 862.22
1168.44 862.67
1168.30 863.13
1168.17 863.60
1168.08 864.09
1168.03 864.59
1168.01 865.10
1168.00 865.62
1168.00 866.14
1168.01 866.66
1168.01 867.18
1168.01 867.71
1168.01 868.23
1168.01 868.75
1168.00 869.27
1168.00 869.78
1167.99 870.30
1167.99 870.82
1167.99 871.34
1167.99 871.87
1167.99 872.39
1167.99 872.91
1167.97 873.42
1167.92 873.92
1167.83 874.41
1167.70 874.87
1167.55 875.33
1167.39 875.79
1167.25 876.25
1167.14 876.73
1167.07 877.22
1167.03 877.72
1167.01 878.24
1167.00 878.76
1167.00 879.28
1167.00 879.80
1167.00 880.32
1167.00 880.84
1167.00 881.36
1167.00 881.88
1167.00 882.40
1167.00 882.92
1167.00 883.45
1167.00 883.97
1166.99 884.49
1166.98 885.00
1166.95 885.51
1166.90 886.01
1166.81 886.49
1166.68 886.96
1166.53 887.42
1166.37 887.88
1166.24 888.34
1166.13 888.82
1166.06 889.31
1166.02 889.82
1166.01 890.33
1165.99 890.85
1165.97 891.36
1165.92 891.86
1165.84 892.35
1165.72 892.82
1165.58 893.28
1165.42 893.74
1165.27 894.20
1165.16 894.67
1165.08 895.16
1165.03 895.66
1165.01 896.17
1165.00 896.69
1164.98 897.20
1164.94 897.71
1164.87 898.20
1164.76 898.68
1164.62 899.14
1164.47 899.60
1164.32 900.06
1164.19 900.53
1164.10 901.01
1164.04 901.51
1164.02 902.02
1164.01 902.53
1164.00 903.05
1164.00 903.58
1164.00 904.10
1164.00 904.62
1164.00 905.14
1164.00 905.66
1164.00 906.18
1163.99 906.70
1164.00 907.22
1164.00 907.74
1164.00 908.26
1163.99 908.78
1163.97 909.30
1163.93 909.80
1163.85 910.29
1163.74 910.76
1163.59 911.22
1163.44 911.68
1163.29 912.14
1163.17 912.61
1163.09 913.10
1163.04 913.60
1163.01 914.11
1163.00 914.63
1163.00 915.15
1163.00 915.67
1163.00 916.19
1162.99 916.71
1162.97 917.22
1162.93 917.73
1162.86 918.22
1162.75 918.70
1162.61 919.16
1162.46 919.62
1162.31 920.08
1162.19 920.55
1162.10 921.03
1162.04 921.53
1162.01 922.04
1162.00 922.55
1162.00 923.07
1161.99 923.59
1161.98 924.11
1161.95 924.62
1161.89 925.11
1161.79 925.59
1161.65 926.06
1161.50 926.52
1161.34 926.97
1161.21 927.44
1161.11 927.92
1161.04 928.41
1161.00 928.92
1160.97 929.42
1160.91 929.92
1160.83 930.41
1160.71 930.88
1160.56 931.34
1160.40 931.79
1160.26 932.26
1160.14 932.73
1160.07 933.22
1160.02 933.72
1160.00 934.24
1160.00 934.76
1160.00 935.28
1160.00 935.80
1160.00 936.32
1160.01 936.84
1160.01 937.37
1160.01 937.89
1160.01 938.41
1160.00 938.93
1160.00 939.45
1160.00 939.97
1160.00 940.49
1160.00 941.01
1160.00 941.53
1159.99 942.05
1159.99 942.57
1160.00 943.09
1160.00 943.62
1160.00 944.14
1159.99 944.66
1159.98 945.17
1159.94 945.68
1159.87 946.17
1159.77 946.65
1159.63 947.11
1159.48 947.57
1159.32 948.03
1159.20 948.50
1159.10 948.98
1159.05 949.48
1159.02 949.99
1159.01 950.50
1159.00 951.02
1159.00 951.54
1159.00 952.07
1159.00 952.59
1159.00 953.11
1159.00 953.63
1159.00 954.15
1158.99 954.67
1158.97 955.18
1158.94 955.69
1158.87 956.18
1158.76 956.66
1158.63 957.12
1158.47 957.58
1158.32 958.04
1158.19 958.51
1158.10 958.99
1158.05 959.49
1158.02 960.00
1158.01 960.51
1158.00 961.03
1158.00 961.55
1158.00 962.08
1158.00 962.60
1158.00 963.12
1158.00 963.64
1158.00 964.16
1158.00 964.68
1158.00 965.20
1158.00 965.72
1158.00 966.25
1158.00 966.77
1158.00 967.29
1158.00 967.81
1158.00 968.33
1158.00 968.85
1158.00 969.37
1158.00 969.89
1158.00 970.41
1158.00 970.94
1158.00 971.46
1158.00 971.98
1158.00 972.50
1158.00 973.02
1158.00 973.54
1158.01 974.07
1158.01 974.59
1158.01 975.11
1158.01 975.63
1158.00 976.15
1158.00 976.67
1158.00 977.19
1158.00 977.71
1157.99 978.23
1157.99 978.75
1157.99 979.27
1157.99 979.79
1157.99 980.32
1158.00 980.84
1158.00 981.36
1157.99 981.88
1157.97 982.39
1157.92 982.89
1157.84 983.38
1157.72 983.85
1157.57 984.31
1157.42 984.77
1157.27 985.23
1157.15 985.70
1157.07 986.19
1157.02 986.69
1157.00 987.20
1157.00 987.72
1157.01 988.25
1157.01 988.77
1157.02 989.29
1157.02 989.82
1157.01 990.33
1157.00 990.85
1156.99 991.37
1156.99 991.89
1156.99 992.41
1156.98 992.93
1156.99 993.45
1156.99 993.98
1157.00 994.50
1157.00 995.02
1157.00 995.54
1156.99 996.06
1156.96 996.57
1156.89 997.06
1156.80 997.54
1156.67 998.01
1156.52 998.47
1156.37 998.93
1156.23 999.39
1156.12 999.87
1156.04 1000.36
1156.00 1000.86
1155.99 1001.38
1155.99 1001.90
1156.00 1002.43
1156.01 1002.95
1156.02 1003.48
1156.02 1004.00
1156.02 1004.52
1156.01 1005.04
1156.00 1005.56
1156.00 1006.07
1155.99 1006.59
1155.99 1007.11
1155.99 1007.63
1155.99 1008.16
1155.99 1008.68
1155.97 1009.19
1155.94 1009.70
1155.87 1010.19
1155.76 1010.67
1155.61 1011.13
1155.43 1011.57
1155.23 1012.01
1155.03 1012.45
1154.82 1012.88
1154.61 1013.32
1154.43 1013.76
1154.27 1014.22
1154.16 1014.69
1154.08 1015.18
1154.03 1015.68
1154.01 1016.20
1154.00 1016.72
1154.00 1017.24
1154.00 1017.76
1154.00 1018.28
1154.00 1018.80
1153.99 1019.32
1153.99 1019.84
1153.96 1020.35
1153.92 1020.85
1153.84 1021.34
1153.72 1021.81
1153.57 1022.27
1153.41 1022.73
1153.25 1023.18
1153.11 1023.64
1152.97 1024.11
1152.83 1024.57
1152.68 1025.03
1152.51 1025.48
1152.36 1025.94
1152.22 1026.40
1152.12 1026.88
1152.06 1027.38
1152.02 1027.88
1152.01 1028.40
1152.00 1028.92
1152.00 1029.44
1152.00 1029.96
1152.00 1030.48
1152.00 1031.00
1152.00 1031.52
1152.00 1032.04
1152.00 1032.56
1152.00 1033.09
1152.00 1033.61
1152.00 1034.13
1152.00 1034.65
1152.00 1035.17
1152.00 1035.69
1152.00 1036.21
1152.00 1036.74
1152.00 1037.26
1152.00 1037.78
1152.00 1038.30
1152.00 1038.82
1152.00 1039.34
1152.00 1039.86
1152.00 1040.38
1152.00 1040.91
1152.00 1041.43
1152.00 1041.95
1152.00 1042.47
1152.00 1042.99
1152.00 1043.51
1152.00 1044.03
1152.00 1044.55
1152.00 1045.07
1152.00 1045.60
1152.00 1046.12
1152.00 1046.64
1152.00 1047.16
1152.00 1047.68
1152.00 1048.20
1152.00 1048.72
1152.00 1049.25
1152.00 1049.77
1152.00 1050.29
1152.00 1050.81
1152.00 1051.33
1152.00 1051.85
1152.00 1052.37
1152.00 1052.89
1152.00 1053.41
1152.00 1053.94
1151.99 1054.46
1151.98 1054.97
1151.96 1055.48
1151.90 1055.98
1151.82 1056.47
1151.69 1056.94
1151.54 1057.40
1151.38 1057.85
1151.24 1058.31
1151.14 1058.79
1151.07 1059.28
1151.03 1059.79
1151.01 1060.30
1151.01 1060.82
1151.00 1061.34
1151.00 1061.86
1150.99 1062.38
1150.99 1062.90
1150.99 1063.42
1150.98 1063.94
1150.96 1064.45
1150.91 1064.95
1150.82 1065.44
1150.69 1065.91
1150.54 1066.36
1150.39 1066.82
1150.25 1067.28
1150.14 1067.76
1150.07 1068.25
1150.03 1068.76
1150.01 1069.27
1150.00 1069.79
1150.00 1070.31
1150.00 1070.83
1150.00 1071.35
1149.99 1071.87
1149.96 1072.38
1149.92 1072.88
1149.83 1073.37
1149.72 1073.84
1149.57 1074.30
1149.41 1074.76
1149.27 1075.22
1149.15 1075.69
1149.05 1076.17
1148.98 1076.66
1148.89 1077.15
1148.78 1077.62
1148.64 1078.09
1148.49 1078.54
1148.33 1079.00
1148.20 1079.47
1148.11 1079.95
1148.05 1080.45
1140.99 1145.81
1140.97 1146.32
1140.92 1146.82
1140.85 1147.31
1140.73 1147.79
1140.59 1148.25
1140.43 1148.71
1140.29 1149.16
1140.17 1149.64
1140.08 1150.12
1140.03 1150.62
1139.99 1151.13
1139.95 1151.63
1139.88 1152.12
1139.78 1152.60
1139.65 1153.07
1139.49 1153.53
1139.34 1153.98
1139.21 1154.45
1139.11 1154.93
1139.05 1155.43
1139.02 1155.94
1139.00 1156.45
1139.00 1156.97
1139.00 1157.49
1139.00 1158.02
1139.00 1158.54
1139.00 1159.06
1139.00 1159.58
1139.00 1160.10
1139.00 1160.62
1139.00 1161.14
1139.00 1161.66
1139.00 1162.18
1139.00 1162.70
1139.00 1163.23
1139.00 1163.75
1139.00 1164.27
1139.00 1164.79
1139.00 1165.31
1139.00 1165.83
1139.00 1166.35
1139.00 1166.88
1139.00 1167.40
1139.00 1167.92
1138.99 1168.44
1138.98 1168.95
1138.96 1169.46
1138.90 1169.96
1138.82 1170.45
1138.69 1170.92
1138.54 1171.38
1138.39 1171.83
1138.24 1172.30
1138.13 1172.77
1138.04 1173.25
1137.96 1173.74
1137.87 1174.23
1137.76 1174.70
1137.62 1175.16
1137.46 1175.62
1137.31 1176.08
1137.18 1176.55
1137.09 1177.03
1137.04 1177.53
1137.00 1178.04
1136.96 1178.54
1136.90 1179.04
1136.81 1179.52
1136.68 1179.99
1136.53 1180.45
1136.37 1180.90
1136.23 1181.37
1136.12 1181.84
1136.05 1182.33
1136.02 1182.84
1136.00 1183.36
1136.00 1183.88
1136.01 1184.40
1136.01 1184.92
1136.01 1185.44
1136.00 1185.96
1135.99 1186.48
1135.98 1187.00
1135.95 1187.51
1135.90 1188.00
1135.81 1188.49
1135.69 1188.96
1135.54 1189.42
1135.38 1189.88
1135.24 1190.34
1135.13 1190.81
1135.06 1191.31
1135.02 1191.81
1135.01 1192.33
1135.00 1192.85
1135.01 1193.37
1135.00 1193.89
1135.00 1194.41
1134.98 1194.92
1134.96 1195.43
1134.91 1195.93
1134.83 1196.42
1134.71 1196.89
1134.56 1197.36
1134.41 1197.81
1134.26 1198.27
1134.14 1198.75
1134.06 1199.23
1134.02 1199.74
1134.00 1200.25
1134.00 1200.77
1134.01 1201.30
1134.01 1201.82
1134.01 1202.34
1134.00 1202.86
1133.99 1203.37
1133.98 1203.89
1133.96 1204.40
1133.91 1204.90
1133.83 1205.39
1133.71 1205.87
1133.57 1206.33
1133.41 1206.78
1133.27 1207.24
1133.15 1207.72
1133.07 1208.20
1133.02 1208.70
1132.98 1209.21
1132.94 1209.71
1132.87 1210.21
1132.76 1210.68
1132.62 1211.15
1132.46 1211.60
1132.31 1212.06
1132.18 1212.53
1132.10 1213.01
1132.04 1213.51
1132.02 1214.02
1132.01 1214.54
1132.00 1215.06
1132.00 1215.58
1132.00 1216.10
1132.00 1216.62
1132.00 1217.14
1132.00 1217.66
1132.00 1218.19
1132.00 1218.71
1132.00 1219.23
1131.99 1219.75
1131.97 1220.26
1131.93 1220.76
1131.86 1221.25
1131.75 1221.73
1131.60 1222.19
1131.45 1222.65
1131.30 1223.11
1131.18 1223.58
1131.09 1224.07
1131.04 1224.57
1131.01 1225.08
1131.00 1225.59
1130.98 1226.10
1130.95 1226.61
1130.88 1227.11
1130.79 1227.59
1130.65 1228.05
1130.50 1228.51
1130.35 1228.97
1130.21 1229.44
1130.11 1229.92
1130.05 1230.41
1130.02 1230.92
1130.01 1231.44
1130.01 1231.96
1130.00 1232.48
1130.00 1232.99
1129.99 1233.51
1129.99 1234.04
1129.99 1234.56
1129.98 1235.07
1129.95 1235.58
1129.89 1236.08
1129.79 1236.56
1129.66 1237.02
1129.50 1237.48
1129.35 1237.94
1129.22 1238.40
1129.12 1238.88
1129.05 1239.38
1129.02 1239.89
1129.01 1240.40
1129.00 1240.92
1129.00 1241.44
1129.00 1241.96
1128.99 1242.48
1128.98 1243.00
1128.95 1243.51
1128.90 1244.01
1128.81 1244.49
1128.69 1244.96
1128.54 1245.42
1128.38 1245.88
1128.24 1246.34
1128.13 1246.82
1128.06 1247.31
1128.02 1247.81
1128.00 1248.33
1128.01 1248.85
1128.01 1249.37
1128.01 1249.89
1128.00 1250.41
1128.00 1250.93
1127.99 1251.45
1127.98 1251.97
1127.95 1252.48
1127.90 1252.98
1127.81 1253.46
1127.69 1253.93
1127.54 1254.39
1127.38 1254.85
1127.24 1255.31
1127.13 1255.79
1127.07 1256.28
1127.03 1256.78
1127.01 1257.30
1127.00 1257.82
1127.00 1258.34
1127.00 1258.86
1126.99 1259.38
1126.98 1259.89
1126.96 1260.41
1126.91 1260.91
1126.83 1261.39
1126.71 1261.87
1126.56 1262.33
1126.41 1262.78
1126.26 1263.24
1126.15 1263.72
1126.07 1264.21
1126.03 1264.71
1126.01 1265.23
1126.01 1265.74
1126.00 1266.26
1126.00 1266.78
1126.00 1267.30
1126.00 1267.83
1126.00 1268.35
1126.00 1268.87
1126.00 1269.39
1126.00 1269.91
1126.00 1270.43
1125.98 1270.95
1125.96 1271.46
1125.90 1271.96
1125.81 1272.44
1125.69 1272.91
1125.54 1273.37
1125.39 1273.83
1125.25 1274.29
1125.14 1274.77
1125.07 1275.26
1125.03 1275.76
1125.00 1276.28
1124.99 1276.79
1124.99 1277.31
1124.99 1277.83
1125.00 1278.36
1125.00 1278.88
1124.97 1279.39
1124.92 1279.89
1124.83 1280.37
1124.70 1280.84
1124.55 1281.30
1124.40 1281.76
1124.26 1282.22
1124.14 1282.69
1124.05 1283.18
1123.97 1283.67
1123.89 1284.15
1123.78 1284.63
1123.64 1285.09
1123.49 1285.55
1123.33 1286.01
1123.20 1286.48
1123.11 1286.96
1123.05 1287.45
1123.02 1287.96
1123.01 1288.48
1123.00 1289.00
1122.99 1289.52
1122.98 1290.03
1122.95 1290.54
1122.89 1291.04
1122.80 1291.52
1122.67 1291.99
1122.52 1292.45
1122.36 1292.90
1122.23 1293.37
1122.13 1293.85
1122.06 1294.34
1122.02 1294.85
1122.01 1295.36
1122.00 1295.88
1122.00 1296.40
1121.99 1296.92
1121.96 1297.43
1121.91 1297.93
1121.82 1298.41
1121.70 1298.88
1121.55 1299.34
1121.40 1299.80
1121.26 1300.26
1121.15 1300.74
1121.07 1301.23
1121.03 1301.73
1121.01 1302.25
1121.00 1302.76
1120.99 1303.28
1120.99 1303.80
1120.97 1304.32
1120.93 1304.82
1120.85 1305.31
1120.74 1305.78
1120.59 1306.24
1120.44 1306.70
1120.29 1307.16
1120.16 1307.63
1120.08 1308.12
1120.03 1308.62
1120.01 1309.13
1120.00 1309.65
1120.01 1310.17
1120.01 1310.69
1120.01 1311.22
1120.01 1311.74
1120.00 1312.26
1120.00 1312.77
1119.99 1313.29
1119.98 1313.81
1119.96 1314.32
1119.92 1314.83
1119.84 1315.32
1119.73 1315.79
1119.59 1316.25
1119.43 1316.71
1119.28 1317.17
1119.17 1317.64
1119.08 1318.13
1119.04 1318.63
1119.01 1319.14
1119.00 1319.66
1119.00 1320.18
1119.00 1320.70
1119.00 1321.22
1118.99 1321.74
1118.97 1322.25
1118.93 1322.76
1118.86 1323.25
1118.75 1323.72
1118.61 1324.19
1118.45 1324.64
1118.30 1325.10
1118.18 1325.57
1118.09 1326.06
1118.04 1326.56
1118.01 1327.07
1118.00 1327.58
1117.98 1328.10
1117.95 1328.60
1117.88 1329.10
1117.79 1329.58
1117.66 1330.05
1117.50 1330.51
1117.35 1330.96
1117.21 1331.43
1117.12 1331.91
1117.05 1332.40
1117.02 1332.91
1117.00 1333.43
1116.99 1333.94
1116.96 1334.45
1116.91 1334.95
1116.82 1335.44
1116.70 1335.91
1116.54 1336.36
1116.39 1336.82
1116.24 1337.28
1116.13 1337.76
1116.04 1338.24
1115.96 1338.73
1115.87 1339.21
1115.76 1339.69
1115.61 1340.15
1115.45 1340.60
1115.29 1341.06
1115.14 1341.52
1115.00 1341.98
1114.86 1342.44
1114.71 1342.90
1114.55 1343.36
1114.39 1343.81
1114.23 1344.27
1114.08 1344.73
1113.94 1345.19
1113.80 1345.65
1113.65 1346.11
1113.48 1346.56
1113.33 1347.02
1113.20 1347.49
1113.11 1347.97
1113.05 1348.47
1113.02 1348.98
1113.01 1349.49
1113.00 1350.01
1113.00 1350.53
1113.00 1351.05
1113.00 1351.58
1113.00 1352.10
1112.99 1352.61
1112.98 1353.13
1112.94 1353.64
1112.88 1354.13
1112.78 1354.61
1112.64 1355.08
1112.49 1355.53
1112.34 1355.99
1112.21 1356.46
1112.11 1356.94
1112.05 1357.44
1112.02 1357.95
1112.01 1358.46
1112.00 1358.98
1112.00 1359.50
1112.00 1360.02
1112.00 1360.54
1112.00 1361.06
1112.00 1361.59
1112.00 1362.11
1112.00 1362.63
1112.00 1363.15
1112.01 1363.67
1112.01 1364.20
1112.01 1364.72
1112.00 1365.24
1112.00 1365.76
1111.99 1366.28
1111.99 1366.80
1111.99 1367.32
1111.99 1367.84
1111.99 1368.36
1111.99 1368.88
1111.97 1369.39
1111.92 1369.89
1111.84 1370.38
1111.72 1370.85
1111.57 1371.31
1111.41 1371.77
1111.27 1372.23
1111.15 1372.70
1111.07 1373.19
1111.03 1373.69
1111.01 1374.21
1111.00 1374.73
1111.00 1375.25
1111.00 1375.77
1111.00 1376.29
1110.99 1376.80
1110.97 1377.32
1110.92 1377.82
1110.84 1378.31
1110.73 1378.78
1110.59 1379.24
1110.43 1379.70
1110.28 1380.16
1110.17 1380.63
1110.08 1381.12
1110.04 1381.62
1110.01 1382.13
1110.00 1382.65
1110.00 1383.17
1109.99 1383.69
1109.98 1384.21
1109.94 1384.71
1109.87 1385.20
1109.76 1385.68
1109.61 1386.14
1109.46 1386.60
1109.31 1387.06
1109.19 1387.53
1109.10 1388.01
1109.04 1388.51
1109.02 1389.02
1109.01 1389.54
1109.00 1390.06
1108.99 1390.57
1108.98 1391.09
1108.95 1391.60
1108.88 1392.09
1108.79 1392.57
1108.65 1393.04
1108.50 1393.50
1108.35 1393.96
1108.22 1394.42
1108.12 1394.90
1108.05 1395.40
1108.02 1395.90
1108.00 1396.42
1107.99 1396.93
1107.96 1397.44
1107.91 1397.94
1107.82 1398.43
1107.70 1398.90
1107.55 1399.36
1107.39 1399.81
1107.25 1400.28
1107.13 1400.75
1107.04 1401.23
1106.96 1401.72
1106.87 1402.21
1106.76 1402.68
1106.62 1403.14
1106.46 1403.60
1106.29 1404.05
1106.15 1404.51
1106.01 1404.97
1105.87 1405.44
1105.72 1405.90
1105.56 1406.35
1105.40 1406.81
1105.25 1407.27
1105.14 1407.74
1105.05 1408.22
1104.97 1408.71
1104.88 1409.20
1104.77 1409.67
1104.63 1410.14
1104.47 1410.59
1104.32 1411.05
1104.19 1411.52
1104.10 1412.00
1104.05 1412.50
1104.02 1413.01
1104.01 1413.53
1104.00 1414.05
1104.00 1414.57
1104.00 1415.09
1103.99 1415.61
1103.99 1416.13
1103.99 1416.65
1103.98 1417.16
1103.94 1417.67
1103.88 1418.17
1103.77 1418.64
1103.64 1419.11
1103.48 1419.57
1103.33 1420.02
1103.20 1420.49
1103.10 1420.97
1103.04 1421.47
1103.01 1421.98
1103.00 1422.49
1103.01 1423.02
1103.01 1423.54
1103.01 1424.06
1103.01 1424.58
1103.00 1425.10
1103.00 1425.62
1102.99 1426.14
1102.99 1426.66
1102.97 1427.17
1102.94 1427.68
1102.87 1428.17
1102.77 1428.65
1102.64 1429.11
1102.51 1429.56
1102.41 1430.00
1102.35 1430.43
1102.35 1430.85
1102.39 1431.27
1102.43 1431.67
1102.44 1432.07
1102.40 1432.48
1102.31 1432.90
1102.21 1433.35
1102.13 1433.82
1102.06 1434.31
1102.01 1434.81
1101.98 1435.32
1101.93 1435.82
1101.85 1436.30
1101.73 1436.78
1101.58 1437.24
1101.42 1437.69
1101.26 1438.15
1101.12 1438.61
1100.98 1439.07
1100.84 1439.54
1100.69 1439.99
1100.53 1440.45
1100.37 1440.90
1100.23 1441.37
1100.13 1441.85
1100.06 1442.34
1100.02 1442.85
1100.01 1443.36
1100.00 1443.88
1099.99 1444.40
1099.98 1444.92
1099.96 1445.43
1099.91 1445.93
1099.83 1446.41
1099.70 1446.88
1099.55 1447.34
1099.40 1447.80
1099.25 1448.26
1099.14 1448.74
1099.07 1449.23
1099.03 1449.73
1099.01 1450.25
1099.01 1450.77
1099.01 1451.29
1099.00 1451.81
1099.00 1452.33
1099.00 1452.85
1098.99 1453.37
1098.99 1453.89
1098.99 1454.41
1099.00 1454.93
1099.00 1455.45
1098.99 1455.97
1098.96 1456.48
1098.90 1456.98
1098.81 1457.46
1098.69 1457.93
1098.54 1458.39
1098.38 1458.85
1098.24 1459.31
1098.14 1459.79
1098.07 1460.28
1098.03 1460.78
1098.01 1461.30
1098.00 1461.82
1098.00 1462.34
1098.00 1462.86
1098.00 1463.38
1097.99 1463.89
1097.96 1464.41
1097.91 1464.91
1097.83 1465.39
1097.71 1465.87
1097.56 1466.33
1097.40 1466.78
1097.26 1467.24
1097.14 1467.71
1097.05 1468.20
1096.97 1468.69
1096.88 1469.17
1096.77 1469.65
1096.63 1470.11
1096.47 1470.56
1096.31 1471.02
1096.16 1471.48
1096.02 1471.94
1095.88 1472.40
1095.73 1472.86
1095.57 1473.32
1095.40 1473.77
1095.24 1474.23
1095.09 1474.69
1094.95 1475.15
1094.79 1475.60
1094.59 1476.04
1094.35 1476.46
1094.09 1476.87
1093.82 1477.28
1093.57 1477.70
1093.36 1478.14
1093.20 1478.59
1093.09 1479.07
1093.03 1479.56
1093.00 1480.07
1092.99 1480.59
1092.99 1481.11
1093.00 1481.64
1093.01 1482.16
1093.01 1482.68
1093.01 1483.21
1093.01 1483.73
1093.01 1484.25
1093.01 1484.77
1093.00 1485.29
1093.00 1485.81
1093.00 1486.33
1092.99 1486.85
1092.99 1487.37
1092.99 1487.89
1092.99 1488.41
1092.99 1488.93
1092.99 1489.45
1092.99 1489.97
1092.96 1490.48
1092.90 1490.98
1092.81 1491.46
1092.69 1491.93
1092.54 1492.39
1092.38 1492.85
1092.24 1493.31
1092.14 1493.79
1092.07 1494.28
1092.03 1494.79
1092.01 1495.30
1092.00 1495.82
1092.00 1496.34
1092.00 1496.86
1092.00 1497.38
1091.99 1497.90
1091.96 1498.41
1091.91 1498.91
1091.83 1499.40
1091.71 1499.87
1091.56 1500.33
1091.40 1500.78
1091.26 1501.25
1091.15 1501.72
1091.07 1502.21
1091.02 1502.71
1090.98 1503.22
1090.94 1503.72
1090.86 1504.21
1090.76 1504.69
1090.61 1505.15
1090.46 1505.60
1090.29 1506.06
1090.14 1506.52
1090.00 1506.98
1089.86 1507.44
1089.71 1507.90
1089.55 1508.36
1089.39 1508.81
1089.23 1509.27
1089.08 1509.73
1088.94 1510.19
1088.80 1510.65
1088.65 1511.11
1088.48 1511.56
1088.33 1512.02
1088.20 1512.49
1088.11 1512.97
1088.05 1513.47
1088.02 1513.98
1088.00 1514.49
1087.98 1515.00
1087.95 1515.51
1087.90 1516.01
1087.80 1516.49
1087.68 1516.96
1087.53 1517.42
1087.37 1517.88
1087.23 1518.34
1087.13 1518.82
1087.06 1519.32
1087.03 1519.82
1087.01 1520.34
1087.00 1520.85
1087.00 1521.37
1087.00 1521.89
1087.00 1522.41
1086.99 1522.93
1086.99 1523.46
1087.00 1523.98
1087.00 1524.50
1086.99 1525.02
1086.96 1525.53
1086.90 1526.02
1086.81 1526.51
1086.68 1526.98
1086.53 1527.43
1086.38 1527.89
1086.24 1528.35
1086.13 1528.83
1086.05 1529.32
1086.01 1529.82
1086.00 1530.34
1086.00 1530.86
1086.01 1531.39
1086.01 1531.91
1086.01 1532.43
1086.01 1532.95
1086.00 1533.47
1085.99 1533.99
1085.99 1534.51
1085.99 1535.03
1085.99 1535.55
1085.98 1536.07
1085.95 1536.58
1085.89 1537.07
1085.79 1537.55
1085.66 1538.02
1085.50 1538.47
1085.35 1538.93
1085.21 1539.40
1085.11 1539.87
1085.02 1540.36
1084.94 1540.85
1084.85 1541.33
1084.72 1541.80
1084.56 1542.26
1084.38 1542.70
1084.17 1543.14
1083.96 1543.57
1083.76 1544.01
1083.56 1544.45
1083.38 1544.89
1083.23 1545.35
1083.12 1545.83
1083.03 1546.31
1082.95 1546.80
1082.86 1547.28
1082.74 1547.76
1082.60 1548.22
1082.44 1548.67
1082.29 1549.13
1082.16 1549.60
1082.07 1550.08
1081.99 1550.57
1081.91 1551.06
1081.80 1551.54
1081.67 1552.00
1081.52 1552.46
1081.36 1552.92
1081.22 1553.38
1081.12 1553.86
1081.05 1554.35
1081.02 1554.86
1081.00 1555.38
1081.00 1555.90
1081.00 1556.42
1081.00 1556.94
1081.00 1557.46
1081.01 1557.98
1081.01 1558.51
1081.01 1559.03
1081.01 1559.55
1081.00 1560.07
1081.00 1560.59
1081.00 1561.11
1081.00 1561.63
1081.00 1562.15
1081.00 1562.67
1081.00 1563.19
1081.00 1563.72
1081.00 1564.24
1081.00 1564.76
1081.00 1565.28
1081.00 1565.80
1081.00 1566.32
1081.00 1566.84
1081.00 1567.36
1081.00 1567.88
1081.00 1568.41
1081.00 1568.93
1081.00 1569.45
1081.00 1569.97
1081.00 1570.49
1081.00 1571.01
1081.00 1571.53
1081.00 1572.05
1081.00 1572.58
1081.00 1573.10
1081.00 1573.62
1081.00 1574.14
1081.00 1574.66
1081.00 1575.18
1081.00 1575.70
1081.00 1576.23
1081.00 1576.75
1081.00 1577.27
1081.00 1577.79
1081.00 1578.31
1081.00 1578.83
1081.00 1579.35
1078.36 1592.98
1078.09 1593.38
1077.86 1593.80
1077.64 1594.23
1077.42 1594.66
1077.20 1595.10
1076.99 1595.53
1076.78 1595.96
1076.57 1596.40
1076.39 1596.84
1076.22 1597.29
1076.07 1597.75
1075.93 1598.22
1075.79 1598.68
1075.62 1599.13
1075.44 1599.58
1075.24 1600.01
1075.02 1600.45
1074.81 1600.88
1074.60 1601.31
1074.40 1601.75
1074.21 1602.17
1074.02 1602.59
935.00 147.79
935.00 147.95
935.00 148.24
935.00 148.64
935.00 149.09
935.00 149.58
935.00 150.09
935.00 150.60
935.00 151.11
935.00 151.62
935.00 152.14
935.00 152.65
935.00 153.16
935.00 153.68
935.00 154.19
935.00 154.70
935.00 155.22
935.00 155.73
935.00 156.24
935.00 156.76
935.00 157.27
935.00 157.79
935.00 158.30
935.00 158.81
935.00 159.33
935.00 159.84
935.00 160.35
935.00 160.87
935.00 161.38
935.00 161.89
935.00 162.41
935.00 162.92
935.00 163.43
935.00 163.95
935.00 164.46
935.00 164.98
935.00 165.49
935.00 166.00
935.00 166.52
935.00 167.03
935.00 167.54
935.00 168.06
935.00 168.57
935.00 169.09
935.00 169.60
935.00 170.11
935.00 170.62
935.02 171.13
935.06 171.63
935.12 172.12
935.22 172.59
935.35 173.05
935.50 173.50
935.65 173.95
935.78 174.41
935.89 174.88
935.98 175.36
936.05 175.84
936.14 176.31
936.26 176.78
936.40 177.24
936.55 177.69
936.70 178.14
936.83 178.60
936.92 179.08
936.97 179.57
936.99 180.07
937.00 180.58
937.01 181.09
937.04 181.59
937.11 182.08
937.21 182.55
937.33 183.01
937.48 183.46
937.63 183.92
937.77 184.37
937.87 184.84
937.95 185.33
937.99 185.82
938.03 186.32
938.07 186.81
938.14 187.29
938.23 187.75
938.33 188.18
938.40 188.60
938.44 189.00
938.42 189.41
938.35 189.82
938.25 190.25
938.15 190.70
938.07 191.18
938.01 191.67
937.99 192.18
937.99 192.69
938.00 193.21
938.01 193.72
938.02 194.24
938.02 194.76
938.02 195.27
938.01 195.78
938.00 196.29
937.99 196.80
937.99 197.31
937.99 197.83
937.99 198.34
937.99 198.85
937.99 199.36
938.00 199.88
938.00 200.39
938.00 200.91
938.01 201.42
938.01 201.93
938.01 202.45
938.01 202.96
938.01 203.48
938.01 203.99
938.01 204.51
938.01 205.02
938.00 205.54
938.00 206.05
938.00 206.57
937.99 207.08
937.99 207.59
937.99 208.11
937.99 208.62
937.99 209.13
937.99 209.65
937.99 210.16
937.99 210.67
937.99 211.18
938.00 211.69
938.00 212.21
938.01 212.72
938.01 213.23
938.02 213.74
938.02 214.25
938.03 214.77
938.03 215.28
938.02 215.80
938.01 216.31
938.00 216.83
937.99 217.35
937.98 217.87
937.97 218.39
937.98 218.90
938.01 219.39
938.08 219.88
938.17 220.35
938.30 220.81
938.45 221.27
938.60 221.72
938.74 222.18
938.85 222.64
938.94 223.12
939.01 223.60
939.09 224.08
939.20 224.55
939.32 225.01
939.47 225.47
939.63 225.92
939.77 226.37
939.88 226.84
939.95 227.32
940.00 227.82
940.01 228.32
940.02 228.84
940.01 229.35
940.00 229.87
939.99 230.39
939.99 230.90
939.99 231.42
939.98 231.93
939.98 232.44
939.99 232.96
939.99 233.47
939.99 233.98
939.99 234.50
939.99 235.01
940.00 235.52
940.00 236.03
940.00 236.55
940.00 237.06
940.00 237.57
940.00 238.09
940.00 238.60
940.00 239.11
940.00 239.63
940.01 240.14
940.01 240.65
940.01 241.17
940.01 241.68
940.01 242.19
940.01 242.71
940.01 243.22
940.01 243.74
940.01 244.25
940.00 244.76
940.00 245.28
940.00 245.79
940.00 246.30
940.00 246.82
940.00 247.33
940.00 247.85
940.00 248.36
940.00 248.87
940.00 249.39
940.00 249.90
940.00 250.42
940.00 250.93
940.00 251.44
940.00 251.96
940.00 252.47
940.00 252.98
940.00 253.50
940.00 254.01
940.00 254.52
940.00 255.04
940.00 255.55
940.00 256.07
940.00 256.58
940.00 257.09
940.00 257.61
940.00 258.12
940.00 258.63
940.00 259.15
940.00 259.66
940.00 260.17
940.00 260.69
940.00 261.20
940.00 261.71
940.00 262.23
940.00 262.74
940.00 263.25
940.00 263.77
940.00 264.28
940.00 264.79
940.00 265.31
940.00 265.82
940.00 266.34
940.00 266.85
940.00 267.36
940.00 267.88
940.00 268.39
940.00 268.91
940.00 269.42
939.99 269.93
939.96 270.43
939.91 270.92
939.83 271.40
939.71 271.86
939.55 272.31
939.37 272.75
939.16 273.18
938.95 273.61
938.75 274.03
938.57 274.46
938.44 274.88
938.36 275.31
938.35 275.73
938.41 276.16
938.52 276.59
938.66 277.04
938.79 277.50
938.90 277.97
938.99 278.45
939.08 278.93
939.18 279.40
939.30 279.86
939.45 280.32
939.59 280.77
939.73 281.22
939.84 281.69
939.92 282.17
939.23 301.66
939.36 302.12
939.52 302.57
939.67 303.02
939.80 303.48
939.90 303.95
939.96 304.44
939.99 304.94
940.00 305.45
940.00 305.97
939.99 306.48
939.98 307.00
939.98 307.51
939.99 308.02
940.00 308.53
940.00 309.04
940.01 309.56
940.01 310.07
940.01 310.58
940.01 311.10
940.00 311.61
940.00 312.13
940.00 312.64
940.01 313.15
940.05 313.65
940.12 314.13
940.22 314.60
940.36 315.06
940.53 315.50
940.73 315.93
940.93 316.36
941.14 316.79
941.35 317.22
941.53 317.66
941.70 318.11
941.82 318.57
941.91 319.04
941.96 319.53
941.98 320.03
941.99 320.54
941.99 321.06
941.99 321.57
941.98 322.09
941.95 322.58
941.89 323.07
941.80 323.54
941.66 323.99
941.51 324.45
941.36 324.90
941.23 325.36
941.13 325.83
941.09 326.31
941.09 326.79
941.15 327.27
941.25 327.73
941.39 328.19
941.54 328.64
941.69 329.09
941.81 329.55
941.91 330.03
941.96 330.52
941.98 331.01
941.95 331.51
941.90 332.00
941.80 332.48
941.68 332.94
941.53 333.39
941.39 333.84
941.25 334.30
941.15 334.77
941.07 335.25
941.03 335.75
941.01 336.25
941.00 336.76
941.00 337.28
941.00 337.79
941.00 338.30
941.00 338.82
941.00 339.33
941.00 339.85
941.00 340.36
941.00 340.87
941.00 341.39
941.00 341.90
941.00 342.41
941.00 342.93
941.00 343.44
941.00 343.95
941.00 344.47
941.00 344.98
941.00 345.49
941.00 346.01
941.00 346.52
941.00 347.04
941.00 347.55
941.00 348.06
941.00 348.58
941.00 349.09
941.00 349.60
941.00 350.12
941.00 350.63
941.00 351.14
941.00 351.66
941.00 352.17
941.00 352.68
941.00 353.20
941.00 353.71
941.00 354.23
941.00 354.74
941.00 355.25
941.00 355.77
941.00 356.28
941.00 356.79
941.00 357.31
941.00 357.82
941.00 358.33
941.00 358.85
941.00 359.36
941.00 359.88
941.00 360.39
941.00 360.90
941.00 361.42
941.00 361.93
941.00 362.44
941.00 362.96
941.00 363.47
941.00 363.98
941.00 364.50
941.00 365.01
941.00 365.52
941.00 366.04
941.00 366.55
941.00 367.07
941.00 367.58
941.00 368.09
941.00 368.61
941.00 369.12
941.00 369.63
941.00 370.15
941.00 370.66
941.00 371.17
941.00 371.69
941.00 372.20
941.00 372.72
941.00 373.23
941.00 373.74
941.00 374.26
941.00 374.77
941.00 375.28
941.00 375.80
941.00 376.31
941.00 376.82
941.00 377.34
941.00 377.85
941.00 378.36
941.00 378.88
941.00 379.39
941.00 379.91
941.00 380.42
941.00 380.93
941.00 381.45
941.00 381.96
941.00 382.47
941.00 382.99
941.00 383.50
941.00 384.01
941.00 384.53
941.00 385.04
941.00 385.55
941.00 386.07
941.00 386.58
941.00 387.10
941.00 387.61
941.00 388.12
941.00 388.64
941.00 389.15
941.00 389.66
941.00 390.18
941.00 390.69
941.00 391.20
941.00 391.72
941.00 392.23
941.00 392.75
941.00 393.26
941.00 393.77
941.00 394.29
941.00 394.80
941.00 395.31
941.00 395.83
941.00 396.34
941.00 396.85
941.00 397.37
941.00 397.88
941.00 398.39
941.00 398.91
941.00 399.42
941.00 399.94
941.00 400.45
941.00 400.96
941.00 401.48
941.00 401.99
941.00 402.50
941.00 403.02
941.00 403.53
941.00 404.04
941.00 404.56
941.00 405.07
941.00 405.59
941.00 406.10
941.00 406.61
941.00 407.13
941.00 407.64
941.00 408.15
941.00 408.67
941.00 409.18
941.00 409.69
941.00 410.21
941.00 410.72
941.00 411.23
941.00 411.75
941.00 412.26
941.00 412.78
941.00 413.29
941.00 413.80
941.00 414.32
941.00 414.83
941.00 415.34
941.00 415.86
941.00 416.37
941.00 416.88
941.00 417.40
941.00 417.91
941.00 418.43
941.00 418.94
941.00 419.45
941.00 419.97
941.00 420.48
941.00 420.99
941.00 421.51
941.00 422.02
941.00 422.53
941.00 423.05
941.00 423.56
941.00 424.07
941.00 424.59
941.00 425.10
941.00 425.61
941.00 426.13
941.00 426.64
941.00 427.15
941.00 427.67
941.00 428.18
941.00 428.70
941.00 429.21
941.00 429.72
941.00 430.24
941.00 430.75
941.00 431.26
941.00 431.78
941.00 432.29
941.00 432.81
941.01 433.32
941.01 433.84
941.00 434.35
940.99 434.86
940.97 435.36
940.92 435.85
940.84 436.33
940.72 436.80
940.58 437.26
940.43 437.71
940.29 438.16
940.17 438.63
940.09 439.10
940.03 439.60
940.01 440.10
940.00 440.61
940.00 441.12
940.00 441.64
940.00 442.15
940.00 442.67
940.01 443.18
940.01 443.69
940.01 444.21
940.00 444.72
940.00 445.23
940.00 445.74
940.00 446.26
940.00 446.77
940.00 447.28
940.00 447.80
940.00 448.31
940.00 448.82
940.00 449.34
940.00 449.85
940.00 450.37
940.00 450.88
940.00 451.39
940.00 451.91
940.00 452.42
940.00 452.94
940.00 453.45
940.00 453.96
940.00 454.48
940.00 454.99
940.00 455.50
940.00 456.02
940.00 456.53
940.00 457.04
940.00 457.56
940.00 458.07
940.00 458.58
940.00 459.10
940.00 459.61
940.00 460.12
940.00 460.64
940.00 461.15
940.00 461.67
940.00 462.18
940.00 462.70
940.00 463.21
940.00 463.72
939.98 464.22
939.94 464.72
939.87 465.21
939.76 465.68
939.62 466.13
939.47 466.58
939.32 467.04
939.20 467.50
939.10 467.97
939.05 468.46
939.02 468.96
939.01 469.47
939.00 469.98
939.00 470.50
939.00 471.01
939.00 471.52
939.00 472.04
939.00 472.55
939.00 473.06
939.00 473.58
939.00 474.09
939.00 474.61
939.00 475.12
939.00 475.63
939.00 476.15
939.00 476.66
939.00 477.17
939.00 477.69
939.00 478.20
939.00 478.71
939.00 479.23
939.00 479.74
939.00 480.25
939.00 480.77
939.00 481.28
939.00 481.79
939.00 482.31
939.00 482.82
939.00 483.34
939.01 483.85
939.00 484.36
938.99 484.87
938.97 485.38
938.92 485.87
938.84 486.35
938.73 486.82
938.59 487.28
938.44 487.73
938.29 488.18
938.17 488.64
938.08 489.12
938.02 489.61
937.99 490.11
937.99 490.62
938.00 491.14
938.01 491.66
938.02 492.17
938.02 492.69
938.02 493.20
938.02 493.71
938.01 494.22
938.01 494.73
938.00 495.24
937.99 495.76
937.99 496.27
937.98 496.79
937.98 497.30
937.98 497.82
937.98 498.33
937.98 498.85
937.98 499.36
937.99 499.88
937.99 500.39
937.99 500.90
938.00 501.42
938.00 501.93
938.01 502.44
938.01 502.95
938.02 503.46
938.02 503.97
938.02 504.49
938.02 505.00
938.02 505.51
938.02 506.02
938.02 506.54
938.01 507.05
938.01 507.57
938.00 508.09
937.98 508.60
937.97 509.12
937.96 509.64
937.96 510.16
937.97 510.67
938.00 511.17
938.05 511.66
938.14 512.14
938.25 512.61
938.39 513.06
938.53 513.52
938.67 513.97
938.80 514.43
938.89 514.91
938.95 515.40
938.99 515.90
939.01 516.41
939.01 516.92
939.00 517.43
938.99 517.95
938.98 518.46
938.98 518.97
938.98 519.48
938.99 519.99
939.00 520.51
939.01 521.03
939.01 521.54
939.00 522.05
938.97 522.55
938.90 523.04
938.79 523.51
938.66 523.97
938.51 524.42
938.36 524.87
938.23 525.33
938.13 525.80
938.07 526.29
938.03 526.79
938.01 527.29
938.00 527.80
937.99 528.31
937.99 528.83
937.99 529.34
938.00 529.86
938.00 530.37
938.00 530.89
938.00 531.40
938.00 531.91
938.00 532.43
938.01 532.94
938.01 533.46
938.01 533.97
938.00 534.48
938.00 535.00
938.00 535.51
938.00 536.02
938.00 536.53
938.00 537.05
938.00 537.56
938.00 538.07
938.00 538.59
937.99 539.10
937.99 539.61
937.99 540.13
937.99 540.64
937.99 541.15
937.99 541.67
937.99 542.18
938.00 542.70
938.00 543.21
938.00 543.72
938.00 544.24
938.00 544.75
938.00 545.27
938.01 545.78
938.01 546.30
938.01 546.81
938.01 547.32
938.01 547.84
938.01 548.35
938.01 548.87
938.01 549.38
938.01 549.89
938.01 550.40
938.00 550.92
938.00 551.43
937.99 551.94
937.99 552.45
937.98 552.96
937.98 553.47
937.98 553.99
937.98 554.50
937.99 555.02
938.00 555.54
938.01 556.06
938.02 556.57
938.01 557.08
937.97 557.58
937.90 558.06
937.79 558.53
937.65 558.99
937.50 559.44
937.35 559.89
937.22 560.35
937.12 560.82
937.06 561.31
937.02 561.81
937.01 562.32
937.00 562.83
937.00 563.34
937.00 563.86
937.00 564.37
937.00 564.88
937.00 565.39
937.00 565.91
937.00 566.42
937.00 566.93
937.00 567.45
937.00 567.96
937.00 568.48
937.00 568.99
937.00 569.51
937.00 570.02
937.00 570.53
937.01 571.04
937.05 571.54
937.10 572.03
937.19 572.51
937.32 572.97
937.46 573.42
937.62 573.87
937.76 574.33
937.87 574.79
937.94 575.27
937.98 575.77
938.00 576.28
938.00 576.79
937.45 580.67
937.30 581.12
937.14 581.57
937.00 582.03
936.84 582.48
936.66 582.92
936.44 583.34
936.16 583.73
935.84 584.11
935.50 584.49
935.16 584.86
934.85 585.24
934.58 585.65
934.37 586.08
934.22 586.53
934.12 587.00
934.05 587.48
934.02 587.98
934.00 588.49
933.99 589.00
933.99 589.51
933.99 590.02
933.99 590.54
933.99 591.05
933.99 591.57
934.00 592.08
934.00 592.60
934.00 593.11
934.00 593.63
934.01 594.14
934.01 594.66
934.01 595.17
934.01 595.68
934.01 596.20
934.01 596.71
934.01 597.22
934.01 597.74
934.01 598.25
934.01 598.76
934.01 599.28
934.01 599.79
934.00 600.30
934.00 600.82
934.00 601.33
934.00 601.84
934.00 602.36
934.00 602.87
934.00 603.38
934.00 603.90
933.99 604.41
933.99 604.92
933.99 605.44
933.99 605.95
933.99 606.46
933.99 606.98
933.99 607.49
933.99 608.00
933.99 608.52
933.99 609.03
933.99 609.54
933.99 610.06
933.99 610.57
933.99 611.09
934.00 611.60
934.00 612.12
934.00 612.63
934.01 613.14
934.01 613.66
934.01 614.18
934.02 614.69
934.02 615.21
934.02 615.72
934.02 616.23
934.01 616.74
933.98 617.24
933.93 617.74
933.85 618.22
933.74 618.68
933.59 619.14
933.42 619.58
933.22 620.01
933.02 620.44
932.81 620.87
932.61 621.30
932.42 621.73
932.26 622.18
932.11 622.63
931.97 623.09
931.82 623.54
931.67 623.99
931.51 624.44
931.35 624.88
931.20 625.34
931.05 625.79
930.92 626.25
930.78 626.70
930.64 627.16
930.50 627.62
930.37 628.07
930.24 628.53
930.14 629.00
930.05 629.48
929.99 629.97
929.96 630.47
929.94 630.98
929.94 631.49
929.95 632.01
929.98 646.92
929.98 647.43
929.98 647.94
929.98 648.46
929.98 648.97
929.99 649.49
929.99 650.00
929.99 650.51
929.99 651.03
929.99 651.54
929.99 652.06
930.00 652.57
930.00 653.09
930.00 653.60
930.01 654.12
930.01 654.63
930.01 655.15
930.02 655.66
930.02 656.18
930.03 656.69
930.03 657.21
930.03 657.72
930.03 658.23
930.01 658.74
929.98 659.24
929.93 659.73
929.84 660.21
929.73 660.68
929.59 661.14
929.44 661.59
929.30 662.04
929.18 662.51
929.10 662.98
929.04 663.47
929.02 663.98
929.01 664.48
929.02 664.99
929.05 665.50
929.10 665.99
929.19 666.46
929.31 666.92
929.44 667.37
929.55 667.80
929.63 668.23
929.64 668.66
929.60 669.09
929.51 669.53
929.39 669.98
929.27 670.44
929.15 670.91
929.06 671.39
929.00 671.88
928.96 672.38
928.94 672.88
928.94 673.40
928.96 673.91
928.98 674.43
929.00 674.96
929.02 675.48
929.03 675.99
929.04 676.51
929.04 677.02
929.03 677.53
929.02 678.04
929.00 678.55
928.99 679.06
928.98 679.57
928.98 680.09
928.98 680.60
928.99 681.12
928.99 681.63
928.98 682.14
928.95 682.64
928.88 683.12
928.79 683.60
928.66 684.06
928.51 684.51
928.36 684.96
928.23 685.42
928.12 685.89
928.04 686.37
928.01 686.87
927.99 687.38
928.00 687.89
928.00 688.41
928.01 688.93
928.01 689.44
928.01 689.95
928.01 690.47
928.00 690.98
928.00 691.49
927.99 692.00
927.99 692.51
927.99 693.03
928.00 693.54
928.00 694.06
928.00 694.57
927.99 695.08
927.95 695.58
927.89 696.07
927.80 696.54
927.67 697.00
927.53 697.46
927.38 697.91
927.24 698.36
927.13 698.83
927.06 699.32
927.02 699.81
927.00 700.32
927.00 700.83
927.00 701.35
927.00 701.86
927.00 702.38
927.00 702.89
927.00 703.40
926.99 703.91
926.97 704.41
926.92 704.91
926.83 705.39
926.71 705.85
926.56 706.30
926.37 706.74
926.17 707.17
925.96 707.59
925.75 708.02
925.56 708.45
925.38 708.90
925.24 709.35
925.13 709.82
925.06 710.30
925.02 710.80
925.00 711.31
925.00 711.82
925.01 712.33
924.99 717.46
924.99 717.98
924.99 718.49
924.99 719.01
924.99 719.52
925.00 720.03
925.00 720.55
925.00 721.06
923.01 754.14
923.01 754.65
923.01 755.16
923.01 755.68
923.01 756.19
923.01 756.70
923.01 757.22
923.01 757.73
923.01 758.24
923.01 758.76
923.01 759.27
923.01 759.78
923.01 760.30
923.00 760.81
923.00 761.32
923.00 761.84
923.00 762.35
923.00 762.86
923.00 763.38
923.00 763.89
923.00 764.40
923.00 764.92
923.00 765.43
923.00 765.94
923.00 766.46
923.00 766.97
923.00 767.48
922.99 768.00
922.99 768.51
922.99 769.02
922.99 769.54
922.99 770.05
922.99 770.56
922.99 771.08
922.99 771.59
922.99 772.10
922.99 772.62
922.99 773.13
923.00 773.65
923.00 774.16
923.00 774.67
923.00 775.19
923.00 775.70
923.00 776.21
923.00 776.73
923.00 777.24
923.00 777.76
923.00 778.27
923.00 778.78
923.00 779.30
923.00 779.81
923.00 780.33
923.00 780.84
923.00 781.35
923.00 781.87
923.00 782.38
923.00 782.89
923.00 783.41
923.00 783.92
923.00 784.43
923.00 784.95
923.00 785.46
923.00 785.98
923.00 786.49
923.00 787.00
923.00 787.52
923.00 788.03
923.00 788.54
923.00 789.06
923.00 789.57
923.00 790.08
923.00 790.60
923.00 791.11
923.00 791.62
923.00 792.14
923.00 792.65
923.00 793.16
923.00 793.68
923.00 794.19
923.00 794.70
923.00 795.22
923.00 795.73
923.00 796.24
923.00 796.76
923.00 797.27
923.00 797.79
923.00 798.30
923.00 798.81
923.00 799.33
923.00 799.84
923.00 800.35
923.00 800.87
923.00 801.38
923.00 801.90
923.00 802.41
923.00 802.92
923.01 803.44
923.01 803.95
923.00 804.46
922.99 804.97
922.96 805.47
922.90 805.96
922.82 806.44
922.70 806.91
922.56 807.36
922.41 807.81
922.27 808.27
922.15 808.73
922.06 809.21
922.02 809.71
922.00 810.21
922.00 810.72
922.00 811.24
922.01 811.76
921.74 814.73
921.61 815.19
921.46 815.64
921.31 816.09
921.19 816.55
921.10 817.03
921.04 817.52
921.01 818.02
921.00 818.53
921.00 819.04
921.00 819.56
920.99 820.06
920.96 820.57
920.90 821.05
920.80 821.53
920.67 821.99
920.52 822.44
920.37 822.89
920.23 823.35
920.12 823.82
920.05 824.30
920.02 824.80
920.01 825.31
920.00 825.82
919.99 826.32
919.95 826.81
1105.00 148.81
1105.00 148.98
1105.00 149.28
1105.00 149.68
1105.00 150.15
1105.00 150.65
1105.00 151.16
1105.00 151.69
1105.00 152.21
1105.00 152.74
1105.00 153.27
1105.00 153.79
1105.00 154.32
1105.00 154.85
1105.00 155.37
1105.00 155.90
1105.00 156.42
1105.00 156.95
1105.00 157.48
1105.00 158.00
1105.00 158.53
1105.00 159.06
1105.00 159.58
1105.00 160.11
1105.00 160.64
1105.00 161.16
1105.00 161.69
1105.00 162.22
1105.00 162.75
1104.99 163.27
1104.99 163.80
1104.99 164.33
1104.99 164.85
1104.99 165.38
1105.00 165.90
1105.00 166.43
1105.01 166.95
1105.01 167.48
1105.01 168.01
1105.01 168.53
1105.02 169.05
1105.05 169.57
1105.11 170.07
1105.21 170.55
1105.35 171.02
1105.51 171.49
1105.66 171.95
1105.79 172.42
1105.89 172.91
1105.95 173.41
1105.98 173.92
1106.00 174.44
1106.02 174.96
1106.04 175.48
1106.10 175.98
1106.19 176.47
1106.31 176.95
1106.46 177.41
1106.62 177.87
1106.76 178.34
1106.87 178.82
1106.94 179.32
1106.97 179.83
1106.99 180.35
1106.99 180.88
1106.99 181.40
1106.99 181.93
1107.00 182.45
1107.00 182.98
1107.00 186.66
1107.00 187.19
1107.00 187.72
1107.00 188.25
1107.00 188.77
1107.00 189.30
1107.00 189.83
1107.00 190.35
1107.00 190.88
1107.00 191.41
1107.00 196.67
1107.00 197.20
1107.00 197.72
1107.00 198.25
1107.00 198.78
1107.00 199.30
1107.00 199.83
1107.00 200.36
1107.00 200.88
1107.00 201.41
1107.00 201.94
1107.00 202.46
1107.00 202.99
1107.00 203.52
1107.00 204.04
1107.00 204.57
1107.00 205.10
1107.00 205.62
1107.00 206.15
1107.00 206.68
1107.00 207.20
1107.00 207.73
1107.00 208.26
1107.00 208.78
1107.00 209.31
1107.00 209.83
1107.00 210.36
1107.00 210.89
1107.00 211.41
1107.00 211.94
1107.01 212.46
1107.02 212.99
1107.05 213.50
1107.10 214.01
1107.19 214.49
1107.32 214.97
1107.47 215.43
1107.63 215.89
1107.77 216.36
1107.87 216.84
1107.94 217.34
1107.98 217.86
1107.99 218.38
1107.99 218.90
1107.99 219.43
1107.99 219.96
1108.00 220.48
1108.00 221.00
1108.01 221.53
1108.01 222.05
1108.01 222.58
1108.01 223.11
1108.01 223.64
1108.00 224.16
1108.00 224.69
1108.00 225.22
1107.99 225.75
1107.99 226.27
1107.99 226.80
1107.99 227.33
1107.99 227.85
1107.99 228.38
1108.00 228.91
1108.00 229.43
1108.01 229.95
1108.01 230.48
1108.01 231.00
1108.01 231.53
1108.01 232.06
1108.01 232.59
1108.02 233.11
1108.05 233.62
1108.11 234.12
1108.22 234.60
1108.35 235.07
1108.48 235.52
1108.59 235.96
1108.65 236.40
1108.65 236.83
1108.61 237.25
1108.55 237.65
1108.52 238.04
1108.50 238.43
1108.48 238.81
1108.45 239.20
1108.38 239.61
1108.28 240.04
1108.18 240.50
1108.10 240.98
1108.05 241.49
1108.02 242.00
1108.01 242.52
1108.00 243.05
1108.00 243.57
1108.00 244.10
1108.00 244.62
1108.00 245.15
1108.00 245.68
1108.00 246.20
1107.99 246.73
1107.97 247.24
1107.93 247.75
1107.86 248.25
1107.75 248.73
1107.61 249.20
1107.45 249.66
1107.30 250.13
1107.18 250.60
1107.09 251.09
1107.05 251.60
1107.04 252.11
1107.06 252.61
1107.12 253.11
1107.22 253.60
1107.35 254.07
1107.50 254.53
1107.66 255.00
1107.79 255.47
1107.89 255.95
1107.95 256.45
1107.98 256.97
1107.99 257.49
1107.99 258.02
1107.99 258.54
1107.99 259.07
1108.00 259.59
1108.00 260.12
1108.01 260.64
1108.01 261.17
1108.01 261.70
1108.00 262.22
1108.00 262.75
1108.00 263.28
1108.00 263.81
1108.00 264.33
1108.01 264.85
1108.04 265.37
1108.09 265.88
1108.17 266.37
1108.29 266.85
1108.44 267.31
1108.59 267.77
1108.74 268.24
1108.85 268.72
1108.92 269.22
1108.97 269.72
1108.99 270.24
1109.00 270.77
1109.00 271.29
1109.00 271.82
1109.00 272.34
1109.00 272.87
1109.00 273.40
1109.00 273.92
1109.00 274.45
1109.00 274.98
1109.00 275.50
1109.00 276.03
1109.00 276.56
1109.00 277.08
1109.00 277.61
1109.00 278.14
1109.00 278.66
1109.00 279.19
1109.00 279.72
1109.00 280.24
1109.00 280.77
1109.00 281.30
1109.00 281.82
1109.00 282.35
1109.00 282.88
1109.00 283.40
1109.00 283.93
1109.00 284.45
1109.00 284.98
1109.00 285.51
1109.00 286.03
1109.00 286.56
1109.00 287.09
1109.00 287.61
1109.00 288.14
1109.00 288.67
1109.00 289.19
1109.00 289.72
1109.00 290.25
1109.00 290.77
1109.00 291.30
1109.00 291.83
1109.01 292.35
1109.02 292.87
1109.04 293.39
1109.09 293.90
1109.17 294.39
1109.29 294.87
1109.43 295.33
1109.59 295.79
1109.74 296.26
1109.86 296.74
1109.93 297.23
1109.98 297.74
1110.00 298.26
1110.00 298.78
1110.00 299.31
1110.00 299.84
1109.99 300.37
1109.99 300.89
1109.99 301.42
1109.99 301.95
1109.99 302.47
1109.99 303.00
1109.99 303.53
1110.00 304.05
1110.00 304.58
1110.00 305.10
1110.00 305.63
1110.00 306.15
1110.01 306.68
1110.01 307.21
1110.01 307.73
1110.01 308.26
1110.01 308.79
1110.00 309.31
1110.00 309.84
1110.00 310.37
1110.00 310.90
1110.00 311.42
1110.00 311.95
1110.00 312.48
1110.00 313.00
1110.00 313.53
1110.00 314.06
1110.00 314.58
1110.00 315.11
1110.00 315.64
1110.00 316.16
1110.00 316.69
1110.00 317.22
1110.00 317.74
1110.00 318.27
1110.00 318.80
1110.00 319.32
1110.00 319.85
1110.00 320.37
1110.00 320.90
1110.00 321.43
1110.00 321.95
1110.00 322.48
1110.00 323.01
1110.00 323.53
1110.00 324.06
1110.00 324.59
1110.00 325.11
1110.00 325.64
1110.00 326.16
1110.01 326.69
1110.03 327.21
1110.07 327.72
1110.13 328.21
1110.22 328.69
1110.32 329.13
1110.40 329.56
1110.43 329.97
1110.40 330.38
1110.33 330.81
1110.23 331.25
1110.14 331.72
1110.07 332.22
1110.03 332.72
1110.01 333.24
1110.00 333.77
1110.00 334.29
1110.00 334.82
1110.00 335.34
1110.00 335.87
1110.00 336.40
1110.00 336.92
1110.00 337.45
1110.00 337.98
1110.00 338.50
1110.00 339.03
1110.00 339.56
1110.00 340.08
1110.00 340.61
1110.00 341.14
1110.00 341.66
1110.00 342.19
1110.00 342.72
1110.00 343.24
1110.00 343.77
1110.00 344.30
1110.00 344.82
1110.00 345.35
1110.00 345.87
1110.00 346.40
1110.00 346.93
1110.00 347.45
1110.00 347.98
1110.00 348.51
1110.00 349.03
1110.00 349.56
1110.00 350.09
1110.00 350.61
1110.00 351.14
1110.00 351.67
1110.00 352.19
1110.00 352.72
1110.00 353.25
1110.00 353.77
1110.00 354.30
1110.00 354.83
1110.00 355.35
1110.00 355.88
1110.00 356.41
1110.00 356.93
1110.00 357.46
1110.00 357.99
1110.00 358.51
1110.00 359.04
1110.00 359.57
1110.00 360.09
1110.00 360.62
1110.00 361.15
1110.00 361.67
1110.00 362.20
1110.00 362.73
1110.00 363.25
1110.00 363.78
1110.00 364.31
1110.00 364.83
1110.00 365.36
1110.00 365.89
1110.00 366.41
1110.00 366.94
1110.00 367.47
1110.00 367.99
1110.00 368.52
1110.00 369.04
1109.99 369.57
1109.98 370.09
1109.94 370.60
1109.88 371.10
1109.78 371.59
1109.65 372.06
1109.49 372.52
1109.34 372.98
1109.21 373.46
1109.11 373.94
1109.06 374.44
1109.03 374.96
1109.02 375.48
1109.02 376.00
1109.05 376.51
1109.10 377.01
1109.20 377.50
1109.32 377.97
1109.48 378.44
1109.63 378.90
1109.77 379.37
1109.88 379.85
1109.94 380.35
1109.98 380.86
1109.99 381.39
1109.99 381.91
1109.99 382.44
1110.00 382.96
1110.00 383.49
1110.00 384.01
1110.00 384.54
1110.00 385.06
1110.00 385.59
1110.00 386.12
1110.00 386.65
1110.00 387.17
1110.00 387.70
1110.00 388.23
1110.00 388.75
1110.00 389.28
1110.00 389.80
1110.00 390.33
1109.99 390.85
1109.96 391.37
1109.92 391.88
1109.84 392.37
1109.72 392.85
1109.57 393.31
1109.41 393.78
1109.27 394.24
1109.15 394.72
1109.07 395.21
1109.03 395.72
1109.01 396.24
1109.01 396.77
1109.01 397.30
1109.01 397.82
1109.01 398.35
1109.00 398.87
1109.00 399.39
1108.99 399.92
1108.99 400.45
1108.99 400.97
1108.99 401.50
1108.99 402.03
1109.00 402.55
1109.00 403.08
1109.00 403.61
1109.00 404.14
1109.00 404.66
1109.00 405.19
1109.00 405.72
1109.00 406.24
1109.00 406.77
1109.00 407.30
1109.00 407.82
1109.00 408.35
1109.00 408.88
1109.00 409.40
1109.00 409.93
1109.00 410.46
1109.00 410.98
1109.00 411.51
1109.00 412.04
1109.00 412.56
1109.00 413.09
1109.00 413.61
1109.00 414.14
1109.00 414.67
1109.00 415.19
1109.00 415.72
1109.00 416.25
1109.00 416.77
1109.00 417.30
1109.00 417.83
1109.00 418.35
1109.00 418.88
1109.00 419.41
1109.00 419.93
1109.00 420.46
1109.00 420.99
1109.00 421.51
1109.00 422.04
1109.00 422.57
1109.00 423.09
1109.00 423.62
1109.00 424.15
1109.00 424.67
1109.00 425.20
1109.00 425.73
1109.00 426.25
1109.00 426.78
1109.00 427.31
1109.00 427.83
1109.00 428.36
1109.00 428.89
1109.00 429.41
1109.00 429.94
1109.00 430.47
1109.00 430.99
1109.00 431.52
1109.00 432.04
1109.00 432.57
1109.00 433.10
1109.00 433.62
1109.00 434.15
1108.99 434.67
1108.97 435.19
1108.94 435.70
1108.87 436.20
1108.76 436.69
1108.62 437.15
1108.47 437.62
1108.32 438.08
1108.19 438.55
1108.09 439.04
1108.03 439.54
1108.01 440.06
1108.00 440.58
1108.00 441.11
1108.00 441.64
1108.00 442.16
1108.01 442.69
1108.01 443.22
1108.01 443.75
1108.01 444.27
1108.01 444.80
1108.01 445.32
1108.01 445.85
1108.00 446.38
1108.00 446.90
1108.00 447.43
1108.00 447.95
1108.00 448.48
1108.00 449.01
1108.00 449.53
1108.00 450.06
1108.00 450.59
1108.00 451.11
1108.00 451.64
1108.00 452.17
1108.00 452.69
1108.00 453.22
1108.00 453.74
1108.00 454.27
1108.00 454.80
1108.00 455.33
1108.00 455.85
1108.00 456.38
1108.00 456.91
1108.00 457.43
1108.00 457.96
1108.00 458.49
1108.00 459.01
1108.00 459.54
1108.00 460.07
1108.00 460.59
1108.00 461.12
1108.00 461.65
1108.00 462.17
1108.00 462.70
1108.00 463.23
1108.00 463.75
1108.00 464.28
1108.00 464.81
1108.00 465.33
1108.00 465.86
1108.00 466.39
1108.00 466.91
1108.00 467.44
1108.00 467.96
1108.00 468.49
1108.00 469.02
1108.00 469.54
1108.00 470.07
1108.00 470.60
1108.00 471.12
1108.00 471.65
1108.00 472.18
1108.00 472.70
1108.00 473.23
1108.00 473.76
1108.00 474.28
1108.00 474.81
1107.99 475.33
1107.99 475.86
1107.96 476.37
1107.91 476.88
1107.83 477.37
1107.71 477.85
1107.56 478.32
1107.41 478.78
1107.26 479.24
1107.15 479.72
1107.08 480.22
1107.03 480.73
1107.01 481.25
1107.00 481.77
1107.00 482.29
1107.00 482.82
1107.00 483.35
1107.00 483.87
1107.00 484.40
1107.00 484.93
1107.00 485.45
1107.00 485.98
1107.00 486.51
1107.00 487.03
1107.00 487.56
1107.00 488.09
1107.00 488.61
1107.00 489.14
1107.00 489.67
1107.00 490.19
1107.00 490.72
1107.00 491.25
1107.00 491.77
1107.00 492.30
1107.00 492.83
1107.00 493.35
1107.00 493.88
1107.00 494.41
1107.00 494.93
1107.00 495.46
1107.00 495.99
1107.00 496.51
1107.00 497.04
1107.00 497.57
1107.00 498.09
1107.00 498.62
1107.00 499.14
1107.00 499.67
1107.00 500.20
1107.00 500.72
1107.00 501.25
1107.00 501.78
1107.00 502.30
1107.00 502.83
1107.00 503.36
1107.00 503.88
1107.00 504.41
1107.00 504.94
1107.00 505.46
1107.00 505.99
1107.00 506.52
1107.00 507.04
1107.00 507.57
1107.00 508.10
1107.00 508.62
1107.00 509.15
1107.00 509.68
1107.00 510.20
1107.00 510.73
1107.00 511.26
1107.00 511.78
1107.01 512.31
1107.01 512.83
1107.04 513.35
1107.08 513.85
1107.16 514.35
1107.28 514.83
1107.43 515.29
1107.59 515.75
1107.73 516.22
1107.85 516.69
1107.95 517.18
1108.03 517.68
1108.11 518.16
1108.22 518.64
1108.35 519.11
1108.49 519.56
1108.59 520.00
1108.64 520.44
1108.61 520.88
1108.52 521.33
1108.39 521.78
1108.26 522.24
1108.14 522.71
1108.05 523.20
1107.97 523.69
1107.87 524.18
1107.73 524.65
1107.55 525.10
1107.31 525.52
1107.04 525.94
1106.77 526.35
1106.52 526.78
1106.31 527.22
1106.17 527.69
1106.08 528.18
1106.03 528.68
1106.01 529.20
1106.01 529.73
1106.01 530.25
1106.00 530.78
1106.00 531.30
1106.00 531.83
1105.99 532.35
1105.98 532.87
1105.96 533.39
1105.91 533.90
1105.83 534.39
1105.71 534.87
1105.56 535.33
1105.40 535.79
1105.26 536.26
1105.15 536.74
1105.07 537.24
1105.03 537.75
1105.01 538.26
1105.00 538.79
1105.00 539.31
1105.00 539.84
1105.00 540.37
1105.00 540.89
1105.00 541.42
1105.01 541.95
1105.01 542.47
1105.00 543.00
1105.00 543.53
1105.00 544.05
1104.99 544.57
1104.99 545.10
1104.99 545.63
1104.99 546.16
1104.99 546.68
1104.98 547.20
1104.94 547.71
1104.87 548.21
1104.76 548.69
1104.61 549.16
1104.45 549.62
1104.30 550.08
1104.18 550.56
1104.09 551.05
1104.04 551.55
1104.02 552.07
1104.01 552.59
1104.01 553.12
1104.01 553.64
1104.00 554.17
1104.00 554.70
1104.00 555.22
1103.99 555.75
1103.99 556.27
1104.00 556.80
1104.00 557.33
1104.00 557.86
1104.00 558.38
1104.00 558.91
1104.00 559.44
1104.00 559.96
1104.00 560.49
1104.00 561.02
1104.00 561.54
1104.00 562.07
1104.00 562.59
1104.00 563.12
1104.00 563.65
1104.00 564.17
1104.00 564.70
1104.00 565.23
1104.00 565.75
1104.00 566.28
1104.00 566.81
1104.00 567.33
1104.00 567.86
1104.00 568.39
1104.00 568.92
1104.00 569.44
1104.00 569.97
1104.00 570.49
1104.00 571.02
1104.00 571.55
1104.00 572.07
1103.99 572.60
1103.99 573.12
1103.99 573.65
1103.99 574.18
1103.99 574.70
1103.97 575.22
1103.93 575.73
1103.86 576.23
1103.74 576.71
1103.59 577.17
1103.40 577.62
1103.20 578.06
1103.00 578.50
1102.79 578.94
1102.59 579.39
1102.41 579.84
1102.26 580.30
1102.14 580.78
1102.07 581.28
1102.03 581.79
1102.01 582.31
1102.00 582.83
1102.00 583.35
1101.98 583.88
1101.96 584.39
1101.91 584.90
1101.82 585.39
1100.85 608.66
1100.92 609.15
1100.96 609.66
1100.98 610.18
1100.99 610.70
1100.99 611.22
1101.00 611.75
1101.00 612.28
1101.00 612.80
1101.01 613.33
1101.02 613.85
1101.04 614.37
1101.09 614.87
1101.17 615.37
1101.29 615.84
1101.43 616.31
1101.58 616.77
1101.71 617.23
1101.79 617.69
1101.80 618.16
1101.75 618.63
1101.63 619.09
1101.49 619.55
1101.33 620.01
1101.20 620.48
1101.10 620.97
1101.04 621.47
1101.01 621.98
1101.01 622.51
1101.01 623.04
1101.01 623.56
1101.01 624.09
1101.01 624.62
1101.01 625.14
1101.01 625.67
1101.01 626.19
1101.01 626.72
1101.00 627.25
1101.00 627.77
1101.00 628.30
1101.00 628.82
1101.00 629.35
1101.00 629.88
1101.00 630.40
1101.00 630.93
1101.00 631.46
1101.00 631.98
1101.00 632.51
1100.99 633.03
1100.99 633.56
1101.00 634.09
1101.00 634.61
1101.00 635.14
1101.00 635.67
1101.00 636.19
1101.00 636.72
1101.00 637.25
1101.00 637.78
1101.00 638.30
1101.00 638.83
1101.00 639.36
1101.00 639.88
1101.00 640.41
1101.00 640.94
1101.00 641.46
1101.00 641.99
1101.00 642.52
1101.00 643.04
1101.00 643.57
1101.00 644.10
1101.00 644.62
1101.00 645.15
1101.00 645.68
1101.00 646.20
1101.00 646.73
1101.00 647.26
1101.00 647.78
1101.00 648.31
1101.00 648.83
1101.00 649.36
1101.00 649.89
1101.00 650.41
1101.00 650.94
1101.00 651.47
1100.99 651.99
1100.99 652.52
1100.99 653.04
1100.99 653.57
1100.98 654.09
1100.94 654.60
1100.88 655.10
1100.78 655.59
1100.65 656.06
1100.49 656.52
1100.34 656.99
1100.21 657.46
1100.11 657.94
1100.05 658.44
1100.00 658.95
1099.96 659.46
1099.90 659.96
1099.81 660.45
1099.69 660.93
1099.54 661.39
1099.38 661.85
1099.24 662.32
1099.14 662.81
1099.06 663.30
1099.02 663.81
1099.00 664.33
1098.99 664.85
1098.96 665.37
1098.92 665.87
1098.83 666.37
1098.71 666.84
1098.57 667.31
1098.41 667.77
1098.26 668.24
1098.15 668.72
1098.07 669.21
1098.03 669.72
1098.01 670.24
1097.99 670.76
1097.97 671.28
1097.93 671.78
1097.85 672.28
1097.74 672.76
1097.59 673.23
1097.44 673.69
1097.29 674.15
1097.17 674.63
1097.08 675.12
1097.03 675.63
1096.99 676.14
1096.94 676.64
1096.88 677.14
1096.77 677.63
1096.64 678.10
1096.48 678.56
1096.33 679.02
1096.20 679.49
1096.11 679.98
1096.05 680.49
1096.02 681.00
1096.01 681.52
1096.00 682.05
1096.00 682.57
1096.00 683.10
1096.00 684.15
1096.00 684.68
1096.00 685.20
1095.99 685.73
1095.97 686.24
1095.93 686.75
1095.85 687.25
1095.74 687.73
1095.60 688.20
1094.98 706.90
1094.96 707.42
1094.91 707.92
1094.83 708.41
1094.71 708.89
1094.56 709.36
1094.40 709.82
1094.01 712.29
1094.01 712.82
1094.01 713.34
1094.01 713.87
1094.00 714.39
1094.00 714.92
1094.00 715.44
1093.99 715.97
1093.99 716.49
1093.99 717.02
1093.99 717.55
1094.00 718.07
1094.00 718.60
1094.00 719.13
1094.00 719.66
1094.00 720.18
1094.00 720.71
1094.01 721.24
1094.01 721.76
1094.00 722.29
1094.00 722.82
1094.00 723.34
1094.00 723.87
1094.00 724.39
1093.99 724.92
1093.99 725.44
1093.98 725.97
1093.95 726.48
1093.90 726.99
1093.81 727.48
1093.68 727.95
1093.53 728.41
1093.37 728.88
1093.24 729.34
1093.13 729.83
1093.06 730.33
1093.03 730.84
1093.01 731.36
1093.00 731.88
1093.00 732.41
1093.00 732.93
1093.00 733.46
1093.00 733.99
1093.00 734.51
1093.00 735.04
1093.00 735.57
1093.00 736.09
1093.00 736.62
1093.00 737.15
1093.00 737.67
1093.00 738.20
1093.00 738.72
1092.99 739.25
1092.99 739.77
1092.97 740.29
1092.92 740.80
1092.85 741.29
1092.73 741.77
1092.59 742.24
1092.43 742.70
1092.28 743.17
1092.17 743.65
1092.09 744.14
1092.04 744.65
1092.01 745.16
1092.01 745.69
1092.00 746.21
1092.00 746.74
1092.00 747.26
1092.00 747.79
1092.00 748.32
1092.00 748.84
1092.00 749.37
1092.00 749.90
1092.00 750.42
1092.00 750.95
1092.00 751.48
1092.00 752.00
1092.00 752.53
1092.00 753.06
1092.00 753.58
1092.00 754.11
1092.00 754.63
1092.00 755.16
1092.00 755.69
1092.00 756.21
1091.99 756.74
1091.97 757.26
1091.93 757.76
1091.85 758.26
1091.74 758.74
1091.60 759.21
1091.44 759.67
1091.29 760.13
1091.17 760.61
1091.09 761.10
1091.04 761.61
1091.01 762.13
1091.01 762.65
1091.01 763.18
1091.01 763.70
1091.01 764.23
1091.01 764.76
1091.00 765.28
1091.00 765.81
1091.00 766.33
1091.00 766.86
1091.00 767.38
1090.99 767.91
1090.99 768.44
1090.99 768.96
1090.99 769.49
1091.00 770.02
1091.00 770.54
1091.00 771.07
1091.00 771.60
1091.00 772.13
1091.01 772.65
1091.01 773.18
1091.01 773.71
1091.01 774.23
1091.00 774.76
1091.00 775.28
1090.99 775.81
1090.99 776.33
1090.99 776.86
1090.99 777.39
1090.98 777.91
1090.96 778.43
1090.91 778.93
1090.82 779.42
1090.69 779.90
1090.54 780.36
1090.38 780.82
1090.24 781.29
1090.14 781.77
1090.07 782.27
1090.03 782.78
1090.01 783.30
1090.00 783.82
1090.00 784.35
1090.00 784.87
1090.00 785.40
1090.00 785.93
1090.00 786.45
1090.00 786.98
1090.00 787.51
1090.00 788.04
1090.00 788.56
1090.00 789.09
1090.00 789.61
1089.99 790.14
1089.99 790.66
1089.97 791.18
1089.94 791.69
1089.87 792.19
1089.76 792.67
1089.62 793.14
1089.46 793.60
1089.31 794.07
1089.18 794.54
1089.09 795.03
1089.04 795.53
1089.01 796.05
1089.00 796.57
1089.00 797.10
1089.00 797.63
1089.01 798.15
1089.01 798.68
1089.01 799.21
1089.01 799.73
1089.00 800.26
1089.00 800.79
1089.00 801.31
1089.00 801.84
1089.00 802.36
1089.00 802.89
1089.00 803.42
1089.00 803.94
1089.00 804.47
1089.00 805.00
1089.00 805.52
1089.00 806.05
1089.00 806.58
1089.00 807.10
1089.00 807.63
1089.00 808.16
1089.00 808.68
1089.00 809.21
1089.00 809.74
1088.99 810.26
1088.99 810.78
1088.97 811.30
1088.92 811.81
1088.85 812.31
1088.73 812.79
1088.59 813.25
1088.43 813.71
1088.28 814.18
1088.16 814.66
1088.08 815.15
1088.04 815.66
1088.02 816.17
1088.01 816.70
1088.01 817.23
1088.01 817.75
1088.01 818.28
1088.00 818.80
1088.00 819.33
1087.99 819.85
1087.99 820.38
1087.99 820.90
1087.99 821.43
1088.00 821.96
1088.00 822.49
1088.00 823.01
1088.00 823.54
1087.99 824.06
1087.95 824.57
1087.89 825.07
1087.79 825.56
1087.66 826.03
1087.51 826.50
1085.79 876.56
1085.65 877.03
1085.50 877.49
1085.33 877.95
1085.18 878.41
1085.03 878.88
1084.89 879.35
1084.75 879.81
1084.59 880.27
1084.42 880.73
1084.28 881.20
1084.16 881.68
1084.08 882.17
1084.03 882.67
1083.99 883.18
1083.94 883.69
1083.86 884.19
1083.75 884.67
1083.60 885.13
1083.42 885.58
1083.22 886.03
1083.01 886.47
1082.80 886.90
1082.58 887.34
1082.36 887.78
1082.14 888.21
1081.93 888.65
1081.72 889.09
1081.52 889.54
1081.34 889.99
1081.18 890.45
1081.03 890.91
1080.89 891.38
1080.74 891.85
1080.58 892.31
1080.42 892.77
1080.27 893.23
1080.15 893.71
1080.08 894.20
1080.03 894.71
1080.02 895.23
1080.01 895.76
1080.01 896.28
1080.00 896.81
1080.00 897.33
1080.00 897.86
1079.99 898.38
1079.99 898.91
1079.99 899.43
1080.00 899.96
1080.00 900.49
1080.00 901.02
1080.00 901.54
1080.00 902.07
1080.00 902.60
1080.00 903.13
1080.00 903.65
1080.00 904.18
1080.00 904.71
1080.00 905.23
1080.00 905.76
1080.00 906.28
1080.00 906.81
1080.00 907.34
1080.00 907.86
1080.00 908.39
1080.00 908.92
1080.00 909.44
1080.00 909.97
1080.00 910.50
1080.00 911.02
1080.00 911.55
1080.00 912.07
1080.00 912.60
1080.00 913.13
1080.00 913.65
1080.00 914.18
1080.00 914.71
1080.00 915.23
1080.00 915.76
1080.00 916.29
1080.00 916.81
1080.00 917.34
1080.00 917.87
1080.00 918.39
1080.00 918.92
1080.00 919.45
1080.00 919.97
1080.00 920.50
1080.00 921.03
1080.00 921.55
1080.00 922.08
1080.00 922.61
1080.00 923.13
1080.00 923.66
1080.00 924.19
1080.00 924.71
1080.00 925.24
1080.00 925.77
1080.00 926.29
1080.00 926.82
1080.00 927.35
1080.00 927.87
1080.00 928.40
1080.00 928.93
1080.00 929.45
1080.00 929.98
1080.00 930.51
1080.00 931.03
1080.00 931.56
1080.00 932.09
1080.00 932.61
1080.00 933.14
1080.00 933.67
1080.00 934.19
1080.00 934.72
1080.00 935.25
1080.00 935.77
1080.00 936.30
1080.00 936.82
1080.00 937.35
1080.00 937.88
1079.98 939.98
1079.95 940.49
1079.90 940.99
1079.80 941.48
1079.67 941.95
1079.50 942.41
1079.30 942.86
1079.10 943.30
1078.89 943.74
1078.69 944.18
1078.49 944.63
1078.32 945.08
1078.18 945.55
1078.08 946.04
1078.00 946.53
1077.91 947.02
1077.81 947.50
1077.67 947.97
1077.52 948.43
1077.36 948.90
1077.23 949.37
1077.13 949.85
1077.06 950.35
1077.03 950.86
1077.01 951.38
1077.00 951.91
1076.99 952.43
1076.98 952.95
1076.95 953.47
1076.90 953.97
1076.81 954.46
1076.68 954.93
1076.53 955.40
1076.37 955.86
1076.23 956.33
1076.13 956.81
1076.06 957.31
1076.02 957.82
1076.00 958.34
1075.99 958.86
1075.96 959.38
1075.91 959.88
1075.83 960.37
1075.71 960.85
1075.56 961.31
1075.40 961.77
1075.26 962.24
1075.15 962.72
1075.07 963.22
1075.03 963.73
1075.01 964.25
1075.00 964.77
1075.00 965.30
1075.00 965.82
1075.00 966.35
1075.00 966.88
1075.00 967.40
1075.00 967.93
1075.00 968.45
1074.99 968.98
1074.99 969.50
1074.98 970.03
1074.95 970.54
1074.89 971.04
1074.80 971.53
1074.67 972.00
1074.51 972.47
1074.36 972.93
1074.22 973.40
1074.12 973.88
1074.06 974.38
1074.02 974.90
1074.01 975.42
1074.01 975.94
1074.00 976.47
1074.00 976.99
1074.00 977.52
1074.00 978.05
1074.00 978.57
1074.00 979.10
1074.00 979.63
1074.00 980.15
1074.00 980.68
1073.99 981.20
1073.99 981.73
1073.97 982.25
1073.93 982.76
1073.86 983.25
1073.74 983.73
1073.60 984.20
1073.44 984.66
1073.29 985.12
1073.17 985.60
1073.09 986.09
1073.04 986.60
1073.02 987.12
1073.01 987.64
1073.01 988.17
1073.00 988.69
1073.00 989.22
1072.99 989.74
1072.99 990.27
1072.99 990.79
1072.99 991.32
1072.99 991.84
1072.97 992.36
1072.92 992.87
1072.84 993.36
1072.71 993.84
1072.56 994.30
1072.40 994.76
1072.26 995.23
1072.15 995.71
1072.08 996.21
1072.03 996.71
1072.01 997.23
1072.00 997.75
1072.00 998.28
1071.99 998.80
1071.96 999.32
1071.92 999.83
1071.84 1000.32
1071.72 1000.80
1071.58 1001.26
1071.42 1001.73
1071.27 1002.19
1071.16 1002.67
1071.08 1003.16
1071.03 1003.67
1071.01 1004.19
1071.01 1004.71
1071.00 1005.24
1071.00 1005.77
1071.00 1006.29
1071.00 1006.82
1071.00 1007.34
1070.99 1007.87
1070.99 1008.39
1070.98 1008.92
1070.96 1009.43
1070.91 1009.94
1070.82 1010.43
1070.70 1010.91
1070.55 1011.37
1070.39 1011.83
1070.25 1012.30
1070.13 1012.78
1070.04 1013.26
1069.96 1013.76
1069.87 1014.25
1069.75 1014.72
1069.61 1015.19
1069.45 1015.65
1069.32 1016.11
1069.22 1016.57
1069.19 1017.04
1069.22 1017.50
1069.29 1017.95
1069.37 1018.38
1069.42 1018.80
1069.42 1019.21
1069.36 1019.63
1069.28 1020.06
1069.18 1020.52
1069.10 1021.00
1069.05 1021.50
1069.02 1022.02
1069.01 1022.54
1069.00 1023.07
1069.00 1023.59
1069.00 1024.12
1069.00 1024.64
1069.00 1025.17
1068.99 1025.69
1068.97 1026.21
1068.93 1026.72
1068.86 1027.22
1068.76 1027.70
1068.62 1028.17
1068.46 1028.63
1068.31 1029.10
1068.18 1029.57
1068.10 1030.06
1068.04 1030.57
1068.02 1031.08
1068.01 1031.61
1068.00 1032.13
1068.00 1032.65
1067.99 1033.18
1067.99 1033.70
1067.97 1034.22
1067.93 1034.73
1067.86 1035.23
1067.75 1035.71
1067.60 1036.18
1067.44 1036.64
1067.30 1037.10
1067.17 1037.58
1067.09 1038.07
1067.04 1038.58
1067.02 1039.09
1067.01 1039.62
1067.00 1040.14
1067.00 1040.67
1067.00 1041.19
1067.00 1041.72
1066.99 1042.24
1066.99 1042.77
1066.97 1043.29
1066.93 1043.80
1066.85 1044.29
1066.73 1044.77
1066.59 1045.24
1066.43 1045.70
1066.28 1046.16
1066.16 1046.64
1066.08 1047.13
1066.03 1047.64
1066.01 1048.15
1066.00 1048.68
1066.00 1049.21
1066.01 1049.73
1066.01 1050.26
1066.01 1050.79
1066.01 1051.32
1066.01 1051.84
1066.00 1052.37
1066.00 1052.89
1065.99 1053.41
1065.99 1053.94
1065.99 1054.47
1065.99 1054.99
1065.99 1055.52
1065.98 1056.04
1065.95 1056.56
1065.89 1057.06
1065.79 1057.54
1065.66 1058.01
1065.50 1058.48
1065.34 1058.94
1065.21 1059.41
1065.10 1059.89
1065.02 1060.38
1064.94 1060.88
1064.84 1061.36
1064.71 1061.84
1064.56 1062.30
1064.41 1062.76
1064.26 1063.23
1064.14 1063.71
1064.05 1064.19
1063.97 1064.69
1063.88 1065.18
1063.77 1065.66
1063.63 1066.13
1063.47 1066.59
1063.32 1067.05
1063.19 1067.52
1063.10 1068.01
1063.05 1068.52
1063.02 1069.03
1063.01 1069.56
1063.00 1070.08
1063.00 1070.60
1062.99 1071.13
1062.99 1071.65
1062.99 1072.18
1062.99 1072.71
1062.97 1073.23
1062.94 1073.74
1062.86 1074.23
1062.75 1074.71
1062.60 1075.18
1062.44 1075.64
1062.29 1076.10
1062.17 1076.58
1062.09 1077.07
1062.04 1077.58
1062.02 1078.10
1062.01 1078.62
1062.00 1079.14
1062.00 1079.67
1061.99 1080.19
1061.99 1080.72
1061.97 1081.24
1061.93 1081.75
1061.86 1082.24
1061.75 1082.72
1061.61 1083.19
1061.45 1083.65
1061.30 1084.12
1061.17 1084.59
1061.09 1085.08
1061.04 1085.59
1061.02 1086.11
1061.01 1086.63
1061.01 1087.16
1061.01 1087.68
1061.00 1088.21
1061.00 1088.73
1060.99 1089.26
1060.99 1089.78
1060.99 1090.31
1060.99 1090.84
1060.99 1091.36
1061.00 1091.89
1061.00 1092.42
1061.00 1092.95
1061.01 1093.48
1061.01 1094.00
1061.01 1094.53
1061.01 1095.06
1061.01 1095.58
1061.00 1096.11
1061.00 1096.63
1060.99 1097.16
1060.99 1097.68
1060.99 1098.21
1060.99 1098.73
1060.99 1099.26
1060.99 1099.79
1060.97 1100.31
1060.93 1100.81
1060.85 1101.31
1060.73 1101.78
1060.58 1102.25
1060.42 1102.71
1060.27 1103.18
1060.16 1103.66
1060.08 1104.15
1060.04 1104.66
1060.01 1105.18
1060.01 1105.70
1060.00 1106.22
1060.00 1106.75
1060.00 1107.28
1060.00 1107.80
1060.00 1108.33
1060.00 1108.86
1060.00 1109.38
1060.00 1109.91
1060.00 1110.44
1060.00 1110.96
1060.00 1111.49
1060.00 1112.01
1059.99 1112.54
1059.98 1113.06
1059.95 1113.57
1059.88 1114.07
1059.79 1114.56
1059.66 1115.03
1059.50 1115.49
1059.35 1115.96
1059.21 1116.43
1059.12 1116.91
1059.05 1117.41
1059.01 1117.92
1058.97 1118.43
1058.91 1118.94
1058.82 1119.43
1058.70 1119.90
1058.55 1120.36
1058.39 1120.83
1058.25 1121.29
1058.13 1121.77
1058.04 1122.26
1057.96 1122.75
1057.87 1123.24
1057.76 1123.72
1057.61 1124.19
1057.45 1124.65
1057.30 1125.12
1057.18 1125.59
1057.09 1126.08
1057.04 1126.59
1057.02 1127.10
1057.01 1127.63
1057.01 1128.15
1057.01 1128.68
1057.01 1129.20
1057.00 1129.73
1057.00 1130.25
1056.99 1130.78
1056.99 1131.31
1056.99 1131.83
1056.99 1132.36
1057.00 1132.89
1057.00 1133.41
1057.00 1133.94
1057.00 1134.47
1057.00 1135.00
1057.01 1135.52
1057.01 1136.05
1057.01 1136.58
1057.01 1137.10
1057.00 1137.63
1057.00 1138.16
1057.00 1138.68
1057.00 1139.21
1057.00 1139.73
1056.99 1140.26
1056.99 1140.78
1056.99 1141.31
1056.99 1141.84
1057.00 1142.37
1057.00 1142.89
1057.00 1143.42
1057.01 1143.95
1057.01 1144.48
1057.01 1145.00
1057.01 1145.53
1057.01 1146.06
1057.01 1146.58
1057.00 1147.11
1056.99 1147.63
1056.99 1148.15
1056.98 1148.68
1056.98 1149.21
1056.99 1149.73
1056.99 1150.26
1057.00 1150.79
1056.98 1151.31
1056.93 1151.82
1056.84 1152.30
1056.69 1152.77
1056.48 1153.21
1056.22 1153.63
1055.95 1154.04
1055.68 1154.46
1055.44 1154.89
1055.24 1155.33
1055.08 1155.79
1054.93 1156.25
1054.78 1156.72
1054.62 1157.18
1054.45 1157.64
1054.29 1158.09
1054.14 1158.56
1053.99 1159.03
1053.85 1159.49
1053.70 1159.96
1053.54 1160.42
1053.38 1160.88
1053.24 1161.35
1053.13 1161.83
1053.06 1162.33
1053.03 1162.84
1053.01 1163.36
1053.00 1163.88
1053.00 1164.41
1052.98 1164.93
1052.96 1165.44
1052.91 1165.95
1052.82 1166.44
1052.70 1166.92
1052.55 1167.38
1052.40 1167.84
1052.25 1168.31
1052.13 1168.79
1052.06 1169.28
1052.02 1169.79
1052.01 1170.31
1052.01 1170.84
1052.01 1171.37
1052.02 1171.90
1052.02 1172.42
1052.01 1172.95
1052.01 1173.47
1052.00 1174.00
1052.00 1174.52
1051.99 1175.05
1051.99 1175.57
1051.99 1176.10
1051.99 1176.62
1051.99 1177.15
1051.99 1177.68
1052.00 1178.21
1052.00 1178.74
1052.00 1179.26
1052.00 1179.79
1051.98 1180.31
1051.93 1180.81
1051.85 1181.31
1051.73 1181.78
1051.58 1182.25
1051.43 1182.71
1051.28 1183.18
1051.16 1183.65
1051.08 1184.15
1051.04 1184.66
1051.01 1185.17
1051.01 1185.70
1051.00 1186.22
1051.00 1186.75
1051.00 1187.27
1051.00 1187.80
1051.00 1188.33
1051.00 1188.85
1050.99 1189.38
1050.98 1189.90
1050.96 1190.42
1050.91 1190.92
1050.82 1191.41
1050.70 1191.89
1050.54 1192.35
1050.39 1192.81
1050.25 1193.28
1050.14 1193.76
1050.07 1194.26
1050.02 1194.77
1049.98 1195.28
1049.93 1195.78
1049.85 1196.28
1049.74 1196.76
1049.60 1197.23
1049.44 1197.69
1049.29 1198.15
1049.17 1198.63
1049.09 1199.12
1049.04 1199.63
1049.02 1200.14
1049.01 1200.67
1049.00 1201.19
1049.00 1201.72
1048.99 1202.24
1048.99 1202.76
1048.97 1203.28
1048.92 1203.79
1048.85 1204.29
1048.73 1204.76
1048.58 1205.23
1048.43 1205.69
1048.28 1206.16
1048.16 1206.64
1048.08 1207.13
1048.03 1207.63
1047.99 1208.14
1047.94 1208.65
1047.87 1209.15
1047.77 1209.63
1047.63 1210.10
1047.48 1210.56
1047.33 1211.03
1047.20 1211.50
1047.11 1211.99
1047.05 1212.49
1047.02 1213.01
1047.01 1213.53
1047.00 1214.05
1047.00 1214.58
1047.00 1215.10
1046.99 1215.63
1046.97 1216.15
1046.94 1216.66
1046.87 1217.16
1046.77 1217.64
1046.64 1218.11
1046.48 1218.58
1046.33 1219.04
1046.20 1219.51
1046.10 1220.00
1046.05 1220.50
1046.02 1221.02
1046.00 1221.54
1045.98 1222.06
1045.95 1222.57
1045.89 1223.07
1045.79 1223.56
1045.67 1224.03
1045.51 1224.49
1045.36 1224.96
1045.22 1225.43
1045.12 1225.91
1045.05 1226.41
1045.02 1226.92
1045.01 1227.45
1045.01 1227.97
1045.01 1228.50
1045.01 1229.02
1045.00 1229.55
1045.00 1230.07
1044.99 1230.60
1044.99 1231.12
1044.99 1231.65
1044.99 1232.18
1045.00 1232.71
1045.00 1233.23
1045.00 1233.76
1045.00 1234.29
1045.01 1234.82
1045.01 1235.34
1045.01 1235.87
1045.01 1236.40
1045.01 1236.92
1045.00 1237.45
1045.00 1237.97
1045.00 1238.50
1045.00 1239.03
1045.00 1239.55
1044.99 1240.08
1044.99 1240.60
1044.99 1241.13
1044.99 1241.66
1044.99 1242.18
1044.99 1242.71
1044.97 1243.23
1044.93 1243.74
1044.86 1244.23
1044.75 1244.71
1044.61 1245.18
1044.45 1245.64
1044.30 1246.11
1044.18 1246.58
1044.09 1247.08
1044.04 1247.58
1044.02 1248.10
1044.00 1248.62
1044.00 1249.14
1043.99 1249.67
1043.97 1250.19
1043.93 1250.70
1043.86 1251.19
1043.76 1251.68
1043.62 1252.15
1043.46 1252.61
1043.31 1253.07
1043.19 1253.55
1043.10 1254.04
1043.05 1254.54
1043.02 1255.06
1043.00 1255.58
1043.00 1256.10
1042.99 1256.62
1042.97 1257.14
1042.94 1257.66
1042.87 1258.15
1042.77 1258.64
1042.63 1259.11
1042.47 1259.57
1042.32 1260.03
1042.19 1260.51
1042.10 1261.00
1042.05 1261.50
1042.02 1262.01
1042.00 1262.53
1041.98 1263.05
1041.95 1263.56
1041.88 1264.06
1041.78 1264.55
1041.64 1265.02
1041.47 1265.47
1041.28 1265.92
1041.07 1266.36
1040.86 1266.80
1040.66 1267.24
1040.47 1267.69
1040.30 1268.15
1040.17 1268.62
1040.07 1269.10
1039.99 1269.60
1039.90 1270.09
1039.80 1270.57
1039.66 1271.04
1039.51 1271.51
1039.35 1271.97
1039.21 1272.44
1039.11 1272.92
1039.05 1273.42
1039.00 1273.93
1038.97 1274.44
1038.91 1274.94
1038.82 1275.43
1038.69 1275.91
1038.53 1276.37
1038.38 1276.83
1038.24 1277.30
1038.12 1277.78
1038.04 1278.27
1037.96 1278.76
1037.87 1279.25
1037.75 1279.73
1037.61 1280.20
1037.45 1280.66
1037.30 1281.12
1037.18 1281.60
1037.09 1282.09
1037.04 1282.59
1037.02 1283.11
1037.01 1283.64
1037.01 1284.16
1037.01 1284.69
1037.00 1285.21
1037.00 1285.74
1036.99 1286.26
1036.99 1286.79
1036.99 1287.31
1036.99 1287.84
1037.00 1288.37
1037.00 1288.90
1037.01 1289.43
1037.01 1289.95
1037.01 1290.48
1037.01 1291.01
1037.01 1291.53
1037.00 1292.06
1037.00 1292.58
1036.99 1293.11
1036.99 1293.63
1036.99 1294.16
1036.99 1294.69
1036.99 1295.21
1036.99 1295.74
1036.98 1296.26
1036.94 1296.77
1036.86 1297.26
1036.74 1297.74
1036.59 1298.21
1036.43 1298.67
1036.28 1299.13
1036.17 1299.61
1036.09 1300.10
1036.04 1300.61
1036.02 1301.13
1036.01 1301.65
1036.00 1302.18
1036.00 1302.70
1036.00 1303.23
1036.00 1303.75
1035.99 1304.28
1035.99 1304.80
1035.96 1305.32
1035.92 1305.83
1035.84 1306.32
1035.73 1306.80
1035.58 1307.27
1035.42 1307.73
1035.28 1308.19
1035.16 1308.67
1035.08 1309.17
1035.04 1309.67
1035.02 1310.19
1035.01 1310.71
1035.00 1311.24
1035.00 1311.76
1034.99 1312.29
1034.98 1312.81
1034.96 1313.33
1034.92 1313.84
1034.84 1314.33
1034.72 1314.81
1034.57 1315.27
1034.41 1315.73
1034.27 1316.20
1034.15 1316.68
1034.08 1317.17
1034.02 1317.68
1033.99 1318.19
1033.94 1318.70
1033.87 1319.19
1033.76 1319.68
1033.62 1320.15
1033.46 1320.61
1033.31 1321.07
1033.19 1321.55
1033.10 1322.04
1033.05 1322.54
1033.02 1323.06
1033.01 1323.58
1033.01 1324.11
1033.01 1324.63
1033.00 1325.15
1032.99 1325.68
1032.99 1326.20
1032.99 1326.73
1032.99 1327.26
1032.99 1327.78
1033.00 1328.31
1033.00 1328.84
1032.98 1329.36
1032.92 1329.86
1032.84 1330.35
1032.71 1330.83
1032.56 1331.29
1032.40 1331.75
1032.26 1332.22
1032.15 1332.70
1032.07 1333.20
1032.02 1333.70
1031.98 1334.21
1031.94 1334.72
1031.86 1335.21
1031.75 1335.70
1031.61 1336.16
1031.46 1336.63
1031.31 1337.09
1031.18 1337.57
1031.10 1338.06
1031.04 1338.56
1031.01 1339.08
1031.00 1339.60
1030.98 1340.11
1030.94 1340.63
1030.88 1341.13
1030.78 1341.61
1030.64 1342.08
1030.49 1342.54
1030.33 1343.01
1030.20 1343.48
1030.11 1343.97
1030.04 1344.47
1030.00 1344.98
1029.96 1345.49
1029.90 1345.99
1029.81 1346.48
1029.69 1346.95
1029.54 1347.42
1029.38 1347.88
1029.24 1348.35
1029.13 1348.83
1029.06 1349.32
1029.01 1349.83
1028.97 1350.34
1028.92 1350.85
1028.84 1351.34
1028.73 1351.82
1028.58 1352.29
1028.42 1352.75
1028.28 1353.21
1028.16 1353.69
1028.08 1354.18
1028.03 1354.69
1028.02 1355.21
1028.01 1355.74
1028.00 1356.26
1028.00 1356.79
1028.00 1357.31
1028.00 1357.84
1028.00 1358.36
1028.00 1358.89
1028.00 1359.41
1028.00 1359.94
1028.01 1360.47
1028.01 1361.00
1028.00 1361.53
1028.00 1362.05
1028.00 1362.58
1027.99 1363.11
1027.99 1363.63
1027.99 1364.16
1028.00 1364.68
1028.00 1365.21
1028.01 1365.73
1028.01 1366.26
1028.01 1366.78
1028.01 1367.31
1028.02 1367.84
1028.03 1368.36
1028.08 1368.86
1028.16 1369.35
1027.11 1380.86
1027.02 1381.35
1026.94 1381.85
1026.84 1382.33
1026.71 1382.80
1026.55 1383.26
1026.36 1383.71
1026.16 1384.15
1025.95 1384.59
1025.73 1385.03
1025.51 1385.47
1025.30 1385.90
1025.07 1386.34
1024.83 1386.77
1024.57 1387.18
1024.28 1387.58
1023.94 1387.96
1023.57 1388.32
1023.17 1388.65
1022.76 1388.97
1022.35 1389.27
1021.97 1389.58
1021.64 1389.91
1021.39 1390.28
1021.21 1390.70
1021.10 1391.16
1021.05 1391.65
1021.02 1392.15
1021.01 1392.67
1021.01 1393.20
1021.00 1393.72
1021.00 1394.25
1021.00 1394.78
1021.00 1395.30
1021.00 1395.83
1021.00 1396.35
1021.00 1396.88
1021.00 1397.41
1021.00 1397.93
1021.00 1398.46
1021.00 1398.99
1021.00 1399.51
1021.00 1400.04
1021.00 1400.57
1021.00 1401.09
1021.00 1401.62
1021.00 1402.15
1021.00 1402.67
1021.00 1403.20
1021.00 1403.73
1021.00 1404.25
1021.00 1404.78
1021.00 1405.31
1021.00 1405.83
1021.00 1406.36
1021.00 1406.89
1021.00 1407.41
1021.00 1407.94
1021.00 1408.47
1021.00 1408.99
1021.00 1409.52
1021.00 1410.05
1021.00 1410.57
1021.00 1411.10
1021.00 1411.63
1021.00 1412.15
1021.00 1412.68
1021.00 1413.21
1021.00 1413.73
1021.00 1414.26
1021.00 1414.79
1021.00 1415.31
1021.00 1415.84
1021.00 1416.37
1021.00 1416.89
1021.00 1417.42
1021.00 1417.95
1021.00 1418.47
1021.00 1419.00
1021.00 1419.52
1021.00 1420.05
1021.00 1420.58
1021.00 1421.10
1021.00 1421.63
1021.00 1422.16
1021.00 1422.68
1021.00 1423.21
1020.99 1423.73
1020.99 1424.26
1020.99 1424.79
1020.99 1425.31
1020.99 1425.84
1020.99 1426.37
1020.99 1426.89
1020.99 1427.42
1021.00 1427.95
1021.00 1428.48
1021.01 1429.01
1021.01 1429.53
1020.99 1430.05
1020.96 1430.56
1020.88 1431.06
1020.77 1431.54
1020.59 1431.99
1020.36 1432.42
1020.07 1432.83
1019.75 1433.22
1019.40 1433.61
1019.06 1433.99
1018.75 1434.39
1018.48 1434.81
1018.27 1435.24
1018.10 1435.70
1017.95 1436.16
1017.80 1436.63
1017.63 1437.09
1017.45 1437.54
1017.25 1437.98
1017.04 1438.42
1016.83 1438.86
1016.63 1439.30
1016.44 1439.75
1016.28 1440.21
1016.16 1440.69
1016.08 1441.18
1016.03 1441.69
1016.01 1442.21
1016.00 1442.73
1016.00 1443.26
1016.01 1443.79
1016.01 1444.31
1016.01 1444.84
1016.01 1445.36
1016.00 1445.89
1016.00 1446.41
1016.00 1446.94
1016.00 1447.47
1015.99 1447.99
1016.00 1448.52
1016.00 1449.05
1016.00 1449.57
1016.00 1450.10
1016.00 1450.63
1016.00 1451.16
1016.00 1451.68
1016.00 1452.21
1015.99 1452.73
1015.97 1453.25
1015.93 1453.76
1015.85 1454.25
1015.73 1454.73
1015.58 1455.19
1015.40 1455.64
1015.19 1456.09
1014.99 1456.53
1014.78 1456.97
1014.58 1457.41
1014.39 1457.86
1014.22 1458.32
1014.07 1458.78
1013.93 1459.25
1013.78 1459.71
1013.62 1460.17
1013.45 1460.63
1013.29 1461.09
1013.14 1461.55
1012.99 1462.02
1012.85 1462.49
1012.70 1462.95
1012.54 1463.41
1012.38 1463.87
1012.24 1464.34
1012.13 1464.82
1012.06 1465.32
1012.03 1465.83
1012.00 1466.35
1011.99 1466.87
1011.96 1467.39
1011.91 1467.89
1011.83 1468.38
1011.71 1468.86
1011.57 1469.33
1011.41 1469.79
1011.26 1470.26
1011.15 1470.73
1011.07 1471.23
1011.03 1471.74
1011.01 1472.26
1011.01 1472.78
1011.00 1473.31
1011.00 1473.83
1010.99 1474.36
1010.98 1474.88
1010.96 1475.40
1010.91 1475.90
1010.83 1476.39
1010.71 1476.87
1010.56 1477.34
1010.40 1477.80
1010.26 1478.27
1010.15 1478.74
1010.07 1479.24
1010.03 1479.75
1010.01 1480.27
1010.01 1480.79
1010.00 1481.32
1010.00 1481.84
1009.99 1482.37
1009.98 1482.89
1009.96 1483.41
1009.91 1483.91
1009.82 1484.40
1009.69 1484.88
1009.53 1485.33
1009.33 1485.78
1009.13 1486.22
1008.92 1486.66
1008.71 1487.10
1008.52 1487.55
1008.35 1488.00
1008.21 1488.47
1008.12 1488.96
1008.06 1489.46
1008.02 1489.98
1008.01 1490.50
1008.00 1491.02
1007.99 1491.54
1007.99 1492.07
1007.99 1492.60
1007.98 1493.12
1007.94 1493.63
1007.88 1494.13
1007.77 1494.61
1007.63 1495.08
1007.47 1495.54
1007.32 1496.01
1007.20 1496.48
1007.11 1496.97
1007.05 1497.47
1007.02 1497.99
1007.00 1498.50
1006.98 1499.02
1006.95 1499.54
1006.89 1500.04
1006.80 1500.53
1006.67 1501.00
1006.52 1501.46
1006.36 1501.93
1006.22 1502.39
1006.11 1502.87
1006.02 1503.37
1005.94 1503.86
1005.85 1504.35
1005.72 1504.82
1005.57 1505.29
1005.41 1505.75
1005.27 1506.21
1005.15 1506.69
1005.05 1507.18
1004.97 1507.67
1004.89 1508.16
1004.77 1508.64
1004.63 1509.11
1004.47 1509.57
1004.32 1510.03
1004.19 1510.50
1004.09 1510.99
1004.00 1511.48
1003.92 1511.97
1003.82 1512.46
1003.69 1512.93
1003.54 1513.40
1003.38 1513.86
1003.24 1514.32
1003.13 1514.81
1003.06 1515.30
1003.01 1515.81
1002.98 1516.32
1002.93 1516.83
1002.84 1517.32
1002.72 1517.80
1002.57 1518.26
1002.41 1518.72
1002.27 1519.19
1002.16 1519.67
1002.08 1520.16
1002.04 1520.67
1002.02 1521.19
1002.01 1521.71
1002.00 1522.24
1002.00 1522.76
1001.99 1523.29
1001.98 1523.81
1001.96 1524.33
1001.92 1524.84
1001.84 1525.33
1001.72 1525.81
1001.57 1526.27
1001.41 1526.73
1001.27 1527.20
1001.15 1527.68
1001.08 1528.17
1001.02 1528.68
1000.98 1529.19
1000.94 1529.69
1000.87 1530.19
1000.76 1530.67
1000.62 1531.14
1000.46 1531.60
1000.31 1532.07
1000.19 1532.54
1000.10 1533.03
1000.04 1533.54
1000.01 1534.05
1000.00 1534.57
999.98 1535.09
999.94 1535.60
999.88 1536.10
999.78 1536.59
999.64 1537.06
999.49 1537.52
999.33 1537.98
999.20 1538.45
999.09 1538.94
999.01 1539.43
998.93 1539.92
998.83 1540.41
998.70 1540.88
998.55 1541.35
998.40 1541.81
998.25 1542.27
998.15 1542.76
998.07 1543.25
998.03 1543.76
998.01 1544.28
998.00 1544.80
997.99 1545.33
997.98 1545.85
997.96 1546.37
997.91 1546.87
997.83 1547.36
997.71 1547.84
997.56 1548.31
997.40 1548.77
997.26 1549.23
997.15 1549.71
997.07 1550.21
997.03 1550.72
997.01 1551.24
997.01 1551.76
997.00 1552.29
997.00 1552.81
997.00 1553.34
996.99 1553.86
996.99 1554.39
996.98 1554.91
996.96 1555.43
996.91 1555.93
996.82 1556.42
996.69 1556.90
996.54 1557.36
996.39 1557.82
996.25 1558.29
996.14 1558.78
996.07 1559.27
996.03 1559.78
996.00 1560.30
995.99 1560.82
995.97 1561.34
995.92 1561.84
995.84 1562.34
995.72 1562.81
995.57 1563.28
995.41 1563.74
995.27 1564.21
995.15 1564.69
995.08 1565.18
995.04 1565.69
995.02 1566.21
995.01 1566.73
995.00 1567.26
995.00 1567.78
994.99 1568.31
994.99 1568.83
994.99 1569.36
994.99 1569.88
994.96 1570.40
994.91 1570.91
994.83 1571.40
994.70 1571.87
994.55 1572.34
994.39 1572.80
994.25 1573.26
994.14 1573.75
994.07 1574.24
994.03 1574.75
994.01 1575.27
993.99 1575.79
993.97 1576.31
993.92 1576.81
993.84 1577.31
993.73 1577.79
993.58 1578.25
993.43 1578.72
993.28 1579.18
993.16 1579.66
993.08 1580.15
993.04 1580.66
993.01 1581.18
992.99 1581.70
992.97 1582.21
992.93 1582.72
992.86 1583.22
992.76 1583.70
992.62 1584.17
992.46 1584.63
992.31 1585.10
992.18 1585.57
992.09 1586.06
992.03 1586.56
991.99 1587.07
991.95 1587.58
991.89 1588.08
991.79 1588.57
991.65 1589.04
991.49 1589.50
991.33 1589.96
991.18 1590.42
991.03 1590.89
990.89 1591.35
990.74 1591.82
990.56 1592.27
990.37 1592.72
990.16 1593.16
989.93 1593.59
989.69 1594.02
989.42 1594.43
989.13 1594.84
988.85 1595.25
988.58 1595.66
988.36 1596.10
988.20 1596.56
988.10 1597.04
988.04 1597.55
988.02 1598.06
988.01 1598.59
988.01 1599.11
988.00 1599.64
988.00 1600.16
988.00 1600.69
988.00 1601.21
988.00 1601.74
988.00 1602.27
988.00 1602.80
988.00 1603.32
988.00 1603.85
988.00 1604.38
988.00 1604.90
988.00 1605.43
988.00 1605.96
988.00 1606.48
988.00 1607.01
987.99 1607.53
987.98 1608.05
987.95 1608.57
987.89 1609.07
987.79 1609.56
987.66 1610.03
987.51 1610.49
987.35 1610.95
987.22 1611.42
987.12 1611.91
987.06 1612.41
987.02 1612.92
987.01 1613.44
987.00 1613.97
986.99 1614.49
986.98 1615.01
986.95 1615.53
986.89 1616.03
986.80 1616.52
986.67 1616.99
986.52 1617.45
986.36 1617.91
986.22 1618.38
986.11 1618.86
986.02 1619.35
985.94 1619.85
985.85 1620.33
985.72 1620.81
985.58 1621.28
985.42 1621.74
985.27 1622.20
985.16 1622.68
985.08 1623.18
985.03 1623.68
984.99 1624.19
984.94 1624.70
984.87 1625.19
984.76 1625.68
984.62 1626.15
984.46 1626.61
984.31 1627.07
984.19 1627.55
984.10 1628.04
984.05 1628.54
984.02 1629.06
984.01 1629.58
984.00 1630.10
983.99 1630.62
983.97 1631.14
983.94 1631.65
983.87 1632.15
983.77 1632.64
983.63 1633.11
983.47 1633.57
983.32 1634.03
983.20 1634.51
983.10 1635.00
983.05 1635.50
983.01 1636.01
983.00 1636.53
982.98 1637.05
982.95 1637.56
982.89 1638.06
982.79 1638.55
982.65 1639.02
982.50 1639.48
982.34 1639.95
982.21 1640.42
982.12 1640.91
982.05 1641.41
982.02 1641.92
982.00 1642.44
981.98 1642.96
981.96 1643.47
981.90 1643.98
981.81 1644.46
981.68 1644.94
981.53 1645.40
981.37 1645.86
981.23 1646.33
981.12 1646.81
981.03 1647.30
980.95 1647.79
980.86 1648.28
980.74 1648.76
980.59 1649.23
980.43 1649.68
980.27 1650.14
980.12 1650.61
979.98 1651.08
979.83 1651.54
979.68 1652.01
979.51 1652.46
979.35 1652.92
979.19 1653.38
979.04 1653.85
978.90 1654.32
978.76 1654.79
978.60 1655.25
978.43 1655.70
978.28 1656.17
978.16 1656.64
978.06 1657.13
977.98 1657.62
977.90 1658.11
977.79 1658.60
977.65 1659.07
977.50 1659.53
977.34 1659.99
977.21 1660.46
977.11 1660.95
977.05 1661.45
977.02 1661.97
977.01 1662.49
977.00 1663.01
977.00 1663.53
976.99 1664.06
976.99 1664.58
976.98 1665.11
976.94 1665.62
976.88 1666.12
976.77 1666.60
976.63 1667.07
976.47 1667.53
976.31 1667.99
976.16 1668.45
976.02 1668.92
975.88 1669.39
975.74 1669.86
975.58 1670.32
975.41 1670.78
975.26 1671.24
975.14 1671.72
975.05 1672.21
974.97 1672.70
974.88 1673.19
974.76 1673.67
974.62 1674.13
974.46 1674.59
974.29 1675.05
974.14 1675.52
974.00 1675.98
973.87 1676.45
973.75 1676.90
973.64 1677.33
973.56 1677.74
973.52 1678.13
973.50 1678.52
973.48 1678.90
973.43 1679.30
973.36 1679.71
973.26 1680.15
973.16 1680.61
973.09 1681.10
973.04 1681.60
973.02 1682.12
973.00 1682.64
973.00 1683.17
972.99 1683.69
972.97 1684.21
972.93 1684.72
972.87 1685.21
972.78 1685.69
972.68 1686.13
972.60 1686.56
972.57 1686.97
972.60 1687.39
972.67 1687.81
972.77 1688.25
972.86 1688.72
972.92 1689.22
972.97 1689.72
972.99 1690.24
973.00 1690.77
973.00 1691.29
973.00 1691.82
973.00 1692.34
972.99 1692.87
972.99 1693.39
972.98 1693.92
972.96 1694.43
972.91 1694.94
972.82 1695.43
972.69 1695.90
972.54 1696.36
972.38 1696.83
972.24 1697.30
972.14 1697.78
972.06 1698.27
972.02 1698.78
971.98 1699.29
971.93 1699.80
971.85 1700.29
971.73 1700.77
971.59 1701.24
971.43 1701.70
971.28 1702.16
971.17 1702.64
971.08 1703.13
971.03 1703.64
970.99 1704.15
970.94 1704.66
970.87 1705.15
970.77 1705.64
970.63 1706.11
970.48 1706.57
970.32 1707.03
970.20 1707.51
970.10 1707.99
970.04 1708.49
970.00 1709.00
969.96 1709.51
969.90 1710.01
969.80 1710.50
969.67 1710.98
969.52 1711.44
969.36 1711.90
969.23 1712.37
969.11 1712.85
969.03 1713.34
968.94 1713.83
968.85 1714.32
968.72 1714.79
968.56 1715.25
968.37 1715.70
968.17 1716.14
967.96 1716.59
967.75 1717.03
967.56 1717.47
967.38 1717.92
967.23 1718.39
967.11 1718.87
967.02 1719.36
966.94 1719.85
966.84 1720.33
966.71 1720.81
966.55 1721.27
966.36 1721.71
966.16 1722.16
965.95 1722.60
965.74 1723.04
965.55 1723.48
965.37 1723.94
965.23 1724.40
965.12 1724.89
965.05 1725.39
965.01 1725.89
964.97 1726.40
964.91 1726.91
964.82 1727.40
964.69 1727.87
964.53 1728.33
964.34 1728.78
964.13 1729.22
963.92 1729.66
963.72 1730.10
963.52 1730.54
963.35 1731.00
963.21 1731.47
963.11 1731.95
963.05 1732.45
963.00 1732.96
962.96 1733.47
962.90 1733.97
962.81 1734.46
962.68 1734.94
962.53 1735.40
962.38 1735.86
962.24 1736.33
962.13 1736.81
962.06 1737.31
962.02 1737.82
962.00 1738.34
961.99 1738.86
961.96 1739.38
961.91 1739.88
961.83 1740.37
961.70 1740.85
961.53 1741.30
961.34 1741.75
961.14 1742.20
960.94 1742.64
960.73 1743.08
960.54 1743.53
960.36 1743.98
960.22 1744.45
960.11 1744.93
960.05 1745.43
960.02 1745.94
960.01 1746.47
960.01 1746.99
960.01 1747.52
960.00 1748.04
960.00 1748.57
959.99 1749.09
959.99 1749.62
959.99 1750.14
959.99 1750.67
960.00 1751.20
960.00 1751.73
960.01 1752.26
960.01 1752.78
960.01 1753.31
960.01 1753.84
960.00 1754.36
959.99 1754.89
959.99 1755.41
959.99 1755.94
959.99 1756.46
959.98 1756.99
959.96 1757.50
959.90 1758.00
959.80 1758.49
959.67 1758.96
959.52 1759.43
959.36 1759.89
959.23 1760.36
959.13 1760.84
959.06 1761.34
959.03 1761.86
959.01 1762.38
959.00 1762.90
959.00 1763.42
959.00 1763.95
958.99 1764.47
958.98 1765.00
958.95 1765.51
958.90 1766.01
958.80 1766.50
958.68 1766.98
958.53 1767.44
958.37 1767.90
958.23 1768.37
958.13 1768.85
958.06 1769.35
958.01 1769.86
957.97 1770.37
957.92 1770.88
957.83 1771.37
957.71 1771.84
957.56 1772.31
957.40 1772.77
957.24 1773.23
957.09 1773.69
956.95 1774.16
956.81 1774.63
956.66 1775.09
956.49 1775.55
956.34 1776.01
956.20 1776.48
956.11 1776.97
956.05 1777.47
956.02 1777.99
956.00 1778.51
955.98 1779.03
955.95 1779.54
955.89 1780.04
955.80 1780.53
955.67 1781.00
955.51 1781.46
955.36 1781.93
955.22 1782.40
955.11 1782.88
955.02 1783.37
954.94 1783.86
954.85 1784.35
954.72 1784.82
954.58 1785.29
954.42 1785.75
954.27 1786.21
954.15 1786.69
954.05 1787.18
953.97 1787.67
953.88 1788.16
953.77 1788.64
953.63 1789.11
953.47 1789.57
953.32 1790.03
953.19 1790.51
953.10 1791.00
953.04 1791.50
953.00 1792.01
952.96 1792.52
952.90 1793.02
952.80 1793.51
952.67 1793.98
952.52 1794.44
952.36 1794.90
952.23 1795.37
952.13 1795.86
952.06 1796.36
952.03 1796.87
952.01 1797.39
952.00 1797.91
951.99 1798.44
951.98 1798.96
951.95 1799.47
951.90 1799.98
951.81 1800.47
951.68 1800.94
951.53 1801.40
951.38 1801.87
951.23 1802.33
951.12 1802.81
951.03 1803.30
950.95 1803.80
950.86 1804.29
950.74 1804.76
950.59 1805.23
950.43 1805.69
950.29 1806.15
950.17 1806.63
950.09 1807.12
950.04 1807.63
950.01 1808.15
949.99 1808.67
949.97 1809.18
949.93 1809.69
949.86 1810.19
949.76 1810.67
949.62 1811.14
949.46 1811.60
949.30 1812.06
949.14 1812.53
949.00 1813.00
948.86 1813.46
948.71 1813.93
948.55 1814.39
948.39 1814.85
948.24 1815.31
948.13 1815.79
948.04 1816.28
947.96 1816.77
947.86 1817.26
947.74 1817.74
947.59 1818.20
947.43 1818.66
947.27 1819.12
947.12 1819.59
946.98 1820.06
946.84 1820.53
946.69 1820.99
946.53 1821.45
946.37 1821.91
946.23 1822.38
946.13 1822.86
946.06 1823.36
946.01 1823.87
945.97 1824.38
945.92 1824.88
945.84 1825.38
945.72 1825.85
945.57 1826.32
945.42 1826.78
945.27 1827.25
945.15 1827.72
945.07 1828.22
945.02 1828.72
944.98 1829.23
944.94 1829.74
944.86 1830.24
944.74 1830.71
944.60 1831.18
944.43 1831.64
944.27 1832.10
944.13 1832.56
943.99 1833.03
943.85 1833.50
943.70 1833.97
943.54 1834.43
943.38 1834.89
943.24 1835.36
943.13 1835.84
943.06 1836.34
943.03 1836.85
943.01 1837.37
943.01 1837.89
943.00 1838.42
942.98 1838.94
942.95 1839.45
942.90 1839.96
942.81 1840.45
942.69 1840.92
942.54 1841.39
942.38 1841.85
942.24 1842.32
942.14 1842.80
942.06 1843.29
942.02 1843.80
941.98 1844.31
941.92 1844.82
941.84 1845.31
941.73 1845.79
941.58 1846.25
941.42 1846.71
941.26 1847.17
941.11 1847.64
940.97 1848.11
940.83 1848.58
940.68 1849.04
940.51 1849.50
940.35 1849.96
940.21 1850.43
940.10 1850.91
940.02 1851.40
939.93 1851.89
939.84 1852.38
939.71 1852.85
939.56 1853.32
939.40 1853.78
939.26 1854.24
939.15 1854.72
939.07 1855.22
939.02 1855.73
938.98 1856.24
938.30 1859.11
938.18 1859.59
938.09 1860.08
938.03 1860.58
937.49 1863.52
937.34 1863.98
937.21 1864.45
937.11 1864.94
937.05 1865.44
937.00 1865.95
936.96 1866.46
936.69 1867.93
936.54 1868.39
936.38 1868.85
936.24 1869.32
936.13 1869.80
936.04 1870.29
935.96 1870.78
935.86 1871.27
935.74 1871.75
935.60 1872.21
935.44 1872.67
935.29 1873.14
935.16 1873.61
935.07 1874.10
934.99 1874.59
934.90 1875.08
934.79 1875.56
934.65 1876.03
934.49 1876.49
934.33 1876.95
934.17 1877.41
934.03 1877.88
933.89 1878.35
933.74 1878.81
933.56 1879.27
933.37 1879.71
933.16 1880.15
932.93 1880.59
932.69 1881.01
932.42 1881.43
932.13 1881.83
931.84 1882.24
931.58 1882.66
931.35 1883.09
931.16 1883.54
931.01 1884.00
930.86 1884.47
930.71 1884.93
930.54 1885.39
930.38 1885.85
930.22 1886.31
930.07 1886.77
929.93 1887.24
929.78 1887.70
929.61 1888.16
929.42 1888.61
929.21 1889.05
929.01 1889.49
928.80 1889.93
928.60 1890.37
928.41 1890.83
928.26 1891.29
928.15 1891.77
928.07 1892.26
928.03 1892.77
928.01 1893.29
928.00 1893.82
928.00 1894.34
928.00 1894.87
928.00 1895.39
928.00 1895.92
928.00 1896.45
928.00 1896.97
928.00 1897.50
928.00 1898.03
928.00 1898.55
928.00 1899.08
928.00 1899.61
928.00 1900.13
928.00 1900.66
928.00 1901.19
928.00 1901.71
928.00 1902.24
928.00 1902.77
928.00 1903.29
928.00 1903.82
928.00 1904.35
928.00 1904.87
928.00 1905.40
928.00 1905.93
928.00 1906.45
928.00 1906.98
923.37 1931.91
923.20 1932.37
911.12 1996.88
911.06 1997.38
911.02 1997.89
911.01 1998.41
911.01 1998.94
1270.79 154.45
1270.89 154.93
1270.95 155.43
1271.18 159.49
1271.28 159.94
1271.38 160.37
1271.45 160.78
1271.48 161.17
1271.50 161.55
1271.52 161.93
1271.56 162.32
1271.64 162.73
1271.74 163.16
1271.84 163.62
1271.91 164.11
1271.96 164.61
1271.99 165.12
1272.00 165.63
1272.02 166.15
1272.06 166.65
1272.12 167.15
1272.22 167.63
1272.36 168.09
1272.51 168.55
1272.67 169.01
1272.80 169.47
1272.90 169.95
1272.95 170.45
1272.98 170.96
1272.99 171.48
1272.99 172.00
1272.99 172.52
1272.99 173.04
1273.00 173.56
1273.00 174.08
1273.01 174.60
1273.02 175.12
1273.02 175.64
1273.01 176.16
1273.01 176.69
1273.00 177.21
1273.00 177.73
1273.01 178.25
1273.06 178.75
1273.14 179.24
1273.25 179.71
1273.40 180.17
1273.56 180.63
1273.70 181.09
1273.82 181.56
1273.91 182.05
1273.96 182.55
1273.98 183.06
1273.99 183.58
1274.00 184.10
1274.00 184.62
1274.00 185.14
1274.01 185.66
1274.03 186.17
1274.06 186.68
1274.13 187.17
1274.23 187.65
1274.37 188.11
1274.53 188.57
1274.68 189.03
1274.80 189.50
1274.89 189.98
1274.95 190.48
1274.98 190.99
1275.00 191.50
1275.00 192.02
1275.01 192.54
1275.02 193.06
1275.05 193.57
1275.11 194.06
1275.20 194.55
1275.34 195.01
1275.49 195.47
1275.65 195.93
1275.78 196.39
1275.88 196.87
1275.94 197.37
1275.98 197.88
1275.99 198.39
1275.99 198.91
1276.00 199.43
1276.00 199.95
1276.00 200.47
1276.00 200.99
1276.00 201.51
1276.00 202.04
1276.00 202.56
1276.00 203.08
1276.00 203.60
1276.00 204.12
1276.00 204.64
1276.00 205.17
1276.00 205.69
1276.00 206.21
1276.00 206.73
1276.00 207.25
1276.00 207.77
1276.00 208.29
1276.00 208.82
1276.00 209.34
1276.00 209.86
1276.00 210.38
1276.00 210.90
1276.00 211.42
1276.00 211.94
1276.00 212.46
1276.00 212.99
1276.00 213.51
1276.00 214.03
1276.00 214.55
1276.00 215.07
1276.00 215.59
1276.00 216.11
1276.00 216.63
1276.00 217.16
1276.00 217.68
1276.00 218.20
1276.00 218.72
1276.00 219.24
1276.00 219.76
1276.00 220.29
1276.00 220.81
1276.00 221.33
1276.00 221.85
1276.00 222.37
1276.00 222.89
1276.00 223.41
1276.00 223.94
1276.00 224.46
1276.00 224.98
1276.00 225.50
1276.00 226.02
1276.00 226.54
1276.00 227.06
1276.00 227.59
1276.00 228.11
1276.00 228.63
1276.00 229.15
1276.00 229.67
1276.00 230.19
1276.00 230.71
1276.01 231.23
1276.01 231.75
1276.01 232.27
1276.00 232.80
1276.01 233.32
1276.01 233.84
1276.03 234.35
1276.08 234.85
1276.16 235.34
1276.27 235.81
1276.42 236.27
1276.58 236.73
1276.73 237.19
1276.84 237.66
1276.92 238.15
1276.97 238.65
1276.99 239.17
1277.00 239.68
1277.00 240.21
1276.99 240.73
1276.99 241.25
1276.99 241.77
1276.99 242.29
1277.00 242.81
1277.00 243.33
1277.00 243.85
1277.00 244.37
1277.00 244.90
1277.00 245.42
1277.00 245.94
1277.00 246.46
1277.00 246.98
1277.00 247.50
1277.00 248.02
1277.00 248.55
1277.00 249.07
1277.00 249.59
1277.00 250.11
1277.00 250.63
1277.00 251.15
1277.00 251.68
1277.00 252.20
1277.00 252.72
1277.00 253.24
1277.00 253.76
1277.00 254.28
1277.00 254.80
1277.00 255.32
1277.00 255.85
1277.00 256.37
1277.00 256.89
1277.00 257.41
1277.00 257.93
1277.00 258.45
1277.00 258.97
1277.00 259.49
1277.00 260.02
1277.00 260.54
1277.00 261.06
1277.00 261.58
1277.00 262.10
1277.00 262.62
1277.01 263.14
1277.01 263.66
1277.03 264.18
1277.06 264.68
1277.13 265.17
1277.21 265.64
1277.31 266.09
1277.40 266.51
1277.44 266.92
1277.43 267.32
1277.39 267.73
1277.35 268.14
1277.35 268.57
1277.40 269.00
1277.51 269.44
1277.64 269.88
1277.77 270.34
1277.87 270.82
1277.94 271.31
1277.98 271.82
1277.99 272.33
1278.01 272.85
1278.03 273.36
1278.08 273.86
1278.16 274.35
1278.28 274.82
1278.42 275.28
1278.58 275.74
1278.73 276.20
1278.85 276.67
1278.94 277.15
1279.02 277.64
1279.11 278.13
1279.22 278.60
1279.35 279.07
1279.51 279.52
1279.65 279.98
1279.76 280.43
1279.81 280.90
1279.79 281.36
1279.70 281.82
1279.57 282.28
1279.42 282.73
1279.27 283.19
1279.16 283.67
1279.08 284.15
1279.03 284.66
1279.01 285.17
1279.00 285.69
1279.00 286.21
1279.00 286.73
1279.00 287.25
1279.00 287.77
1279.00 288.29
1279.00 288.81
1279.00 289.34
1279.00 289.86
1279.00 290.38
1279.00 290.90
1279.00 291.42
1279.00 291.94
1279.00 292.46
1279.00 292.98
1279.00 293.50
1279.00 294.03
1279.00 294.55
1279.00 295.07
1279.00 295.59
1279.00 296.11
1279.00 296.63
1279.00 297.15
1279.00 297.68
1279.00 298.20
1279.00 298.72
1279.00 299.24
1279.00 299.76
1279.00 300.28
1279.00 300.81
1279.00 301.33
1279.00 301.85
1279.00 302.37
1279.00 302.89
1279.00 303.41
1279.00 303.93
1279.00 304.46
1279.00 304.98
1279.00 305.50
1279.00 306.02
1279.00 306.54
1279.00 307.06
1279.00 307.58
1279.00 308.11
1279.00 308.63
1279.00 309.15
1279.00 309.67
1279.00 310.19
1279.00 310.71
1279.00 311.23
1279.00 311.75
1279.00 312.27
1279.00 312.80
1278.99 315.92
1278.99 316.96
1278.99 317.49
1279.00 318.01
1279.00 318.53
1279.00 319.05
1279.00 319.57
1278.99 320.09
1278.95 320.60
1278.89 321.09
1278.79 321.57
1278.65 322.04
1278.50 322.49
1278.34 322.95
1278.21 323.42
1278.11 323.90
1278.05 324.39
1278.02 324.90
1278.01 325.42
1278.00 325.94
1278.00 326.46
1278.01 326.98
1278.01 327.50
1278.01 328.03
1278.00 328.55
1278.00 329.07
1278.00 329.59
1278.00 330.11
1278.00 330.63
1278.00 331.15
1278.00 331.67
1278.00 332.19
1278.00 332.72
1278.00 333.24
1278.00 333.76
1278.00 334.28
1278.00 334.80
1278.00 335.32
1278.00 335.84
1278.00 336.36
1278.00 336.89
1278.00 337.41
1278.00 337.93
1278.00 338.45
1278.00 338.97
1278.00 339.49
1278.00 340.01
1278.00 340.54
1278.00 341.06
1278.00 341.58
1278.00 342.10
1278.00 342.62
1278.00 343.14
1278.00 343.66
1278.00 344.19
1278.00 344.71
1278.00 345.23
1278.00 345.75
1278.00 346.27
1278.00 346.79
1278.00 347.31
1278.00 347.84
1278.00 348.36
1278.00 348.88
1278.00 349.40
1278.00 349.92
1278.00 350.44
1278.00 350.96
1278.00 351.49
1278.00 352.01
1278.00 352.53
1278.00 353.05
1278.00 353.57
1278.00 354.09
1278.00 354.61
1278.00 355.13
1278.00 355.66
1278.00 356.18
1278.00 356.70
1278.00 357.22
1278.00 357.74
1278.00 358.26
1278.00 358.78
1278.00 359.31
1278.00 359.83
1278.00 360.35
1278.00 360.87
1278.00 361.39
1278.00 361.91
1278.00 362.43
1278.00 362.96
1278.00 363.48
1278.00 364.00
1278.00 364.52
1278.00 365.04
1278.00 365.56
1278.00 366.08
1278.00 366.60
1278.00 367.13
1278.00 367.65
1278.00 368.17
1278.00 368.69
1278.00 369.21
1278.00 369.73
1278.00 370.25
1278.00 370.78
1278.00 371.30
1278.00 371.82
1278.00 372.34
1278.00 372.86
1278.00 373.38
1278.00 373.90
1278.00 374.43
1278.00 374.95
1278.00 375.47
1278.00 375.99
1278.00 376.51
1278.00 377.03
1278.00 377.55
1278.00 378.07
1278.00 378.60
1278.00 379.12
1278.00 379.64
1278.00 380.16
1278.00 380.68
1278.00 381.20
1278.00 381.72
1278.00 382.25
1278.00 382.77
1278.00 383.29
1278.00 383.81
1278.00 384.33
1278.00 384.85
1278.00 385.37
1278.00 385.90
1278.00 386.42
1278.00 386.94
1278.00 387.46
1278.00 387.98
1278.00 388.50
1278.00 389.02
1278.00 389.54
1278.00 390.07
1278.00 390.59
1278.00 391.11
1278.00 391.63
1278.00 392.15
1278.00 392.67
1278.00 393.19
1278.00 393.72
1278.00 394.24
1278.00 394.76
1278.00 395.28
1278.00 395.80
1278.00 396.32
1278.00 396.84
1278.00 397.37
1278.00 397.89
1278.00 398.41
1278.00 398.93
1278.00 399.45
1278.00 399.97
1278.00 400.49
1278.00 401.02
1278.00 401.54
1278.00 402.06
1278.00 402.58
1278.00 403.10
1278.00 403.62
1278.00 404.14
1278.00 404.66
1278.00 405.19
1278.00 405.71
1278.00 406.23
1278.00 406.75
1278.00 407.27
1278.00 407.79
1278.00 408.31
1278.00 408.84
1278.00 409.36
1278.00 409.88
1278.00 410.40
1278.00 410.92
1278.00 411.44
1278.00 411.96
1278.00 412.49
1278.00 413.01
1278.00 413.53
1278.00 414.05
1278.00 414.57
1278.00 415.09
1278.00 415.61
1278.00 416.14
1278.00 416.66
1278.00 417.18
1278.00 417.70
1278.00 418.22
1278.00 418.74
1278.00 419.26
1277.99 419.78
1277.97 420.29
1277.92 420.80
1277.85 421.29
1277.74 421.76
1277.59 422.22
1277.44 422.68
1277.29 423.14
1277.17 423.61
1277.09 424.10
1277.04 424.60
1277.01 425.11
1277.00 425.63
1277.00 426.15
1277.00 426.67
1277.00 427.19
1277.00 427.71
1277.00 428.23
1277.00 428.76
1277.00 429.28
1277.00 429.80
1277.00 430.32
1277.00 430.84
1277.00 431.36
1277.00 431.88
1277.00 432.40
1277.00 432.93
1277.00 433.45
1277.00 433.97
1277.00 434.49
1277.00 435.01
1277.00 435.53
1277.00 436.05
1277.00 436.57
1277.00 437.10
1277.00 437.62
1277.00 438.14
1277.00 438.66
1277.00 439.18
1277.00 439.70
1277.00 440.22
1277.00 440.75
1277.00 441.27
1277.00 441.79
1277.00 442.31
1277.00 442.83
1277.00 443.35
1277.00 443.88
1277.00 444.40
1277.00 444.92
1277.00 445.44
1277.00 445.96
1277.00 446.48
1277.00 447.00
1277.00 447.53
1277.00 448.05
1277.00 448.57
1277.00 449.09
1277.00 449.61
1277.00 450.13
1277.00 450.65
1277.00 451.17
1277.00 451.70
1277.00 452.22
1277.00 452.74
1277.00 453.26
1277.00 453.78
1277.00 454.30
1277.00 454.82
1277.00 455.34
1277.00 455.86
1276.99 456.39
1276.99 456.91
1276.99 457.43
1276.99 457.95
1276.99 458.47
1276.99 458.99
1276.99 459.51
1277.00 460.04
1277.00 460.56
1277.00 461.08
1277.00 461.60
1276.99 462.12
1276.95 462.62
1276.89 463.12
1276.78 463.60
1276.64 464.06
1276.49 464.52
1276.33 464.98
1276.20 465.44
1276.11 465.92
1276.05 466.42
1276.02 466.93
1276.01 467.45
1276.01 467.97
1276.00 468.49
1276.00 469.01
1276.00 469.53
1276.00 470.05
1276.00 470.57
1276.00 471.09
1276.00 471.61
1276.00 472.13
1276.00 472.66
1276.00 473.18
1276.00 473.70
1276.00 474.22
1276.00 474.74
1276.00 475.26
1276.00 475.79
1276.00 476.31
1276.00 476.83
1276.00 477.35
1276.00 477.87
1276.00 478.39
1276.00 478.92
1276.00 479.44
1276.00 479.96
1276.00 480.48
1276.00 481.00
1276.00 481.52
1276.00 482.04
1276.00 482.56
1276.00 483.08
1276.00 483.60
1275.99 484.13
1275.99 484.65
1275.99 485.17
1275.99 485.69
1275.99 486.21
1276.00 486.73
1276.00 487.25
1276.00 487.78
1276.00 488.30
1276.00 488.82
1276.01 489.34
1276.01 489.87
1276.01 490.39
1276.01 490.91
1276.01 491.43
1276.01 491.95
1276.01 492.47
1276.00 492.99
1276.00 493.51
1275.99 494.03
1275.99 494.55
1275.98 495.07
1275.98 495.59
1275.98 496.11
1275.99 496.63
1275.99 497.16
1276.00 497.68
1276.01 498.21
1276.01 498.73
1275.99 499.24
1275.94 499.75
1275.86 500.23
1275.75 500.71
1275.60 501.17
1275.44 501.62
1275.30 502.08
1275.18 502.56
1275.09 503.04
1275.04 503.54
1275.02 504.05
1275.01 504.57
1275.01 505.09
1275.01 505.61
1275.00 506.13
1275.00 506.65
1275.00 507.17
1275.00 507.70
1275.00 508.22
1274.99 508.74
1274.99 509.26
1275.00 509.78
1275.00 510.30
1275.00 510.82
1275.00 511.35
1275.00 511.87
1275.00 512.39
1275.00 512.91
1275.00 513.43
1275.01 513.96
1275.01 514.48
1275.01 515.00
1275.00 515.52
1275.00 516.04
1275.00 516.56
1275.00 517.08
1275.00 517.60
1274.99 518.12
1274.99 518.64
1274.99 519.16
1274.99 519.68
1274.99 520.21
1275.00 520.73
1275.00 521.25
1274.99 521.77
1274.98 522.28
1274.93 522.79
1274.85 523.28
1274.74 523.75
1274.59 524.21
1274.44 524.67
1274.29 525.13
1274.17 525.60
1274.09 526.09
1274.04 526.59
1274.02 527.10
1274.01 527.62
1274.00 528.14
1274.00 528.66
1274.00 529.18
1274.00 529.70
1274.00 530.22
1274.00 530.74
1274.00 531.26
1274.00 531.79
1274.00 532.31
1274.00 532.83
1274.00 533.35
1274.00 533.87
1274.00 534.39
1274.00 534.91
1274.00 535.44
1274.00 535.96
1274.00 536.48
1274.00 537.00
1274.00 537.52
1274.00 538.04
1274.00 538.56
1274.00 539.09
1274.00 539.61
1274.00 540.13
1274.00 540.65
1274.00 541.17
1274.00 541.69
1274.00 542.21
1274.00 542.74
1274.00 543.26
1274.00 543.78
1274.00 544.30
1274.00 544.82
1274.00 545.34
1274.00 545.86
1273.99 546.38
1273.98 546.90
1273.96 547.41
1273.91 547.91
1273.83 548.40
1273.71 548.87
1273.56 549.33
1273.40 549.79
1273.26 550.25
1273.15 550.72
1273.07 551.21
1273.03 551.72
1273.01 552.23
1273.00 552.75
1273.00 553.27
1273.00 553.79
1273.00 554.31
1273.00 554.83
1273.00 555.36
1273.00 555.88
1273.00 556.40
1273.00 556.92
1273.00 557.44
1273.00 557.96
1273.00 558.48
1273.00 559.00
1273.00 559.53
1273.00 560.05
1273.00 560.57
1273.00 561.09
1273.00 561.61
1273.01 562.14
1273.00 562.66
1273.00 563.18
1273.00 563.70
1273.00 564.22
1273.00 564.74
1273.00 565.26
1272.99 565.78
1272.99 566.30
1272.99 566.82
1272.99 567.34
1273.00 567.87
1273.00 568.39
1272.99 568.91
1272.97 569.42
1272.92 569.92
1272.83 570.40
1272.71 570.87
1272.55 571.33
1272.40 571.79
1272.25 572.25
1272.14 572.73
1272.07 573.22
1272.03 573.72
1272.01 574.24
1272.01 574.76
1272.01 575.28
1272.01 575.80
1272.00 576.32
1272.00 576.84
1272.00 577.36
1272.00 577.88
1272.00 578.40
1272.00 578.92
1272.00 579.44
1272.00 579.97
1272.00 580.49
1272.00 581.01
1272.00 581.53
1272.00 582.05
1272.00 582.57
1272.00 583.09
1272.00 583.62
1272.00 584.14
1272.00 584.66
1272.00 585.18
1272.00 585.70
1272.00 586.22
1272.00 586.75
1272.00 587.27
1272.00 587.79
1272.00 588.31
1272.00 588.83
1272.00 589.35
1272.00 589.87
1272.00 590.39
1272.00 590.91
1271.99 591.43
1271.98 591.95
1271.96 592.46
1271.90 592.96
1271.82 593.45
1271.69 593.92
1271.54 594.38
1271.39 594.83
1271.25 595.30
1271.14 595.77
1271.07 596.26
1271.03 596.77
1271.01 597.28
1271.00 597.80
1271.00 598.32
1271.00 598.84
1271.00 599.36
1271.00 599.89
1271.00 600.41
1271.00 600.93
1271.00 601.45
1271.00 601.97
1271.00 602.49
1271.00 603.01
1270.99 603.53
1270.98 604.05
1270.95 604.56
1270.89 605.05
1270.80 605.54
1270.67 606.00
1270.51 606.46
1270.36 606.92
1270.22 607.39
1270.12 607.86
1270.06 608.36
1270.02 608.87
1270.01 609.38
1270.00 609.90
1270.00 610.42
1270.00 610.94
1270.00 611.46
1270.00 611.99
1270.00 612.51
1270.00 613.03
1270.00 613.55
1270.00 614.07
1270.00 614.59
1270.00 615.11
1270.00 615.63
1270.00 616.16
1270.00 616.68
1270.00 617.20
1270.00 617.72
1270.00 618.24
1270.00 618.76
1270.00 619.28
1270.00 619.80
1270.00 620.32
1270.00 620.85
1270.00 621.37
1270.00 621.89
1270.00 622.41
1270.00 622.93
1270.00 623.46
1270.00 623.98
1270.01 624.50
1270.01 625.02
1270.01 625.54
1270.01 626.07
1270.01 626.59
1270.01 627.11
1270.00 627.63
1270.00 628.15
1269.99 628.67
1269.99 629.19
1269.99 629.71
1269.99 630.23
1269.99 630.75
1269.99 631.27
1269.99 631.79
1269.98 632.31
1269.93 632.81
1269.85 633.30
1269.73 633.77
1269.59 634.23
1269.43 634.69
1269.28 635.15
1269.16 635.62
1269.08 636.11
1269.04 636.61
1269.02 637.12
1269.01 637.64
1269.00 638.16
1269.00 638.68
1269.00 639.20
1269.00 639.72
1269.00 640.25
1269.00 640.77
1269.00 641.29
1269.00 641.81
1269.00 642.33
1268.99 642.85
1268.96 643.36
1268.92 643.86
1268.84 644.35
1268.72 644.82
1268.58 645.28
1268.42 645.74
1268.27 646.20
1268.16 646.67
1268.08 647.16
1268.03 647.67
1268.01 648.18
1268.01 648.70
1268.00 649.22
1268.00 649.74
1268.00 650.26
1268.00 650.78
1268.00 651.30
1268.00 651.82
1268.00 652.34
1268.00 652.87
1268.00 653.39
1268.00 653.91
1268.00 654.43
1268.00 654.95
1268.00 655.47
1268.00 655.99
1267.99 656.51
1267.98 657.03
1267.95 657.54
1267.89 658.04
1267.80 658.52
1267.67 658.99
1267.52 659.44
1267.36 659.90
1267.23 660.37
1267.13 660.85
1267.06 661.34
1267.03 661.85
1267.01 662.36
1267.00 662.88
1267.00 663.40
1267.00 663.92
1267.00 664.44
1267.00 664.96
1267.00 665.48
1267.00 666.01
1267.00 666.53
1267.00 667.05
1267.00 667.57
1267.00 668.09
1267.01 668.62
1267.01 669.14
1267.00 669.66
1267.00 670.18
1267.00 670.70
1267.00 671.22
1266.99 671.74
1266.99 672.26
1266.99 672.78
1266.99 673.30
1266.99 673.82
1266.97 674.34
1266.92 674.84
1266.85 675.33
1266.73 675.80
1266.59 676.27
1266.44 676.72
1266.29 677.18
1266.16 677.65
1266.07 678.14
1266.02 678.64
1266.00 679.15
1266.00 679.67
1266.01 680.19
1266.01 680.72
1266.01 681.24
1266.01 681.76
1266.00 682.28
1266.00 682.80
1265.99 683.32
1265.99 683.84
1265.99 684.36
1265.98 684.88
1265.96 685.39
1265.92 685.89
1265.84 686.38
1265.71 686.85
1265.57 687.31
1265.41 687.77
1265.26 688.23
1265.14 688.70
1265.05 689.18
1264.97 689.67
1264.89 690.16
1264.78 690.63
1264.64 691.10
1264.48 691.55
1264.33 692.01
1264.20 692.48
1264.10 692.96
1264.04 693.46
1264.02 693.97
1264.01 694.49
1264.01 695.01
1264.01 695.53
1264.01 696.05
1264.01 696.57
1264.01 697.09
1264.01 697.61
1264.00 698.13
1264.00 698.65
1264.00 699.17
1263.99 699.69
1263.99 700.21
1263.99 700.73
1263.99 701.26
1263.99 701.78
1263.99 702.30
1263.99 702.82
1263.99 703.34
1263.99 703.87
1264.00 704.39
1264.01 704.91
1264.01 705.44
1264.02 705.96
1264.01 706.48
1264.00 707.00
1263.96 707.50
1263.90 708.00
1263.81 708.48
1263.68 708.95
1263.53 709.41
1263.38 709.87
1263.24 710.33
1263.13 710.81
1263.05 711.30
1263.01 711.80
1262.99 712.31
1262.99 712.83
1263.00 713.36
1263.01 713.88
1263.02 714.41
1263.02 714.93
1263.02 715.45
1263.01 715.97
1263.00 716.49
1263.00 717.01
1262.99 717.53
1262.99 718.05
1262.99 718.57
1262.99 719.09
1262.99 719.61
1262.98 720.13
1262.95 720.64
1262.88 721.13
1262.78 721.61
1262.64 722.08
1262.49 722.53
1262.33 722.99
1262.20 723.46
1262.11 723.94
1262.05 724.44
1262.02 724.95
1262.01 725.46
1262.00 725.98
1262.00 726.50
1262.00 727.02
1262.00 727.54
1262.00 728.06
1262.00 728.59
1262.00 729.11
1262.00 729.63
1262.00 730.15
1262.00 730.67
1262.00 731.19
1262.00 731.71
1262.00 732.24
1262.00 732.76
1262.00 733.28
1262.00 733.80
1262.00 734.32
1262.00 734.84
1262.00 735.36
1262.00 735.89
1262.00 736.41
1262.00 736.93
1262.00 737.45
1262.00 737.97
1262.00 738.49
1262.00 739.01
1262.00 739.53
1262.00 740.06
1262.00 740.58
1262.00 741.10
1262.00 741.62
1262.00 742.14
1262.00 742.66
1262.00 743.19
1262.00 743.71
1262.00 744.23
1262.00 744.75
1262.00 745.27
1261.99 745.79
1261.97 746.30
1261.92 746.80
1261.85 747.29
1261.74 747.77
1261.59 748.23
1261.44 748.69
1261.29 749.15
1261.17 749.62
1261.09 750.11
1261.04 750.61
1261.01 751.12
1261.00 751.64
1261.00 752.16
1261.00 752.68
1261.01 753.20
1261.01 753.72
1261.01 754.24
1261.01 754.76
1261.00 755.28
1261.00 755.80
1260.99 756.32
1260.99 756.84
1260.99 757.36
1260.99 757.89
1260.99 758.41
1261.00 758.93
1261.00 759.45
1260.99 759.97
1260.97 760.48
1260.91 760.98
1260.82 761.46
1260.69 761.93
1260.54 762.39
1260.38 762.85
1260.24 763.31
1260.13 763.79
1260.06 764.28
1260.02 764.78
1260.01 765.30
1260.01 765.82
1260.01 766.34
1260.01 766.86
1260.00 767.38
1259.99 767.90
1259.99 768.42
1259.99 768.94
1260.00 769.47
1259.99 769.98
1259.96 770.50
1259.90 770.99
1259.81 771.47
1259.67 771.94
1259.52 772.40
1259.37 772.85
1259.23 773.32
1259.13 773.80
1259.06 774.29
1259.03 774.80
1259.01 775.31
1259.00 775.83
1259.00 776.35
1259.00 776.87
1259.00 777.40
1259.00 777.92
1259.00 778.44
1259.00 778.96
1259.00 779.48
1259.00 780.00
1259.00 780.52
1259.00 781.04
1259.00 781.57
1259.00 782.09
1259.00 782.61
1259.00 783.13
1259.00 783.65
1259.00 784.17
1259.00 784.69
1259.00 785.22
1259.00 785.74
1259.00 786.26
1259.00 786.78
1259.00 787.30
1259.00 787.82
1259.00 788.34
1259.00 788.87
1259.00 789.39
1259.00 789.91
1259.00 790.43
1259.00 790.95
1259.00 791.47
1259.00 791.99
1259.00 792.51
1259.00 793.03
1258.99 793.55
1258.98 794.07
1258.95 794.58
1258.89 795.08
1258.79 795.56
1258.66 796.02
1258.51 796.48
1258.35 796.94
1258.22 797.41
1258.12 797.89
1258.06 798.38
1258.02 798.89
1258.01 799.40
1258.00 799.92
1258.00 800.44
1258.00 800.96
1258.00 801.48
1258.00 802.01
1257.99 802.53
1258.00 803.05
1258.00 803.57
1258.00 804.09
1258.00 804.62
1258.01 805.14
1258.01 805.66
1258.01 806.18
1258.01 806.70
1258.00 807.22
1258.00 807.74
1257.99 808.26
1257.99 808.78
1257.99 809.30
1257.99 809.82
1257.99 810.35
1257.99 810.87
1257.97 811.38
1257.92 811.88
1257.84 812.37
1257.71 812.84
1257.56 813.29
1257.40 813.75
1257.26 814.21
1257.15 814.69
1257.07 815.18
1257.03 815.68
1257.01 816.20
1257.00 816.71
1257.00 817.23
1257.00 817.76
1257.00 818.28
1257.00 818.80
1257.00 819.32
1257.00 819.84
1257.00 820.36
1257.00 820.88
1256.99 821.40
1256.99 821.92
1256.99 822.45
1257.00 822.97
1256.99 823.49
1256.98 824.01
1256.96 824.52
1256.90 825.01
1256.81 825.50
1256.68 825.96
1256.52 826.42
1256.37 826.88
1256.23 827.34
1256.13 827.82
1256.06 828.31
1256.03 828.82
1256.01 829.34
1256.00 829.86
1256.00 830.38
1256.00 830.90
1256.00 831.42
1256.00 831.94
1256.01 832.46
1256.01 832.98
1256.01 833.50
1256.02 834.02
1256.04 834.53
1256.10 835.03
1256.19 835.51
1256.32 835.97
1256.47 836.43
1256.62 836.88
1256.74 837.34
1256.80 837.80
1256.79 838.27
1256.72 838.73
1256.59 839.19
1256.44 839.64
1256.29 840.10
1256.17 840.57
1256.09 841.06
1256.04 841.56
1256.01 842.07
1256.00 842.58
1255.98 843.09
1255.95 843.60
1255.88 844.10
1255.78 844.58
1255.65 845.04
1255.49 845.50
1255.33 845.95
1255.17 846.41
1255.03 846.87
1254.90 847.34
1254.74 847.80
1254.57 848.25
1254.38 848.69
1254.18 849.13
1253.97 849.56
1253.76 850.00
1253.57 850.44
1253.39 850.88
1253.24 851.34
1253.13 851.82
1253.06 852.31
1253.03 852.82
1253.01 853.33
1253.00 853.85
1253.00 854.37
1253.00 854.89
1253.00 855.42
1253.00 855.94
1253.00 856.46
1253.00 856.98
1252.99 857.50
1252.98 858.01
1252.95 858.52
1252.90 859.02
1252.81 859.51
1252.68 859.98
1252.53 860.43
1252.37 860.89
1252.23 861.35
1252.13 861.83
1252.06 862.33
1252.03 862.83
1252.01 863.35
1252.01 863.87
1252.01 864.39
1252.00 864.91
1252.00 865.43
1251.99 865.95
1251.99 866.47
1251.99 866.99
1251.99 867.51
1251.99 868.03
1252.00 868.56
1252.00 869.08
1252.00 869.60
1252.00 870.12
1252.01 870.64
1252.01 871.17
1252.01 871.69
1252.01 872.21
1252.01 872.73
1252.01 873.25
1252.01 873.77
1252.01 874.30
1252.01 874.82
1252.00 875.34
1252.00 875.86
1252.00 876.38
1251.99 876.90
1251.99 877.42
1251.99 877.94
1251.99 878.46
1251.99 878.98
1251.99 879.50
1251.99 880.02
1251.99 880.54
1251.99 881.07
1251.99 881.59
1252.00 882.11
1252.00 882.64
1252.01 883.16
1252.02 883.68
1252.02 884.21
1252.01 884.72
1251.99 885.24
1251.94 885.74
1251.86 886.22
1251.74 886.70
1251.60 887.16
1251.45 887.62
1251.30 888.08
1251.18 888.55
1251.09 889.03
1251.04 889.53
1251.01 890.04
1251.00 890.56
1251.00 891.08
1251.01 891.61
1251.00 892.13
1251.00 892.65
1250.98 893.16
1250.94 893.66
1250.87 894.16
1250.77 894.64
1250.64 895.10
1250.48 895.56
1250.33 896.02
1250.20 896.49
1250.10 896.97
1250.05 897.47
1250.02 897.97
1250.01 898.49
1250.01 899.01
1250.01 899.53
1250.01 900.06
1250.01 900.58
1250.00 901.10
1250.00 901.62
1250.00 902.14
1250.00 902.66
1249.99 903.18
1250.00 903.70
1249.99 904.22
1249.99 904.74
1249.97 905.26
1249.93 905.76
1249.86 906.25
1249.76 906.73
1249.62 907.19
1249.46 907.65
1249.31 908.11
1249.18 908.58
1249.09 909.06
1249.03 909.56
1248.99 910.06
1248.95 910.57
1248.89 911.06
1248.80 911.55
1248.66 912.01
1248.51 912.47
1248.35 912.93
1248.22 913.39
1248.12 913.87
1248.05 914.37
1248.01 914.87
1247.97 915.38
1247.92 915.88
1247.84 916.36
1247.72 916.83
1247.57 917.30
1247.41 917.75
1247.27 918.21
1247.15 918.69
1247.08 919.18
1247.03 919.68
1247.01 920.19
1247.00 920.71
1247.00 921.23
1247.00 921.75
1247.00 922.27
1247.00 922.79
1247.00 923.32
1247.00 923.84
1247.00 924.36
1247.00 924.88
1247.00 925.40
1247.00 925.92
1247.00 926.44
1247.00 926.96
1247.00 927.49
1247.00 928.01
1247.00 928.53
1247.00 929.05
1247.00 929.57
1247.00 930.09
1247.00 930.61
1247.00 931.14
1247.00 931.66
1247.00 932.18
1247.00 932.70
1247.00 933.22
1247.00 933.74
1247.00 934.27
1247.00 934.79
1247.01 935.31
1247.01 935.83
1247.01 936.35
1247.00 936.87
1247.00 937.39
1247.00 937.91
1247.00 938.43
1247.00 938.95
1246.99 939.47
1246.99 940.00
1246.99 940.52
1246.99 941.04
1247.00 941.56
1247.00 942.08
1247.00 942.60
1246.98 943.12
1246.95 943.63
1246.88 944.12
1246.78 944.60
1246.64 945.06
1246.49 945.52
1246.33 945.98
1246.21 946.45
1246.11 946.93
1246.05 947.43
1246.02 947.93
1246.00 948.45
1246.00 948.97
1245.99 949.49
1245.98 950.01
1245.96 950.52
1245.90 951.01
1245.81 951.50
1245.68 951.96
1245.52 952.42
1245.37 952.88
1245.23 953.34
1245.13 953.82
1245.06 954.32
1245.03 954.82
1245.01 955.34
1245.01 955.86
1245.00 956.38
1245.00 956.90
1245.00 957.42
1245.00 957.94
1244.99 958.46
1245.00 958.98
1245.00 959.50
1245.00 960.03
1245.00 960.55
1245.00 961.07
1245.01 961.59
1245.01 962.11
1245.00 962.63
1245.00 963.15
1245.00 963.67
1244.99 964.19
1244.99 964.72
1244.99 965.24
1244.99 965.76
1244.99 966.28
1244.99 966.80
1244.97 967.31
1244.93 967.82
1244.85 968.30
1244.73 968.78
1244.58 969.24
1244.43 969.69
1244.28 970.16
1244.17 970.63
1244.09 971.12
1244.04 971.62
1244.01 972.13
1244.00 972.64
1243.99 973.16
1243.99 973.69
1244.00 974.21
1244.00 974.73
1243.98 975.25
1243.94 975.75
1243.86 976.24
1243.74 976.71
1243.60 977.17
1243.44 977.63
1243.29 978.09
1243.18 978.56
1243.09 979.05
1243.04 979.55
1243.02 980.06
1243.01 980.58
1243.00 981.10
1243.00 981.62
1243.00 982.14
1243.00 982.66
1243.00 983.18
1242.99 983.70
1242.99 984.22
1242.99 984.74
1242.97 985.25
1242.93 985.76
1242.86 986.25
1242.75 986.72
1242.60 987.19
1242.45 987.64
1242.30 988.10
1242.18 988.58
1242.10 989.06
1242.04 989.56
1242.01 990.07
1242.00 990.59
1241.99 991.10
1241.99 991.63
1242.00 992.15
1242.00 992.67
1241.98 993.19
1241.95 993.69
1241.87 994.18
1241.76 994.66
1241.61 995.12
1241.46 995.58
1241.31 996.04
1241.19 996.51
1241.10 996.99
1241.05 997.49
1241.02 998.00
1241.01 998.52
1241.00 999.04
1241.00 999.56
1241.00 1000.08
1240.99 1000.60
1240.98 1001.11
1240.94 1001.62
1240.88 1002.12
1240.79 1002.60
1240.66 1003.06
1240.50 1003.52
1240.35 1003.98
1240.21 1004.44
1240.10 1004.92
1240.01 1005.40
1239.93 1005.89
1239.84 1006.37
1239.72 1006.85
1239.57 1007.31
1239.41 1007.76
1239.26 1008.22
1239.15 1008.70
1239.08 1009.19
1239.03 1009.69
1239.01 1010.20
1239.01 1010.72
1239.00 1011.24
1239.00 1011.76
1239.00 1012.28
1239.00 1012.80
1238.99 1013.32
1238.98 1013.84
1238.96 1014.35
1238.92 1014.86
1238.84 1015.35
1238.72 1015.82
1238.58 1016.28
1238.42 1016.74
1238.27 1017.20
1238.16 1017.67
1238.08 1018.16
1238.03 1018.66
1237.99 1019.16
1237.94 1019.67
1237.87 1020.16
1237.77 1020.64
1237.63 1021.10
1237.48 1021.56
1237.33 1022.02
1237.20 1022.49
1237.11 1022.97
1237.05 1023.47
1237.02 1023.98
1237.01 1024.49
1237.00 1025.01
1237.00 1025.53
1237.00 1026.05
1237.00 1026.58
1237.00 1027.10
1237.00 1027.62
1237.00 1028.14
1237.00 1028.66
1237.00 1029.18
1237.00 1029.70
1237.00 1030.22
1237.00 1030.75
1237.00 1031.27
1237.00 1031.79
1237.00 1032.31
1237.00 1032.83
1237.00 1033.35
1237.00 1033.88
1237.00 1034.40
1237.00 1034.92
1237.00 1035.44
1237.00 1035.96
1237.00 1036.48
1237.00 1037.00
1237.00 1037.52
1237.00 1038.04
1237.00 1038.57
1237.00 1039.09
1236.99 1039.61
1236.98 1040.12
1236.94 1040.63
1236.88 1041.12
1236.78 1041.60
1236.65 1042.07
1236.49 1042.53
1236.34 1042.98
1236.21 1043.45
1236.11 1043.93
1236.05 1044.43
1236.02 1044.94
1236.01 1045.46
1236.00 1045.97
1236.00 1046.50
1236.00 1047.02
1236.00 1047.54
1236.00 1048.06
1236.00 1048.58
1236.00 1049.10
1236.00 1049.62
1236.00 1050.14
1236.00 1050.67
1236.00 1051.19
1236.00 1051.71
1236.00 1052.23
1236.00 1052.75
1236.00 1053.27
1236.00 1053.79
1236.00 1054.32
1236.00 1054.84
1236.00 1055.36
1236.00 1055.88
1236.00 1056.40
1236.00 1056.92
1236.00 1057.44
1236.00 1057.96
1236.00 1058.49
1236.00 1059.01
1236.00 1059.53
1236.00 1060.05
1236.00 1060.57
1236.00 1061.09
1236.00 1061.61
1236.00 1062.14
1236.00 1062.66
1236.00 1063.18
1236.00 1063.70
1236.00 1064.22
1236.00 1064.74
1236.00 1065.26
1236.00 1065.78
1235.99 1066.30
1235.99 1066.82
1235.97 1067.34
1235.92 1067.84
1235.83 1068.32
1235.69 1068.79
1235.49 1069.22
1235.24 1069.64
1234.97 1070.05
1234.69 1070.46
1234.45 1070.88
1234.27 1071.32
1234.14 1071.79
1234.07 1072.28
1234.03 1072.79
1234.01 1073.30
1233.99 1073.82
1233.97 1074.33
1233.92 1074.83
1233.84 1075.32
1233.73 1075.79
1233.58 1076.25
1233.43 1076.71
1233.28 1077.17
1233.17 1077.65
1233.08 1078.13
1233.04 1078.64
1233.01 1079.15
1233.00 1079.66
1232.99 1080.18
1232.99 1080.70
1232.97 1081.22
1232.94 1081.72
1232.87 1082.21
1232.76 1082.69
1232.62 1083.15
1232.46 1083.61
1232.31 1084.07
1232.18 1084.54
1232.08 1085.02
1232.00 1085.50
1231.92 1085.99
1231.82 1086.47
1231.69 1086.94
1231.53 1087.40
1231.38 1087.85
1231.24 1088.32
1231.13 1088.80
1231.06 1089.29
1231.03 1089.79
1231.01 1090.31
1231.00 1090.83
1231.00 1091.35
1230.99 1091.86
1230.96 1092.37
1230.92 1092.88
1230.83 1093.36
1230.72 1093.84
1230.57 1094.30
1230.41 1094.75
1230.27 1095.22
1230.15 1095.69
1230.08 1096.18
1230.03 1096.68
1230.01 1097.19
1230.00 1097.71
1230.00 1098.23
1230.00 1098.75
1230.00 1099.27
1230.00 1099.80
1230.00 1100.32
1230.00 1100.84
1229.99 1101.36
1229.99 1101.88
1229.96 1102.39
1229.91 1102.89
1229.83 1103.38
1229.71 1103.85
1229.57 1104.31
1229.41 1104.77
1229.27 1105.23
1229.15 1105.70
1229.08 1106.19
1229.03 1106.69
1229.01 1107.21
1229.00 1107.73
1229.00 1108.25
1229.00 1108.77
1229.00 1109.29
1229.00 1109.81
1229.00 1110.33
1229.00 1110.85
1229.00 1111.37
1229.00 1111.89
1229.00 1112.42
1229.00 1112.94
1228.99 1113.46
1228.98 1113.97
1228.95 1114.48
1228.90 1114.98
1228.81 1115.47
1228.69 1115.94
1228.54 1116.40
1228.38 1116.85
1228.24 1117.32
1228.13 1117.79
1228.06 1118.29
1228.03 1118.79
1228.01 1119.30
1228.00 1119.82
1228.00 1120.35
1228.01 1120.87
1228.01 1121.39
1228.00 1121.91
1228.00 1122.43
1227.99 1122.95
1227.99 1123.47
1227.99 1123.99
1227.99 1124.51
1227.98 1125.03
1227.96 1125.54
1227.90 1126.04
1227.80 1126.52
1227.67 1126.98
1227.51 1127.44
1227.36 1127.90
1227.22 1128.36
1227.12 1128.84
1227.06 1129.34
1227.02 1129.85
1227.01 1130.36
1227.00 1130.88
1227.00 1131.40
1227.00 1131.92
1227.00 1132.44
1227.00 1132.96
1227.01 1133.49
1227.01 1134.01
1227.01 1134.53
1227.01 1135.05
1227.00 1135.57
1227.00 1136.09
1226.99 1136.61
1226.99 1137.13
1226.98 1137.65
1226.99 1138.17
1226.99 1138.70
1227.00 1139.22
1227.00 1139.74
1226.98 1140.26
1226.94 1140.76
1226.86 1141.25
1226.74 1141.72
1226.60 1142.18
1226.44 1142.64
1226.29 1143.10
1226.17 1143.57
1226.09 1144.06
1226.04 1144.56
1226.01 1145.07
1226.00 1145.58
1225.98 1146.10
1225.95 1146.60
1225.88 1147.10
1225.78 1147.58
1225.65 1148.04
1225.49 1148.50
1225.33 1148.95
1225.18 1149.41
1225.04 1149.88
1224.90 1150.34
1224.76 1150.80
1224.60 1151.26
1224.44 1151.71
1224.29 1152.17
1224.17 1152.64
1224.08 1153.13
1224.04 1153.63
1224.01 1154.15
1224.00 1154.66
1223.98 1155.17
1223.94 1155.68
1223.87 1156.17
1223.77 1156.65
1223.64 1157.12
1223.49 1157.58
1223.33 1158.03
1223.20 1158.50
1223.10 1158.98
1223.04 1159.48
1223.00 1159.98
1222.96 1160.49
1222.90 1160.99
1222.81 1161.47
1222.68 1161.94
1222.53 1162.39
1222.37 1162.85
1222.24 1163.32
1222.13 1163.80
1222.07 1164.29
1222.03 1164.79
1222.00 1165.31
1221.99 1165.82
1221.99 1166.34
1221.99 1166.86
1222.00 1167.39
1221.99 1167.91
1221.97 1168.42
1221.92 1168.92
1221.82 1169.40
1221.69 1169.87
1221.54 1170.33
1221.39 1170.78
1221.25 1171.25
1221.14 1171.73
1221.07 1172.22
1221.03 1172.72
1221.01 1173.24
1221.00 1173.75
1221.00 1174.27
1221.00 1174.80
1221.00 1175.32
1221.00 1175.84
1221.00 1176.36
1221.00 1176.88
1221.00 1177.40
1221.00 1177.92
1221.00 1178.44
1221.00 1178.96
1221.00 1179.49
1221.00 1180.01
1221.00 1180.53
1221.00 1181.05
1221.00 1181.58
1221.01 1182.10
1221.01 1182.62
1221.01 1183.14
1221.01 1183.66
1221.00 1184.18
1221.00 1184.70
1221.00 1185.22
1221.00 1185.74
1220.99 1186.26
1220.99 1186.78
1220.99 1187.30
1220.99 1187.83
1220.99 1188.35
1220.99 1188.87
1220.99 1189.39
1221.00 1189.91
1221.00 1190.44
1221.00 1190.96
1221.00 1191.48
1220.99 1192.00
1220.96 1192.51
1220.90 1193.00
1220.81 1193.48
1220.68 1193.95
1220.52 1194.41
1220.37 1194.87
1220.23 1195.33
1220.13 1195.81
1220.06 1196.30
1220.02 1196.81
1220.00 1197.32
1219.99 1197.84
1219.96 1198.35
1219.92 1198.85
1219.84 1199.34
1219.72 1199.81
1219.58 1200.27
1219.42 1200.73
1219.28 1201.19
1219.16 1201.67
1219.08 1202.15
1219.04 1202.66
1219.01 1203.17
1219.00 1203.68
1218.99 1204.20
1218.99 1204.72
1218.97 1205.24
1218.93 1205.74
1218.86 1206.23
1218.75 1206.71
1218.61 1207.17
1218.45 1207.63
1218.30 1208.09
1218.18 1208.56
1218.09 1209.04
1218.04 1209.54
1218.02 1210.06
1218.01 1210.57
1218.00 1211.09
1217.99 1211.61
1217.98 1212.12
1217.94 1212.63
1217.88 1213.13
1217.78 1213.61
1217.64 1214.07
1217.49 1214.53
1217.34 1214.99
1217.20 1215.45
1217.11 1215.94
1217.05 1216.43
1217.02 1216.94
1217.01 1217.46
1217.01 1217.98
1217.01 1218.50
1217.00 1219.02
1217.00 1219.54
1216.99 1220.06
1216.99 1220.58
1216.99 1221.10
1216.99 1221.62
1217.00 1222.15
1217.00 1222.67
1216.98 1223.18
1216.95 1223.69
1216.87 1224.18
1216.76 1224.66
1216.62 1225.12
1216.47 1225.58
1216.32 1226.03
1216.19 1226.50
1216.08 1226.98
1216.00 1227.47
1215.92 1227.96
1215.83 1228.44
1215.71 1228.91
1215.56 1229.37
1215.41 1229.83
1215.26 1230.29
1215.14 1230.76
1215.04 1231.24
1214.96 1231.73
1214.87 1232.21
1214.76 1232.69
1214.62 1233.15
1214.46 1233.61
1214.31 1234.07
1214.19 1234.54
1214.10 1235.02
1214.05 1235.52
1214.02 1236.03
1214.01 1236.55
1214.01 1237.07
1214.00 1237.59
1213.99 1238.11
1213.99 1238.63
1213.99 1239.15
1213.99 1239.67
1213.99 1240.19
1214.00 1240.71
1213.98 1241.23
1213.94 1241.73
1213.87 1242.22
1213.77 1242.69
1213.67 1243.13
1213.59 1243.55
1213.56 1243.96
1213.59 1244.37
1213.66 1244.78
1213.74 1245.22
1213.80 1245.67
1213.81 1246.13
1213.75 1246.59
1213.64 1247.05
1213.49 1247.50
1213.34 1247.96
1213.21 1248.43
1213.11 1248.91
1213.05 1249.40
1213.02 1249.91
1213.01 1250.43
1213.00 1250.95
1213.00 1251.47
1213.00 1251.99
1212.99 1252.51
1212.98 1253.02
1212.95 1253.53
1212.90 1254.03
1212.81 1254.51
1212.68 1254.98
1212.54 1255.44
1212.38 1255.90
1212.24 1256.36
1212.12 1256.84
1212.05 1257.33
1212.02 1257.84
1212.01 1258.35
1212.01 1258.87
1212.01 1259.40
1212.01 1259.92
1212.00 1260.44
1212.00 1260.96
1211.99 1261.47
1211.98 1261.99
1211.95 1262.50
1211.90 1263.00
1211.81 1263.48
1211.68 1263.95
1211.53 1264.41
1211.37 1264.87
1211.23 1265.33
1211.12 1265.81
1211.03 1266.29
1210.95 1266.78
1210.86 1267.26
1210.75 1267.74
1210.60 1268.20
1210.44 1268.65
1210.29 1269.11
1210.17 1269.59
1210.09 1270.07
1210.04 1270.57
1210.02 1271.08
1210.00 1271.60
1210.00 1272.12
1209.99 1272.64
1209.98 1273.15
1209.94 1273.66
1209.87 1274.15
1209.77 1274.63
1209.64 1275.10
1209.48 1275.56
1209.33 1276.01
1209.20 1276.48
1209.11 1276.96
1209.05 1277.46
1209.02 1277.97
1209.01 1278.49
1209.00 1279.01
1209.00 1279.53
1209.00 1280.05
1209.00 1280.57
1208.99 1281.09
1208.99 1281.61
1208.98 1282.12
1208.94 1282.63
1208.88 1283.13
1208.78 1283.61
1208.64 1284.07
1208.49 1284.53
1208.34 1284.99
1208.21 1285.45
1208.11 1285.94
1208.05 1286.43
1208.02 1286.94
1208.01 1287.46
1208.00 1287.98
1208.00 1288.50
1208.00 1289.02
1208.00 1289.54
1208.00 1290.06
1208.00 1290.58
1208.00 1291.10
1208.00 1291.62
1208.00 1292.15
1207.99 1292.67
1207.99 1293.19
1207.99 1293.71
1207.97 1294.22
1207.94 1294.73
1207.87 1295.22
1207.76 1295.70
1207.62 1296.16
1207.47 1296.62
1207.32 1297.08
1207.19 1297.55
1207.09 1298.03
1207.03 1298.52
1207.01 1299.04
1207.00 1299.55
1207.01 1300.08
1207.01 1300.60
1207.01 1301.12
1207.00 1301.64
1207.00 1302.16
1206.99 1302.68
1206.97 1303.19
1206.93 1303.70
1206.87 1304.19
1206.76 1304.67
1206.62 1305.13
1206.46 1305.59
1206.30 1306.04
1206.15 1306.50
1206.01 1306.96
1205.88 1307.43
1205.73 1307.89
1205.58 1308.35
1205.42 1308.80
1205.27 1309.26
1205.15 1309.73
1205.06 1310.22
1205.02 1310.72
1205.00 1311.24
1205.00 1311.76
1205.01 1312.28
1205.01 1312.81
1205.01 1313.33
1205.00 1313.84
1204.99 1314.36
1204.98 1314.88
1204.96 1315.39
1204.91 1315.89
1204.83 1316.38
1204.72 1316.86
1204.57 1317.32
1204.42 1317.77
1204.27 1318.23
1204.15 1318.71
1204.07 1319.19
1204.02 1319.69
1203.98 1320.20
1203.94 1320.70
1203.87 1321.20
1203.76 1321.67
1203.62 1322.14
1203.46 1322.59
1203.31 1323.05
1203.19 1323.52
1203.10 1324.01
1203.05 1324.51
1203.02 1325.01
1203.00 1325.53
1202.99 1326.05
1202.99 1326.57
1203.00 1327.09
1203.00 1327.61
1202.99 1328.13
1202.95 1328.64
1202.88 1329.13
1202.77 1329.61
1202.63 1330.07
1202.47 1330.53
1202.32 1330.98
1202.20 1331.45
1202.11 1331.94
1202.05 1332.44
1202.02 1332.94
1202.01 1333.46
1202.00 1333.98
1201.99 1334.50
1201.98 1335.01
1201.95 1335.52
1201.89 1336.02
1201.80 1336.50
1201.67 1336.97
1201.52 1337.43
1201.37 1337.89
1201.23 1338.35
1201.13 1338.83
1201.06 1339.33
1201.03 1339.83
1201.00 1340.34
1200.99 1340.86
1200.99 1341.38
1200.99 1341.90
1201.00 1342.43
1200.99 1342.95
1200.97 1343.46
1200.91 1343.95
1200.82 1344.44
1200.68 1344.90
1200.53 1345.36
1200.38 1345.82
1200.24 1346.28
1200.14 1346.76
1200.07 1347.26
1200.03 1347.76
1200.02 1348.28
1200.01 1348.80
1200.01 1349.32
1200.00 1349.84
1200.00 1350.35
1199.99 1350.87
1199.99 1351.39
1199.99 1351.91
1199.99 1352.44
1199.99 1352.96
1200.00 1353.48
1199.99 1354.00
1199.96 1354.51
1199.90 1355.01
1199.81 1355.49
1199.67 1355.95
1199.52 1356.41
1199.36 1356.87
1199.22 1357.33
1199.12 1357.81
1199.03 1358.30
1198.95 1358.78
1198.86 1359.27
1198.75 1359.74
1198.60 1360.20
1198.44 1360.66
1198.30 1361.12
1198.17 1361.59
1198.09 1362.08
1198.04 1362.58
1198.02 1363.09
1198.00 1363.61
1198.00 1364.12
1197.99 1364.64
1197.97 1365.16
1197.94 1365.66
1197.87 1366.16
1197.77 1366.64
1197.63 1367.10
1197.48 1367.56
1197.33 1368.02
1197.20 1368.49
1197.11 1368.97
1197.05 1369.47
1197.02 1369.97
1197.00 1370.49
1197.00 1371.01
1196.99 1371.53
1196.98 1372.04
1196.95 1372.55
1196.89 1373.05
1196.80 1373.53
1196.68 1374.00
1196.53 1374.46
1196.37 1374.92
1196.23 1375.38
1196.12 1375.86
1196.05 1376.35
1196.01 1376.86
1196.00 1377.37
1196.00 1377.90
1196.01 1378.42
1196.01 1378.94
1196.00 1379.46
1195.98 1379.97
1195.95 1380.48
1195.90 1380.98
1195.81 1381.47
1195.69 1381.94
1195.54 1382.40
1195.39 1382.85
1195.25 1383.32
1195.14 1383.79
1195.07 1384.29
1195.03 1384.79
1195.01 1385.30
1194.99 1385.82
1194.97 1386.33
1194.92 1386.83
1194.84 1387.32
1194.73 1387.80
1194.58 1388.26
1194.43 1388.71
1194.28 1389.17
1194.16 1389.65
1194.08 1390.13
1194.04 1390.64
1194.01 1391.15
1194.00 1391.67
1194.00 1392.19
1193.99 1392.70
1193.97 1393.22
1193.93 1393.72
1193.86 1394.21
1193.76 1394.69
1193.62 1395.16
1193.46 1395.61
1193.31 1396.07
1193.19 1396.54
1193.10 1397.03
1193.04 1397.53
1193.02 1398.04
1193.01 1398.55
1193.00 1399.07
1192.99 1399.59
1192.98 1400.10
1192.94 1400.61
1192.88 1401.11
1192.78 1401.59
1192.65 1402.05
1192.50 1402.51
1192.34 1402.97
1192.21 1403.44
1192.11 1403.92
1192.05 1404.41
1192.01 1404.92
1191.97 1405.42
1191.91 1405.92
1191.83 1406.41
1191.70 1406.88
1191.56 1407.34
1191.40 1407.79
1191.26 1408.26
1191.14 1408.73
1191.07 1409.22
1191.02 1409.72
1190.98 1410.23
1190.94 1410.73
1190.87 1411.22
1190.76 1411.70
1190.62 1412.16
1190.46 1412.62
1190.31 1413.08
1190.18 1413.54
1190.08 1414.02
1190.00 1414.51
1189.92 1415.00
1189.82 1415.48
1189.69 1415.95
1189.53 1416.40
1189.37 1416.86
1189.23 1417.32
1189.12 1417.80
1189.03 1418.28
1188.96 1418.77
1188.87 1419.26
1188.75 1419.73
1188.60 1420.19
1188.44 1420.64
1188.28 1421.10
1188.13 1421.56
1187.99 1422.02
1187.85 1422.49
1187.70 1422.94
1187.54 1423.40
1187.37 1423.85
1187.21 1424.31
1183.96 1441.96
1183.95 1442.47
1183.90 1442.96
1183.83 1443.44
1183.73 1443.90
1183.64 1444.33
1183.58 1444.75
1183.57 1445.15
1183.62 1445.56
1183.69 1445.98
1183.77 1446.43
1183.81 1446.88
1183.79 1447.34
1183.71 1447.80
1183.59 1448.25
1183.47 1448.69
1183.38 1449.13
1183.36 1449.57
1183.40 1450.00
1183.51 1450.44
1183.63 1450.89
1183.74 1451.34
1183.80 1451.80
1183.80 1452.26
1183.73 1452.72
1183.60 1453.18
1183.45 1453.64
1183.30 1454.09
1183.18 1454.56
1183.09 1455.05
1183.04 1455.55
1183.01 1456.06
1183.01 1456.57
1183.01 1457.10
1183.01 1457.62
1183.01 1458.14
1183.00 1458.66
1183.00 1459.18
1183.00 1459.70
1183.00 1460.22
1182.99 1460.74
1182.99 1461.26
1182.99 1461.78
1182.97 1462.29
1182.93 1462.80
1182.85 1463.29
1182.74 1463.76
1182.59 1464.22
1182.44 1464.68
1182.29 1465.14
1182.17 1465.61
1182.08 1466.10
1182.03 1466.60
1181.99 1467.10
1181.95 1467.61
1181.89 1468.10
1181.79 1468.58
1181.66 1469.05
1181.50 1469.51
1181.35 1469.97
1181.21 1470.43
1181.11 1470.91
1181.05 1471.41
1181.01 1471.91
1180.97 1472.41
1180.91 1472.91
1180.82 1473.40
1180.70 1473.87
1180.53 1474.32
1180.34 1474.76
1180.14 1475.20
1179.91 1475.63
1179.66 1476.05
1179.40 1476.46
1179.12 1476.86
1178.84 1477.27
1178.58 1477.68
1178.36 1478.11
1178.20 1478.57
1178.09 1479.04
1178.03 1479.54
1178.00 1480.05
1178.00 1480.57
1178.00 1481.09
1178.01 1481.62
1178.01 1482.14
1178.01 1482.66
1178.01 1483.18
1178.00 1483.70
1178.00 1484.22
1177.99 1484.74
1177.99 1485.26
1177.99 1485.78
1177.99 1486.30
1178.00 1486.83
1178.00 1487.35
1178.01 1487.87
1178.01 1488.39
1178.01 1488.92
1178.01 1489.44
1178.00 1489.96
1178.00 1490.47
1177.99 1490.99
1177.99 1491.51
1177.99 1492.04
1177.99 1492.56
1177.98 1493.08
1177.95 1493.58
1177.89 1494.08
1177.79 1494.56
1177.66 1495.03
1177.50 1495.48
1177.35 1495.94
1177.21 1496.41
1177.11 1496.89
1177.05 1497.38
1177.01 1497.89
1176.97 1498.39
1176.92 1498.89
1176.83 1499.38
1176.71 1499.85
1176.56 1500.31
1176.41 1500.77
1176.27 1501.23
1176.16 1501.70
1176.08 1502.19
1176.03 1502.70
1176.01 1503.21
1176.00 1503.72
1175.99 1504.24
1175.99 1504.76
1176.00 1505.29
1176.00 1505.81
1175.98 1506.32
1175.93 1506.82
1175.84 1507.31
1175.72 1507.78
1175.57 1508.24
1175.42 1508.70
1175.27 1509.16
1175.16 1509.63
1175.08 1510.12
1175.04 1510.62
1175.01 1511.14
1175.00 1511.65
1175.00 1512.17
1174.99 1512.69
1174.97 1513.21
1174.94 1513.71
1174.87 1514.20
1174.76 1514.68
1174.63 1515.15
1174.47 1515.60
1174.32 1516.06
1174.19 1516.53
1174.10 1517.01
1174.04 1517.51
1174.00 1518.02
1173.96 1518.52
1173.90 1519.02
1173.80 1519.50
1173.67 1519.96
1173.51 1520.42
1173.36 1520.88
1173.22 1521.34
1173.11 1521.82
1173.03 1522.31
1172.95 1522.80
1172.86 1523.28
1172.75 1523.75
1172.60 1524.22
1172.44 1524.67
1172.29 1525.13
1172.17 1525.60
1172.09 1526.09
1172.03 1526.59
1172.00 1527.09
1171.96 1527.60
1171.89 1528.09
1171.78 1528.57
1171.65 1529.03
1171.49 1529.49
1171.34 1529.95
1171.21 1530.42
1171.11 1530.90
1171.05 1531.39
1171.02 1531.90
1171.01 1532.42
1171.00 1532.94
1170.99 1533.45
1170.98 1533.97
1170.96 1534.48
1170.90 1534.98
1170.81 1535.47
1170.69 1535.93
1170.54 1536.39
1170.38 1536.85
1170.24 1537.31
1170.14 1537.79
1170.07 1538.28
1170.03 1538.79
1170.01 1539.30
1170.01 1539.82
1170.00 1540.34
1170.00 1540.86
1170.00 1541.38
1170.00 1541.90
1169.99 1542.42
1169.98 1542.94
1169.96 1543.45
1169.91 1543.95
1169.82 1544.44
1169.69 1544.91
1169.54 1545.37
1169.38 1545.82
1169.22 1546.28
1169.08 1546.74
1168.94 1547.20
1168.80 1547.67
1168.65 1548.12
1168.49 1548.58
1168.33 1549.04
1168.20 1549.50
1168.10 1549.98
1168.04 1550.48
1168.01 1550.99
1167.99 1551.50
1167.99 1552.02
1168.00 1552.55
1168.00 1553.07
1168.00 1553.59
1168.01 1554.11
1168.01 1554.64
1168.01 1555.16
1168.01 1555.68
1168.01 1556.20
1168.01 1556.72
1168.01 1557.24
1168.00 1557.76
1168.00 1558.28
1168.00 1558.80
1168.00 1559.32
1168.00 1559.85
1167.99 1560.37
1167.99 1560.89
1167.99 1561.41
1167.99 1561.93
1167.99 1562.45
1168.00 1562.97
1168.00 1563.50
1168.00 1564.02
1168.00 1564.54
1168.00 1565.06
1168.00 1565.58
1168.00 1566.10
1168.00 1566.63
1168.00 1567.15
1168.00 1567.67
1168.00 1568.19
1167.99 1568.71
1167.97 1569.22
1167.93 1569.72
1167.86 1570.22
1167.75 1570.69
1167.60 1571.15
1167.42 1571.60
1167.22 1572.04
1167.00 1572.47
1166.76 1572.89
1166.50 1573.30
1166.22 1573.71
1165.93 1574.11
1165.66 1574.52
1165.43 1574.94
1165.25 1575.39
1165.13 1575.86
1165.06 1576.36
1165.02 1576.86
1165.01 1577.38
1165.00 1577.90
1165.00 1578.42
1165.00 1578.94
1165.00 1579.46
1165.00 1579.98
1165.00 1580.50
1165.00 1581.02
1164.99 1581.54
1164.98 1582.06
1164.95 1582.57
1164.89 1583.06
1164.80 1583.55
1164.67 1584.01
1164.51 1584.47
1164.36 1584.93
1164.22 1585.39
1164.12 1585.87
1164.06 1586.37
1164.02 1586.88
1164.01 1587.39
1164.00 1587.91
1164.00 1588.43
1163.98 1588.94
1163.96 1589.45
1163.90 1589.95
1163.81 1590.44
1163.68 1590.91
1163.52 1591.36
1163.33 1591.80
1163.12 1592.24
1162.91 1592.67
1162.70 1593.10
1162.48 1593.54
1162.27 1593.97
1162.05 1594.40
1161.84 1594.84
1161.64 1595.27
1161.45 1595.72
1161.29 1596.17
1161.16 1596.64
1161.06 1597.12
1160.98 1597.61
1160.90 1598.10
1160.80 1598.57
1160.67 1599.04
1160.51 1599.50
1160.36 1599.95
1160.22 1600.42
1160.11 1600.90
1160.04 1601.39
1160.00 1601.89
1159.97 1602.40
1159.92 1602.90
1159.83 1603.39
1159.71 1603.86
1159.56 1604.32
1159.40 1604.77
1159.26 1605.23
1159.15 1605.71
1159.07 1606.20
1159.03 1606.70
1159.01 1607.22
1158.99 1607.73
1158.97 1608.24
1158.93 1608.75
1158.86 1609.24
1158.75 1609.72
1158.61 1610.18
1158.45 1610.63
1158.28 1611.09
1158.14 1611.55
1158.00 1612.01
1157.86 1612.47
1157.71 1612.93
1157.54 1613.39
1157.38 1613.84
1157.22 1614.30
1157.07 1614.76
1156.93 1615.22
1156.79 1615.68
1156.64 1616.14
1156.47 1616.59
1156.32 1617.05
1156.19 1617.52
1156.10 1618.00
1156.05 1618.50
1156.02 1619.01
1156.01 1619.53
1156.00 1620.05
1156.00 1620.57
1156.00 1621.09
1156.00 1621.61
1156.00 1622.13
1156.00 1622.65
1156.00 1623.17
1155.99 1623.69
1155.97 1624.21
1155.93 1624.71
1155.87 1625.21
1155.76 1625.68
1155.62 1626.15
1155.46 1626.60
1155.31 1627.06
1155.19 1627.53
1155.10 1628.02
1155.05 1628.52
1155.02 1629.03
1155.01 1629.54
1155.00 1630.06
1155.00 1630.58
1154.99 1631.10
1154.99 1631.62
1154.98 1632.14
1154.94 1632.64
1154.88 1633.14
1154.78 1633.62
1154.64 1634.08
1154.48 1634.54
1154.33 1635.00
1154.20 1635.46
1154.11 1635.95
1154.05 1636.45
1154.02 1636.95
1154.01 1637.47
1154.00 1637.99
1153.99 1638.51
1153.98 1639.02
1153.95 1639.53
1153.89 1640.03
1153.80 1640.51
1153.67 1640.98
1153.52 1641.44
1153.36 1641.90
1153.23 1642.36
1153.12 1642.84
1153.06 1643.33
1153.02 1643.84
1153.00 1644.35
1152.99 1644.87
1152.97 1645.38
1152.92 1645.88
1152.83 1646.37
1152.71 1646.84
1152.56 1647.30
1152.40 1647.75
1152.26 1648.22
1152.15 1648.69
1152.07 1649.18
1152.03 1649.68
1152.01 1650.20
1152.00 1650.71
1151.98 1651.23
1151.94 1651.73
1151.86 1652.22
1151.75 1652.70
1151.60 1653.16
1151.45 1653.62
1151.30 1654.07
1151.17 1654.54
1151.08 1655.03
1151.00 1655.51
1150.92 1656.00
1150.82 1656.48
1150.69 1656.95
1150.53 1657.41
1150.38 1657.86
1150.23 1658.33
1150.12 1658.80
1150.03 1659.29
1149.96 1659.78
1149.86 1660.26
1149.75 1660.73
1149.60 1661.19
1149.44 1661.65
1149.28 1662.10
1149.13 1662.56
1148.99 1663.02
1148.84 1663.48
1148.65 1663.93
1148.42 1664.35
1148.14 1664.75
1147.82 1665.14
1355.99 166.59
1356.00 167.11
1356.00 167.64
1356.00 168.16
1356.00 168.69
1356.00 169.21
1356.01 169.73
1356.03 170.25
1356.07 170.75
1356.14 171.25
1356.25 171.73
1356.39 172.20
1356.55 172.65
1356.70 173.12
1356.82 173.59
1356.91 174.08
1356.96 174.58
1356.98 175.10
1356.99 175.62
1357.00 176.14
1357.01 176.66
1357.03 177.18
1357.06 177.68
1357.13 178.18
1357.23 178.66
1357.37 179.13
1357.52 179.59
1357.68 180.05
1357.81 180.52
1357.90 181.01
1357.96 181.51
1357.98 182.02
1357.99 182.55
1357.99 183.07
1357.99 183.59
1358.00 184.12
1358.00 184.64
1358.00 185.16
1358.00 185.69
1358.00 186.21
1358.00 186.74
1358.00 187.26
1358.00 187.79
1358.00 188.31
1358.01 188.83
1358.04 189.34
1358.08 189.85
1358.16 190.34
1358.27 190.82
1358.42 191.28
1358.58 191.74
1358.72 192.21
1358.84 192.68
1358.92 193.17
1358.97 193.68
1358.98 194.20
1358.99 194.72
1358.99 195.24
1358.99 195.76
1359.00 196.29
1359.00 196.81
1359.00 197.33
1359.01 197.86
1359.01 198.38
1359.01 198.91
1359.00 199.43
1359.00 199.96
1359.00 200.48
1359.00 201.01
1359.00 201.53
1359.00 202.06
1359.00 202.58
1359.00 203.11
1359.00 203.63
1359.00 204.15
1359.00 204.68
1359.00 205.20
1359.00 205.72
1359.01 206.25
1359.01 206.77
1359.03 207.29
1359.07 207.79
1359.15 208.29
1359.26 208.77
1359.40 209.23
1359.56 209.69
1359.71 210.15
1359.83 210.63
1359.92 211.12
1359.96 211.62
1359.98 212.14
1359.99 212.66
1359.99 213.18
1359.99 213.71
1360.00 214.23
1360.00 214.75
1360.01 215.27
1360.01 215.80
1360.01 216.32
1360.00 216.85
1360.00 217.37
1360.00 217.90
1360.00 218.42
1360.00 218.95
1360.00 219.47
1360.00 220.00
1360.00 220.52
1360.00 221.04
1360.00 221.57
1360.00 222.09
1360.00 222.62
1360.00 223.14
1360.00 223.67
1360.00 224.19
1360.00 224.72
1360.00 225.24
1360.00 225.76
1360.00 226.29
1360.00 226.81
1360.00 227.34
1360.00 227.86
1360.00 228.39
1360.00 228.91
1360.00 229.44
1360.00 229.96
1360.00 230.48
1360.00 231.01
1360.00 231.53
1360.00 232.06
1360.00 232.58
1360.00 233.11
1360.00 233.63
1360.00 234.15
1360.00 234.68
1360.00 235.20
1360.00 235.73
1360.00 236.25
1360.00 236.78
1360.00 237.30
1360.00 237.83
1360.00 238.35
1360.00 238.88
1360.00 239.40
1359.99 239.93
1359.99 240.45
1359.99 240.98
1359.99 241.50
1359.99 242.02
1360.00 242.55
1360.00 243.07
1360.01 243.59
1360.01 244.12
1360.01 244.64
1360.01 245.16
1360.01 245.69
1360.03 246.21
1360.06 246.72
1360.13 247.21
1360.25 247.69
1360.39 248.15
1360.55 248.61
1360.70 249.07
1360.82 249.55
1360.91 250.04
1360.96 250.54
1360.98 251.05
1360.99 251.57
1361.00 252.10
1361.00 252.62
1361.00 253.14
1361.00 253.67
1361.00 254.19
1361.00 254.72
1361.00 255.24
1361.00 255.77
1361.00 256.29
1361.00 256.82
1361.00 257.34
1361.00 257.86
1361.00 258.39
1361.00 258.91
1361.00 259.44
1361.00 259.96
1361.00 260.49
1361.00 261.01
1361.00 261.54
1361.00 262.06
1361.00 262.58
1361.00 263.11
1361.00 263.63
1361.00 264.16
1361.00 264.68
1361.00 265.21
1361.00 265.73
1361.00 266.26
1361.00 266.78
1361.00 267.30
1361.00 267.83
1361.00 268.35
1361.00 268.88
1361.00 269.40
1361.00 269.93
1361.00 270.45
1361.00 270.98
1361.00 271.50
1361.00 272.02
1361.01 272.55
1361.02 273.06
1361.05 273.58
1361.11 274.08
1361.21 274.56
1361.34 275.03
1361.49 275.49
1361.64 275.95
1361.78 276.42
1361.89 276.90
1361.95 277.40
1361.99 277.91
1362.00 278.43
1362.01 278.95
1362.00 279.47
1362.00 280.00
1362.00 280.53
1361.99 281.05
1361.99 281.58
1361.99 282.10
1361.99 282.63
1361.99 283.15
1361.99 283.68
1361.99 284.20
1361.99 284.72
1362.00 285.25
1362.00 285.77
1362.00 286.29
1362.00 286.82
1362.00 287.34
1362.00 287.87
1362.00 288.39
1362.00 288.92
1362.00 289.44
1362.00 289.96
1362.00 290.49
1362.00 291.01
1362.00 291.54
1362.00 292.06
1362.00 292.59
1362.00 293.11
1362.00 293.63
1362.00 294.16
1362.00 294.68
1362.00 295.21
1362.00 295.73
1362.00 296.26
1362.00 296.78
1362.00 297.31
1362.00 297.83
1362.00 298.35
1362.00 298.88
1362.00 299.40
1362.00 299.93
1362.00 300.45
1362.00 300.98
1362.00 301.50
1362.00 302.03
1362.00 302.55
1362.00 303.08
1362.00 303.60
1362.00 304.12
1362.00 304.65
1362.00 305.17
1362.00 305.70
1362.00 306.22
1362.00 306.75
1362.00 307.27
1362.00 307.80
1362.00 308.32
1362.00 308.84
1362.00 309.37
1362.00 309.89
1362.00 310.42
1362.00 310.94
1362.00 311.47
1362.00 311.99
1362.00 312.52
1362.00 313.04
1362.00 313.57
1362.00 314.09
1362.00 314.61
1362.00 315.14
1362.00 315.66
1362.00 316.19
1362.00 316.71
1362.00 317.24
1362.00 317.76
1362.00 318.29
1362.00 318.81
1362.00 319.33
1362.00 319.86
1362.00 320.38
1362.00 320.91
1362.00 321.43
1362.00 321.96
1362.00 322.48
1362.00 323.00
1362.00 323.53
1362.00 324.05
1362.00 324.58
1362.00 325.10
1362.00 325.63
1362.00 326.15
1362.00 326.67
1362.00 327.20
1362.00 327.72
1362.00 328.25
1362.00 328.77
1362.00 329.30
1362.00 329.82
1362.01 330.34
1362.01 330.87
1362.01 331.39
1362.01 331.92
1362.01 332.44
1362.01 332.96
1362.01 333.49
1362.01 334.01
1362.01 334.54
1362.01 335.06
1362.01 335.59
1362.01 336.11
1362.01 336.64
1362.00 337.16
1362.00 337.69
1362.00 338.21
1362.00 338.74
1362.00 339.26
1361.99 339.79
1361.99 340.31
1361.99 340.84
1361.98 341.36
1361.98 341.89
1361.99 342.41
1362.00 342.93
1362.03 343.44
1362.09 343.94
1362.19 344.42
1362.31 344.89
1362.44 345.35
1362.56 345.79
1362.64 346.24
1362.64 346.67
1362.57 347.11
1362.46 347.56
1362.33 348.01
1362.24 348.47
1362.19 348.93
1362.22 349.40
1362.30 349.86
1362.44 350.32
1362.59 350.78
1362.73 351.24
1362.85 351.72
1362.93 352.21
1362.98 352.71
1363.00 353.23
1363.01 353.75
1363.01 354.27
1363.00 354.80
1363.00 355.33
1362.99 355.85
1362.99 356.38
1362.99 356.90
1362.99 357.43
1362.99 357.95
1362.99 358.47
1362.99 359.00
1362.99 359.52
1363.00 360.05
1363.00 360.57
1363.00 361.09
1363.00 361.62
1363.00 362.14
1363.00 362.67
1363.00 363.19
1363.00 363.71
1363.00 364.24
1363.00 364.76
1363.00 365.29
1363.00 365.81
1363.00 366.34
1363.00 366.86
1363.00 367.38
1363.00 367.91
1363.00 368.43
1363.00 368.96
1363.00 369.48
1363.00 370.01
1363.00 370.53
1363.00 371.06
1363.00 371.58
1363.00 372.10
1363.00 372.63
1363.00 373.15
1363.00 373.68
1363.00 374.20
1363.00 374.73
1363.00 375.25
1363.00 375.78
1363.00 376.30
1363.00 376.83
1363.00 377.35
1363.00 377.88
1363.00 378.40
1363.00 378.92
1363.00 379.45
1363.00 379.97
1363.00 380.50
1363.00 381.02
1363.00 381.55
1363.00 382.07
1363.00 382.60
1363.00 383.12
1363.00 383.64
1363.00 384.17
1363.00 384.69
1363.00 385.22
1363.00 385.74
1363.00 386.27
1363.00 386.79
1363.00 387.31
1363.00 387.84
1363.00 388.36
1363.00 388.89
1363.00 389.41
1363.00 389.94
1363.00 390.46
1363.00 390.98
1363.00 391.51
1363.00 392.03
1363.00 392.56
1363.00 393.08
1363.00 393.61
1363.00 394.13
1363.00 394.66
1363.00 395.18
1362.99 395.70
1362.97 396.22
1362.93 396.73
1362.86 397.22
1362.76 397.70
1362.61 398.17
1362.46 398.63
1362.31 399.09
1362.18 399.56
1362.09 400.05
1362.04 400.55
1362.01 401.07
1362.01 401.59
1362.01 402.11
1362.01 402.64
1362.01 403.16
1362.01 403.68
1362.01 404.21
1362.00 404.73
1362.00 405.26
1362.00 405.78
1362.00 406.30
1362.00 406.83
1362.00 407.35
1362.00 407.88
1362.00 408.40
1362.00 408.92
1362.00 409.45
1362.00 409.97
1362.00 410.50
1362.00 411.02
1362.00 411.55
1362.00 412.07
1362.00 412.60
1362.00 413.12
1362.00 413.65
1362.00 414.17
1362.00 414.69
1362.00 415.22
1362.00 415.74
1362.00 416.27
1362.00 416.79
1362.00 417.32
1362.00 417.84
1362.00 418.37
1362.00 418.89
1362.00 419.42
1362.00 419.94
1362.00 420.46
1362.00 420.99
1362.00 421.51
1362.00 422.04
1362.00 422.56
1362.00 423.09
1362.00 423.61
1362.00 424.13
1362.00 424.66
1362.00 425.18
1362.00 425.71
1362.00 426.23
1362.00 426.76
1362.00 427.28
1362.00 427.80
1362.00 428.33
1362.00 428.85
1362.00 429.38
1362.00 429.90
1362.00 430.43
1362.00 430.95
1362.00 431.48
1362.00 432.00
1362.00 432.53
1362.00 433.05
1362.00 433.57
1362.00 434.10
1362.00 434.62
1362.00 435.15
1362.00 435.67
1362.00 436.20
1362.00 436.72
1362.01 437.24
1362.01 437.76
1362.03 438.28
1362.07 438.79
1362.15 439.28
1362.26 439.76
1362.40 440.23
1362.56 440.69
1362.71 441.15
1362.83 441.62
1362.91 442.11
1362.96 442.62
1362.98 443.13
1362.99 443.65
1362.99 444.18
1363.00 444.70
1363.00 445.22
1363.00 445.75
1363.00 446.27
1363.00 446.79
1363.00 447.32
1363.00 447.84
1363.00 448.37
1363.01 448.89
1363.04 449.40
1363.09 449.90
1363.17 450.39
1363.29 450.87
1363.44 451.33
1363.59 451.79
1363.72 452.25
1363.79 452.71
1363.80 453.18
1363.74 453.64
1363.62 454.10
1363.48 454.56
1363.33 455.02
1363.20 455.49
1363.11 455.97
1363.05 456.48
1363.02 456.99
1363.01 457.51
1363.00 458.03
1363.00 458.55
1363.00 459.08
1362.99 459.60
1362.98 460.12
1362.94 460.63
1362.88 461.13
1362.78 461.61
1362.65 462.08
1362.49 462.54
1362.34 463.00
1362.20 463.47
1362.09 463.95
1362.01 464.44
1361.93 464.93
1361.83 465.41
1361.71 465.88
1361.56 466.35
1361.40 466.81
1361.26 467.27
1361.14 467.75
1361.07 468.24
1361.03 468.75
1361.01 469.27
1361.01 469.79
1361.00 470.31
1361.00 470.83
1360.99 471.36
1360.98 471.88
1360.96 472.39
1360.91 472.90
1360.83 473.39
1360.71 473.86
1360.57 474.33
1360.41 474.79
1360.26 475.25
1360.14 475.72
1360.07 476.22
1360.02 476.72
1360.01 477.24
1360.01 477.77
1360.01 478.29
1360.01 478.82
1360.01 479.34
1360.01 479.87
1360.01 480.39
1360.01 480.91
1360.00 481.44
1360.00 481.96
1360.00 482.48
1360.00 483.01
1360.00 483.53
1360.00 484.05
1360.00 484.58
1359.99 485.10
1359.99 485.63
1359.99 486.15
1359.99 486.68
1359.99 487.20
1359.99 487.72
1360.00 488.25
1360.00 488.77
1360.00 489.30
1360.00 489.82
1360.00 490.35
1360.00 490.87
1360.00 491.40
1360.00 491.92
1360.00 492.45
1360.00 492.97
1360.00 493.50
1360.00 494.02
1360.00 494.55
1360.00 495.07
1360.00 495.59
1360.00 496.12
1360.00 496.64
1360.00 497.17
1360.00 497.69
1360.00 498.22
1360.00 498.74
1360.00 499.27
1360.00 499.79
1360.00 500.31
1360.00 500.84
1360.00 501.36
1360.00 501.89
1360.00 502.41
1360.00 502.94
1360.00 503.46
1360.00 503.98
1360.00 504.51
1360.00 505.03
1360.00 505.56
1360.00 506.08
1360.00 506.61
1360.00 507.13
1360.00 507.65
1360.00 508.18
1360.00 508.70
1360.00 509.23
1360.00 509.75
1360.00 510.28
1360.00 510.80
1360.00 511.32
1360.00 511.85
1360.00 512.37
1360.00 512.90
1360.00 513.42
1360.00 513.95
1360.00 514.47
1360.00 515.00
1360.00 515.52
1360.00 516.05
1360.00 516.57
1360.00 517.09
1360.00 517.62
1360.00 518.14
1360.00 518.67
1360.00 519.19
1360.00 519.72
1360.01 520.24
1360.01 520.77
1360.01 521.29
1360.01 521.82
1360.01 522.34
1360.00 522.86
1360.00 523.39
1359.99 523.91
1359.99 524.43
1359.99 524.96
1359.99 525.48
1359.98 526.00
1359.95 526.52
1359.90 527.02
1359.80 527.50
1359.67 527.97
1359.52 528.43
1359.36 528.89
1359.23 529.36
1359.12 529.84
1359.06 530.34
1359.02 530.85
1359.01 531.37
1359.00 531.89
1359.00 532.41
1359.01 532.94
1359.01 533.46
1359.00 533.99
1359.00 534.51
1359.00 535.04
1359.00 535.56
1359.00 536.08
1359.00 536.61
1359.00 537.13
1359.00 537.66
1359.00 538.18
1359.00 538.71
1359.00 539.23
1359.00 539.76
1359.00 540.28
1359.00 540.81
1359.00 541.33
1359.00 541.85
1359.00 542.38
1358.99 542.90
1358.99 543.42
1358.98 543.94
1358.96 544.46
1358.90 544.96
1358.81 545.45
1358.68 545.92
1358.51 546.37
1358.32 546.82
1358.12 547.26
1357.91 547.69
1357.71 548.13
1357.51 548.58
1357.34 549.03
1357.20 549.50
1357.11 549.98
1357.05 550.48
1357.02 551.00
1357.00 551.51
1356.98 552.03
1356.95 552.54
1356.89 553.04
1356.80 553.53
1356.67 554.00
1356.52 554.46
1356.36 554.92
1356.22 555.39
1356.12 555.87
1356.06 556.37
1356.03 556.88
1356.01 557.40
1356.00 558.44
1355.00 582.67
1355.00 583.20
1355.00 583.72
1355.00 584.25
1355.00 584.77
1355.00 585.30
1355.00 585.82
1355.00 586.34
1355.00 586.87
1355.00 587.39
1355.00 587.92
1355.00 588.44
1355.00 588.97
1355.00 589.49
1355.00 590.02
1355.00 590.54
1355.00 591.07
1355.00 591.59
1355.00 592.11
1355.00 592.64
1355.00 593.16
1355.00 593.69
1355.00 594.21
1355.01 594.74
1355.01 595.26
1355.01 595.79
1355.01 596.31
1355.01 596.84
1355.01 597.36
1355.00 597.89
1355.00 598.41
1355.00 598.93
1354.99 599.45
1354.99 599.98
1354.99 600.50
1354.99 601.02
1354.99 601.55
1354.98 602.07
1354.95 602.58
1354.89 603.08
1354.79 603.56
1354.65 604.03
1354.49 604.49
1354.34 604.95
1354.21 605.42
1354.11 605.91
1354.05 606.41
1354.02 606.92
1354.01 607.44
1354.00 607.96
1354.00 608.48
1354.00 609.01
1354.00 609.53
1354.00 610.06
1354.00 610.58
1354.00 611.10
1354.00 611.63
1354.00 612.15
1354.00 612.68
1354.00 613.20
1354.00 613.73
1354.00 614.25
1354.00 614.77
1354.00 615.30
1354.00 615.82
1353.99 616.35
1353.99 616.87
1353.99 617.39
1354.00 617.92
1354.00 618.44
1354.00 618.97
1354.00 619.50
1354.00 620.02
1354.01 620.55
1354.01 621.07
1354.01 621.60
1354.01 622.12
1354.01 622.64
1354.00 623.17
1354.00 623.69
1353.99 624.21
1353.99 624.73
1353.99 625.26
1353.99 625.78
1353.99 626.31
1353.99 626.83
1353.97 627.35
1353.92 627.85
1353.84 628.34
1353.72 628.82
1353.57 629.28
1353.41 629.74
1353.27 630.20
1353.15 630.68
1353.07 631.17
1353.02 631.68
1352.99 632.19
1352.94 632.69
1352.87 633.19
1352.77 633.67
1352.63 634.14
1352.48 634.60
1352.32 635.06
1352.19 635.53
1352.09 636.01
1352.04 636.51
1352.01 637.03
1352.00 637.55
1352.01 638.07
1352.01 638.60
1352.02 639.13
1352.01 639.65
1352.01 640.17
1352.00 640.69
1352.00 641.22
1351.99 641.74
1351.99 642.26
1351.99 642.79
1351.99 643.31
1351.99 643.83
1351.99 644.36
1352.00 644.89
1352.00 645.41
1352.00 645.94
1352.00 646.46
1352.01 646.99
1352.01 647.51
1352.01 648.04
1352.01 648.56
1352.00 649.08
1352.00 649.61
1351.99 650.13
1351.99 650.65
1351.99 651.18
1351.99 651.70
1351.97 652.22
1351.93 652.73
1351.86 653.22
1351.76 653.70
1351.61 654.17
1351.46 654.63
1351.30 655.09
1351.18 655.56
1351.09 656.05
1351.04 656.55
1351.02 657.07
1351.01 657.59
1351.01 658.11
1351.01 658.64
1351.00 659.16
1351.00 659.68
1351.00 660.20
1350.99 660.73
1351.00 661.25
1351.00 661.78
1351.00 662.30
1351.00 662.83
1351.00 663.35
1351.00 663.88
1351.00 664.40
1351.00 664.93
1351.00 665.45
1351.00 665.97
1350.99 666.50
1350.98 667.02
1350.95 667.53
1350.90 668.03
1350.81 668.52
1350.68 668.99
1350.53 669.45
1350.37 669.91
1350.23 670.38
1350.12 670.86
1350.06 671.35
1350.02 671.86
1350.01 672.38
1350.01 672.91
1350.01 673.43
1350.01 673.96
1350.00 674.48
1350.00 675.00
1349.99 675.52
1349.99 676.05
1349.99 676.57
1349.99 677.09
1349.99 677.62
1350.00 678.15
1350.00 678.67
1350.00 679.20
1350.00 679.72
1350.01 680.25
1350.01 680.77
1350.01 681.30
1350.01 681.82
1350.01 682.34
1350.00 682.87
1350.00 683.39
1350.00 683.92
1350.00 684.44
1349.99 684.96
1349.99 685.49
1349.99 686.01
1349.99 686.53
1349.99 687.06
1349.99 687.58
1349.98 688.10
1349.95 688.61
1349.88 689.11
1349.78 689.59
1349.65 690.06
1349.49 690.52
1349.34 690.98
1349.21 691.45
1349.11 691.94
1349.05 692.44
1349.02 692.95
1349.01 693.47
1349.00 693.99
1349.00 694.51
1349.00 695.04
1349.00 695.56
1349.00 696.09
1349.00 696.61
1349.00 697.14
1349.00 697.66
1349.00 698.19
1349.00 698.71
1349.00 699.23
1349.00 699.76
1349.00 700.28
1349.00 700.81
1349.00 701.33
1349.00 701.86
1349.00 702.38
1349.00 702.91
1349.00 703.43
1349.00 703.95
1349.00 704.48
1349.00 705.00
1349.00 705.53
1349.00 706.05
1349.00 706.58
1349.00 707.10
1349.00 707.63
1349.00 708.15
1349.00 708.67
1349.00 709.20
1349.00 709.72
1349.00 710.25
1349.00 710.77
1349.00 711.30
1349.00 711.82
1349.00 712.34
1349.00 712.87
1349.00 713.39
1349.00 713.92
1349.00 714.44
1349.00 714.97
1349.00 715.49
1349.00 716.02
1349.00 716.54
1349.00 717.06
1349.00 717.59
1349.00 718.11
1349.00 718.64
1349.00 719.16
1349.00 719.69
1349.00 720.21
1349.00 720.74
1349.00 721.26
1349.00 721.78
1349.00 722.31
1349.00 722.83
1349.00 723.36
1349.00 723.88
1349.00 724.41
1349.00 724.93
1349.00 725.46
1349.00 725.98
1349.00 726.50
1349.00 727.03
1349.00 727.55
1349.00 728.08
1349.00 728.60
1349.00 729.13
1349.00 729.65
1349.00 730.18
1349.00 730.70
1349.00 731.22
1349.00 731.75
1349.00 732.27
1349.00 732.80
1349.00 733.32
1348.99 733.84
1348.96 734.36
1348.92 734.86
1348.84 735.35
1348.72 735.83
1348.57 736.29
1348.41 736.75
1348.27 737.21
1348.15 737.69
1348.05 738.17
1347.97 738.67
1347.89 739.15
1347.78 739.63
1347.64 740.10
1347.49 740.56
1347.33 741.02
1347.20 741.49
1347.10 741.98
1347.05 742.48
1347.02 742.99
1347.01 743.51
1347.01 744.03
1347.01 744.56
1347.01 745.08
1347.00 745.60
1347.00 746.13
1346.99 746.65
1346.99 747.17
1346.99 747.70
1346.99 748.22
1347.00 748.75
1347.00 749.27
1347.00 749.80
1347.00 750.33
1347.00 750.85
1347.00 751.37
1347.00 751.90
1347.00 752.42
1347.00 752.95
1347.00 753.47
1347.00 753.99
1346.99 754.52
1346.98 755.03
1346.95 755.55
1346.89 756.05
1346.80 756.53
1346.67 757.00
1346.52 757.47
1346.36 757.92
1346.22 758.39
1346.12 758.87
1346.05 759.37
1346.02 759.88
1346.01 760.40
1346.01 760.93
1346.01 761.45
1346.01 761.97
1346.00 762.50
1346.00 763.02
1346.00 763.54
1346.00 764.07
1346.00 764.59
1345.99 765.12
1345.99 765.64
1345.97 766.16
1345.94 766.67
1345.88 767.16
1345.78 767.65
1345.64 768.12
1345.48 768.58
1345.33 769.04
1345.20 769.51
1345.10 769.99
1345.04 770.49
1345.02 771.00
1345.01 771.53
1345.01 772.05
1345.01 772.57
1345.01 773.10
1345.00 773.62
1345.00 774.14
1344.99 774.67
1344.99 775.19
1344.99 775.71
1345.00 776.24
1345.00 776.77
1345.00 777.29
1345.00 777.82
1345.00 778.34
1344.99 778.86
1344.96 779.37
1344.92 779.88
1344.84 780.37
1344.72 780.85
1344.57 781.31
1344.42 781.77
1344.27 782.23
1344.15 782.71
1344.07 783.20
1344.03 783.71
1344.01 784.22
1344.01 784.75
1344.01 785.27
1344.00 785.79
1344.00 786.32
1344.00 786.84
1344.00 787.36
1344.00 787.89
1344.00 788.41
1344.00 788.94
1344.00 789.46
1344.00 789.99
1344.00 790.51
1344.00 791.03
1343.99 791.56
1343.98 792.07
1343.94 792.59
1343.88 793.09
1343.79 793.57
1343.66 794.04
1343.50 794.50
1343.35 794.96
1343.21 795.43
1343.11 795.91
1343.05 796.41
1343.02 796.92
1343.01 797.44
1343.01 797.97
1343.01 798.49
1343.00 799.01
1343.00 799.54
1343.00 800.06
1342.99 800.58
1342.99 801.11
1342.99 801.63
1342.97 802.15
1342.94 802.66
1342.87 803.16
1342.77 803.64
1342.63 804.10
1342.48 804.56
1342.32 805.03
1342.20 805.50
1342.10 805.98
1342.05 806.48
1342.02 807.00
1342.01 807.52
1342.00 808.04
1342.00 808.56
1342.00 809.09
1342.00 809.61
1342.00 810.14
1342.00 810.66
1342.00 811.19
1342.00 811.71
1342.00 812.23
1342.00 812.76
1342.00 813.28
1342.00 813.80
1341.99 814.33
1342.00 814.85
1342.00 815.38
1342.00 815.90
1342.00 816.43
1341.99 816.95
1341.96 817.46
1341.91 817.96
1341.82 818.45
1341.70 818.92
1341.55 819.39
1341.39 819.85
1341.25 820.31
1341.13 820.79
1341.06 821.28
1341.02 821.79
1341.01 822.31
1341.01 822.83
1341.01 823.36
1341.00 823.88
1341.00 824.40
1340.98 824.92
1340.96 825.44
1340.90 825.94
1340.82 826.43
1340.70 826.90
1340.56 827.37
1340.40 827.83
1340.25 828.29
1340.14 828.77
1340.07 829.26
1340.03 829.77
1340.01 830.29
1340.01 830.81
1340.01 831.34
1340.00 831.86
1340.00 832.38
1340.00 832.91
1340.00 833.43
1340.00 833.95
1340.00 834.48
1340.00 835.00
1340.00 835.53
1340.00 836.05
1339.99 836.57
1339.98 837.09
1339.95 837.60
1339.88 838.10
1339.78 838.58
1339.65 839.05
1339.49 839.51
1339.34 839.97
1339.21 840.44
1339.11 840.93
1339.05 841.43
1339.02 841.94
1339.01 842.46
1339.00 842.98
1339.00 843.51
1339.01 844.03
1339.00 844.56
1339.00 845.08
1339.00 845.60
1339.00 846.13
1339.00 846.65
1338.99 847.17
1338.99 847.69
1338.97 848.21
1338.93 848.72
1338.86 849.22
1338.76 849.70
1338.62 850.16
1338.46 850.62
1338.31 851.08
1338.18 851.56
1338.10 852.05
1338.04 852.55
1338.02 853.06
1338.01 853.58
1338.00 854.10
1338.00 854.63
1338.00 855.15
1338.00 855.67
1337.99 856.20
1338.00 856.72
1338.00 857.25
1338.00 857.77
1338.00 858.30
1338.01 858.83
1338.01 859.35
1338.01 859.88
1338.01 860.40
1338.00 860.92
1338.00 861.44
1337.99 861.97
1337.99 862.49
1337.99 863.01
1337.99 863.54
1337.98 864.06
1337.95 864.57
1337.89 865.07
1337.79 865.55
1337.65 866.02
1337.50 866.48
1337.34 866.94
1337.21 867.41
1337.12 867.90
1337.06 868.40
1337.02 868.91
1337.01 869.43
1337.00 869.95
1337.00 870.47
1337.00 871.00
1337.00 871.52
1337.00 872.04
1336.99 872.56
1336.98 873.08
1336.95 873.60
1336.89 874.09
1336.79 874.58
1336.66 875.05
1336.50 875.51
1336.35 875.97
1336.21 876.44
1336.11 876.92
1336.04 877.42
1336.01 877.93
1336.00 878.45
1336.00 878.97
1336.00 879.50
1336.01 880.02
1336.01 880.55
1336.01 881.07
1336.01 881.60
1336.01 882.12
1336.01 882.65
1336.00 883.17
1336.00 883.69
1335.99 884.21
1335.99 884.74
1335.99 885.26
1335.99 885.78
1335.99 886.31
1335.99 886.83
1335.97 887.35
1335.92 887.86
1335.84 888.35
1335.72 888.82
1335.57 889.28
1335.41 889.74
1335.26 890.20
1335.15 890.68
1335.08 891.18
1335.03 891.68
1335.01 892.20
1335.00 892.72
1335.00 893.24
1335.00 893.77
1335.00 894.29
1335.00 894.82
1335.00 895.34
1335.00 895.86
1335.00 896.39
1335.00 896.91
1335.00 897.44
1334.99 897.96
1334.99 898.48
1334.98 899.00
1334.95 899.52
1334.90 900.02
1334.80 900.50
1334.67 900.97
1334.52 901.43
1334.36 901.89
1334.23 902.36
1334.13 902.84
1334.06 903.34
1334.03 903.85
1334.01 904.37
1334.00 904.89
1334.00 905.41
1334.00 905.94
1334.00 906.46
1334.00 906.99
1334.00 907.51
1334.00 908.04
1334.00 908.56
1334.00 909.08
1334.00 909.61
1334.00 910.13
1334.00 910.66
1334.00 911.18
1334.00 911.71
1334.00 912.23
1334.00 912.76
1334.00 913.28
1334.00 913.80
1334.00 914.33
1334.00 914.85
1334.00 915.38
1334.00 915.90
1334.00 916.43
1334.00 916.95
1334.00 917.48
1334.00 918.00
1334.00 918.53
1334.00 919.05
1334.00 919.57
1334.00 920.10
1334.00 920.62
1334.00 921.14
1333.99 921.67
1333.99 922.19
1333.99 922.72
1333.99 923.24
1333.28 928.19
1333.16 928.66
1333.08 929.16
1333.03 929.66
1333.01 930.18
1333.00 930.70
1333.00 931.22
1332.49 941.50
1332.34 941.96
1332.21 942.43
1332.11 942.91
1332.05 943.41
1332.02 943.92
1332.00 944.44
1331.98 944.96
1331.68 946.93
1331.53 947.39
1331.37 947.85
1331.24 948.32
1331.13 948.80
1331.07 949.30
1331.03 949.81
1331.01 950.32
1331.00 950.84
1330.99 951.37
1330.98 951.89
1330.96 952.40
1330.91 952.91
1330.83 953.40
1330.70 953.87
1330.55 954.33
1330.39 954.79
1330.25 955.26
1330.14 955.73
1330.07 956.23
1330.03 956.74
1330.01 957.25
1330.01 957.78
1330.01 958.30
1330.01 958.83
1330.01 959.35
1330.01 959.87
1330.00 960.39
1329.99 960.92
1329.99 961.44
1329.99 961.96
1329.99 962.49
1329.99 963.01
1330.00 963.54
1329.99 964.06
1329.96 964.57
1329.89 965.07
1329.79 965.55
1329.66 966.02
1329.50 966.48
1329.35 966.94
1329.21 967.41
1329.11 967.89
1329.05 968.39
1329.02 968.91
1329.01 969.42
1329.01 969.95
1329.01 970.47
1329.00 971.00
1329.00 971.52
1329.00 972.04
1328.99 972.56
1328.99 973.09
1329.00 973.61
1329.00 974.14
1329.00 974.66
1329.00 975.19
1329.00 975.71
1329.00 976.24
1329.00 976.76
1329.00 977.29
1329.00 977.81
1329.00 978.34
1327.61 997.16
1327.45 997.62
1327.30 998.09
1327.18 998.56
1327.09 999.05
1327.04 999.55
1327.00 1000.06
1326.95 1000.56
1326.89 1001.06
1326.79 1001.55
1326.66 1002.01
1326.51 1002.47
1326.35 1002.93
1326.21 1003.40
1326.11 1003.88
1326.02 1004.37
1325.94 1004.86
1325.84 1005.35
1325.72 1005.82
1325.57 1006.28
1325.40 1006.74
1325.25 1007.20
1325.10 1007.66
1324.96 1008.13
1324.80 1008.58
1324.60 1009.03
1324.37 1009.46
1324.10 1009.87
1323.82 1010.28
1323.56 1010.70
1323.35 1011.13
1323.19 1011.59
1323.09 1012.07
1323.04 1012.58
1323.02 1013.09
1323.01 1013.61
1323.01 1014.14
1323.01 1014.66
1323.01 1015.18
1323.00 1015.71
1322.99 1016.23
1322.99 1016.75
1322.99 1017.27
1322.99 1017.80
1322.99 1018.33
1322.99 1018.85
1322.97 1019.37
1322.92 1019.87
1322.82 1020.35
1322.67 1020.81
1322.46 1021.25
1322.21 1021.67
1321.94 1022.09
1321.67 1022.50
1321.44 1022.93
1321.26 1023.38
1321.13 1023.85
1321.06 1024.34
1321.02 1024.85
1321.01 1025.37
1321.01 1025.90
1321.01 1026.42
1321.01 1026.94
1321.01 1027.47
1321.01 1027.99
1321.00 1028.52
1321.00 1029.04
1321.00 1029.56
1321.00 1030.09
1321.00 1030.61
1320.99 1031.13
1320.99 1031.66
1320.99 1032.18
1320.99 1032.71
1320.99 1033.23
1321.00 1033.76
1321.00 1034.28
1321.00 1034.81
1321.00 1035.33
1321.00 1035.85
1321.00 1036.38
1321.00 1036.90
1321.00 1037.43
1321.00 1037.95
1321.00 1038.48
1321.00 1039.00
1321.00 1039.53
1321.00 1040.05
1321.00 1040.58
1321.00 1041.10
1321.00 1041.63
1321.00 1042.15
1321.00 1042.67
1321.00 1043.20
1321.00 1043.72
1321.00 1044.25
1321.00 1044.77
1321.00 1045.29
1321.00 1045.82
1321.00 1046.34
1321.00 1046.87
1321.00 1047.39
1321.00 1047.92
1321.00 1048.44
1321.00 1048.97
1321.00 1049.49
1321.00 1050.02
1321.00 1050.54
1321.00 1051.06
1321.00 1051.59
1321.00 1052.11
1320.99 1052.63
1320.97 1053.15
1320.94 1053.66
1320.87 1054.15
1320.74 1054.63
1320.56 1055.08
1320.32 1055.50
1320.05 1055.91
1319.76 1056.32
1319.48 1056.73
1319.22 1057.14
1318.98 1057.57
1318.76 1058.00
1318.56 1058.45
1318.38 1058.90
1318.24 1059.36
1318.13 1059.84
1318.06 1060.34
1318.03 1060.84
1318.01 1061.36
1318.00 1061.88
1318.00 1062.41
1318.00 1062.93
1318.00 1063.46
1318.00 1063.98
1318.00 1064.50
1318.00 1065.03
1318.00 1065.55
1318.00 1066.08
1318.00 1066.60
1318.00 1067.13
1318.00 1067.65
1318.00 1068.18
1318.00 1068.70
1318.00 1069.22
1317.99 1069.74
1317.97 1070.26
1317.93 1070.77
1317.85 1071.26
1317.74 1071.74
1317.60 1072.21
1317.44 1072.67
1317.30 1073.13
1317.17 1073.60
1317.09 1074.09
1317.04 1074.60
1317.02 1075.11
1317.01 1075.63
1317.01 1076.16
1317.01 1076.68
1317.00 1077.20
1317.00 1077.73
1317.00 1078.25
1317.00 1078.77
1317.00 1079.30
1317.00 1079.82
1317.00 1080.35
1317.00 1080.87
1317.00 1081.40
1317.00 1081.92
1317.00 1082.45
1317.00 1082.97
1317.00 1083.50
1317.00 1084.02
1317.00 1084.54
1317.00 1085.07
1316.99 1085.59
1316.98 1086.11
1316.94 1086.62
1316.88 1087.12
1316.78 1087.60
1316.65 1088.07
1316.50 1088.53
1316.34 1088.99
1316.21 1089.46
1316.11 1089.94
1316.05 1090.44
1316.02 1090.96
1316.01 1091.48
1316.01 1092.00
1316.00 1092.52
1316.00 1093.04
1316.00 1093.57
1316.00 1094.09
1316.00 1094.62
1316.00 1095.14
1316.00 1095.67
1316.00 1096.19
1316.00 1096.72
1316.00 1097.24
1315.99 1097.76
1315.97 1098.28
1315.93 1098.78
1315.85 1099.28
1315.75 1099.76
1315.61 1100.22
1315.45 1100.68
1315.30 1101.14
1315.17 1101.62
1315.08 1102.10
1315.03 1102.61
1315.01 1103.12
1315.01 1103.65
1315.01 1104.17
1315.01 1104.70
1315.01 1105.22
1315.01 1105.74
1315.00 1106.27
1314.99 1106.79
1314.99 1107.31
1314.99 1107.83
1314.99 1108.36
1314.98 1108.88
1314.96 1109.40
1314.92 1109.90
1314.83 1110.39
1314.70 1110.86
1314.55 1111.32
1314.39 1111.78
1314.25 1112.25
1314.14 1112.73
1314.07 1113.22
1314.03 1113.73
1314.01 1114.25
1314.01 1114.77
1314.01 1115.29
1314.01 1115.82
1314.00 1116.34
1314.00 1116.86
1314.00 1117.39
1313.99 1117.91
1313.99 1118.43
1313.99 1118.96
1313.99 1119.48
1314.00 1120.01
1313.99 1120.53
1313.98 1121.05
1313.95 1121.56
1313.89 1122.06
1313.79 1122.55
1313.66 1123.01
1313.50 1123.47
1313.33 1123.93
1313.18 1124.39
1313.04 1124.86
1312.90 1125.32
1312.76 1125.79
1312.60 1126.25
1312.43 1126.70
1312.28 1127.17
1312.17 1127.64
1312.08 1128.13
1312.04 1128.64
1312.01 1129.15
1312.00 1129.67
1311.97 1130.18
1311.94 1130.69
1311.87 1131.19
1311.77 1131.67
1311.63 1132.14
1311.47 1132.60
1311.32 1133.06
1311.19 1133.53
1311.10 1134.02
1311.04 1134.52
1311.02 1135.03
1311.01 1135.55
1311.01 1136.08
1311.01 1136.60
1311.00 1137.12
1311.00 1137.65
1311.00 1138.17
1310.99 1138.69
1311.00 1139.22
1311.00 1139.74
1311.00 1140.27
1310.99 1140.79
1310.97 1141.31
1310.92 1141.81
1310.85 1142.30
1310.76 1142.77
1310.66 1143.21
1310.58 1143.62
1310.53 1144.02
1310.51 1144.40
1310.49 1144.78
1310.47 1145.17
1310.42 1145.57
1310.37 1145.98
1310.34 1146.40
1310.35 1146.82
1310.39 1147.23
1310.43 1147.64
1310.44 1148.04
1310.40 1148.45
1310.32 1148.88
1310.22 1149.32
1310.13 1149.79
1310.07 1150.29
1310.03 1150.80
1310.01 1151.31
1310.01 1151.84
1310.01 1152.36
1310.00 1152.88
1310.00 1153.41
1310.00 1153.93
1310.00 1154.45
1310.00 1154.98
1309.99 1155.50
1309.99 1156.03
1310.00 1156.55
1310.00 1157.08
1310.00 1157.60
1310.00 1158.13
1310.00 1158.65
1310.01 1159.18
1310.01 1159.70
1310.00 1160.23
1310.00 1160.75
1310.00 1161.27
1309.99 1161.79
1309.99 1162.32
1309.98 1162.84
1309.96 1163.36
1309.92 1163.86
1309.84 1164.35
1309.72 1164.83
1309.57 1165.29
1309.41 1165.75
1309.26 1166.21
1309.15 1166.69
1309.08 1167.18
1309.04 1167.69
1309.01 1168.21
1309.00 1168.73
1309.00 1169.25
1309.00 1169.77
1308.99 1170.30
1308.99 1170.82
1308.92 1171.84
1308.84 1172.33
1308.72 1172.81
1308.58 1173.27
1308.42 1173.73
1308.27 1174.19
1308.16 1174.67
1308.08 1175.16
1308.04 1175.67
1308.01 1176.18
1308.00 1176.70
1308.00 1177.22
1307.99 1177.75
1307.97 1178.26
1307.93 1178.77
1307.85 1179.26
1307.74 1179.74
1307.59 1180.21
1307.44 1180.66
1307.29 1181.13
1307.17 1181.60
1307.09 1182.09
1307.03 1182.59
1306.99 1183.10
1306.95 1183.61
1306.88 1184.11
1306.79 1184.59
1306.65 1185.06
1306.50 1185.52
1306.34 1185.98
1306.21 1186.45
1306.11 1186.93
1306.05 1187.43
1306.02 1187.94
1306.01 1188.46
1306.00 1188.98
1305.99 1189.51
1305.98 1190.02
1305.95 1190.54
1305.89 1191.04
1305.80 1191.52
1305.67 1192.00
1305.52 1192.46
1305.36 1192.92
1305.22 1193.38
1305.11 1193.86
1305.02 1194.35
1304.94 1194.84
1304.85 1195.32
1304.73 1195.80
1304.58 1196.26
1304.41 1196.72
1304.25 1197.18
1304.11 1197.64
1303.97 1198.11
1303.83 1198.57
1303.67 1199.03
1303.51 1199.49
1303.35 1199.95
1303.21 1200.42
1303.11 1200.90
1303.02 1201.39
1302.94 1201.88
1302.85 1202.36
1302.72 1202.84
1302.57 1203.30
1302.42 1203.76
1302.27 1204.22
1302.15 1204.70
1302.07 1205.19
1302.03 1205.70
1302.01 1206.21
1302.01 1206.74
1302.01 1207.26
1302.01 1207.78
1302.00 1208.30
1301.99 1208.83
1301.99 1209.35
1301.99 1209.87
1301.99 1210.40
1301.99 1210.92
1301.96 1211.44
1301.91 1211.94
1301.82 1212.43
1301.69 1212.90
1301.54 1213.36
1301.38 1213.82
1301.24 1214.28
1301.14 1214.76
1301.07 1215.26
1301.03 1215.77
1301.01 1216.29
1301.01 1216.81
1301.00 1217.33
1301.00 1217.86
1301.00 1218.38
1301.00 1218.90
1301.00 1219.43
1301.00 1219.95
1301.00 1220.48
1301.00 1221.00
1301.00 1221.52
1301.00 1222.05
1301.00 1222.57
1301.00 1223.10
1301.00 1223.62
1301.00 1224.15
1301.00 1224.67
1301.00 1225.20
1301.01 1225.72
1301.01 1226.25
1301.01 1226.77
1301.00 1227.30
1301.00 1227.82
1301.00 1228.34
1300.99 1228.86
1300.99 1229.39
1300.98 1229.91
1300.96 1230.42
1300.91 1230.93
1300.82 1231.42
1300.70 1231.89
1300.55 1232.35
1300.39 1232.81
1300.25 1233.28
1300.14 1233.76
1300.07 1234.25
1300.03 1234.76
1300.01 1235.28
1300.01 1235.80
1300.00 1236.32
1300.00 1236.84
1299.99 1237.37
1299.98 1237.89
1299.96 1238.40
1299.91 1238.90
1299.83 1239.40
1299.71 1239.87
1299.56 1240.33
1299.41 1240.79
1299.26 1241.26
1299.15 1241.73
1299.07 1242.23
1299.03 1242.74
1299.01 1243.25
1299.00 1243.77
1299.00 1244.30
1298.99 1244.82
1298.96 1245.33
1298.92 1245.84
1298.84 1246.33
1298.73 1246.81
1298.58 1247.27
1298.43 1247.73
1298.28 1248.19
1298.16 1248.67
1298.08 1249.16
1298.03 1249.66
1298.01 1250.18
1298.00 1250.70
1297.98 1251.21
1297.94 1251.72
1297.87 1252.22
1297.76 1252.70
1297.62 1253.17
1297.47 1253.62
1297.31 1254.09
1297.19 1254.56
1297.10 1255.04
1297.04 1255.55
1297.02 1256.06
1297.01 1256.58
1297.01 1257.10
1297.00 1257.63
1297.00 1258.15
1296.99 1258.67
1296.97 1259.19
1296.93 1259.70
1296.87 1260.19
1296.76 1260.67
1296.62 1261.14
1296.46 1261.60
1296.31 1262.06
1296.19 1262.54
1296.10 1263.02
1296.05 1263.53
1296.02 1264.04
1296.01 1264.56
1296.00 1265.08
1296.00 1265.60
1295.99 1266.13
1295.99 1266.65
1295.97 1267.17
1295.94 1267.68
1295.87 1268.17
1295.77 1268.65
1295.63 1269.12
1295.47 1269.58
1295.32 1270.04
1295.19 1270.51
1295.10 1271.00
1295.05 1271.50
1295.02 1272.01
1295.01 1272.54
1295.01 1273.06
1295.00 1273.58
1295.00 1274.10
1295.00 1274.63
1294.99 1275.15
1294.99 1275.67
1294.97 1276.19
1294.94 1276.70
1294.87 1277.20
1294.77 1277.68
1294.63 1278.15
1294.47 1278.61
1294.32 1279.07
1294.19 1279.54
1294.10 1280.02
1294.04 1280.52
1294.02 1281.04
1294.01 1281.56
1294.01 1282.08
1294.01 1282.61
1294.00 1283.13
1293.99 1283.65
1293.97 1284.17
1293.93 1284.68
1293.87 1285.17
1293.77 1285.66
1293.63 1286.13
1293.48 1286.59
1293.33 1287.05
1293.20 1287.52
1293.10 1288.00
1293.05 1288.50
1293.02 1289.02
1293.01 1289.54
1293.00 1290.06
1292.99 1290.58
1292.98 1291.10
1292.94 1291.61
1292.88 1292.11
1292.79 1292.59
1292.65 1293.06
1292.50 1293.52
1292.34 1293.98
1292.21 1294.45
1292.11 1294.93
1292.05 1295.43
1292.02 1295.95
1292.01 1296.47
1292.01 1296.99
1292.00 1297.51
1292.00 1298.03
1291.99 1298.56
1291.99 1299.08
1291.99 1299.60
1291.98 1300.12
1291.94 1300.63
1291.88 1301.13
1291.77 1301.61
1291.63 1302.08
1291.47 1302.54
1291.31 1302.99
1291.16 1303.46
1291.02 1303.92
1290.88 1304.39
1290.74 1304.85
1290.58 1305.31
1290.41 1305.77
1290.27 1306.23
1290.14 1306.71
1290.05 1307.19
1289.97 1307.68
1289.88 1308.17
1289.77 1308.65
1289.63 1309.11
1289.47 1309.57
1289.32 1310.03
1289.19 1310.51
1289.10 1310.99
1289.05 1311.50
1289.02 1312.01
1289.01 1312.53
1289.00 1313.05
1288.99 1313.57
1288.98 1314.09
1288.95 1314.60
1288.89 1315.10
1288.79 1315.58
1288.66 1316.05
1288.51 1316.52
1288.35 1316.98
1288.21 1317.44
1288.11 1317.92
1288.05 1318.42
1288.02 1318.94
1288.01 1319.46
1288.01 1319.98
1288.01 1320.51
1288.01 1321.03
1288.00 1321.55
1288.00 1322.07
1287.99 1322.60
1287.99 1323.12
1287.99 1323.65
1288.00 1324.17
1288.00 1324.70
1288.00 1325.22
1287.99 1325.74
1287.97 1326.26
1287.93 1326.77
1287.86 1327.26
1287.75 1327.74
1287.61 1328.21
1287.45 1328.67
1287.30 1329.13
1287.17 1329.60
1287.09 1330.09
1287.04 1330.59
1287.02 1331.11
1287.01 1331.63
1287.01 1332.15
1287.01 1332.68
1287.00 1333.20
1286.99 1333.72
1286.99 1334.24
1286.99 1334.77
1286.99 1335.29
1286.99 1335.81
1286.97 1336.33
1286.92 1336.84
1286.84 1337.33
1286.72 1337.80
1286.57 1338.26
1286.41 1338.72
1286.27 1339.19
1286.15 1339.67
1286.08 1340.16
1286.03 1340.66
1285.99 1341.17
1285.94 1341.67
1285.87 1342.17
1285.77 1342.65
1285.63 1343.12
1285.48 1343.58
1285.32 1344.04
1285.19 1344.51
1285.09 1344.99
1285.00 1345.48
1284.92 1345.97
1284.82 1346.46
1284.69 1346.93
1284.54 1347.39
1284.38 1347.85
1284.24 1348.31
1284.12 1348.79
1284.04 1349.28
1283.96 1349.77
1283.87 1350.25
1283.75 1350.73
1283.60 1351.19
1283.44 1351.65
1283.29 1352.12
1283.17 1352.59
1283.07 1353.07
1282.99 1353.56
1282.91 1354.05
1282.80 1354.53
1282.66 1355.00
1282.51 1355.46
1282.35 1355.92
1282.22 1356.39
1282.12 1356.87
1282.06 1357.37
1282.02 1357.88
1282.01 1358.40
1282.00 1358.92
1282.00 1359.44
1282.00 1359.97
1282.00 1360.49
1282.00 1361.02
1282.00 1361.54
1282.00 1362.07
1282.01 1362.59
1282.01 1363.12
1282.01 1363.64
1282.01 1364.17
1282.00 1364.69
1282.00 1365.21
1281.99 1365.74
1281.99 1366.26
1281.99 1366.78
1281.99 1367.31
1281.99 1367.83
1281.97 1368.35
1281.92 1368.85
1281.84 1369.34
1281.72 1369.82
1281.57 1370.28
1281.41 1370.74
1281.26 1371.20
1281.14 1371.68
1281.05 1372.16
1280.97 1372.66
1280.89 1373.14
1280.78 1373.62
1280.64 1374.09
1280.48 1374.55
1280.33 1375.01
1280.20 1375.48
1280.11 1375.97
1280.05 1376.47
1280.02 1376.98
1280.01 1377.50
1280.00 1378.02
1280.00 1378.55
1280.00 1379.07
1280.00 1379.60
1280.00 1380.12
1280.00 1380.64
1280.00 1381.17
1279.99 1381.69
1279.99 1382.21
1279.99 1382.74
1279.97 1383.25
1279.93 1383.76
1279.86 1384.25
1279.74 1384.73
1279.60 1385.20
1279.44 1385.65
1279.29 1386.12
1279.17 1386.59
1279.09 1387.08
1279.04 1387.59
1279.02 1388.10
1279.01 1388.62
1279.00 1389.14
1279.00 1389.67
1279.00 1390.19
1279.00 1390.72
1279.00 1391.24
1279.00 1391.77
1279.00 1392.29
1279.00 1392.81
1278.99 1393.34
1278.98 1393.86
1278.96 1394.37
1278.91 1394.88
1278.83 1395.37
1278.71 1395.84
1278.57 1396.31
1278.41 1396.77
1278.26 1397.23
1278.14 1397.70
1278.05 1398.19
1277.97 1398.68
1277.88 1399.17
1277.77 1399.65
1277.63 1400.11
1277.47 1400.57
1277.32 1401.04
1277.19 1401.51
1277.10 1401.99
1277.05 1402.50
1277.02 1403.01
1277.01 1403.53
1277.00 1404.05
1277.00 1404.57
1277.00 1405.10
1277.00 1405.62
1276.99 1406.14
1276.99 1406.67
1276.97 1407.18
1276.94 1407.69
1276.87 1408.19
1276.76 1408.67
1276.62 1409.14
1276.47 1409.60
1276.31 1410.06
1276.18 1410.53
1276.08 1411.01
1276.00 1411.50
1275.92 1411.99
1275.81 1412.47
1275.68 1412.94
1275.53 1413.40
1275.37 1413.86
1275.23 1414.33
1275.13 1414.81
1275.06 1415.31
1275.01 1415.81
1274.98 1416.32
1274.93 1416.82
1274.85 1417.32
1274.73 1417.79
1274.59 1418.26
1274.43 1418.72
1274.28 1419.18
1274.16 1419.66
1274.08 1420.15
1274.04 1420.65
1274.02 1421.17
1274.01 1421.69
1274.00 1422.21
1274.00 1422.73
1274.00 1423.26
1273.99 1423.78
1273.96 1424.29
1273.92 1424.80
1273.84 1425.29
1273.73 1425.77
1273.57 1426.23
1273.38 1426.67
1273.18 1427.11
1272.97 1427.55
1272.76 1427.99
1272.56 1428.43
1272.38 1428.88
1272.21 1429.33
1272.06 1429.80
1271.92 1430.26
1271.77 1430.73
1271.60 1431.18
1271.41 1431.63
1271.21 1432.07
1271.00 1432.51
1270.80 1432.94
1270.60 1433.39
1270.41 1433.83
1270.26 1434.30
1270.14 1434.77
1270.07 1435.27
1270.03 1435.77
1270.01 1436.29
1269.99 1436.81
1269.97 1437.32
1269.92 1437.83
1269.84 1438.32
1269.73 1438.80
1269.58 1439.26
1269.43 1439.72
1269.28 1440.18
1267.77 1451.62
1267.64 1452.09
1267.48 1452.55
1267.33 1453.01
1267.20 1453.48
1267.11 1453.97
1267.05 1454.47
1267.02 1454.98
1267.01 1455.50
1267.00 1456.02
1267.00 1456.54
1267.00 1457.07
1266.99 1457.59
1266.98 1458.11
1266.94 1458.62
1266.88 1459.12
1266.78 1459.60
1266.64 1460.07
1266.49 1460.53
1266.34 1460.99
1266.21 1461.46
1266.11 1461.94
1266.05 1462.44
1266.02 1462.96
1266.01 1463.48
1266.00 1464.00
1266.00 1464.52
1266.00 1465.05
1266.00 1465.57
1266.00 1466.09
1266.00 1466.62
1266.00 1467.14
1266.00 1467.67
1266.00 1468.19
1266.00 1468.72
1266.00 1469.24
1266.00 1469.77
1266.00 1470.29
1266.00 1470.81
1266.00 1471.34
1266.00 1471.86
1266.00 1472.39
1266.00 1472.91
1266.00 1473.44
1266.00 1473.96
1265.99 1474.48
1265.98 1475.00
1265.95 1475.51
1265.90 1476.02
1265.80 1476.50
1265.68 1476.97
1265.52 1477.43
1265.37 1477.89
1265.23 1478.36
1265.13 1478.84
1265.06 1479.34
1265.03 1479.85
1265.01 1480.37
1265.00 1480.89
1264.99 1481.41
1264.98 1481.93
1264.96 1482.44
1264.91 1482.95
1264.82 1483.44
1264.70 1483.91
1264.54 1484.37
1264.39 1484.83
1264.25 1485.30
1264.14 1485.78
1264.07 1486.27
1264.03 1486.78
1264.01 1487.29
1263.99 1487.81
1263.97 1488.33
1263.92 1488.83
1263.84 1489.33
1263.73 1489.80
1263.59 1490.27
1263.43 1490.73
1263.28 1491.19
1263.16 1491.67
1263.08 1492.16
1263.04 1492.66
1263.01 1493.18
1263.00 1493.70
1263.00 1494.22
1262.99 1494.74
1262.97 1495.26
1262.93 1495.76
1262.85 1496.26
1262.74 1496.73
1262.60 1497.20
1262.44 1497.66
1262.29 1498.12
1262.17 1498.60
1262.09 1499.08
1262.03 1499.59
1261.99 1500.10
1261.95 1500.60
1261.88 1501.10
1261.78 1501.58
1261.64 1502.05
1261.49 1502.51
1261.34 1502.97
1261.21 1503.44
1261.11 1503.93
1261.05 1504.43
1261.02 1504.94
1261.00 1505.45
1261.00 1505.98
1260.99 1506.50
1260.98 1507.02
1260.95 1507.53
1260.89 1508.03
1260.80 1508.52
1260.67 1508.99
1260.51 1509.45
1260.36 1509.91
1260.22 1510.37
1260.12 1510.86
1260.06 1511.36
1260.02 1511.87
1260.01 1512.38
1260.00 1512.91
1260.00 1513.43
1260.00 1513.95
1260.00 1514.48
1260.00 1515.00
1260.00 1515.53
1260.00 1516.05
1260.00 1516.58
1260.00 1517.10
1259.99 1517.62
1259.98 1518.14
1259.94 1518.65
1259.87 1519.15
1259.77 1519.63
1259.62 1520.09
1259.44 1520.54
1259.24 1520.98
1259.04 1521.42
1258.83 1521.86
1258.62 1522.30
1258.43 1522.74
1258.26 1523.20
1258.11 1523.66
1257.97 1524.13
1257.83 1524.59
1257.67 1525.05
1257.51 1525.51
1257.35 1525.97
1257.21 1526.44
1257.11 1526.92
1257.05 1527.42
1257.02 1527.93
1257.01 1528.45
1257.01 1528.97
1257.01 1529.50
1257.00 1530.02
1257.00 1530.54
1257.00 1531.07
1256.99 1531.59
1256.99 1532.11
1256.99 1532.64
1257.00 1533.16
1257.00 1533.69
1257.00 1534.21
1257.00 1534.74
1257.00 1535.26
1257.00 1535.79
1257.00 1536.31
1256.99 1536.83
1256.96 1537.34
1256.92 1537.85
1256.84 1538.34
1256.72 1538.82
1256.57 1539.28
1256.42 1539.74
1256.27 1540.20
1256.16 1540.68
1256.08 1541.17
1256.03 1541.68
1256.01 1542.19
1255.99 1542.71
1255.97 1543.23
1255.93 1543.73
1255.86 1544.23
1255.76 1544.71
1255.62 1545.18
1255.46 1545.64
1255.31 1546.10
1255.18 1546.57
1255.07 1547.05
1254.99 1547.54
1254.91 1548.03
1254.80 1548.51
1254.67 1548.98
1254.51 1549.44
1254.35 1549.90
1254.19 1550.36
1254.05 1550.82
1253.91 1551.29
1253.77 1551.75
1253.61 1552.21
1253.44 1552.67
1253.29 1553.13
1253.17 1553.61
1253.09 1554.09
1253.04 1554.60
1253.01 1555.11
1252.99 1555.63
1252.98 1556.15
1252.94 1556.65
1252.87 1557.15
1252.77 1557.63
1252.63 1558.10
1252.47 1558.56
1252.30 1559.01
1252.15 1559.48
1252.01 1559.94
1251.88 1560.41
1251.73 1560.87
1251.57 1561.33
1251.40 1561.79
1251.26 1562.25
1251.15 1562.73
1251.07 1563.22
1251.03 1563.73
1251.02 1564.25
1251.02 1564.76
1251.03 1565.28
1251.07 1565.79
1251.15 1566.28
1251.26 1566.76
1251.40 1567.22
1251.56 1567.68
1251.71 1568.14
1251.82 1568.62
1251.89 1569.10
1251.91 1569.59
1251.87 1570.08
1251.78 1570.56
1251.66 1571.03
1251.50 1571.49
1251.34 1571.94
1251.18 1572.40
1251.04 1572.87
1250.90 1573.34
1250.75 1573.80
1250.59 1574.26
1250.42 1574.71
1250.26 1575.17
1250.11 1575.63
1249.97 1576.10
1249.83 1576.56
1249.68 1577.02
1249.51 1577.48
1249.35 1577.94
1249.22 1578.41
1249.12 1578.89
1249.05 1579.39
1249.01 1579.89
1248.97 1580.40
1248.91 1580.90
1248.83 1581.39
1248.71 1581.87
1248.56 1582.33
1248.40 1582.79
1248.26 1583.26
1248.15 1583.73
1248.07 1584.23
1248.03 1584.73
1248.01 1585.25
1248.00 1585.77
1248.00 1586.30
1248.00 1586.82
1248.00 1587.34
1248.00 1587.87
1248.00 1588.39
1248.00 1588.92
1248.00 1589.44
1248.00 1589.97
1248.00 1590.49
1248.00 1591.01
1247.99 1591.54
1247.98 1592.05
1247.95 1592.57
1247.89 1593.07
1247.79 1593.55
1247.66 1594.02
1247.51 1594.48
1247.35 1594.94
1247.22 1595.41
1246.98 1597.94
1246.96 1598.45
1246.91 1598.95
1246.82 1599.44
1246.69 1599.91
1246.54 1600.37
1246.38 1600.83
1246.24 1601.30
1246.13 1601.78
1246.04 1602.26
1245.96 1602.75
1245.86 1603.24
1245.74 1603.72
1245.59 1604.18
1245.41 1604.62
1245.20 1605.06
1244.99 1605.50
1244.78 1605.94
1244.56 1606.37
1244.35 1606.81
1244.13 1607.24
1243.89 1607.67
1243.64 1608.09
1243.36 1608.50
1243.05 1608.89
1242.71 1609.28
1242.36 1609.66
1242.03 1610.04
1241.73 1610.44
1241.48 1610.86
1241.28 1611.31
1241.15 1611.78
1241.07 1612.27
1241.03 1612.77
1241.01 1613.29
1241.01 1613.82
1241.01 1614.34
1241.00 1614.86
1241.00 1615.39
1241.00 1615.91
1240.99 1616.43
1240.99 1616.96
1241.00 1617.48
1241.00 1618.01
1241.00 1618.53
1241.00 1619.06
1241.00 1619.58
1241.00 1620.11
1241.00 1620.63
1241.00 1621.16
1241.00 1621.68
1241.00 1622.20
1241.00 1622.73
1241.00 1623.25
1241.00 1623.77
1241.00 1624.30
1241.00 1624.82
1240.99 1625.35
1240.98 1625.87
1240.96 1626.38
1240.91 1626.89
1240.83 1627.38
1240.71 1627.85
1240.56 1628.31
1240.41 1628.77
1240.26 1629.24
1240.15 1629.72
1240.08 1630.21
1240.03 1630.72
1240.01 1631.23
1240.00 1631.75
1239.99 1632.27
1239.99 1632.80
1239.97 1633.31
1239.92 1633.82
1239.84 1634.31
1239.72 1634.78
1239.58 1635.25
1239.42 1635.71
1239.27 1636.17
1239.16 1636.65
1239.08 1637.14
1239.03 1637.65
1239.01 1638.16
1238.99 1638.68
1238.97 1639.19
1238.94 1639.70
1238.86 1640.20
1238.76 1640.68
1238.61 1641.14
1238.46 1641.60
1238.31 1642.06
1238.18 1642.54
1238.09 1643.03
1238.04 1643.53
1238.00 1644.03
1237.95 1644.54
1237.89 1645.04
1237.80 1645.52
1237.67 1645.99
1237.51 1646.45
1237.35 1646.91
1237.19 1647.37
1237.05 1647.84
1236.91 1648.30
1236.76 1648.76
1236.58 1649.22
1236.39 1649.66
1236.19 1650.10
1235.98 1650.54
1235.76 1650.97
1235.55 1651.41
1235.33 1651.84
1235.11 1652.28
1234.90 1652.72
1234.69 1653.15
1234.50 1653.60
1234.33 1654.05
1234.20 1654.52
1234.10 1655.01
1234.05 1655.51
1234.02 1656.02
1234.00 1656.54
1234.00 1657.06
1234.00 1657.59
1234.00 1658.11
1234.00 1658.64
1234.00 1659.16
1234.00 1659.69
1234.00 1660.21
1234.00 1660.73
1234.00 1661.26
1234.00 1661.78
1234.00 1662.31
1234.00 1662.83
1234.00 1663.35
1233.99 1663.88
1233.99 1664.40
1233.99 1664.93
1233.99 1665.45
1233.98 1665.97
1233.96 1666.48
1233.90 1666.99
1233.81 1667.47
1233.68 1667.94
1233.53 1668.40
1233.36 1668.86
1233.21 1669.32
1233.06 1669.78
1232.93 1670.25
1232.78 1670.72
1232.62 1671.18
1232.46 1671.63
1232.31 1672.09
1232.18 1672.56
1232.08 1673.05
1232.00 1673.54
1231.91 1674.03
1231.81 1674.51
1231.67 1674.98
1231.52 1675.44
1231.36 1675.90
1231.23 1676.37
1231.13 1676.85
1231.06 1677.35
1231.03 1677.86
1231.01 1678.37
1231.00 1678.89
1230.99 1679.42
1230.98 1679.94
1230.96 1680.45
1230.90 1680.95
1230.82 1681.44
1230.69 1681.91
1230.54 1682.37
1230.38 1682.83
1230.24 1683.30
1230.13 1683.78
1230.04 1684.26
1229.96 1684.76
1229.86 1685.24
1229.72 1685.71
1229.53 1686.15
1229.28 1686.57
1229.00 1686.98
1228.71 1687.39
1228.43 1687.79
1228.17 1688.21
1227.94 1688.64
1227.72 1689.07
1227.50 1689.51
1227.28 1689.94
1227.07 1690.38
1226.86 1690.81
1226.66 1691.25
1226.47 1691.70
1226.30 1692.16
1226.17 1692.63
1226.08 1693.12
1226.04 1693.62
1226.02 1694.14
1226.01 1694.66
1226.01 1695.18
1226.01 1695.71
1226.01 1696.23
1226.00 1696.75
1226.00 1697.27
1225.99 1697.80
1225.99 1698.32
1225.99 1698.85
1225.99 1699.37
1226.00 1699.90
1226.00 1700.42
1226.00 1700.95
1226.00 1701.47
1226.00 1702.00
1226.00 1702.52
1226.01 1703.05
1226.00 1703.57
1226.00 1704.09
1226.00 1704.62
1226.00 1705.14
1226.00 1705.67
1226.00 1706.19
1226.00 1706.71
1226.00 1707.24
1226.00 1707.76
1226.00 1708.29
1226.00 1708.81
1226.00 1709.34
1226.00 1709.86
1226.00 1710.39
1226.00 1710.91
1226.00 1711.43
1226.00 1711.96
1226.00 1712.48
1226.00 1713.01
1226.00 1713.53
1226.00 1714.06
1226.00 1714.58
1226.00 1715.11
1226.00 1715.63
1226.00 1716.16
1226.00 1716.68
1226.00 1717.20
1226.00 1717.73
1226.00 1718.25
1226.00 1718.78
1225.99 1719.30
1225.98 1719.82
1225.96 1720.33
1225.92 1720.84
1225.84 1721.33
1225.71 1721.81
1225.56 1722.26
1225.37 1722.71
1225.16 1723.15
1224.95 1723.59
1224.74 1724.02
1224.52 1724.46
1224.30 1724.89
1224.09 1725.33
1223.88 1725.76
1223.67 1726.20
1223.47 1726.65
1223.30 1727.10
1223.14 1727.56
1223.00 1728.02
1222.86 1728.49
1222.71 1728.95
1222.55 1729.41
1222.38 1729.87
1222.24 1730.33
1222.12 1730.81
1222.03 1731.29
1221.95 1731.79
1221.86 1732.27
1221.75 1732.75
1221.60 1733.21
1221.44 1733.67
1221.29 1734.13
1221.16 1734.60
1221.07 1735.09
1220.99 1735.58
1220.90 1736.07
1220.79 1736.55
1220.66 1737.02
1220.50 1737.48
1220.35 1737.94
1220.22 1738.41
1220.12 1738.89
1220.05 1739.39
1220.02 1739.90
1220.00 1740.42
1219.99 1740.93
1219.96 1741.45
1219.91 1741.95
1219.82 1742.44
1219.69 1742.91
1219.54 1743.37
1219.39 1743.83
1219.24 1744.30
1219.14 1744.78
1219.06 1745.27
1219.02 1745.78
1218.98 1746.29
1218.93 1746.79
1218.85 1747.28
1218.74 1747.76
1218.59 1748.22
1218.44 1748.68
1218.29 1749.15
1218.17 1749.62
1218.09 1750.11
1218.04 1750.62
1218.01 1751.13
1218.00 1751.65
1217.98 1752.16
1217.94 1752.67
1217.87 1753.17
1217.77 1753.65
1217.63 1754.12
1217.48 1754.58
1217.32 1755.04
1217.19 1755.51
1217.09 1755.99
1217.00 1756.48
1216.92 1756.97
1216.82 1757.45
1216.69 1757.92
1216.53 1758.38
1216.37 1758.84
1216.21 1759.30
1216.07 1759.76
1215.93 1760.23
1215.79 1760.70
1215.63 1761.16
1215.47 1761.61
1215.31 1762.07
1215.19 1762.55
1215.10 1763.03
1215.04 1763.53
1215.00 1764.04
1214.95 1764.55
1214.89 1765.05
1214.80 1765.53
1214.67 1766.00
1214.51 1766.46
1214.36 1766.92
1214.22 1767.39
1214.12 1767.87
1214.05 1768.37
1214.01 1768.88
1213.97 1769.38
1213.92 1769.89
1213.84 1770.38
1213.72 1770.85
1213.57 1771.32
1213.41 1771.77
1213.27 1772.24
1213.15 1772.72
1213.07 1773.21
1213.03 1773.71
1213.01 1774.23
1212.99 1774.75
1212.97 1775.26
1212.93 1775.77
1212.86 1776.26
1212.75 1776.74
1212.61 1777.21
1212.45 1777.67
1212.30 1778.13
1212.17 1778.60
1212.07 1779.08
1211.99 1779.57
1211.90 1780.06
1211.80 1780.54
1211.66 1781.01
1211.50 1781.47
1211.34 1781.93
1211.18 1782.39
1211.04 1782.85
1210.91 1783.32
1210.76 1783.79
1210.60 1784.25
1210.44 1784.70
1210.29 1785.16
1210.17 1785.64
1210.08 1786.13
1210.03 1786.63
1209.99 1787.14
1209.94 1787.64
1209.88 1788.14
1209.77 1788.62
1209.62 1789.08
1209.44 1789.53
1209.25 1789.98
1209.04 1790.42
1208.83 1790.85
1208.63 1791.29
1208.43 1791.74
1208.26 1792.19
1208.11 1792.65
1207.96 1793.12
1207.82 1793.58
1207.66 1794.04
1207.47 1794.49
1207.27 1794.93
1207.06 1795.37
1206.85 1795.80
1206.63 1796.24
1206.42 1796.67
1206.20 1797.11
1205.99 1797.54
1205.78 1797.98
1205.58 1798.42
1205.39 1798.87
1205.25 1799.33
1205.14 1799.81
1205.07 1800.31
1205.03 1800.82
1205.01 1801.33
1205.01 1801.86
1205.00 1802.38
1205.00 1802.90
1205.00 1803.43
1205.00 1803.95
1205.00 1804.47
1205.00 1805.00
1205.00 1805.52
1205.00 1806.05
1205.00 1806.57
1205.00 1807.10
1205.00 1807.62
1205.00 1808.15
1205.01 1808.67
1205.01 1809.20
1205.01 1809.72
1205.01 1810.25
1205.00 1810.77
1205.00 1811.29
1205.00 1811.82
1205.00 1812.34
1204.99 1812.86
1204.99 1813.39
1204.99 1813.91
1204.99 1814.44
1204.99 1814.96
1205.00 1815.49
1205.00 1816.01
1205.00 1816.54
1204.99 1817.06
1204.96 1817.57
1204.89 1818.07
1204.79 1818.55
1204.65 1819.02
1204.50 1819.47
1204.33 1819.93
1204.18 1820.39
1204.04 1820.86
1203.90 1821.33
1203.75 1821.79
1203.60 1822.25
1203.43 1822.71
1203.28 1823.17
1203.17 1823.64
1203.08 1824.13
1203.04 1824.64
1203.01 1825.15
1203.00 1825.67
1202.97 1826.19
1202.94 1826.70
1202.87 1827.19
1202.76 1827.67
1202.63 1828.14
1202.47 1828.60
1202.32 1829.06
1202.19 1829.53
1202.08 1830.01
1202.00 1830.50
1201.92 1830.99
1201.82 1831.48
1201.69 1831.95
1201.54 1832.41
1201.38 1832.87
1201.24 1833.33
1201.13 1833.81
1201.06 1834.31
1201.03 1834.82
1201.01 1835.34
1201.01 1835.86
1201.00 1836.38
1201.00 1836.91
1201.00 1837.43
1201.00 1837.95
1201.00 1838.48
1201.00 1839.00
1201.00 1839.53
1201.00 1840.05
1201.00 1840.58
1200.99 1841.10
1200.99 1841.62
1200.97 1842.14
1200.94 1842.65
1200.87 1843.15
1200.77 1843.63
1200.63 1844.10
1200.47 1844.55
1200.32 1845.02
1200.19 1845.49
1200.09 1845.97
1200.01 1846.46
1199.92 1846.95
1199.82 1847.43
1199.70 1847.90
1199.54 1848.36
1199.38 1848.82
1199.22 1849.28
1199.08 1849.74
1198.94 1850.21
1198.79 1850.68
1198.63 1851.13
1198.47 1851.59
1198.30 1852.05
1198.15 1852.51
1198.01 1852.97
1197.87 1853.44
1197.72 1853.90
1197.56 1854.36
1197.40 1854.82
1197.25 1855.28
1197.13 1855.76
1197.04 1856.24
1196.96 1856.73
1196.87 1857.22
1196.75 1857.70
1196.61 1858.16
1196.45 1858.62
1196.29 1859.08
1196.14 1859.54
1196.00 1860.01
1195.86 1860.47
1195.70 1860.93
1195.54 1861.39
1195.37 1861.85
1195.21 1862.30
1195.07 1862.77
1194.93 1863.24
1194.78 1863.70
1194.63 1864.16
1194.46 1864.61
1194.29 1865.07
1194.14 1865.53
1194.00 1866.00
1193.86 1866.46
1193.71 1866.92
1193.54 1867.38
1193.38 1867.84
1193.22 1868.29
1193.07 1868.76
1192.93 1869.23
1192.79 1869.69
1192.63 1870.15
1192.47 1870.61
1192.31 1871.07
1192.19 1871.54
1192.10 1872.03
1192.04 1872.53
1192.00 1873.03
1191.96 1873.54
1191.89 1874.04
1191.80 1874.52
1191.67 1874.99
1191.52 1875.46
1191.36 1875.92
1191.22 1876.38
1191.12 1876.87
1191.05 1877.36
1191.01 1877.87
1190.97 1878.38
1190.92 1878.88
1190.83 1879.37
1190.71 1879.84
1190.57 1880.31
1190.41 1880.77
1190.26 1881.23
1190.14 1881.71
1190.05 1882.19
1189.97 1882.68
1189.88 1883.17
1189.77 1883.65
1189.63 1884.11
1189.47 1884.57
1189.32 1885.04
1189.19 1885.51
1189.10 1885.99
1189.04 1886.49
1189.00 1887.00
1188.96 1887.51
1188.90 1888.01
1188.81 1888.49
1188.68 1888.96
1188.52 1889.42
1188.37 1889.88
1188.23 1890.35
1188.12 1890.83
1188.03 1891.32
1187.95 1891.81
1187.86 1892.30
1187.73 1892.77
1187.59 1893.23
1187.43 1893.69
1187.28 1894.16
1187.16 1894.63
1187.08 1895.12
1187.03 1895.62
1186.99 1896.13
1186.95 1896.64
1186.88 1897.13
1186.77 1897.62
1186.64 1898.08
1186.48 1898.54
1186.32 1899.00
1186.16 1899.46
1186.02 1899.93
1185.89 1900.39
1185.74 1900.86
1185.58 1901.32
1185.41 1901.77
1185.27 1902.24
1185.14 1902.71
1185.05 1903.19
1184.97 1903.69
1184.88 1904.17
1184.77 1904.65
1184.63 1905.12
1184.48 1905.58
1184.32 1906.04
1184.19 1906.51
1184.10 1907.00
1184.05 1907.50
1184.02 1908.01
1184.01 1908.53
1184.00 1909.05
1183.99 1909.57
1183.98 1910.09
1183.94 1910.60
1183.88 1911.10
1183.78 1911.58
1183.65 1912.05
1183.49 1912.51
1183.34 1912.97
1183.20 1913.44
1183.10 1913.92
1183.01 1914.41
1182.93 1914.90
1182.84 1915.39
1182.71 1915.86
1182.56 1916.32
1182.39 1916.78
1182.23 1917.24
1182.09 1917.70
1181.95 1918.17
1181.81 1918.63
1181.65 1919.09
1181.49 1919.55
1181.33 1920.01
1181.20 1920.48
1181.11 1920.97
1181.05 1921.47
1181.02 1921.98
1181.01 1922.50
1181.00 1923.02
1180.99 1923.54
1180.98 1924.06
1180.95 1924.57
1180.89 1925.07
1180.79 1925.55
1180.65 1926.02
1180.49 1926.48
1180.33 1926.94
1180.18 1927.40
1180.04 1927.86
1179.90 1928.33
1179.75 1928.79
1179.59 1929.25
1179.42 1929.71
1179.26 1930.16
1179.11 1930.63
1178.97 1931.09
1178.83 1931.56
1178.68 1932.02
1178.52 1932.48
1178.36 1932.94
1178.22 1933.41
1178.12 1933.89
1178.06 1934.39
1178.02 1934.90
1178.01 1935.41
1178.00 1935.94
1177.99 1936.46
1177.98 1936.98
1177.95 1937.49
1177.90 1937.99
1177.81 1938.48
1177.68 1938.95
1177.53 1939.41
1177.37 1939.87
1177.23 1940.34
1177.13 1940.82
1177.06 1941.31
1177.01 1941.82
1176.97 1942.33
1176.92 1942.83
1176.84 1943.32
1176.73 1943.80
1176.58 1944.26
1176.42 1944.72
1176.26 1945.18
1176.11 1945.64
1175.97 1946.11
1175.83 1946.57
1175.68 1947.04
1175.52 1947.49
1175.36 1947.95
1175.22 1948.42
1175.12 1948.90
1175.05 1949.40
1175.02 1949.91
1175.00 1950.43
1174.99 1950.95
1174.96 1951.46
1174.91 1951.96
1174.82 1952.45
1174.70 1952.92
1174.55 1953.39
1174.39 1953.84
1174.25 1954.31
1174.14 1954.79
1174.07 1955.28
1174.03 1955.79
1174.01 1956.31
1174.01 1956.83
1174.00 1957.35
1174.00 1957.88
1173.99 1958.40
1173.98 1958.92
1173.96 1959.43
1173.91 1959.94
1173.82 1960.42
1173.69 1960.90
1173.54 1961.36
1173.38 1961.82
1173.24 1962.28
1173.14 1962.77
1173.07 1963.26
1173.03 1963.77
1173.00 1964.28
1172.99 1964.80
1172.97 1965.32
1172.92 1965.82
1172.84 1966.31
1172.73 1966.79
1172.58 1967.25
1172.42 1967.71
1172.27 1968.18
1172.15 1968.65
1172.06 1969.14
1171.98 1969.63
1171.89 1970.12
1171.78 1970.59
1171.64 1971.06
1171.49 1971.52
1171.33 1971.98
1171.20 1972.45
1171.11 1972.94
1171.05 1973.44
1171.02 1973.95
1171.00 1974.47
1170.98 1974.98
1170.95 1975.50
1170.90 1976.00
1170.81 1976.48
1170.69 1976.96
1170.53 1977.42
1170.38 1977.88
1170.24 1978.35
1170.13 1978.83
1170.06 1979.32
1170.01 1979.83
1169.97 1980.33
1169.92 1980.84
1169.84 1981.33
1169.73 1981.80
1169.58 1982.27
1169.42 1982.73
1169.28 1983.19
1169.16 1983.67
1169.08 1984.16
1169.04 1984.66
1169.01 1985.18
1168.99 1985.70
1168.97 1986.21
1168.93 1986.72
1168.86 1987.21
1168.75 1987.69
1168.61 1988.16
1168.46 1988.62
1168.31 1989.08
1168.18 1989.56
1168.10 1990.04
1168.04 1990.55
1168.01 1991.06
1168.00 1991.58
1167.98 1992.09
1167.95 1992.60
1167.88 1993.10
1167.78 1993.58
1167.64 1994.05
1167.49 1994.51
1167.34 1994.97
1167.21 1995.44
1167.11 1995.93
1167.05 1996.43
1167.02 1996.94
1167.01 1997.46
1167.00 1997.98
1166.99 1998.50
1166.98 1999.02
1166.95 1999.53
1166.89 2000.03
1166.80 2000.52
1166.67 2000.99
1166.52 2001.45
1166.36 2001.91
1166.23 2002.38
1166.12 2002.86
1166.06 2003.36
1166.02 2003.87
1166.01 2004.39
1166.00 2004.91
1165.99 2005.43
1165.98 2005.95
1165.96 2006.46
1165.90 2006.97
1165.82 2007.46
1165.69 2007.93
1165.54 2008.39
1165.39 2008.85
1165.25 2009.32
1165.14 2009.80
1165.07 2010.29
1165.03 2010.80
1165.01 2011.32
1164.99 2011.83
1164.97 2012.35
1164.92 2012.85
1164.84 2013.34
1164.73 2013.82
1164.58 2014.29
1164.42 2014.74
1164.28 2015.21
1164.16 2015.68
1164.08 2016.18
1164.04 2016.68
1164.01 2017.20
1164.00 2017.72
1164.00 2018.24
1163.99 2018.76
1163.97 2019.28
1163.93 2019.78
1163.85 2020.28
1163.74 2020.76
1163.60 2021.22
1163.44 2021.68
1163.29 2022.14
1163.17 2022.62
1163.09 2023.11
1163.04 2023.61
1163.01 2024.12
1163.00 2024.64
1162.98 2025.16
1162.94 2025.67
1162.87 2026.16
1162.77 2026.65
1162.64 2027.12
1162.48 2027.58
1162.33 2028.04
1162.20 2028.51
1162.10 2028.99
1162.05 2029.49
1162.02 2030.01
1162.01 2030.53
1162.00 2031.05
1162.00 2031.57
1162.00 2032.09
1161.99 2032.62
1161.97 2033.13
1161.94 2033.64
1161.88 2034.14
1161.77 2034.62
1161.63 2035.09
1161.48 2035.55
1161.32 2036.01
1161.20 2036.48
1161.10 2036.97
1161.05 2037.47
1161.02 2037.98
1161.01 2038.50
1161.01 2039.03
1161.00 2039.55
1161.00 2040.07
1160.99 2040.59
1160.99 2041.12
1160.99 2041.64
1160.97 2042.16
1160.94 2042.67
1160.87 2043.17
1160.77 2043.64
1160.62 2044.11
1160.47 2044.56
1020.68 152.98
1020.80 153.42
1020.89 153.90
1020.95 154.39
1020.98 154.90
1020.99 155.42
1020.99 155.95
1021.00 156.47
1021.00 156.99
1021.00 157.52
1021.01 158.04
1021.00 158.57
1021.00 159.09
1021.00 159.62
1021.00 160.14
1021.00 160.67
1021.00 161.19
1021.00 161.72
1021.00 162.24
1021.00 162.76
1021.00 163.29
1021.00 163.81
1021.00 164.34
1021.00 164.86
1021.01 165.38
1021.02 165.91
1021.04 166.42
1021.09 166.92
1021.17 167.41
1021.29 167.88
1021.42 168.34
1021.55 168.78
1021.63 169.22
1021.64 169.66
1021.58 170.10
1021.47 170.54
1021.34 170.99
1021.24 171.45
1021.20 171.91
1021.21 172.38
1021.27 172.83
1021.36 173.26
1021.43 173.67
1021.48 174.07
1021.50 174.45
1021.52 174.83
1021.56 175.22
1021.63 175.63
1021.72 176.06
1021.82 176.52
1021.90 177.00
1021.95 177.50
1021.98 178.01
1022.00 178.53
1022.00 179.06
1022.00 179.58
1022.00 180.11
1022.00 180.63
1022.00 181.16
1022.00 181.68
1022.00 182.20
1022.00 182.73
1022.00 183.25
1022.00 183.78
1022.00 184.30
1022.00 184.83
1022.00 185.35
1022.00 185.88
1022.00 186.40
1022.00 186.93
1022.00 187.45
1022.00 187.97
1022.00 188.50
1022.00 189.02
1022.00 189.55
1022.00 190.07
1022.00 190.60
1022.00 191.12
1022.00 191.65
1022.00 192.17
1022.00 192.70
1022.00 193.22
1022.00 193.75
1022.00 194.27
1022.00 194.80
1022.00 195.32
1022.00 195.85
1022.00 196.37
1022.00 196.89
1022.00 197.42
1022.00 197.94
1022.00 198.47
1022.00 198.99
1022.01 199.51
1022.02 200.03
1022.05 200.55
1022.11 201.05
1022.20 201.53
1022.33 202.00
1022.49 202.46
1022.64 202.92
1022.78 203.39
1022.88 203.88
1022.94 204.37
1022.98 204.88
1022.99 205.40
1022.99 205.93
1023.00 206.45
1023.00 206.97
1023.00 207.50
1023.00 208.02
1023.00 208.55
1023.00 209.07
1023.00 209.60
1023.00 210.12
1023.00 210.65
1023.00 211.17
1023.00 211.70
1023.00 212.22
1022.99 212.74
1022.99 213.27
1022.99 213.79
1022.97 214.31
1022.92 214.81
1022.85 215.30
1022.74 215.78
1022.61 216.24
1022.48 216.69
1022.39 217.13
1022.36 217.56
1022.41 218.00
1022.51 218.45
1022.65 218.90
1022.77 219.36
1022.87 219.84
1022.94 220.34
1022.98 220.85
1022.99 221.36
1023.00 221.89
1023.00 222.41
1023.02 222.93
1023.04 223.44
1023.09 223.94
1023.17 224.43
1023.26 224.89
1023.36 225.32
1023.42 225.74
1023.42 226.15
1023.38 226.57
1023.29 227.00
1023.19 227.45
1023.11 227.93
1023.05 228.42
1023.02 228.94
1023.01 229.46
1023.00 229.98
1023.00 230.50
1023.00 231.03
1023.00 231.55
1023.01 232.07
1023.01 232.60
1023.02 233.11
1023.06 233.63
1023.12 234.12
1023.22 234.61
1023.36 235.07
1023.52 235.53
1023.67 235.99
1023.80 236.47
1023.89 236.95
1023.95 237.45
1023.98 237.96
1024.00 238.48
1024.00 239.00
1024.00 239.53
1024.00 240.05
1024.00 240.58
1024.00 241.11
1023.99 241.63
1023.99 242.16
1023.99 242.68
1023.99 243.21
1023.99 243.73
1023.99 244.26
1024.00 244.78
1024.00 245.30
1024.01 245.82
1024.01 246.35
1024.01 246.87
1024.02 247.39
1024.02 247.92
1024.01 248.44
1024.01 248.97
1024.00 249.50
1023.99 250.03
1023.99 250.55
1024.00 251.07
1024.04 251.58
1024.11 252.08
1024.21 252.56
1024.35 253.03
1024.51 253.49
1024.66 253.95
1024.79 254.42
1024.89 254.90
1024.95 255.40
1024.98 255.91
1024.99 256.43
1025.00 256.96
1024.99 257.48
1024.99 258.01
1024.99 258.53
1024.99 259.06
1024.99 259.58
1024.99 260.11
1025.00 260.63
1025.00 261.15
1025.00 261.68
1025.00 262.20
1025.00 262.73
1025.00 263.25
1025.00 263.78
1025.00 264.30
1025.00 264.82
1025.00 265.35
1025.00 265.87
1025.00 266.40
1025.00 266.92
1025.00 267.45
1025.00 267.97
1025.00 268.50
1025.00 269.02
1025.00 269.55
1025.00 270.07
1025.00 270.60
1025.00 271.12
1025.00 271.65
1025.00 272.17
1025.00 272.69
1025.00 273.22
1025.00 273.74
1025.00 274.27
1025.00 274.79
1025.00 275.32
1025.00 275.84
1025.00 276.37
1025.00 276.89
1025.00 277.42
1025.00 277.94
1025.00 278.47
1025.00 278.99
1025.00 279.52
1025.00 280.04
1025.00 280.57
1025.00 281.09
1025.00 281.62
1025.00 282.14
1025.00 282.67
1025.00 283.19
1025.00 283.71
1025.00 284.24
1025.00 284.76
1025.00 285.29
1025.00 285.81
1025.00 286.34
1025.00 286.86
1025.00 287.39
1025.00 287.91
1025.00 288.44
1025.00 288.96
1025.00 289.48
1025.00 290.01
1025.00 290.53
1025.00 291.06
1025.00 291.58
1025.00 292.11
1025.00 292.63
1025.00 293.16
1025.00 293.68
1025.00 294.21
1025.00 294.73
1025.00 295.26
1025.00 295.78
1025.00 296.30
1025.01 296.83
1025.03 297.34
1025.08 297.85
1025.16 298.34
1025.28 298.81
1025.42 299.28
1025.58 299.74
1025.73 300.20
1025.84 300.68
1025.92 301.17
1025.97 301.68
1025.99 302.19
1026.00 302.71
1026.00 303.24
1026.00 303.76
1026.00 304.29
1026.00 304.81
1026.00 305.33
1025.99 305.85
1025.96 306.37
1025.92 306.87
1025.83 307.37
1025.72 307.84
1025.57 308.31
1025.41 308.76
1025.27 309.23
1025.15 309.71
1025.07 310.20
1025.03 310.70
1025.01 311.22
1025.00 311.74
1025.00 312.27
1025.01 312.79
1025.01 313.32
1025.01 313.84
1025.01 314.37
1025.00 314.89
1025.00 315.41
1025.00 315.94
1025.00 316.46
1024.99 316.99
1024.99 317.51
1024.99 318.04
1024.99 318.56
1024.98 319.08
1024.95 319.59
1024.89 320.09
1024.79 320.57
1024.67 321.04
1024.53 321.49
1024.42 321.93
1024.36 322.37
1024.38 322.81
1024.46 323.25
1024.59 323.70
1024.72 324.15
1024.83 324.62
1024.89 325.11
1024.91 325.60
1024.87 326.09
1024.78 326.57
1024.65 327.04
1024.50 327.50
1024.35 327.96
1024.22 328.43
1024.12 328.91
1024.05 329.41
1024.02 329.92
1024.01 330.44
1024.00 330.96
1024.00 331.49
1024.00 332.01
1024.00 332.54
1024.00 333.06
1024.00 333.59
1024.00 334.11
1024.00 334.63
1024.00 335.16
1024.00 335.68
1024.00 336.21
1024.00 336.73
1024.00 337.26
1024.00 337.78
1024.00 338.31
1024.00 338.83
1024.00 339.36
1024.00 339.88
1024.00 340.41
1024.00 340.93
1024.00 341.45
1024.00 341.98
1024.00 342.50
1024.00 343.03
1024.00 343.55
1024.00 344.08
1024.00 344.60
1024.00 345.13
1024.00 345.65
1024.00 346.18
1024.00 346.70
1024.00 347.23
1024.00 347.75
1024.00 348.27
1024.00 348.80
1024.00 349.32
1024.01 349.84
1024.04 350.36
1024.08 350.86
1024.16 351.36
1024.28 351.83
1024.42 352.30
1024.58 352.76
1024.73 353.22
1024.85 353.70
1024.93 354.19
1024.97 354.70
1024.98 355.21
1024.99 355.74
1024.99 356.26
1024.99 356.79
1024.99 357.31
1024.99 357.83
1025.00 358.36
1025.00 358.88
1025.00 359.40
1025.00 359.93
1025.00 360.45
1025.00 360.98
1025.01 361.50
1025.00 362.03
1025.00 362.55
1025.00 363.07
1025.00 363.60
1025.00 364.12
1025.00 364.65
1025.00 365.17
1025.00 365.70
1025.00 366.22
1025.00 366.75
1025.00 367.27
1025.00 367.80
1025.00 368.32
1025.00 368.85
1025.00 369.37
1025.00 369.90
1025.00 370.42
1025.00 370.95
1025.00 371.47
1025.00 372.00
1025.00 372.52
1025.00 373.05
1025.00 373.57
1025.00 374.09
1025.00 374.62
1025.00 375.14
1025.00 375.67
1025.00 376.19
1025.00 376.72
1025.00 377.24
1025.00 377.77
1025.00 378.29
1025.00 378.82
1025.00 379.34
1025.00 379.87
1025.00 380.39
1025.00 380.92
1025.00 381.44
1025.00 381.97
1025.00 382.49
1025.00 383.01
1025.00 383.54
1025.00 384.06
1025.00 384.59
1025.00 385.11
1025.00 385.64
1025.00 386.16
1025.00 386.69
1025.00 387.21
1025.00 387.74
1025.00 388.26
1025.00 388.79
1025.00 389.31
1025.00 389.83
1025.00 390.36
1025.00 390.88
1025.00 391.41
1025.00 391.93
1025.00 392.46
1025.00 392.98
1025.00 393.51
1025.00 394.03
1025.00 394.56
1025.00 395.08
1025.00 395.61
1025.00 396.13
1025.00 396.66
1025.00 397.18
1025.00 397.70
1025.00 398.23
1025.00 398.75
1025.00 399.28
1025.00 399.80
1025.00 400.33
1025.00 400.85
1025.00 401.38
1025.00 401.90
1025.00 402.43
1025.00 402.95
1025.00 403.48
1025.00 404.00
1025.00 404.52
1025.00 405.05
1025.00 405.57
1025.00 406.10
1025.00 406.62
1025.00 407.15
1025.00 407.67
1025.00 408.20
1025.00 408.72
1025.00 409.25
1025.00 409.77
1025.00 410.30
1025.00 410.82
1025.00 411.35
1025.00 411.87
1025.00 412.40
1025.00 412.92
1025.00 413.44
1025.00 413.97
1025.00 414.49
1025.00 415.02
1025.00 415.54
1025.00 416.07
1025.00 416.59
1025.00 417.12
1025.00 417.64
1025.00 418.17
1025.00 418.69
1025.00 419.22
1025.00 419.74
1025.00 420.27
1025.00 420.79
1025.00 421.32
1025.00 421.84
1025.00 422.36
1025.00 422.89
1025.00 423.41
1025.00 423.94
1025.00 424.46
1025.00 424.99
1025.00 425.51
1025.00 426.04
1025.00 426.56
1025.00 427.09
1025.00 427.61
1025.00 428.13
1025.00 428.66
1025.00 429.18
1024.99 429.71
1024.97 430.22
1024.93 430.73
1024.86 431.23
1024.76 431.71
1024.62 432.17
1024.46 432.63
1024.31 433.10
1024.18 433.57
1024.09 434.06
1024.04 434.56
1024.02 435.07
1024.01 435.60
1024.01 436.12
1024.01 436.64
1024.01 437.17
1024.00 437.69
1024.00 438.22
1024.00 438.74
1024.00 439.26
1023.99 439.79
1023.99 440.31
1023.99 440.84
1023.99 441.36
1023.99 441.88
1023.99 442.41
1024.00 442.93
1024.00 443.46
1024.00 443.99
1024.00 444.51
1024.00 445.04
1024.00 445.56
1024.00 446.09
1024.00 446.61
1024.00 447.14
1024.00 447.66
1024.00 448.18
1024.00 448.71
1024.00 449.23
1024.00 449.76
1024.01 450.28
1024.01 450.81
1024.01 451.33
1024.00 451.86
1024.00 452.38
1024.00 452.91
1024.00 453.43
1024.00 453.96
1024.00 454.48
1024.00 455.00
1024.00 455.53
1024.00 456.05
1024.00 456.58
1024.00 457.10
1024.00 457.63
1023.99 458.15
1023.99 458.67
1023.99 459.20
1023.99 459.72
1023.99 460.25
1023.99 460.77
1023.99 461.30
1023.99 461.82
1023.99 462.35
1024.00 462.87
1024.00 463.40
1024.00 463.92
1024.00 464.45
1024.01 464.98
1024.01 465.50
1024.01 466.03
1024.01 466.55
1023.99 467.07
1023.95 467.58
1023.89 468.07
1023.78 468.56
1023.65 469.02
1023.49 469.48
1023.34 469.95
1023.21 470.42
1023.11 470.90
1023.05 471.40
1023.02 471.91
1023.01 472.43
1023.00 472.95
1023.00 473.48
1023.00 474.00
1023.00 474.53
1023.00 475.05
1023.00 475.58
1023.00 476.10
1023.00 476.63
1023.00 477.15
1023.00 477.67
1023.00 478.20
1023.00 478.72
1023.00 479.25
1023.00 479.77
1023.00 480.30
1023.00 480.82
1023.00 481.35
1023.00 481.87
1023.00 482.40
1023.00 482.92
1023.00 483.45
1023.00 483.97
1023.00 484.50
1023.00 485.02
1023.00 485.55
1023.00 486.07
1023.00 486.59
1023.00 487.12
1023.00 487.64
1023.00 488.17
1023.00 488.69
1023.00 489.22
1023.00 489.74
1023.00 490.27
1023.00 490.79
1023.00 491.32
1023.00 491.84
1023.00 492.37
1023.00 492.89
1023.00 493.42
1023.00 493.94
1023.00 494.46
1023.00 494.99
1023.00 495.51
1023.00 496.04
1023.00 496.56
1023.00 497.09
1023.00 497.61
1023.00 498.14
1023.00 498.66
1023.00 499.19
1023.00 499.71
1023.00 500.24
1023.00 500.76
1023.00 501.29
1023.00 501.81
1023.00 502.33
1023.00 502.86
1023.00 503.38
1023.00 503.91
1023.00 504.43
1023.00 504.96
1022.99 505.48
1022.98 506.00
1022.95 506.51
1022.89 507.01
1022.80 507.50
1022.67 507.97
1022.52 508.43
1022.37 508.89
1022.23 509.36
1022.13 509.84
1022.06 510.34
1022.03 510.85
1022.01 511.37
1022.00 511.89
1022.00 512.41
1022.00 512.94
1022.00 513.46
1022.00 513.99
1022.00 514.51
1022.00 515.04
1021.99 515.56
1021.98 516.08
1021.95 516.59
1021.88 517.09
1021.79 517.57
1021.65 518.04
1021.50 518.50
1021.35 518.96
1021.21 519.43
1021.12 519.92
1021.05 520.42
1021.02 520.93
1021.01 521.45
1021.00 521.97
1021.00 522.49
1021.00 523.02
1021.00 523.54
1021.00 524.07
1021.00 524.59
1021.00 525.12
1021.00 525.64
1021.00 526.17
1021.00 526.69
1021.00 527.22
1021.00 527.74
1021.00 528.26
1021.00 528.79
1021.00 529.31
1021.00 529.84
1021.00 530.36
1021.00 530.89
1021.00 531.41
1021.00 531.94
1021.00 532.46
1021.00 532.99
1021.00 533.51
1021.00 534.04
1021.00 534.56
1021.00 535.09
1021.00 535.61
1021.00 536.13
1021.00 536.66
1021.00 537.18
1021.00 537.71
1021.00 538.23
1021.00 538.76
1021.00 539.28
1021.00 539.81
1021.00 540.33
1021.00 540.86
1020.99 541.38
1020.98 541.90
1020.96 542.41
1020.91 542.92
1020.82 543.41
1020.70 543.88
1020.55 544.34
1020.40 544.80
1020.26 545.27
1020.14 545.75
1020.07 546.24
1020.03 546.75
1020.01 547.27
1020.00 547.79
1020.00 548.31
1020.00 548.84
1020.00 549.36
1020.00 549.89
1020.00 550.41
1020.00 550.94
1020.00 551.46
1020.00 551.98
1020.00 552.51
1020.00 553.03
1020.00 553.56
1020.00 554.08
1020.00 554.61
1020.00 555.13
1020.00 555.66
1020.00 556.18
1020.00 556.71
1020.00 557.23
1019.99 557.75
1019.97 558.27
1019.93 558.78
1019.85 559.27
1019.74 559.75
1019.60 560.21
1019.44 560.67
1019.29 561.14
1019.17 561.61
1019.09 562.10
1019.04 562.61
1019.02 563.12
1019.01 563.64
1019.00 564.16
1019.00 564.69
1019.00 565.21
1019.00 565.74
1019.00 566.26
1018.99 566.78
1018.99 567.31
1019.00 567.83
1019.00 568.36
1019.00 568.88
1019.00 569.41
1019.01 569.94
1019.01 570.46
1019.01 570.99
1019.01 571.51
1019.01 572.04
1019.00 572.56
1019.00 573.08
1018.99 573.60
1018.99 574.13
1018.99 574.65
1018.99 575.18
1018.99 575.70
1019.00 576.23
1019.00 576.75
1018.98 577.27
1018.94 577.78
1018.86 578.27
1018.74 578.75
1018.59 579.21
1018.44 579.67
1018.29 580.13
1018.17 580.61
1018.09 581.10
1018.04 581.60
1018.02 582.12
1018.01 582.64
1018.01 583.16
1018.00 583.69
1018.00 584.21
1018.00 584.73
1018.00 585.26
1017.99 585.78
1018.00 586.31
1018.00 586.83
1018.00 587.36
1018.00 587.88
1018.00 588.41
1018.00 588.93
1018.00 589.46
1018.00 589.98
1018.00 590.51
1018.00 591.03
1018.00 591.56
1018.00 592.08
1018.00 592.60
1018.00 593.13
1018.00 593.65
1017.99 594.18
1017.99 594.70
1017.97 595.22
1017.93 595.73
1017.86 596.22
1017.75 596.70
1017.61 597.17
1017.46 597.63
1017.31 598.09
1017.18 598.56
1017.10 599.05
1017.04 599.55
1017.01 600.07
1017.00 600.58
1016.98 601.10
1016.94 601.61
1016.88 602.11
1016.78 602.60
1016.65 603.06
1016.50 603.53
1016.34 603.99
1016.21 604.46
1016.11 604.94
1016.05 605.44
1016.02 605.95
1016.01 606.47
1016.01 607.00
1016.01 607.52
1016.01 608.04
1016.00 608.57
1016.00 609.09
1016.00 609.61
1015.99 610.14
1015.99 610.66
1015.99 611.19
1015.99 611.71
1015.99 612.24
1016.00 612.76
1016.00 613.29
1016.00 613.81
1016.00 614.34
1016.00 614.86
1016.00 615.39
1016.00 615.91
1016.00 616.44
1016.00 616.96
1016.00 617.49
1016.00 618.01
1016.00 618.54
1016.00 619.06
1016.00 619.59
1016.00 620.11
1016.00 620.63
1016.00 621.16
1016.00 621.68
1016.00 622.21
1016.00 622.73
1016.00 623.26
1016.00 623.78
1016.00 624.31
1016.00 624.83
1016.00 625.36
1016.00 625.88
1016.00 626.40
1016.00 626.93
1016.00 627.45
1016.00 627.98
1016.00 628.50
1016.00 629.03
1016.00 629.55
1016.00 630.08
1016.00 630.60
1016.00 631.13
1016.00 631.65
1016.00 632.18
1016.00 632.70
1016.00 633.23
1016.00 633.75
1016.00 634.28
1016.00 634.80
1016.00 635.32
1016.00 635.85
1016.00 636.37
1016.00 636.90
1016.00 637.42
1016.00 637.95
1016.00 638.47
1016.00 639.00
1015.99 639.52
1015.98 640.04
1015.95 640.55
1015.89 641.05
1015.79 641.53
1015.66 642.01
1015.51 642.47
1015.36 642.93
1015.22 643.40
1015.12 643.88
1015.06 644.38
1015.02 644.89
1015.01 645.41
1015.00 645.93
1015.00 646.45
1015.00 646.98
1015.00 647.50
1015.00 648.03
1015.00 648.55
1015.00 649.08
1015.00 649.60
1015.00 650.12
1015.00 650.65
1015.00 651.17
1015.00 651.70
1015.00 652.22
1015.00 652.75
1015.00 653.27
1015.00 653.80
1015.00 654.32
1015.00 654.85
1015.00 655.37
1015.00 655.90
1015.00 656.42
1015.00 656.94
1014.99 657.47
1014.98 657.99
1014.95 658.50
1014.90 659.00
1014.81 659.49
1014.68 659.96
1014.53 660.42
1014.37 660.88
1014.23 661.35
1014.13 661.83
1014.06 662.33
1014.02 662.84
1014.01 663.36
1014.00 663.88
1014.00 664.40
1014.00 664.93
1014.00 665.45
1014.00 665.98
1014.01 666.50
1014.01 667.03
1014.01 667.55
1014.01 668.08
1014.00 668.60
1014.00 669.13
1014.00 669.65
1014.00 670.17
1014.00 670.70
1014.00 671.22
1013.99 671.74
1013.99 672.27
1013.99 672.79
1013.99 673.32
1013.99 673.84
1013.99 674.37
1013.99 674.89
1014.00 675.42
1014.00 675.95
1014.00 676.47
1014.01 677.00
1014.00 677.52
1013.99 678.04
1013.96 678.55
1013.89 679.05
1013.79 679.53
1013.66 680.00
1013.50 680.46
1013.35 680.92
1013.22 681.39
1013.12 681.88
1013.06 682.37
1013.02 682.89
1013.01 683.40
1013.00 683.93
1013.00 684.45
1013.00 684.98
1013.00 685.50
1013.00 686.02
1013.00 686.55
1013.00 687.07
1013.00 687.60
1013.00 688.12
1013.00 688.65
1013.00 689.17
1013.00 689.70
1013.00 690.22
1013.00 690.75
1013.00 691.27
1013.00 691.80
1013.00 692.32
1013.00 692.84
1013.00 693.37
1013.00 693.89
1013.00 694.42
1013.00 694.94
1013.00 695.47
1013.00 695.99
1013.00 696.52
1013.00 697.04
1013.00 697.57
1013.00 698.09
1013.00 698.62
1013.00 699.14
1013.00 699.67
1013.00 700.19
1013.00 700.72
1013.00 701.24
1013.00 701.77
1013.00 702.29
1013.00 702.82
1013.00 703.34
1013.00 703.86
1013.00 704.39
1013.00 704.91
1013.00 705.44
1013.00 705.96
1013.00 706.49
1013.00 707.01
1013.00 707.54
1013.00 708.06
1011.18 734.59
1011.09 735.08
1011.04 735.58
1011.01 736.09
1011.00 736.61
1010.98 737.13
1010.94 737.64
1010.88 738.14
1010.77 738.62
1010.64 739.09
1010.49 739.55
1010.33 740.01
1010.20 740.48
1010.11 740.97
1010.05 741.47
1010.02 741.98
1010.01 742.50
1010.00 743.02
1010.00 743.54
1010.00 744.07
1010.00 744.59
1010.00 745.12
1009.99 745.64
1009.97 746.16
1009.94 746.67
1009.87 747.16
1009.77 747.65
1009.64 748.12
1009.48 748.58
1009.33 749.04
1009.19 749.51
1009.10 749.99
1009.05 750.49
1009.02 751.01
1009.01 751.53
1009.01 752.05
1009.01 752.58
1009.01 753.10
1009.00 753.62
1008.99 754.15
1008.99 754.67
1008.98 755.19
1008.98 755.72
1008.99 756.24
1008.99 756.77
1009.00 757.30
1009.00 757.82
1008.98 758.34
1008.93 758.84
1008.84 759.33
1008.72 759.80
1008.57 760.26
1008.41 760.72
1008.27 761.19
1008.15 761.67
1008.08 762.16
1008.03 762.66
1007.99 763.17
1007.94 763.68
1007.87 764.17
1007.76 764.65
1007.61 765.12
1007.43 765.57
1007.23 766.01
1007.02 766.45
1006.81 766.88
1006.59 767.32
1006.37 767.75
1006.15 768.18
1005.92 768.61
1005.67 769.03
1005.40 769.45
1005.12 769.85
1004.84 770.26
1004.57 770.68
1004.36 771.11
1004.20 771.57
1004.10 772.05
1004.04 772.56
1004.02 773.07
1004.01 773.59
1004.01 774.12
1004.01 774.64
1004.01 775.16
1004.00 775.69
1004.00 776.21
1003.99 776.73
1003.99 777.26
1003.99 777.78
1003.99 778.31
1003.99 778.83
1003.99 779.36
1004.00 779.88
1004.00 780.41
1004.00 780.93
1004.01 781.46
1004.01 781.99
1004.01 782.51
1004.01 783.04
1004.01 783.56
1004.01 784.09
1004.01 784.61
1004.01 785.14
1004.01 785.66
1004.01 786.18
1004.00 786.71
1004.00 787.23
1004.00 787.75
1004.00 788.28
1003.99 788.80
1003.99 789.32
1003.99 789.85
1003.99 790.37
1003.98 790.90
1003.98 791.42
1003.98 791.94
1003.98 792.47
1003.98 792.99
1003.99 793.52
1003.99 794.05
1004.00 794.57
1004.00 795.10
1004.01 795.63
1001.94 812.61
1001.88 813.11
1001.78 813.59
1001.66 814.06
1001.53 814.51
1001.42 814.95
1001.36 815.39
1001.38 815.83
1001.46 816.27
1001.59 816.72
1001.72 817.17
1001.84 817.65
1001.92 818.14
1001.97 818.64
1001.99 819.16
1001.99 819.68
1001.99 820.20
1001.99 820.73
1002.00 821.25
1002.00 821.78
1002.00 822.30
1002.00 822.82
1002.00 823.35
1002.00 823.87
1002.00 824.40
1001.99 824.92
1001.96 825.43
1001.91 825.93
1001.82 826.42
997.00 887.61
997.00 888.13
997.00 888.66
997.00 889.18
997.00 889.70
997.00 890.23
997.00 890.75
996.99 891.28
996.99 891.80
996.97 892.32
996.92 892.82
996.85 893.32
996.73 893.79
996.59 894.26
996.43 894.72
996.28 895.18
996.16 895.65
996.08 896.14
996.03 896.65
996.00 897.16
996.00 897.68
996.00 898.21
996.00 898.74
996.00 899.26
996.01 899.79
996.01 900.31
996.01 900.84
996.01 901.36
996.01 901.89
996.01 902.41
996.00 902.93
996.00 903.46
996.00 903.98
996.00 904.51
996.00 905.03
996.00 905.56
996.00 906.08
996.00 906.60
996.00 907.13
996.00 907.65
996.00 908.18
996.00 908.70
996.00 909.23
996.00 909.75
996.00 910.28
996.00 910.80
996.00 911.33
996.00 911.85
996.00 912.38
996.00 912.90
996.00 913.43
996.00 913.95
996.00 914.48
996.00 915.00
996.00 915.53
996.00 916.05
996.00 916.57
996.00 917.10
996.00 917.62
996.00 918.15
996.00 918.67
996.00 919.20
996.00 919.72
996.00 920.25
995.38 934.68
995.18 935.12
994.97 935.56
994.75 935.99
994.53 936.43
994.32 936.86
994.10 937.30
993.89 937.73
993.68 938.17
993.48 938.62
993.30 939.07
993.15 939.53
993.00 939.99
992.86 940.46
992.71 940.92
992.54 941.38
992.38 941.83
992.22 942.29
992.07 942.76
991.93 943.22
991.79 943.69
991.63 944.15
991.47 944.60
991.32 945.07
991.19 945.54
991.10 946.02
991.04 946.53
991.02 947.04
991.01 947.56
991.01 948.08
991.00 948.61
991.00 949.13
991.00 949.66
991.00 950.18
991.00 950.70
991.00 951.23
991.00 951.75
991.00 952.28
991.00 952.80
991.00 953.33
990.99 953.85
990.97 954.36
990.92 954.87
990.84 955.36
990.72 955.84
990.58 956.30
990.42 956.76
990.27 957.22
990.15 957.70
990.07 958.19
990.03 958.70
990.01 959.22
990.01 959.74
990.01 960.26
990.01 960.79
990.01 961.31
990.00 961.83
990.00 962.36
989.99 962.88
989.99 963.41
990.00 963.93
990.00 964.46
990.00 964.98
990.00 965.51
990.00 966.03
990.00 966.56
990.00 967.08
990.00 967.61
990.00 968.13
990.00 968.65
990.00 969.18
990.00 969.70
990.00 970.23
990.00 970.75
990.00 971.28
990.00 971.80
990.00 972.33
990.00 972.85
989.99 973.37
989.98 973.89
989.96 974.41
989.91 974.91
989.82 975.40
989.70 975.88
989.55 976.34
989.40 976.80
989.26 977.27
989.15 977.74
989.07 978.24
989.03 978.75
989.01 979.26
989.00 979.78
989.00 980.31
989.00 980.83
989.00 981.36
989.00 981.88
989.00 982.41
989.00 982.93
989.00 983.45
988.99 983.98
988.99 984.50
988.98 985.02
988.95 985.53
988.89 986.04
988.80 986.52
988.67 986.99
988.51 987.45
988.36 987.91
988.22 988.38
988.12 988.86
988.06 989.36
988.02 989.87
988.01 990.39
988.00 990.91
988.00 991.44
988.00 991.96
988.00 992.49
988.00 993.01
988.00 993.54
988.00 994.06
988.00 994.58
987.99 995.11
987.99 995.63
987.97 996.15
987.94 996.66
987.87 997.15
987.77 997.64
987.63 998.10
987.47 998.56
987.32 999.02
987.19 999.50
987.10 999.98
987.04 1000.48
987.02 1001.00
987.00 1001.52
987.00 1002.04
987.00 1002.57
987.01 1003.09
987.01 1003.62
987.01 1004.14
987.00 1004.66
987.00 1005.19
986.99 1005.71
986.99 1006.23
986.99 1006.76
986.99 1007.28
986.99 1007.81
986.97 1008.32
986.93 1008.83
986.84 1009.32
986.72 1009.80
986.57 1010.26
986.42 1010.72
986.27 1011.18
986.16 1011.66
986.08 1012.15
986.04 1012.66
986.01 1013.17
986.00 1013.70
986.00 1014.22
986.00 1014.74
986.00 1015.27
986.00 1015.79
985.99 1016.31
985.99 1016.84
985.96 1017.35
985.92 1017.86
985.84 1018.35
985.72 1018.82
985.57 1019.29
985.42 1019.75
985.27 1020.21
985.16 1020.69
985.08 1021.18
985.03 1021.69
985.01 1022.20
985.01 1022.73
985.00 1023.25
985.00 1023.77
985.00 1024.30
985.00 1024.82
985.00 1025.35
985.00 1025.87
984.99 1026.39
984.98 1026.91
984.96 1027.43
984.91 1027.93
984.82 1028.42
984.70 1028.89
984.55 1029.36
984.39 1029.82
984.25 1030.28
984.14 1030.76
984.07 1031.26
984.03 1031.77
984.01 1032.28
984.00 1032.80
984.00 1033.32
983.99 1033.85
983.96 1034.36
983.91 1034.87
983.83 1035.36
983.71 1035.83
983.56 1036.29
983.40 1036.75
983.24 1037.21
983.09 1037.67
982.96 1038.14
982.81 1038.61
982.66 1039.07
982.50 1039.53
982.34 1039.99
982.21 1040.45
982.11 1040.94
982.05 1041.44
982.00 1041.94
981.96 1042.45
981.91 1042.95
981.82 1043.44
981.69 1043.91
981.54 1044.38
981.39 1044.84
981.25 1045.30
981.14 1045.78
981.07 1046.28
981.03 1046.79
981.01 1047.30
981.00 1047.83
981.00 1048.35
981.00 1048.87
981.00 1049.40
981.00 1049.92
981.00 1050.45
981.00 1050.97
981.00 1051.50
981.00 1052.02
981.00 1052.55
981.00 1053.07
981.00 1053.59
981.00 1054.12
980.99 1054.64
980.97 1055.16
980.94 1055.67
980.87 1056.17
980.77 1056.65
980.63 1057.12
980.48 1057.58
980.33 1058.04
980.20 1058.51
980.10 1059.00
980.05 1059.50
980.02 1060.01
980.01 1060.53
980.00 1061.05
980.00 1061.58
980.00 1062.10
980.00 1062.62
979.99 1063.15
979.99 1063.67
979.97 1064.19
979.94 1064.70
979.87 1065.19
979.76 1065.68
979.62 1066.14
979.47 1066.60
979.31 1067.06
979.19 1067.54
979.09 1068.02
979.04 1068.52
979.01 1069.04
979.00 1069.56
979.00 1070.08
979.01 1070.61
979.01 1071.13
979.01 1071.66
979.01 1072.18
979.00 1072.71
979.00 1073.23
978.99 1073.75
978.99 1074.27
978.99 1074.80
978.99 1075.32
978.99 1075.85
978.97 1076.36
978.92 1076.87
978.84 1077.36
978.71 1077.83
978.56 1078.29
978.41 1078.75
978.26 1079.22
978.15 1079.70
978.07 1080.19
978.02 1080.69
977.98 1081.20
977.94 1081.71
977.87 1082.20
977.76 1082.68
977.62 1083.15
977.47 1083.61
977.31 1084.07
977.19 1084.55
977.10 1085.03
977.04 1085.54
977.01 1086.05
977.00 1086.57
976.98 1087.08
976.95 1087.59
976.88 1088.09
976.78 1088.58
976.65 1089.05
976.49 1089.51
976.34 1089.97
976.21 1090.44
976.11 1090.92
976.05 1091.42
976.02 1091.93
976.01 1092.45
976.00 1092.97
976.00 1093.50
976.00 1094.02
976.00 1094.55
976.00 1095.07
976.00 1095.60
976.00 1096.12
975.99 1096.64
975.98 1097.16
975.94 1097.67
975.87 1098.17
975.77 1098.65
975.63 1099.12
975.48 1099.58
975.33 1100.04
975.20 1100.51
975.10 1101.00
975.05 1101.50
975.02 1102.01
975.01 1102.53
975.00 1103.05
975.00 1103.58
975.00 1104.10
974.99 1104.62
974.97 1105.14
974.94 1105.65
974.87 1106.15
974.77 1106.63
974.63 1107.10
974.48 1107.56
974.33 1108.02
974.20 1108.49
974.11 1108.98
974.05 1109.48
974.02 1109.99
974.01 1110.51
974.00 1111.03
974.00 1111.56
974.00 1112.08
974.00 1112.61
974.00 1113.13
974.00 1113.65
974.00 1114.18
974.00 1114.71
974.00 1115.23
974.00 1115.76
974.01 1116.28
974.01 1116.81
974.00 1117.33
974.00 1117.85
974.00 1118.38
973.99 1118.90
973.99 1119.42
973.99 1119.95
973.99 1120.47
973.98 1121.00
973.96 1121.51
973.90 1122.01
973.81 1122.50
973.67 1122.97
973.52 1123.43
973.36 1123.89
973.23 1124.35
973.13 1124.84
973.06 1125.33
973.03 1125.85
973.01 1126.36
973.01 1126.89
973.00 1127.41
973.00 1127.93
973.00 1128.46
972.99 1128.98
972.99 1129.50
972.98 1130.02
972.95 1130.54
972.89 1131.04
972.79 1131.52
972.66 1131.99
972.51 1132.45
972.35 1132.91
972.19 1133.37
972.05 1133.83
971.90 1134.30
971.72 1134.75
971.51 1135.19
971.26 1135.61
970.99 1136.02
970.71 1136.43
970.47 1136.85
970.26 1137.29
970.09 1137.75
969.94 1138.21
969.80 1138.67
969.65 1139.14
969.48 1139.59
969.33 1140.05
969.19 1140.52
969.10 1141.01
969.04 1141.51
969.02 1142.02
969.01 1142.55
969.01 1143.07
969.01 1143.59
969.00 1144.12
969.00 1144.64
968.99 1145.16
968.99 1145.69
968.99 1146.21
969.00 1146.74
969.00 1147.26
969.00 1147.79
969.00 1148.31
969.00 1148.84
969.00 1149.36
969.00 1149.89
969.00 1150.41
969.00 1150.94
969.00 1151.46
969.00 1151.98
969.00 1152.51
969.00 1153.03
969.00 1153.56
969.00 1154.08
969.00 1154.61
969.00 1155.13
969.00 1155.66
969.00 1156.18
969.00 1156.71
969.00 1157.23
969.00 1157.76
969.00 1158.28
969.00 1158.81
969.00 1159.33
969.00 1159.85
968.99 1160.38
968.98 1160.90
968.96 1161.41
968.91 1161.92
968.82 1162.41
968.70 1162.88
968.55 1163.34
968.40 1163.80
968.25 1164.27
968.14 1164.75
968.07 1165.24
968.02 1165.74
967.98 1166.25
967.93 1166.76
967.86 1167.25
967.74 1167.73
967.60 1168.19
967.44 1168.65
967.29 1169.12
967.17 1169.59
967.09 1170.08
967.04 1170.59
967.01 1171.10
967.00 1171.62
966.98 1172.13
966.94 1172.64
966.88 1173.14
966.77 1173.62
966.64 1174.09
966.48 1174.55
966.33 1175.01
966.20 1175.48
966.11 1175.97
966.05 1176.47
966.02 1176.98
966.01 1177.50
966.01 1178.03
966.01 1178.55
966.01 1179.08
966.00 1179.60
966.00 1180.12
966.00 1180.65
966.00 1181.17
965.99 1181.70
965.99 1182.22
965.99 1182.74
965.99 1183.27
966.00 1183.80
966.00 1184.32
965.99 1184.84
965.97 1185.36
965.92 1185.86
965.84 1186.35
965.72 1186.83
965.57 1187.29
965.41 1187.75
965.27 1188.21
965.15 1188.69
965.08 1189.19
965.03 1189.69
965.01 1190.21
965.00 1190.73
965.00 1191.25
965.00 1191.78
965.00 1192.30
965.00 1192.83
965.00 1193.35
965.00 1193.88
965.00 1194.40
962.00 1223.59
962.00 1224.11
961.99 1224.63
961.97 1225.15
961.94 1225.66
961.87 1226.16
961.77 1226.64
961.63 1227.11
961.48 1227.57
961.32 1228.03
961.20 1228.50
961.10 1228.99
961.05 1229.49
961.02 1230.00
961.01 1230.52
961.00 1231.04
961.00 1231.57
959.02 1244.91
958.99 1245.95
958.96 1246.46
958.90 1246.97
958.82 1247.45
958.69 1247.93
958.54 1248.39
958.38 1248.85
958.24 1249.31
958.13 1249.79
958.04 1250.28
957.96 1250.77
957.86 1251.26
957.75 1251.73
957.60 1252.20
957.44 1252.66
957.29 1253.12
957.17 1253.59
957.09 1254.08
957.03 1254.58
956.99 1255.09
956.95 1255.60
956.89 1256.10
956.79 1256.58
956.65 1257.05
956.50 1257.51
956.34 1257.97
956.21 1258.44
956.11 1258.93
956.05 1259.43
956.02 1259.94
956.01 1260.46
956.01 1260.98
956.00 1261.50
956.00 1262.03
956.00 1262.55
956.00 1263.08
956.00 1263.60
956.00 1264.12
956.00 1264.65
956.00 1265.17
955.75 1267.70
955.61 1268.16
955.46 1268.62
955.31 1269.09
955.18 1269.56
955.10 1270.05
955.04 1270.55
955.02 1271.06
955.01 1271.58
955.00 1272.11
955.00 1272.63
955.00 1273.15
954.99 1273.68
954.97 1274.19
954.93 1274.70
954.86 1275.20
954.76 1275.68
954.62 1276.15
954.46 1276.61
954.31 1277.07
954.19 1277.54
954.10 1278.03
954.04 1278.53
954.00 1279.04
953.96 1279.54
953.89 1280.04
953.80 1280.53
953.67 1281.00
953.51 1281.46
953.36 1281.92
953.22 1282.39
953.12 1282.87
953.06 1283.37
953.02 1283.88
953.01 1284.40
953.00 1284.92
953.00 1285.44
953.00 1285.97
953.00 1286.49
952.99 1287.02
952.99 1287.54
952.98 1288.06
952.95 1288.57
952.89 1289.07
952.79 1289.55
952.66 1290.02
952.50 1290.48
952.35 1290.95
952.21 1291.41
952.12 1291.90
952.05 1292.40
952.02 1292.91
952.00 1293.43
951.99 1293.94
951.54 1296.38
951.38 1296.84
951.24 1297.31
951.14 1297.79
951.07 1298.28
951.03 1298.79
946.17 1335.61
946.09 1336.10
946.04 1336.60
946.01 1337.12
946.00 1337.63
945.98 1338.15
945.94 1338.66
945.87 1339.16
945.77 1339.64
945.64 1340.11
945.48 1340.57
945.33 1341.03
945.20 1341.50
945.11 1341.99
945.05 1342.49
945.02 1343.00
945.00 1343.52
944.98 1344.03
944.95 1344.55
944.89 1345.05
944.80 1345.53
944.67 1346.00
944.51 1346.46
944.36 1346.92
944.22 1347.39
944.12 1347.87
944.05 1348.37
944.01 1348.88
943.97 1349.39
943.92 1349.89
943.83 1350.38
943.71 1350.85
943.56 1351.31
943.40 1351.77
943.24 1352.23
943.09 1352.69
942.95 1353.16
942.78 1353.62
942.58 1354.06
942.34 1354.48
942.04 1354.88
941.71 1355.27
941.36 1355.65
941.03 1356.04
940.72 1356.44
940.46 1356.85
940.25 1357.29
940.09 1357.75
939.94 1358.21
939.80 1358.68
939.64 1359.14
939.48 1359.59
939.32 1360.05
939.19 1360.52
939.10 1361.01
939.05 1361.51
939.02 1362.03
939.01 1362.55
939.00 1363.07
939.00 1363.59
938.99 1364.11
938.99 1364.64
938.97 1365.16
938.94 1365.67
938.87 1366.16
938.77 1366.64
938.63 1367.11
938.47 1367.57
938.32 1368.03
938.19 1368.50
938.10 1368.99
938.05 1369.49
938.02 1370.01
938.01 1370.53
938.00 1371.05
937.99 1371.57
937.98 1372.09
937.94 1372.60
937.88 1373.10
937.79 1373.58
937.65 1374.05
937.50 1374.51
937.34 1374.97
937.21 1375.44
937.11 1375.93
937.05 1376.42
937.01 1376.94
937.00 1377.46
937.00 1377.98
937.00 1378.50
937.01 1379.03
937.01 1379.56
937.01 1380.08
937.01 1380.60
937.00 1381.13
937.00 1381.65
937.00 1382.18
937.00 1382.70
937.00 1383.22
937.00 1383.75
937.00 1384.27
937.00 1384.80
937.00 1385.32
937.00 1385.85
937.00 1386.37
937.00 1386.90
937.00 1387.42
937.00 1387.95
937.00 1388.47
937.00 1389.00
937.00 1389.52
937.00 1390.05
937.00 1390.57
937.00 1391.10
937.00 1391.62
937.00 1392.14
937.00 1392.67
936.99 1393.19
936.99 1393.71
936.97 1394.23
936.93 1394.74
936.86 1395.23
936.75 1395.71
936.60 1396.18
936.44 1396.64
936.28 1397.09
936.13 1397.56
935.99 1398.02
935.85 1398.49
935.70 1398.95
935.54 1399.41
935.38 1399.87
935.24 1400.34
935.13 1400.82
935.06 1401.31
935.03 1401.82
935.01 1402.34
935.00 1402.86
935.00 1403.38
935.00 1403.91
935.00 1404.43
935.00 1404.96
929.13 1447.65
928.97 1448.11
928.82 1448.57
928.66 1449.03
928.48 1449.48
928.28 1449.92
928.08 1450.36
927.87 1450.80
927.66 1451.24
927.47 1451.68
927.31 1452.14
927.18 1452.61
927.11 1453.09
927.09 1453.58
1439.93 172.23
1439.97 172.74
1439.99 173.26
1439.99 173.78
1439.99 174.31
1439.99 174.83
1440.00 175.36
1440.00 175.88
1440.01 176.40
1440.02 176.92
1440.05 177.44
1440.10 177.94
1440.17 178.43
1440.27 178.89
1440.36 179.32
1440.44 179.73
1440.48 180.13
1440.50 180.51
1440.52 180.90
1440.57 181.29
1440.64 181.70
1440.74 182.14
1440.83 182.60
1440.91 183.09
1440.96 183.59
1440.98 184.11
1440.99 184.63
1441.00 185.15
1441.00 185.68
1441.00 186.20
1441.00 186.73
1441.00 187.25
1441.00 187.78
1441.01 188.30
1441.02 188.82
1441.04 189.34
1441.08 189.85
1441.16 190.34
1441.27 190.81
1441.40 191.27
1441.53 191.72
1441.62 192.16
1441.65 192.59
1441.63 193.02
1441.59 193.43
1441.56 193.84
1441.58 194.24
1441.64 194.66
1441.73 195.10
1441.83 195.55
1441.90 196.04
1441.95 196.54
1441.98 197.06
1441.99 197.58
1442.00 198.10
1442.00 198.63
1442.00 199.15
1442.00 199.68
1442.00 200.20
1442.00 200.73
1442.00 201.25
1442.00 201.78
1442.00 202.30
1442.00 202.83
1442.01 203.35
1442.02 203.87
1442.04 204.39
1442.09 204.89
1442.17 205.38
1442.28 205.86
1442.42 206.32
1442.54 206.76
1442.62 207.20
1442.65 207.63
1442.63 208.06
1442.59 208.47
1442.56 208.88
1442.58 209.28
1442.65 209.70
1442.74 210.14
1442.83 210.60
1442.91 211.09
1442.96 211.59
1442.98 212.10
1442.99 212.63
1443.00 213.15
1443.00 213.67
1443.00 214.20
1443.01 214.72
1443.03 215.24
1443.07 215.75
1443.14 216.24
1443.25 216.73
1443.39 217.19
1443.54 217.65
1443.70 218.12
1443.82 218.59
1443.91 219.08
1443.96 219.58
1443.99 220.10
1443.99 220.62
1443.99 221.15
1443.99 221.67
1443.99 222.20
1443.99 222.72
1444.00 223.25
1444.00 223.77
1444.01 224.30
1444.01 224.82
1444.01 225.35
1444.01 225.87
1444.01 226.40
1444.01 226.92
1444.00 227.45
1444.00 227.98
1444.00 228.50
1444.00 229.03
1444.00 229.56
1443.99 230.08
1443.99 230.61
1444.00 231.13
1444.00 231.66
1444.00 232.18
1444.00 232.71
1444.00 233.23
1444.00 233.76
1444.00 234.28
1444.00 234.81
1444.00 235.33
1444.00 235.86
1444.00 236.38
1444.00 236.91
1444.00 237.44
1444.00 237.96
1444.00 238.49
1444.00 239.01
1444.01 239.54
1444.02 240.06
1444.05 240.57
1444.11 241.07
1444.20 241.56
1444.33 242.03
1444.48 242.49
1444.64 242.95
1444.77 243.42
1444.88 243.90
1444.95 244.40
1444.99 244.91
1445.01 245.43
1445.01 245.95
1445.01 246.48
1445.01 247.00
1445.01 247.53
1445.00 248.06
1445.00 248.58
1445.00 249.11
1445.00 249.64
1445.00 250.16
1444.99 250.69
1444.99 251.22
1444.99 251.74
1444.99 252.27
1444.99 252.79
1444.99 253.32
1444.99 253.84
1444.99 254.37
1444.99 254.90
1444.99 255.42
1444.99 255.95
1444.99 256.47
1445.00 257.00
1445.00 257.52
1445.00 258.05
1445.00 258.57
1445.00 259.10
1445.00 259.62
1445.00 260.15
1445.00 260.67
1445.01 261.20
1445.01 261.72
1445.01 262.25
1445.01 262.77
1445.01 263.30
1445.01 263.82
1445.01 264.35
1445.01 264.87
1445.01 265.40
1445.01 265.93
1445.01 266.45
1445.01 266.98
1445.00 267.50
1445.00 268.03
1445.00 268.56
1445.00 269.08
1444.99 269.61
1444.99 270.14
1444.99 270.66
1444.99 271.19
1444.99 271.71
1445.02 272.23
1445.06 272.73
1445.14 273.23
1445.26 273.71
1445.40 274.17
1445.56 274.63
1445.71 275.10
1445.83 275.57
1445.91 276.06
1445.96 276.57
1445.98 277.08
1445.99 277.61
1446.00 278.13
1446.00 278.65
1446.00 279.18
1446.00 279.71
1446.00 280.23
1446.00 280.76
1446.00 281.28
1446.00 281.81
1446.00 282.33
1446.00 282.86
1446.00 283.38
1446.00 283.91
1446.00 284.44
1446.00 284.96
1446.00 285.49
1446.00 286.01
1446.00 286.54
1446.00 287.06
1446.00 287.59
1446.00 288.12
1446.00 288.64
1446.00 289.17
1446.00 289.69
1446.00 290.22
1446.00 290.74
1446.00 291.27
1446.00 291.79
1446.00 292.32
1446.00 292.84
1446.00 293.37
1446.00 293.90
1446.00 294.42
1446.00 294.95
1446.00 295.47
1446.00 296.00
1446.00 296.52
1446.00 297.05
1446.00 297.57
1446.00 298.10
1446.00 298.62
1446.00 299.15
1446.00 299.68
1446.00 300.20
1446.00 300.73
1446.00 301.25
1446.00 301.78
1446.00 302.31
1445.99 302.83
1445.99 303.36
1445.99 303.89
1445.99 304.41
1445.99 304.94
1446.00 305.46
1446.00 305.98
1446.01 306.51
1446.01 307.03
1446.01 307.56
1446.01 308.08
1446.01 308.61
1446.02 309.13
1446.06 309.64
1446.12 310.14
1446.23 310.62
1446.37 311.09
1446.53 311.55
1446.68 312.01
1446.80 312.48
1446.90 312.97
1446.95 313.47
1446.98 313.99
1446.99 314.51
1447.00 315.03
1447.00 315.56
1447.00 316.08
1447.00 316.61
1447.00 317.13
1447.00 317.66
1447.00 318.18
1447.00 318.71
1447.00 319.23
1447.00 319.76
1447.00 320.29
1447.00 320.81
1447.00 321.34
1447.00 321.86
1447.00 322.39
1447.00 322.91
1447.00 323.44
1447.00 323.96
1447.00 324.49
1447.00 325.02
1447.00 325.54
1447.00 326.07
1447.00 326.59
1447.00 327.12
1447.00 327.64
1447.00 328.17
1447.00 328.69
1447.00 329.22
1447.00 329.75
1447.00 330.27
1447.00 330.80
1447.00 331.32
1447.00 331.85
1447.00 332.37
1447.00 332.90
1447.00 333.42
1447.00 333.95
1447.00 334.48
1447.00 335.00
1447.00 335.53
1447.00 336.05
1447.00 336.58
1447.00 337.10
1447.00 337.63
1447.00 338.16
1447.00 338.68
1447.00 339.21
1447.00 339.73
1447.00 340.26
1447.00 340.78
1447.00 341.31
1447.00 341.83
1447.00 342.36
1447.00 342.89
1447.00 343.41
1447.00 343.94
1447.00 344.46
1447.00 344.99
1447.00 345.51
1447.00 346.04
1447.00 346.56
1447.00 347.09
1447.00 347.62
1447.00 348.14
1447.00 348.67
1447.00 349.19
1447.00 349.72
1447.00 350.24
1447.00 350.77
1447.00 351.29
1447.01 351.81
1447.04 352.33
1447.08 352.84
1447.16 353.33
1447.27 353.81
1447.42 354.28
1447.57 354.74
1447.72 355.20
1447.84 355.68
1447.92 356.17
1447.97 356.68
1447.98 357.19
1447.99 357.72
1447.99 358.24
1447.99 358.76
1448.00 359.29
1448.00 359.81
1448.01 360.34
1448.01 360.87
1448.00 361.39
1448.00 361.92
1448.00 362.44
1447.99 362.97
1447.99 363.49
1447.99 364.02
1447.99 364.54
1447.98 365.06
1447.95 365.57
1447.89 366.07
1447.79 366.56
1447.66 367.03
1447.50 367.49
1447.35 367.95
1447.21 368.42
1447.12 368.91
1447.05 369.41
1447.02 369.92
1447.01 370.44
1447.00 370.96
1447.00 371.49
1447.00 372.01
1447.00 372.54
1447.00 373.07
1447.00 373.59
1447.00 374.12
1447.00 374.64
1447.00 375.17
1447.00 375.69
1447.00 376.22
1447.00 376.74
1447.00 377.27
1447.00 377.80
1447.00 378.32
1447.00 378.85
1447.00 379.37
1447.00 379.90
1447.00 380.42
1447.00 380.95
1447.00 381.47
1447.00 382.00
1447.00 382.53
1447.00 383.05
1447.00 383.58
1447.00 384.10
1447.00 384.63
1447.00 385.15
1447.00 385.68
1447.00 386.20
1447.00 386.73
1447.00 387.26
1447.00 387.78
1447.00 388.31
1447.00 388.83
1447.00 389.36
1447.00 389.88
1447.00 390.41
1447.00 390.94
1447.00 391.46
1447.00 391.99
1447.00 392.51
1447.00 393.04
1447.00 393.56
1447.00 394.09
1447.00 394.61
1447.00 395.14
1447.00 395.67
1447.00 396.19
1447.00 396.72
1447.00 397.24
1447.00 397.77
1447.00 398.29
1447.00 398.82
1447.00 399.34
1447.00 399.87
1447.00 400.40
1447.00 400.92
1447.00 401.45
1447.00 401.97
1447.00 402.50
1447.00 403.02
1447.00 403.55
1447.00 404.07
1447.00 404.60
1447.00 405.13
1447.00 405.65
1447.00 406.18
1447.00 406.70
1447.00 407.23
1447.00 407.75
1447.00 408.28
1447.00 408.80
1447.00 409.33
1447.00 409.85
1447.00 410.38
1447.00 410.91
1447.00 411.43
1447.00 411.96
1447.00 412.48
1447.00 413.01
1447.00 413.53
1447.00 414.06
1447.00 414.59
1447.00 415.11
1447.00 415.64
1447.00 416.16
1447.00 416.69
1447.00 417.21
1447.00 417.74
1447.00 418.26
1447.00 418.79
1447.00 419.32
1447.00 419.84
1447.00 420.37
1447.00 420.89
1447.00 421.42
1447.00 421.94
1447.00 422.47
1447.00 423.00
1447.00 423.52
1447.00 424.05
1447.00 424.57
1447.00 425.10
1447.00 425.62
1447.00 426.15
1447.00 426.68
1447.00 427.20
1447.00 427.73
1447.00 428.25
1447.00 428.78
1447.00 429.30
1447.00 429.83
1447.00 430.35
1447.00 430.88
1447.00 431.41
1447.00 431.93
1447.00 432.46
1447.00 432.98
1447.00 433.51
1447.00 434.03
1447.00 434.56
1447.00 435.08
1447.00 435.61
1447.00 436.13
1447.00 436.66
1447.00 437.18
1447.00 437.71
1447.00 438.23
1447.00 438.76
1446.99 439.29
1446.99 439.81
1446.99 440.34
1446.99 440.86
1446.99 441.39
1446.99 441.91
1446.99 442.44
1446.99 442.96
1446.99 443.49
1446.99 444.02
1446.99 444.54
1447.00 445.07
1447.00 445.59
1447.00 446.12
1447.00 446.65
1447.01 447.17
1447.01 447.70
1447.01 448.23
1447.01 448.75
1447.01 449.28
1447.00 449.80
1446.98 450.31
1446.92 450.82
1446.84 451.31
1446.72 451.78
1446.57 452.25
1446.41 452.71
1446.27 453.18
1446.16 453.65
1446.08 454.15
1446.04 454.66
1446.01 455.17
1446.01 455.69
1446.00 456.22
1446.00 456.74
1446.00 457.27
1446.00 457.79
1446.00 458.32
1446.00 458.84
1446.00 459.37
1446.00 459.90
1446.00 460.42
1446.00 460.95
1446.00 461.47
1446.00 462.00
1446.00 462.52
1446.00 463.05
1446.00 463.58
1446.00 464.10
1446.00 464.63
1446.00 465.15
1446.00 465.68
1446.00 466.20
1446.00 466.73
1446.00 467.26
1446.00 467.78
1446.00 468.31
1446.00 468.83
1446.00 469.36
1446.00 469.88
1446.00 470.41
1446.00 470.93
1446.00 471.46
1446.00 471.98
1446.00 472.51
1446.00 473.03
1446.00 473.56
1446.00 474.09
1446.00 474.61
1446.00 475.14
1446.00 475.66
1446.00 476.19
1446.00 476.71
1446.00 477.24
1446.00 477.77
1446.00 478.29
1446.00 478.82
1446.00 479.34
1446.01 479.87
1446.01 480.40
1446.01 480.92
1446.01 481.45
1446.00 481.97
1446.00 482.50
1445.99 483.02
1445.99 483.54
1445.99 484.07
1445.99 484.59
1445.98 485.11
1445.94 485.63
1445.88 486.13
1445.78 486.61
1445.64 487.08
1445.48 487.54
1445.33 488.00
1445.20 488.47
1445.10 488.96
1445.04 489.46
1445.01 489.97
1445.00 490.49
1445.00 491.02
1445.00 491.54
1445.00 492.07
1445.01 492.60
1445.01 493.12
1445.01 493.65
1445.01 494.17
1445.01 494.70
1445.00 495.22
1445.00 495.75
1445.00 496.27
1445.00 496.80
1445.00 497.32
1445.00 497.85
1445.00 498.37
1445.00 498.90
1445.00 499.42
1445.00 499.95
1445.00 500.48
1445.00 501.00
1445.00 501.53
1445.00 502.05
1445.00 502.58
1445.00 503.10
1445.00 503.63
1445.00 504.16
1445.00 504.68
1445.00 505.21
1445.00 505.73
1445.00 506.26
1445.00 506.78
1445.00 507.31
1445.00 507.84
1445.00 508.36
1445.00 508.89
1445.00 509.41
1445.00 509.94
1445.00 510.46
1445.00 510.99
1445.00 511.51
1445.00 512.04
1444.99 512.56
1444.98 513.08
1444.94 513.59
1444.88 514.09
1444.78 514.58
1444.65 515.05
1444.50 515.51
1444.34 515.97
1444.21 516.44
1444.11 516.93
1444.05 517.43
1444.02 517.94
1444.01 518.46
1444.00 518.98
1444.00 519.51
1444.00 520.03
1444.00 520.56
1444.00 521.09
1444.00 521.61
1444.00 522.14
1444.00 522.66
1444.00 523.19
1444.00 523.71
1444.00 524.24
1444.00 524.77
1444.00 525.29
1444.00 525.82
1444.00 526.34
1444.00 526.87
1444.00 527.39
1444.00 527.92
1444.00 528.44
1444.00 528.97
1444.00 529.49
1444.00 530.02
1444.00 530.55
1444.00 531.07
1444.00 531.60
1444.00 532.12
1444.00 532.65
1444.00 533.17
1444.00 533.70
1444.00 534.22
1444.00 534.75
1444.00 535.27
1444.00 535.80
1444.00 536.33
1444.00 536.85
1444.00 537.38
1444.00 537.90
1444.00 538.43
1444.01 538.96
1444.01 539.48
1444.01 540.01
1444.01 540.53
1444.00 541.06
1444.00 541.58
1443.99 542.11
1443.99 542.63
1443.99 543.16
1443.99 543.68
1443.97 544.20
1443.94 544.71
1443.87 545.21
1443.76 545.69
1443.61 546.15
1443.46 546.61
1443.31 547.08
1443.18 547.55
1443.09 548.04
1443.04 548.54
1443.01 549.06
1443.00 549.58
1443.00 550.10
1443.00 550.63
1443.00 551.16
1443.01 551.68
1443.01 552.21
1443.01 552.73
1443.00 553.26
1443.00 553.78
1443.00 554.31
1443.00 554.83
1443.00 555.36
1443.00 555.88
1443.00 556.41
1443.00 556.93
1443.00 557.46
1443.00 557.99
1443.00 558.51
1443.00 559.04
1443.00 559.56
1443.00 560.09
1443.00 560.62
1443.00 561.14
1443.00 561.67
1443.00 562.19
1443.00 562.72
1443.00 563.24
1443.00 563.77
1443.00 564.29
1443.00 564.82
1443.00 565.34
1443.00 565.87
1442.99 566.39
1442.98 566.91
1442.96 567.43
1442.91 567.93
1442.82 568.42
1442.70 568.90
1442.55 569.36
1442.40 569.82
1442.28 570.28
1442.21 570.74
1442.20 571.21
1442.25 571.67
1442.32 572.11
1442.40 572.53
1442.43 572.94
1442.41 573.35
1442.34 573.77
1442.24 574.22
1442.15 574.68
1442.08 575.17
1442.04 575.68
1442.01 576.20
1442.01 576.72
1442.00 577.24
1442.00 577.77
1442.00 578.29
1442.00 578.82
1442.00 579.34
1442.00 579.87
1442.00 580.39
1442.00 580.92
1442.00 581.45
1442.00 581.97
1442.00 582.50
1442.00 583.02
1442.00 583.55
1442.00 584.07
1442.00 584.60
1442.00 585.12
1442.00 585.65
1442.00 586.18
1442.00 586.70
1442.00 587.23
1442.00 587.75
1442.00 588.28
1442.00 588.80
1442.00 589.33
1442.00 589.85
1442.00 590.91
1442.00 591.43
1442.00 591.96
1442.00 592.48
1442.00 593.01
1442.00 593.53
1442.00 594.06
1442.00 594.59
1442.00 595.11
1442.00 595.64
1442.00 596.16
1442.00 596.69
1441.70 603.92
1441.55 604.39
1441.39 604.85
1441.25 605.31
1441.13 605.79
1441.06 606.28
1441.02 606.79
1441.01 607.31
1441.01 607.84
1441.01 608.37
1441.01 608.89
1441.01 609.42
1441.01 609.94
1441.00 610.46
1441.00 613.62
1441.00 614.67
1441.01 615.20
1441.00 615.72
1441.00 616.25
1441.00 616.77
1441.00 617.30
1440.71 620.85
1440.56 621.32
1440.40 621.78
1440.26 622.25
1440.15 622.73
1440.07 623.22
1440.03 623.73
1440.01 624.25
1440.00 624.77
1440.00 625.29
1440.00 625.82
1440.00 626.34
1440.00 626.87
1440.00 627.39
1440.00 627.92
1439.99 628.44
1439.98 628.96
1439.96 629.48
1439.90 629.98
1439.81 630.47
1439.69 630.94
1439.54 631.41
1439.38 631.87
1439.24 632.33
1439.13 632.81
1439.06 633.31
1439.02 633.82
1439.01 634.34
1439.01 634.87
1439.01 635.39
1439.01 635.92
1439.01 636.44
1439.00 636.97
1439.00 637.49
1438.99 638.01
1438.99 638.54
1438.99 639.06
1439.00 639.59
1439.00 640.12
1439.00 640.64
1439.00 641.17
1439.00 641.70
1439.00 642.22
1438.99 642.74
1438.97 643.26
1438.93 643.77
1438.85 644.26
1438.74 644.74
1438.60 645.21
1438.44 645.67
1438.29 646.13
1438.18 646.61
1438.09 647.10
1438.04 647.61
1438.02 648.12
1438.00 648.64
1438.00 649.16
1437.99 649.69
1437.99 650.21
1437.99 650.74
1437.97 651.26
1437.93 651.76
1437.86 652.26
1437.74 652.74
1437.59 653.20
1437.44 653.66
1437.29 654.13
1437.17 654.60
1437.09 655.09
1437.04 655.60
1437.01 656.11
1437.01 656.64
1437.00 657.16
1437.00 657.69
1437.00 658.21
1437.00 658.74
1437.00 659.26
1437.00 659.79
1437.00 660.31
1437.00 660.84
1437.00 661.36
1437.00 661.89
1437.00 662.41
1437.00 662.94
1437.00 663.47
1437.00 663.99
1437.00 664.52
1437.00 665.04
1437.00 665.57
1437.00 666.09
1437.00 666.62
1437.00 667.14
1437.00 667.67
1437.00 668.20
1437.00 668.72
1437.00 669.25
1437.00 669.77
1437.00 670.30
1437.00 670.82
1437.00 671.35
1437.00 671.88
1437.00 672.40
1437.00 672.93
1437.00 673.45
1437.00 673.98
1437.00 674.50
1437.00 675.03
1437.00 675.56
1437.00 676.08
1437.00 676.61
1437.00 677.13
1437.00 677.66
1437.00 678.18
1437.00 678.71
1437.00 679.23
1437.00 679.76
1437.00 680.28
1437.00 680.81
1436.99 681.33
1436.99 681.86
1436.96 682.37
1436.92 682.88
1436.83 683.37
1436.72 683.85
1436.57 684.31
1436.41 684.77
1436.27 685.24
1436.15 685.71
1436.08 686.21
1436.03 686.72
1436.01 687.23
1435.99 687.75
1435.97 688.27
1435.93 688.77
1435.85 689.27
1435.74 689.75
1435.60 690.22
1435.44 690.68
1435.29 691.14
1435.17 691.61
1435.09 692.11
1435.04 692.61
1435.02 693.13
1435.01 693.65
1435.01 694.17
1435.01 694.70
1435.00 695.23
1435.00 695.75
1435.00 696.27
1435.00 696.80
1434.99 697.32
1434.99 697.85
1434.99 698.37
1434.98 698.90
1434.96 699.41
1434.91 699.92
1434.83 700.41
1434.71 700.88
1434.56 701.35
1434.40 701.81
1434.25 702.27
1434.14 702.75
1434.07 703.25
1434.02 703.75
1434.01 704.27
1434.00 704.80
1434.00 705.32
1434.01 705.85
1434.01 706.37
1434.01 706.90
1434.01 707.43
1434.00 707.95
1434.00 708.47
1434.00 709.00
1434.00 709.52
1434.00 710.05
1434.00 710.57
1434.00 711.10
1434.00 711.63
1434.00 712.15
1434.00 712.68
1434.00 713.20
1434.00 713.73
1434.00 714.26
1434.00 714.78
1434.00 715.30
1433.99 715.83
1433.96 716.34
1433.92 716.85
1433.84 717.34
1433.72 717.82
1433.57 718.28
1433.42 718.74
1433.27 719.21
1433.16 719.69
1433.08 720.18
1433.03 720.69
1433.01 721.20
1433.00 721.73
1433.00 722.25
1433.00 722.78
1433.00 723.30
1433.00 723.83
1433.00 724.35
1433.00 724.88
1433.00 725.40
1433.00 725.93
1433.00 726.46
1433.00 726.98
1433.00 727.51
1433.00 728.03
1433.00 728.56
1433.00 729.08
1433.00 729.61
1433.00 730.13
1433.00 730.66
1433.00 731.18
1432.99 731.71
1432.97 732.23
1432.93 732.73
1432.86 733.23
1432.76 733.71
1432.62 734.18
1432.46 734.64
1432.31 735.10
1432.18 735.57
1432.09 736.06
1432.03 736.57
1432.01 737.08
1432.01 737.61
1432.01 738.13
1432.01 738.66
1432.01 739.18
1432.01 739.71
1432.00 740.23
1432.00 740.76
1431.99 741.28
1431.99 741.80
1431.99 742.33
1431.99 742.86
1432.00 743.38
1432.00 743.91
1432.00 744.44
1432.00 744.96
1432.00 745.49
1432.00 746.01
1432.00 746.54
1432.00 747.06
1431.99 747.59
1431.98 748.10
1431.94 748.62
1431.88 749.12
1431.78 749.60
1431.65 750.07
1431.50 750.53
1431.34 751.00
1431.21 751.46
1431.11 751.95
1431.05 752.45
1431.02 752.96
1431.01 753.49
1431.01 754.01
1431.01 754.54
1431.01 755.06
1431.00 755.59
1431.00 756.11
1430.99 756.63
1430.99 757.16
1430.99 757.68
1430.99 758.21
1431.00 758.74
1431.00 759.26
1431.00 759.79
1431.00 760.32
1431.01 760.84
1431.01 761.37
1431.00 761.89
1431.00 762.42
1431.00 762.94
1431.00 763.47
1430.99 763.99
1430.99 764.51
1430.98 765.04
1430.95 765.55
1430.89 766.05
1430.79 766.54
1430.66 767.01
1430.51 767.47
1430.36 767.93
1430.22 768.40
1430.12 768.88
1430.06 769.38
1430.02 769.89
1430.00 770.41
1430.00 770.94
1430.00 771.46
1430.00 771.99
1430.00 772.51
1430.00 773.04
1430.01 773.57
1430.01 774.09
1430.01 774.62
1430.01 775.14
1430.00 775.67
1430.00 776.19
1429.99 776.72
1429.99 777.24
1429.99 777.76
1429.99 778.29
1429.99 778.81
1429.97 779.33
1429.92 779.84
1429.84 780.33
1429.72 780.81
1429.57 781.27
1429.41 781.73
1429.27 782.20
1429.16 782.68
1429.08 783.17
1429.04 783.68
1429.01 784.19
1429.00 784.71
1429.00 785.24
1429.00 785.76
1429.00 786.29
1429.00 786.81
1429.00 787.34
1429.00 787.87
1429.00 788.39
1429.01 788.92
1429.01 789.45
1429.01 789.97
1429.00 790.50
1429.00 791.02
1428.99 791.54
1428.99 792.07
1428.99 792.59
1428.99 793.12
1428.99 793.64
1428.98 794.16
1428.94 794.67
1428.87 795.17
1428.76 795.65
1428.62 796.12
1428.46 796.58
1428.31 797.04
1428.19 797.52
1428.10 798.01
1428.05 798.51
1428.02 799.02
1428.01 799.54
1428.00 800.07
1428.00 800.59
1428.00 801.12
1428.00 801.64
1428.00 802.17
1428.00 802.69
1428.00 803.22
1427.99 803.74
1427.97 804.26
1427.93 804.77
1427.85 805.26
1427.74 805.74
1427.60 806.21
1427.44 806.67
1427.29 807.13
1427.17 807.61
1427.09 808.10
1427.04 808.60
1427.02 809.12
1427.01 809.64
1427.01 810.17
1427.00 810.69
1427.00 811.21
1426.99 811.74
1426.99 812.26
1426.99 812.79
1426.99 813.31
1426.99 813.84
1426.97 814.36
1426.92 814.86
1426.84 815.35
1426.71 815.83
1426.56 816.29
1426.40 816.75
1426.26 817.22
1426.15 817.70
1426.08 818.19
1426.03 818.70
1426.01 819.21
1426.00 819.74
1426.00 820.26
1426.00 820.79
1426.00 821.31
1426.00 821.84
1426.00 822.36
1426.00 822.89
1426.00 823.41
1426.00 823.94
1426.00 824.47
1426.00 824.99
1426.00 825.52
1426.00 826.04
1426.00 826.57
1426.00 827.09
1426.00 827.62
1426.00 828.14
1426.00 828.67
1426.00 829.19
1426.00 829.72
1425.99 830.24
1425.99 830.77
1425.99 831.29
1425.99 831.82
1425.97 832.33
1425.92 832.84
1425.84 833.33
1425.72 833.81
1425.58 834.28
1425.42 834.74
1425.27 835.20
1425.16 835.68
1425.08 836.17
1425.03 836.68
1425.01 837.20
1425.01 837.72
1425.01 838.24
1425.01 838.77
1425.00 839.29
1425.00 839.82
1425.00 840.34
1425.00 840.87
1424.99 841.39
1424.99 841.92
1424.99 842.44
1424.98 842.96
1424.96 843.48
1424.90 843.98
1424.81 844.47
1424.68 844.94
1424.53 845.40
1424.37 845.87
1424.24 846.33
1424.13 846.82
1424.06 847.31
1424.01 847.82
1423.98 848.33
1423.92 848.83
1423.84 849.33
1423.73 849.80
1423.58 850.27
1423.42 850.73
1423.28 851.19
1423.16 851.67
1423.08 852.16
1423.03 852.67
1423.01 853.19
1423.01 853.71
1423.01 854.23
1423.01 854.76
1423.00 855.28
1423.00 855.81
1422.99 856.33
1422.99 856.86
1422.99 857.38
1422.99 857.91
1422.99 858.43
1423.00 858.96
1423.00 859.49
1423.00 860.01
1423.01 860.54
1423.01 861.07
1423.01 861.59
1423.01 862.12
1423.01 862.64
1423.00 863.17
1423.00 863.69
1422.99 864.21
1422.99 864.74
1422.99 865.26
1422.99 865.79
1422.99 866.32
1422.99 866.84
1422.97 867.36
1422.92 867.86
1422.84 868.35
1422.71 868.83
1422.56 869.29
1422.40 869.75
1422.26 870.22
1422.15 870.70
1422.08 871.19
1422.03 871.70
1422.01 872.22
1422.00 872.74
1422.00 873.26
1422.00 873.79
1422.00 874.31
1422.00 874.84
1422.00 875.37
1422.00 875.89
1422.00 876.42
1422.00 876.94
1422.00 877.47
1422.00 877.99
1422.00 878.52
1422.00 879.04
1422.00 879.57
1422.00 880.09
1421.99 880.62
1421.98 881.14
1421.94 881.65
1421.88 882.15
1421.78 882.63
1421.64 883.10
1421.49 883.56
1421.33 884.02
1421.20 884.49
1421.10 884.98
1421.05 885.48
1421.02 886.00
1421.01 886.52
1421.01 887.04
1421.00 887.57
1421.00 888.09
1420.99 888.61
1420.99 889.14
1420.99 889.66
1420.97 890.18
1420.94 890.69
1420.87 891.19
1420.76 891.67
1420.62 892.14
1420.46 892.60
1420.31 893.06
1420.18 893.53
1420.10 894.02
1420.04 894.53
1420.02 895.04
1420.00 895.56
1420.00 896.09
1420.00 896.61
1420.01 897.14
1420.01 897.66
1420.00 898.19
1420.00 898.71
1420.00 899.24
1419.99 899.76
1419.99 900.29
1419.99 900.81
1419.97 901.33
1419.92 901.83
1419.84 902.33
1419.72 902.80
1419.57 903.27
1419.42 903.73
1419.27 904.19
1419.16 904.67
1419.08 905.16
1419.04 905.67
1419.02 906.19
1419.01 906.71
1419.00 907.23
1419.00 907.76
1418.99 908.28
1418.99 908.81
1418.99 909.33
1418.99 909.86
1418.96 910.37
1418.92 910.88
1418.83 911.37
1418.71 911.84
1418.56 912.31
1418.40 912.77
1418.26 913.23
1418.15 913.71
1418.07 914.21
1418.03 914.72
1418.01 915.23
1418.00 915.76
1418.00 916.28
1418.00 916.81
1418.00 917.33
1418.00 917.86
1418.00 918.38
1418.00 918.91
1417.99 919.43
1417.98 919.95
1417.95 920.47
1417.90 920.97
1417.81 921.46
1417.69 921.93
1417.54 922.39
1417.38 922.86
1417.24 923.32
1417.14 923.81
1417.07 924.30
1417.03 924.81
1417.01 925.33
1417.00 925.85
1417.00 926.38
1417.00 926.90
1417.00 927.43
1417.00 927.95
1416.99 928.48
1416.98 929.00
1416.95 929.51
1416.90 930.01
1416.81 930.50
1416.68 930.97
1416.53 931.44
1416.37 931.90
1416.23 932.37
1416.13 932.85
1416.06 933.35
1416.03 933.86
1416.01 934.38
1416.01 934.90
1416.00 935.42
1416.00 935.95
1416.00 936.47
1416.00 937.00
1416.00 937.53
1416.00 938.05
1416.00 938.58
1416.00 939.10
1416.00 939.63
1415.99 940.15
1415.99 940.67
1415.97 941.19
1415.93 941.70
1415.86 942.20
1415.76 942.68
1415.61 943.15
1415.46 943.61
1415.31 944.07
1415.18 944.55
1415.10 945.03
1415.04 945.54
1415.02 946.05
1415.01 946.57
1415.00 947.10
1415.00 947.62
1415.00 948.15
1415.00 948.67
1415.00 949.20
1415.00 949.72
1415.00 950.25
1415.00 950.78
1415.00 951.30
1415.00 951.83
1415.00 952.35
1415.00 952.88
1415.00 953.40
1415.00 953.93
1415.00 954.46
1415.00 954.98
1415.00 955.51
1415.00 956.03
1415.00 956.56
1415.00 957.08
1414.99 957.61
1414.98 958.12
1414.94 958.64
1414.88 959.13
1414.78 959.62
1414.64 960.09
1414.49 960.55
1414.33 961.01
1414.20 961.48
1414.10 961.97
1414.04 962.47
1414.01 962.98
1414.00 963.50
1414.00 964.03
1414.00 964.55
1414.01 965.08
1414.01 965.61
1414.01 966.13
1414.01 966.66
1414.00 967.18
1414.00 967.71
1414.00 968.23
1414.00 968.76
1413.99 969.28
1413.99 969.81
1413.99 970.33
1414.00 970.86
1414.00 971.38
1414.00 971.91
1414.00 972.44
1414.00 972.96
1414.00 973.49
1414.00 974.01
1414.00 974.54
1414.00 975.07
1414.00 975.59
1414.00 976.11
1414.00 976.64
1414.00 977.16
1413.99 977.69
1413.99 978.21
1413.99 978.74
1413.97 979.26
1413.93 979.76
1413.86 980.26
1413.74 980.74
1413.60 981.20
1413.44 981.67
1413.29 982.13
1413.17 982.60
1413.09 983.10
1413.04 983.60
1413.02 984.12
1413.01 984.64
1413.00 985.16
1413.00 985.69
1413.00 986.21
1413.00 986.74
1413.00 987.26
1413.00 987.79
1413.00 988.31
1413.00 988.84
1413.01 989.37
1413.00 989.89
1413.00 990.42
1413.00 990.94
1412.99 991.47
1412.99 991.99
1412.99 992.51
1412.98 993.04
1412.95 993.55
1412.89 994.05
1412.79 994.54
1412.66 995.00
1412.50 995.46
1412.34 995.92
1412.18 996.38
1412.04 996.85
1411.90 997.32
1411.76 997.79
1411.60 998.24
1411.44 998.70
1411.29 999.17
1411.17 999.64
1411.09 1000.14
1411.04 1000.64
1411.02 1001.16
1411.01 1001.68
1411.00 1002.20
1411.00 1002.73
1411.00 1003.25
1411.00 1003.78
1410.99 1004.30
1410.99 1004.82
1410.96 1005.34
1410.92 1005.85
1410.84 1006.34
1410.73 1006.82
1410.58 1007.28
1410.42 1007.74
1410.28 1008.21
1410.16 1008.69
1410.08 1009.18
1410.03 1009.68
1410.01 1010.20
1410.01 1010.73
1410.00 1011.25
1409.99 1011.77
1409.97 1012.29
1409.92 1012.79
1409.85 1013.29
1409.74 1013.77
1409.60 1014.24
1409.44 1014.70
1409.29 1015.16
1409.17 1015.63
1409.08 1016.12
1409.04 1016.63
1409.02 1017.15
1409.01 1017.67
1409.01 1018.19
1409.00 1018.72
1409.00 1019.24
1408.99 1019.77
1408.99 1020.29
1408.98 1020.81
1408.97 1021.33
1408.92 1021.84
1408.84 1022.33
1408.72 1022.81
1408.57 1023.27
1408.41 1023.73
1408.27 1024.20
1408.16 1024.67
1408.08 1025.17
1408.03 1025.68
1408.01 1026.19
1408.00 1026.71
1408.00 1027.24
1408.00 1027.76
1408.00 1028.29
1408.00 1028.81
1408.00 1029.34
1408.00 1029.86
1407.99 1030.39
1407.98 1030.91
1407.96 1031.43
1407.91 1031.93
1407.82 1032.42
1407.70 1032.89
1407.55 1033.36
1407.39 1033.82
1407.25 1034.29
1407.14 1034.77
1407.07 1035.26
1407.03 1035.77
1407.01 1036.29
1407.00 1036.81
1407.00 1037.33
1406.99 1037.85
1406.96 1038.37
1406.91 1038.88
1406.83 1039.37
1406.71 1039.84
1406.56 1040.31
1406.40 1040.77
1406.24 1041.22
1406.09 1041.69
1405.95 1042.16
1405.81 1042.62
1405.65 1043.08
1405.49 1043.54
1405.34 1044.00
1405.20 1044.47
1405.11 1044.96
1405.05 1045.46
1405.02 1045.98
1405.01 1046.50
1405.00 1047.02
1405.00 1047.54
1405.00 1048.07
1405.00 1048.59
1405.00 1049.12
1405.00 1049.65
1405.00 1050.17
1405.00 1050.70
1405.00 1051.22
1405.00 1051.75
1405.00 1052.27
1405.00 1052.80
1405.00 1053.33
1405.00 1053.85
1405.00 1054.38
1405.00 1054.90
1405.00 1055.43
1405.00 1055.95
1405.00 1056.48
1405.00 1057.00
1405.00 1057.53
1404.99 1058.05
1404.99 1058.58
1404.99 1059.10
1404.99 1059.63
1404.98 1060.15
1404.94 1060.66
1404.87 1061.16
1404.77 1061.64
1404.63 1062.11
1404.47 1062.56
1404.31 1063.02
1404.15 1063.49
1404.01 1063.95
1403.87 1064.42
1403.72 1064.88
1403.56 1065.34
1403.40 1065.80
1403.26 1066.27
1403.15 1066.75
1403.07 1067.24
1403.03 1067.75
1403.01 1068.27
1403.00 1068.79
1403.00 1069.32
1403.00 1069.84
1403.00 1070.37
1403.00 1070.89
1403.00 1071.42
1403.00 1071.94
1403.00 1072.47
1403.00 1073.00
1403.00 1073.52
1403.00 1074.05
1403.00 1074.57
1403.00 1075.10
1403.00 1075.62
1403.00 1076.15
1403.00 1076.67
1403.00 1077.20
1403.00 1077.72
1402.99 1078.25
1402.99 1078.77
1403.00 1079.30
1403.00 1079.82
1403.00 1080.35
1403.00 1080.88
1403.00 1081.40
1403.00 1081.93
1403.01 1082.46
1403.01 1082.98
1403.01 1083.51
1403.01 1084.03
1403.01 1084.56
1403.00 1085.08
1403.00 1085.61
1402.99 1086.13
1402.99 1086.65
1402.99 1087.18
1402.99 1087.71
1402.99 1088.23
1402.99 1088.76
1402.97 1089.28
1402.93 1089.78
1402.85 1090.28
1402.74 1090.75
1402.59 1091.22
1402.43 1091.68
1402.28 1092.14
1402.16 1092.62
1402.08 1093.11
1402.03 1093.61
1401.99 1094.12
1401.95 1094.63
1401.88 1095.13
1401.77 1095.61
1401.63 1096.08
1401.47 1096.54
1401.31 1097.00
1401.16 1097.46
1401.02 1097.93
1400.88 1098.39
1400.73 1098.86
1400.57 1099.32
1400.41 1099.78
1400.26 1100.24
1400.15 1100.72
1400.08 1101.21
1400.03 1101.72
1400.01 1102.24
1400.00 1102.76
1400.00 1103.28
1399.99 1103.81
1399.97 1104.32
1399.92 1104.83
1399.84 1105.32
1399.73 1105.80
1399.59 1106.27
1399.43 1106.73
1399.28 1107.19
1399.16 1107.67
1399.08 1108.16
1399.03 1108.67
1399.01 1109.18
1399.01 1109.71
1399.01 1110.23
1399.00 1110.76
1399.00 1111.28
1398.99 1111.80
1398.96 1112.32
1398.92 1112.82
1398.85 1113.31
1398.76 1113.78
1398.66 1114.22
1398.58 1114.64
1398.53 1115.03
1398.50 1115.42
1398.49 1115.80
1398.45 1116.19
1398.38 1116.60
1398.29 1117.03
1398.19 1117.49
1398.11 1117.97
1398.05 1118.47
1398.02 1118.98
1398.01 1119.50
1398.00 1120.02
1398.00 1120.55
1398.00 1121.08
1398.00 1121.60
1398.00 1122.13
1398.00 1122.65
1397.99 1123.17
1397.99 1123.70
1397.97 1124.22
1397.93 1124.73
1397.86 1125.22
1397.75 1125.70
1397.61 1126.17
1397.45 1126.63
1397.30 1127.09
1397.18 1127.57
1397.09 1128.06
1397.04 1128.56
1397.02 1129.08
1397.01 1129.60
1397.01 1130.12
1397.00 1130.65
1397.00 1131.17
1396.99 1131.70
1396.99 1132.22
1396.99 1132.74
1396.97 1133.26
1396.93 1133.77
1396.85 1134.26
1396.74 1134.74
1396.59 1135.21
1396.43 1135.67
1396.29 1136.13
1396.17 1136.61
1396.09 1137.10
1396.04 1137.61
1396.01 1138.12
1396.00 1138.64
1396.00 1139.17
1395.99 1139.69
1395.97 1140.21
1395.93 1140.72
1395.86 1141.21
1395.75 1141.69
1395.61 1142.16
1395.45 1142.62
1395.29 1143.08
1395.14 1143.54
1395.00 1144.01
1394.86 1144.48
1394.71 1144.94
1394.54 1145.40
1394.38 1145.86
1394.24 1146.32
1394.12 1146.80
1394.03 1147.29
1393.95 1147.78
1393.86 1148.27
1393.74 1148.74
1393.60 1149.21
1393.44 1149.67
1393.29 1150.13
1393.17 1150.61
1393.09 1151.10
1393.03 1151.60
1392.99 1152.11
1392.95 1152.62
1392.88 1153.12
1391.00 1164.95
1391.00 1165.48
1391.00 1166.00
1390.99 1166.52
1390.98 1167.04
1390.95 1167.56
1390.89 1168.06
1390.81 1168.54
1390.71 1168.99
1390.63 1169.42
1390.58 1169.84
1390.58 1170.25
1390.63 1170.66
1390.71 1171.10
1390.78 1171.54
1390.81 1172.01
1390.77 1172.47
1390.67 1172.94
1390.53 1173.39
1390.38 1173.85
1390.24 1174.32
1390.13 1174.80
1390.06 1175.30
1390.01 1175.80
1389.98 1176.31
1389.93 1176.82
1389.84 1177.31
1389.73 1177.79
1389.58 1178.25
1389.42 1178.71
1389.28 1179.18
1389.16 1179.65
1389.08 1180.15
1389.04 1180.65
1389.01 1181.17
1389.01 1181.69
1389.00 1182.22
1389.00 1182.74
1389.00 1183.27
1389.00 1183.79
1389.00 1184.32
1389.00 1184.84
1389.00 1185.37
1389.00 1185.89
1389.00 1186.42
1389.00 1186.94
1389.00 1187.47
1389.00 1188.00
1389.00 1188.52
1389.00 1189.05
1389.00 1189.57
1389.00 1190.10
1389.00 1190.62
1389.00 1191.15
1389.00 1191.67
1389.00 1192.20
1388.99 1192.72
1388.99 1193.25
1388.99 1193.77
1388.97 1194.29
1388.93 1194.80
1388.85 1195.29
1388.73 1195.77
1388.59 1196.24
1388.43 1196.70
1388.28 1197.16
1388.17 1197.64
1388.08 1198.13
1388.04 1198.63
1388.01 1199.15
1388.00 1199.67
1388.00 1200.20
1388.00 1200.72
1388.00 1201.25
1388.00 1201.77
1388.00 1202.30
1388.00 1202.82
1388.00 1203.35
1388.00 1203.87
1388.00 1204.40
1388.00 1204.93
1388.00 1205.45
1388.00 1205.98
1388.00 1206.50
1388.00 1207.03
1388.00 1207.55
1388.00 1208.08
1388.00 1208.61
1388.00 1209.13
1388.00 1209.66
1388.00 1210.18
1388.00 1210.71
1388.00 1211.23
1388.00 1211.76
1388.00 1212.28
1388.00 1212.81
1387.99 1213.33
1387.98 1213.85
1387.96 1214.37
1387.91 1214.88
1387.83 1215.37
1387.70 1215.84
1387.54 1216.30
1387.35 1216.75
1387.15 1217.19
1386.94 1217.63
1386.73 1218.06
1386.53 1218.51
1386.35 1218.96
1386.18 1219.42
1386.04 1219.88
1385.89 1220.35
1383.01 1240.70
1383.01 1241.23
1383.01 1241.75
1383.00 1242.27
1383.00 1242.80
1382.99 1243.32
1382.99 1243.84
1382.98 1244.37
1382.99 1244.89
1382.99 1245.42
1383.00 1245.95
1383.00 1246.48
1382.99 1247.00
1382.96 1247.51
1382.90 1248.01
1382.80 1248.50
1382.67 1248.97
1382.51 1249.43
1382.36 1249.89
1382.22 1250.36
1382.11 1250.84
1382.03 1251.33
1381.95 1251.82
1381.85 1252.31
1381.73 1252.78
1381.58 1253.25
1381.42 1253.71
1381.26 1254.16
1378.78 1269.51
1378.81 1269.97
1378.77 1270.44
1378.68 1270.90
1378.55 1271.36
1378.39 1271.82
1378.01 1274.29
1378.01 1274.81
1378.01 1275.34
1378.00 1275.86
1378.00 1276.39
1378.00 1276.91
1377.99 1277.43
1377.99 1277.96
1378.00 1278.49
1378.00 1279.01
1378.00 1279.54
1378.00 1280.07
1378.00 1280.59
1378.00 1281.12
1378.00 1281.64
1378.00 1282.17
1378.00 1282.69
1378.00 1283.22
1378.00 1283.74
1378.00 1284.27
1378.00 1284.79
1378.00 1285.32
1378.00 1285.85
1378.00 1286.37
1378.00 1286.90
1378.00 1287.42
1378.00 1287.95
1378.00 1288.47
1378.00 1289.00
1378.00 1289.52
1378.00 1290.05
1377.99 1290.57
1377.98 1291.09
1377.94 1291.60
1377.88 1292.10
1377.79 1292.59
1377.65 1293.06
1377.50 1293.52
1377.34 1293.98
1377.21 1294.45
1377.11 1294.94
1377.05 1295.44
1377.02 1295.95
1377.01 1296.47
1377.01 1297.00
1377.01 1297.52
1377.00 1298.05
1377.00 1298.57
1377.00 1299.10
1376.99 1299.62
1377.00 1300.15
1377.00 1300.67
1377.00 1301.20
1376.99 1301.72
1376.97 1302.24
1376.93 1302.75
1376.86 1303.24
1376.75 1303.72
1376.61 1304.19
1376.45 1304.65
1376.30 1305.11
1376.18 1305.59
1376.09 1306.08
1376.04 1306.58
1376.02 1307.10
1376.01 1307.62
1376.01 1308.15
1376.00 1308.67
1376.00 1309.19
1375.99 1309.72
1375.99 1310.24
1375.99 1310.77
1375.97 1311.28
1375.93 1311.79
1375.85 1312.29
1375.73 1312.76
1375.59 1313.23
1375.43 1313.69
1375.28 1314.15
1375.17 1314.63
1375.09 1315.12
1375.04 1315.63
1375.02 1316.14
1375.01 1316.67
1375.00 1317.19
1375.00 1317.71
1374.99 1318.24
1374.99 1318.76
1374.97 1319.28
1374.93 1319.79
1374.85 1320.28
1374.73 1320.76
1374.59 1321.22
1374.43 1321.68
1374.28 1322.15
1374.17 1322.63
1374.09 1323.12
1374.04 1323.62
1374.01 1324.14
1374.00 1324.66
1374.00 1325.18
1373.99 1325.70
1373.97 1326.22
1373.93 1326.73
1373.86 1327.23
1373.75 1327.71
1373.61 1328.17
1373.45 1328.63
1373.30 1329.10
1373.18 1329.57
1373.09 1330.06
1373.04 1330.57
1373.02 1331.08
1373.00 1331.60
1373.00 1332.13
1372.99 1332.65
1372.97 1333.17
1372.94 1333.68
1372.87 1334.18
1372.76 1334.66
1372.62 1335.12
1372.46 1335.59
1372.31 1336.05
1372.18 1336.52
1372.08 1337.00
1372.00 1337.50
1371.92 1337.99
1371.82 1338.47
1371.69 1338.94
1371.54 1339.41
1371.38 1339.87
1371.24 1340.33
1371.13 1340.81
1371.06 1341.31
1371.03 1341.82
1371.01 1342.34
1370.99 1342.86
1370.97 1343.37
1370.92 1343.88
1370.84 1344.37
1370.72 1344.85
1370.57 1345.31
1370.42 1345.77
1370.27 1346.24
1370.15 1346.72
1370.08 1347.21
1370.03 1347.72
1370.01 1348.23
1370.01 1348.76
1370.00 1349.28
1370.00 1349.81
1370.00 1350.33
1370.00 1350.86
1370.00 1351.38
1370.00 1351.91
1370.00 1352.43
1370.00 1352.96
1370.00 1353.48
1369.99 1354.01
1369.99 1354.53
1369.98 1355.05
1369.95 1355.57
1369.89 1356.07
1369.79 1356.55
1369.65 1357.02
1369.50 1357.48
1369.35 1357.94
1369.21 1358.41
1369.12 1358.90
1369.05 1359.40
1369.02 1359.91
1369.00 1360.43
1368.99 1360.95
1368.96 1361.46
1368.90 1361.97
1368.82 1362.45
1368.69 1362.93
1368.54 1363.39
1368.38 1363.85
1368.24 1364.32
1368.12 1364.80
1368.04 1365.28
1367.96 1365.78
1367.86 1366.26
1367.74 1366.74
1367.60 1367.21
1367.44 1367.67
1367.29 1368.13
1367.17 1368.61
1367.09 1369.10
1367.03 1369.60
1366.99 1370.11
1366.95 1370.62
1366.88 1371.11
1366.78 1371.60
1366.65 1372.07
1366.49 1372.53
1366.34 1372.99
1366.21 1373.46
1366.11 1373.95
1366.05 1374.45
1366.00 1374.95
1365.96 1375.46
1365.90 1375.96
1365.81 1376.45
1365.69 1376.93
1365.54 1377.39
1365.38 1377.85
1365.24 1378.32
1365.14 1378.80
1365.07 1379.30
1365.03 1379.81
1365.01 1380.32
1365.00 1380.85
1365.00 1381.37
1365.00 1381.90
1365.00 1382.42
1365.00 1382.95
1365.00 1383.47
1365.00 1384.00
1365.00 1384.53
1365.00 1385.05
1365.00 1385.58
1365.00 1386.10
1365.00 1386.63
1365.00 1387.15
1365.00 1387.68
1364.99 1388.20
1364.99 1388.73
1365.00 1389.25
1365.00 1389.78
1365.00 1390.31
1365.00 1390.83
1365.00 1391.36
1365.00 1391.88
1365.01 1392.41
1365.01 1392.94
1365.01 1393.46
1365.01 1393.99
1365.01 1394.51
1365.00 1395.04
1365.00 1395.56
1364.99 1396.09
1363.35 1406.97
1363.21 1407.44
1363.12 1407.92
1363.05 1408.42
1363.02 1408.93
1363.01 1409.45
1363.00 1409.98
1363.00 1410.50
1363.00 1411.02
1362.99 1411.55
1362.98 1412.07
1362.94 1412.58
1362.88 1413.08
1362.78 1413.56
1362.64 1414.03
1362.46 1414.48
1362.26 1414.93
1362.06 1415.37
1361.84 1415.80
1361.63 1416.24
1361.41 1416.67
1361.19 1417.11
1360.98 1417.55
1360.77 1417.99
1360.57 1418.43
1360.39 1418.88
1360.24 1419.34
1360.13 1419.82
1360.06 1420.32
1360.01 1420.83
1359.97 1421.33
1359.92 1421.84
1359.84 1422.33
1359.72 1422.81
1359.57 1423.27
1359.41 1423.73
1359.25 1424.19
1359.10 1424.65
1358.97 1425.12
1358.83 1425.59
1358.67 1426.05
1358.51 1426.51
1358.35 1426.97
1358.21 1427.44
1358.11 1427.92
1358.05 1428.42
1358.02 1428.94
1358.01 1429.46
1358.01 1429.98
1358.00 1430.51
1358.00 1431.03
1357.99 1431.55
1357.99 1432.08
1357.99 1432.60
1357.98 1433.12
1357.94 1433.63
1357.88 1434.13
1357.77 1434.61
1357.63 1435.08
1357.48 1435.54
1357.32 1436.01
1357.20 1436.48
1357.11 1436.97
1357.05 1437.47
1357.02 1437.98
1357.01 1438.50
1357.00 1439.02
1357.00 1439.55
1357.00 1440.08
1357.00 1440.60
1357.00 1441.13
1357.00 1441.65
1357.00 1442.18
1356.99 1442.70
1356.97 1443.22
1356.93 1443.73
1356.86 1444.22
1356.76 1444.70
1356.62 1445.17
1356.46 1445.63
1356.31 1446.09
1356.18 1446.57
1356.08 1447.05
1355.99 1447.54
1355.91 1448.03
1355.81 1448.52
1355.67 1448.99
1355.52 1449.45
1355.36 1449.91
1355.22 1450.38
1355.11 1450.86
1355.02 1451.34
1354.94 1451.84
1354.85 1452.32
1354.72 1452.80
1354.57 1453.26
1354.41 1453.72
1354.25 1454.18
1354.10 1454.64
1353.97 1455.11
1353.82 1455.58
1353.67 1456.04
1353.51 1456.50
1353.35 1456.96
1353.22 1457.43
1353.12 1457.91
1353.05 1458.41
1353.01 1458.92
1352.97 1459.43
1352.91 1459.93
1352.83 1460.42
1352.71 1460.90
1352.56 1461.36
1352.40 1461.82
1352.25 1462.29
1352.14 1462.76
1352.07 1463.26
1352.03 1463.77
1352.01 1464.29
1352.01 1464.81
1352.01 1465.34
1352.00 1465.86
1352.00 1466.38
1351.99 1466.91
1351.99 1467.43
1351.98 1467.95
1351.96 1468.47
1351.90 1468.97
1351.81 1469.46
1351.69 1469.93
1351.54 1470.40
1351.38 1470.86
1351.24 1471.32
1351.13 1471.81
1351.06 1472.30
1351.03 1472.81
1351.01 1473.33
1351.01 1473.86
1351.01 1474.38
1351.00 1474.91
1351.00 1475.43
1351.00 1475.96
1351.00 1476.48
1351.00 1477.01
1351.00 1477.53
1351.00 1478.06
1350.99 1478.58
1350.98 1479.10
1350.94 1479.61
1350.88 1480.11
1350.78 1480.60
1350.65 1481.07
1350.49 1481.53
1350.34 1481.99
1350.21 1482.46
1350.11 1482.95
1350.05 1483.45
1350.02 1483.96
1350.00 1484.48
1349.98 1485.00
1349.95 1485.51
1349.90 1486.01
1349.80 1486.50
1349.68 1486.97
1349.52 1487.43
1349.37 1487.89
1349.23 1488.36
1349.13 1488.85
1349.06 1489.34
1349.01 1489.85
1348.97 1490.36
1348.92 1490.86
1348.84 1491.35
1348.72 1491.83
1348.57 1492.29
1348.41 1492.76
1348.27 1493.22
1348.15 1493.70
1348.08 1494.19
1348.03 1494.70
1348.01 1495.22
1348.01 1495.74
1348.00 1496.26
1348.00 1496.79
1348.00 1497.31
1348.00 1497.84
1348.00 1498.36
1348.00 1498.89
1347.99 1499.41
1347.98 1499.93
1347.96 1500.45
1347.91 1500.95
1347.82 1501.44
1347.70 1501.92
1347.55 1502.38
1347.39 1502.84
1347.25 1503.31
1347.14 1503.79
1347.07 1504.29
1347.03 1504.79
1347.01 1505.31
1347.01 1505.84
1347.00 1506.36
1347.00 1506.88
1346.99 1507.41
1346.98 1507.93
1346.96 1508.44
1346.90 1508.95
1346.82 1509.44
1346.69 1509.91
1346.54 1510.37
1346.38 1510.83
1346.24 1511.30
1346.13 1511.78
1346.04 1512.27
1345.96 1512.76
1345.87 1513.25
1345.75 1513.73
1345.61 1514.19
1345.45 1514.65
1345.30 1515.12
1345.18 1515.59
1345.09 1516.08
1345.04 1516.58
1345.02 1517.10
1345.01 1517.62
1345.00 1518.15
1345.00 1518.67
1345.00 1519.19
1344.99 1519.72
1344.97 1520.23
1344.93 1520.74
1344.86 1521.24
1344.75 1521.72
1344.61 1522.19
1344.45 1522.65
1344.30 1523.11
1344.17 1523.58
1344.07 1524.07
1343.99 1524.56
1343.91 1525.05
1343.80 1525.53
1343.67 1526.00
1343.52 1526.46
1343.36 1526.93
1343.22 1527.39
1343.12 1527.88
1343.05 1528.38
1343.01 1528.88
1342.97 1529.39
1342.92 1529.90
1342.83 1530.39
1342.71 1530.86
1342.56 1531.32
1342.40 1531.79
1342.26 1532.25
1342.15 1532.73
1342.07 1533.22
1342.02 1533.73
1341.98 1534.24
1341.93 1534.74
1341.86 1535.24
1341.75 1535.72
1341.61 1536.19
1341.45 1536.65
1341.30 1537.11
1341.18 1537.58
1341.09 1538.07
1341.04 1538.58
1341.02 1539.09
1341.00 1539.61
1341.00 1540.14
1340.99 1540.66
1340.97 1541.18
1340.93 1541.69
1340.87 1542.19
1340.76 1542.67
1340.62 1543.14
1340.47 1543.60
1340.32 1544.06
1340.19 1544.53
1340.10 1545.02
1340.04 1545.52
1340.00 1546.03
1339.95 1546.54
1339.89 1547.04
1339.79 1547.52
1339.66 1547.99
1339.48 1548.45
1339.29 1548.89
1339.08 1549.33
1338.87 1549.77
1338.67 1550.21
1338.48 1550.66
1338.31 1551.11
1338.18 1551.59
1338.09 1552.07
1338.04 1552.58
1338.01 1553.09
1338.00 1553.61
1338.00 1554.14
1338.00 1554.66
1338.00 1555.19
1338.00 1555.71
1338.00 1556.24
1338.00 1556.77
1338.00 1557.29
1338.00 1557.82
1338.00 1558.34
1338.00 1558.87
1338.00 1559.39
1338.00 1559.92
1338.00 1560.44
1338.00 1560.97
1338.00 1561.49
1338.00 1562.02
1338.00 1562.55
1338.00 1563.07
1337.99 1563.59
1337.98 1564.11
1337.94 1564.62
1337.88 1565.12
1337.77 1565.61
1337.63 1566.07
1337.45 1566.52
1337.25 1566.97
1337.04 1567.41
1336.83 1567.84
1336.61 1568.28
1336.39 1568.71
1336.18 1569.15
1335.96 1569.58
1335.74 1570.02
1335.52 1570.46
1335.30 1570.89
1335.09 1571.33
1334.87 1571.76
1334.65 1572.20
1334.43 1572.63
1334.22 1573.07
1334.00 1573.50
1333.79 1573.94
1333.59 1574.38
1333.40 1574.83
1333.23 1575.29
1333.08 1575.75
1332.94 1576.22
1332.80 1576.68
1332.65 1577.14
1332.51 1577.58
1332.41 1578.02
1332.35 1578.46
1332.36 1578.89
1332.40 1579.30
1332.44 1579.71
1332.44 1580.12
1332.39 1580.53
1332.30 1580.96
1332.20 1581.41
1332.11 1581.88
1332.05 1582.38
1332.01 1582.89
1332.00 1583.41
1332.00 1583.94
1332.00 1584.46
1332.01 1584.99
1332.01 1585.52
1332.01 1586.04
1332.01 1586.57
1332.01 1587.09
1332.01 1587.62
1332.00 1588.14
1332.00 1588.66
1332.00 1589.19
1332.00 1589.71
1331.99 1590.24
1331.99 1590.76
1331.99 1591.29
1331.99 1591.82
1331.99 1592.34
1331.99 1592.87
1331.99 1593.39
1332.00 1593.92
1332.00 1594.45
1332.00 1594.97
1332.00 1595.50
1332.00 1596.02
1332.01 1596.55
1332.01 1597.08
1332.01 1597.60
1332.01 1598.13
1332.01 1598.65
1332.01 1599.18
1332.01 1599.71
1332.01 1600.23
1332.00 1600.75
1332.00 1601.28
1332.00 1601.80
1331.99 1602.33
1331.99 1602.85
1331.99 1603.38
1331.98 1603.90
1331.99 1604.43
1331.99 1604.95
1331.99 1605.48
1331.99 1606.00
1331.96 1606.52
1331.90 1607.02
1331.80 1607.50
1331.67 1607.97
1331.51 1608.43
1331.34 1608.89
1331.19 1609.35
1331.05 1609.82
1330.91 1610.29
1330.77 1610.76
1330.61 1611.22
1330.45 1611.67
1330.30 1612.14
1330.17 1612.61
1330.07 1613.09
1329.99 1613.58
1329.90 1614.07
1329.79 1614.55
1329.66 1615.02
1329.50 1615.48
1329.33 1615.94
1329.18 1616.40
1329.04 1616.87
1328.90 1617.34
1328.75 1617.80
1328.59 1618.26
1328.42 1618.72
1328.26 1619.17
1328.11 1619.64
1327.97 1620.11
1327.82 1620.57
1327.67 1621.03
1327.50 1621.49
1327.34 1621.95
1327.18 1622.41
1327.04 1622.87
1326.90 1623.34
1326.75 1623.81
1326.59 1624.26
1326.42 1624.72
1326.26 1625.18
1326.11 1625.64
1325.97 1626.11
1325.82 1626.57
1325.66 1627.03
1325.47 1627.48
1325.28 1627.93
1325.07 1628.36
1324.86 1628.80
1324.65 1629.24
1324.46 1629.69
1324.30 1630.15
1324.17 1630.62
1324.07 1631.10
1319.00 1664.44
1319.00 1664.97
1319.00 1665.49
1319.01 1666.02
1319.01 1666.55
1319.00 1667.07
1319.00 1667.59
1319.00 1668.12
1318.99 1668.64
1318.99 1669.17
1318.99 1669.69
1318.97 1670.21
1318.93 1670.72
1318.86 1671.22
1318.74 1671.69
1318.59 1672.16
1318.41 1672.60
1318.21 1673.05
1318.00 1673.49
1317.78 1673.92
1317.57 1674.36
1317.35 1674.80
1317.13 1675.23
1316.92 1675.67
1316.71 1676.11
1316.51 1676.55
1316.33 1677.00
1316.17 1677.46
1313.94 1689.67
1313.87 1690.17
1313.76 1690.65
1313.63 1691.12
1313.47 1691.58
1313.32 1692.05
1313.19 1692.52
1313.10 1693.01
1313.05 1693.51
1313.02 1694.03
1313.01 1694.55
1313.01 1695.07
1313.01 1695.60
1313.01 1696.12
1313.00 1696.64
1312.99 1697.17
1312.99 1697.69
1312.98 1698.21
1312.98 1698.74
1312.99 1699.27
1313.00 1699.80
1313.00 1700.32
1313.00 1700.85
1312.98 1701.36
1312.92 1701.87
1312.83 1702.36
1312.71 1702.83
1312.56 1703.29
1312.40 1703.75
1312.26 1704.22
1312.15 1704.70
1312.07 1705.19
1312.02 1705.70
1311.98 1706.21
1311.94 1706.71
1311.86 1707.21
1311.76 1707.69
1311.62 1708.16
1311.46 1708.62
1311.31 1709.08
1311.18 1709.56
1311.09 1710.04
1311.04 1710.55
1311.00 1711.05
1310.95 1711.56
1310.89 1712.06
1310.79 1712.55
1310.66 1713.02
1310.51 1713.48
1310.35 1713.94
1310.22 1714.41
1310.12 1714.90
1310.05 1715.39
1310.01 1715.90
1309.97 1716.41
1309.91 1716.91
1309.83 1717.40
1309.70 1717.88
1309.56 1718.34
1309.40 1718.80
1309.25 1719.27
1309.14 1719.74
1309.04 1720.23
1308.96 1720.72
1308.87 1721.21
1308.76 1721.69
1308.61 1722.16
1308.45 1722.61
1308.29 1723.07
1308.14 1723.54
1308.00 1724.00
1307.86 1724.47
1307.71 1724.93
1307.54 1725.39
1307.38 1725.85
1307.24 1726.32
1307.14 1726.80
1307.07 1727.30
1307.03 1727.81
1307.01 1728.32
1307.00 1728.85
1307.00 1729.37
1306.98 1729.89
1306.96 1730.41
1306.91 1730.91
1306.82 1731.40
1306.70 1731.88
1306.55 1732.34
1306.40 1732.80
1306.26 1733.27
1306.15 1733.75
1306.07 1734.24
1306.03 1734.75
1306.01 1735.27
1305.99 1735.79
1305.97 1736.30
1305.92 1736.81
1305.84 1737.30
1305.73 1737.78
1305.59 1738.25
1305.43 1738.71
1305.28 1739.17
1305.17 1739.65
1305.08 1740.14
1305.04 1740.65
1305.01 1741.16
1305.00 1741.68
1305.00 1742.21
1305.00 1742.73
1305.00 1743.26
1305.00 1743.79
1305.00 1744.31
1305.00 1744.84
1305.00 1745.36
1304.99 1745.88
1304.99 1746.41
1304.98 1746.93
1304.96 1747.45
1304.91 1747.95
1304.82 1748.44
1304.69 1748.91
1304.54 1749.37
1304.38 1749.83
1304.24 1750.30
1304.12 1750.78
1304.04 1751.27
1303.96 1751.76
1303.87 1752.25
1303.75 1752.73
1303.61 1753.19
1303.45 1753.65
1303.30 1754.12
1303.17 1754.59
1303.07 1755.07
1302.99 1755.57
1302.90 1756.06
1302.80 1756.54
1302.66 1757.01
1302.51 1757.47
1302.35 1757.93
1302.22 1758.40
1302.11 1758.88
1302.02 1759.37
1301.94 1759.86
1301.83 1760.34
1301.68 1760.81
1301.48 1761.25
1301.22 1761.67
1300.94 1762.08
1300.67 1762.49
1300.43 1762.91
1300.23 1763.36
1300.06 1763.81
1299.92 1764.28
1299.77 1764.74
1299.61 1765.20
1299.45 1765.66
1299.30 1766.12
1299.17 1766.60
1299.07 1767.08
1298.99 1767.57
1298.91 1768.06
1298.80 1768.55
1298.66 1769.01
1298.51 1769.48
1298.35 1769.94
1298.21 1770.41
1298.10 1770.89
1298.02 1771.38
1297.94 1771.87
1297.84 1772.35
1297.71 1772.83
1297.56 1773.29
1297.40 1773.75
1297.24 1774.21
1297.09 1774.67
1296.95 1775.14
1296.79 1775.60
1296.59 1776.04
1296.34 1776.46
1296.05 1776.87
1295.72 1777.26
1295.38 1777.64
1294.00 1785.48
1294.00 1786.00
1294.00 1786.53
1294.00 1787.05
1294.00 1787.58
1294.00 1788.11
1294.00 1788.63
1294.00 1789.16
1294.00 1789.68
1294.00 1790.21
1294.00 1790.73
1294.00 1791.26
1294.00 1791.79
1294.00 1792.31
1294.00 1792.84
1294.00 1793.36
1294.00 1793.89
1294.00 1794.41
1294.00 1794.94
1294.00 1795.46
1294.00 1795.99
1293.99 1796.51
1293.98 1797.03
1293.95 1797.55
1293.89 1798.05
1293.79 1798.53
1293.66 1799.00
1293.51 1799.47
1293.36 1799.93
1293.22 1800.40
1293.11 1800.88
1293.02 1801.37
1292.94 1801.86
1292.84 1802.34
1292.72 1802.82
1292.57 1803.28
1292.41 1803.74
1292.25 1804.20
1292.10 1804.66
1291.96 1805.13
1291.82 1805.60
1291.66 1806.06
1291.49 1806.51
1291.33 1806.97
1291.17 1807.43
1291.03 1807.90
1290.89 1808.37
1290.74 1808.83
1290.58 1809.29
1290.42 1809.75
1290.27 1810.21
1290.16 1810.69
1290.08 1811.18
1290.02 1811.69
1289.98 1812.20
1289.94 1812.70
1289.86 1813.20
1289.75 1813.68
1289.60 1814.14
1289.42 1814.59
1289.22 1815.03
1289.01 1815.47
1288.80 1815.91
1288.58 1816.34
1288.36 1816.78
1284.36 1827.74
1284.16 1828.18
1283.95 1828.62
1283.74 1829.06
1283.55 1829.50
1283.37 1829.95
1283.05 1831.40
1283.02 1831.91
1283.01 1832.43
1283.01 1832.96
1283.01 1833.48
1283.00 1834.01
1283.00 1834.53
1283.00 1835.05
1282.99 1835.58
1282.99 1836.10
1282.99 1836.63
1283.00 1837.16
1283.00 1837.68
1283.01 1838.21
1283.01 1838.74
1283.01 1839.26
1283.01 1839.79
1283.00 1840.31
1283.00 1840.84
1282.99 1841.36
1282.99 1841.88
1282.99 1842.41
1282.98 1842.93
1282.96 1843.45
1282.91 1843.95
1282.82 1844.44
1282.69 1844.91
1282.54 1845.38
1282.38 1845.84
1282.24 1846.30
1282.12 1846.78
1282.04 1847.27
1281.96 1847.76
1281.86 1848.25
1281.75 1848.73
1281.60 1849.19
1281.44 1849.65
1281.28 1850.11
1281.13 1850.57
1280.99 1851.04
1280.85 1851.51
1280.69 1851.97
1280.53 1852.43
1280.36 1852.88
1280.20 1853.34
1280.06 1853.81
1279.92 1854.28
1279.76 1854.74
1279.59 1855.19
1278.00 1865.57
1278.00 1866.10
1278.00 1866.62
1278.00 1867.15
1278.00 1867.67
1278.00 1868.20
1278.00 1868.72
1278.00 1869.25
1278.00 1869.78
1278.00 1870.30
1278.01 1870.83
1278.01 1871.35
1278.01 1871.88
1278.01 1872.41
1278.00 1872.93
1278.00 1873.45
1277.99 1873.98
1277.99 1874.50
1277.99 1875.03
1277.99 1875.55
1277.98 1876.07
1277.95 1876.59
1277.88 1877.09
1277.78 1877.57
1277.63 1878.03
1277.46 1878.49
1277.26 1878.93
1277.06 1879.37
1276.85 1879.81
1276.65 1880.25
1276.46 1880.70
1276.29 1881.16
1276.16 1881.63
1276.07 1882.11
1275.98 1882.60
1275.90 1883.09
1275.78 1883.57
1275.64 1884.04
1275.46 1884.49
1275.26 1884.93
1275.05 1885.37
1274.84 1885.81
1274.63 1886.25
1274.41 1886.68
1274.19 1887.12
1273.97 1887.55
1273.76 1887.99
1273.54 1888.42
1273.32 1888.86
1273.10 1889.29
1272.88 1889.73
1272.67 1890.17
1272.45 1890.60
1272.23 1891.04
1272.02 1891.47
1271.81 1891.91
1271.60 1892.35
1271.42 1892.80
1271.26 1893.26
1271.15 1893.74
1271.07 1894.23
1271.02 1894.74
1270.98 1895.25
1270.93 1895.75
1270.86 1896.25
1270.74 1896.73
1270.60 1897.19
1270.44 1897.65
1270.28 1898.11
1270.13 1898.57
1269.99 1899.04
1269.85 1899.51
1269.69 1899.97
1269.53 1900.43
1265.03 1919.59
1264.99 1920.10
1264.95 1920.61
1264.88 1921.10
1264.78 1921.59
1264.65 1922.06
1264.49 1922.52
1522.43 171.27
1522.59 171.73
1522.73 172.20
1522.84 172.67
1522.92 173.17
1522.97 173.67
1522.99 174.19
1523.01 174.71
1523.03 175.22
1523.07 175.73
1523.14 176.23
1523.25 176.71
1523.39 177.17
1523.55 177.63
1523.70 178.09
1523.82 178.57
1523.91 179.06
1523.96 179.56
1523.98 180.08
1523.99 180.60
1524.00 181.12
1524.00 181.65
1524.00 182.17
1524.00 182.69
1524.00 183.22
1524.00 183.75
1524.00 184.27
1524.00 184.80
1524.00 185.32
1524.00 185.85
1524.00 186.37
1524.01 186.89
1524.01 187.42
1524.02 187.94
1524.04 188.45
1524.09 188.96
1524.19 189.44
1524.31 189.92
1524.47 190.38
1524.62 190.84
1524.76 191.31
1524.87 191.79
1524.93 192.29
1524.97 192.79
1524.99 193.31
1525.00 193.83
1525.00 194.36
1525.00 194.88
1525.00 195.41
1525.00 195.93
1525.00 196.46
1525.00 196.98
1525.00 197.51
1525.00 198.03
1525.00 198.56
1525.00 199.08
1525.00 199.61
1525.00 200.13
1525.00 200.66
1525.00 201.18
1525.00 201.71
1525.00 202.23
1525.00 202.76
1525.01 203.28
1525.01 203.80
1525.03 204.32
1525.08 204.83
1525.15 205.32
1525.27 205.80
1525.41 206.26
1525.57 206.72
1525.72 207.19
1525.84 207.66
1525.92 208.15
1525.97 208.66
1525.99 209.18
1525.99 209.70
1525.99 210.22
1526.00 210.75
1526.00 211.27
1526.01 211.79
1526.04 212.30
1526.08 212.81
1526.16 213.31
1526.27 213.78
1526.41 214.25
1526.57 214.71
1526.72 215.17
1526.83 215.65
1526.92 216.14
1526.96 216.65
1526.99 217.16
1527.00 217.68
1527.00 218.21
1527.00 218.73
1527.00 219.26
1527.00 219.78
1527.00 220.31
1527.00 220.83
1527.01 221.35
1527.02 221.88
1527.04 222.39
1527.09 222.90
1527.17 223.39
1527.30 223.86
1527.45 224.32
1527.60 224.78
1527.75 225.25
1527.85 225.73
1527.93 226.22
1527.97 226.73
1527.99 227.25
1527.99 227.77
1528.00 228.30
1528.00 228.82
1528.00 229.34
1528.00 229.87
1528.00 230.39
1528.01 230.92
1528.01 231.44
1528.01 231.97
1528.00 232.49
1528.00 233.02
1528.00 233.54
1528.00 234.07
1528.00 234.60
1527.99 235.12
1527.99 235.65
1527.99 236.17
1527.99 236.70
1527.99 237.22
1527.99 237.75
1528.00 238.27
1528.00 238.79
1528.01 239.32
1528.01 239.84
1528.01 240.36
1528.01 240.89
1528.01 241.42
1528.00 241.94
1528.00 242.47
1528.01 242.99
1528.04 243.51
1528.09 244.01
1528.19 244.49
1528.32 244.96
1528.48 245.42
1528.64 245.88
1528.77 246.35
1528.88 246.83
1528.94 247.33
1528.98 247.84
1528.99 248.36
1528.99 248.88
1528.99 249.41
1528.99 249.93
1529.00 250.46
1529.00 250.98
1529.00 251.50
1529.01 252.03
1529.01 252.55
1529.00 253.08
1529.00 253.61
1529.00 254.13
1529.00 254.66
1529.00 255.18
1529.00 255.71
1529.00 256.23
1529.00 256.76
1529.00 257.28
1529.00 257.81
1529.00 258.33
1529.00 258.86
1529.00 259.38
1529.00 259.91
1529.00 260.43
1529.00 260.96
1529.00 261.48
1529.00 262.01
1529.00 262.53
1529.00 263.06
1529.00 263.58
1529.00 264.11
1529.00 264.63
1529.00 265.16
1529.00 265.68
1529.00 266.21
1529.00 266.73
1529.00 267.26
1529.00 267.78
1529.01 268.31
1529.01 268.83
1529.04 269.34
1529.08 269.85
1529.16 270.34
1529.27 270.82
1529.42 271.28
1529.58 271.74
1529.73 272.21
1529.84 272.68
1529.92 273.18
1529.97 273.68
1529.98 274.20
1529.99 274.72
1529.99 275.25
1529.99 275.77
1529.99 276.30
1530.00 276.82
1530.00 277.34
1530.01 277.87
1530.01 278.39
1530.01 278.92
1530.01 279.44
1530.00 279.97
1530.00 280.49
1530.00 281.02
1530.00 281.55
1530.00 282.07
1529.99 282.60
1529.99 283.12
1529.99 283.65
1529.99 284.17
1530.00 284.70
1530.00 285.22
1530.00 285.75
1530.00 286.27
1530.00 286.79
1530.01 287.32
1530.01 287.84
1530.01 288.37
1530.00 288.89
1530.00 289.42
1530.00 289.95
1530.00 290.47
1529.99 291.00
1529.99 291.52
1529.99 292.05
1529.99 292.57
1530.00 293.10
1530.00 293.62
1530.01 294.14
1530.01 294.67
1530.01 295.19
1530.01 295.72
1530.03 296.23
1530.07 296.74
1530.14 297.24
1530.25 297.72
1530.40 298.18
1530.56 298.64
1530.71 299.10
1530.83 299.58
1530.91 300.07
1530.96 300.58
1530.98 301.09
1530.99 301.61
1531.00 302.13
1531.00 302.66
1531.00 303.18
1531.00 303.71
1531.00 304.23
1531.00 304.76
1531.00 305.28
1531.00 305.81
1531.00 306.33
1531.00 306.86
1531.00 307.38
1531.00 307.91
1531.00 308.43
1531.00 308.96
1531.00 309.48
1531.00 310.01
1531.00 310.53
1531.00 311.06
1531.00 311.58
1531.00 312.11
1531.00 312.63
1531.00 313.16
1531.00 313.68
1531.00 314.21
1531.00 314.73
1531.00 315.26
1531.00 315.78
1531.00 316.31
1531.00 316.83
1531.00 317.36
1531.00 317.88
1531.00 318.41
1531.00 318.94
1531.00 319.46
1531.00 319.99
1531.00 320.51
1531.00 321.04
1531.00 321.56
1531.00 322.09
1531.00 322.61
1531.00 323.14
1531.00 323.66
1531.00 324.19
1531.00 324.71
1531.00 325.24
1531.00 325.76
1531.00 326.29
1531.00 326.81
1531.00 327.34
1531.00 327.86
1531.00 328.39
1531.00 328.91
1531.00 329.44
1531.00 329.96
1531.00 330.49
1531.00 331.01
1531.00 331.54
1531.00 332.06
1531.00 332.58
1531.00 333.11
1531.01 333.63
1531.01 334.16
1531.01 334.68
1531.01 335.21
1531.01 335.73
1531.01 336.26
1531.01 336.78
1531.01 337.31
1531.01 337.83
1531.00 338.36
1531.00 338.89
1530.99 339.41
1530.99 339.94
1530.99 340.46
1531.00 340.98
1531.04 341.50
1531.10 342.00
1531.19 342.48
1531.33 342.95
1531.48 343.41
1531.64 343.87
1531.77 344.34
1531.87 344.83
1531.94 345.32
1531.97 345.83
1531.99 346.35
1532.00 346.87
1532.00 347.40
1532.00 347.92
1532.00 348.45
1532.00 348.97
1532.00 349.50
1532.00 350.02
1532.00 350.55
1532.00 351.07
1532.00 351.60
1532.00 352.12
1532.00 352.65
1532.00 353.17
1532.00 353.70
1532.00 354.22
1532.00 354.75
1532.00 355.27
1532.00 355.80
1532.00 356.32
1532.00 356.85
1532.00 357.37
1532.00 357.90
1532.00 358.42
1532.00 358.95
1532.00 359.47
1532.00 360.00
1532.00 360.52
1532.00 361.05
1532.00 361.57
1532.00 362.10
1532.00 362.62
1532.00 363.15
1532.00 363.67
1532.00 364.20
1532.00 364.72
1532.00 365.25
1532.00 365.78
1532.00 366.30
1532.00 366.83
1532.00 367.35
1532.00 367.88
1532.00 368.40
1532.00 368.93
1532.00 369.45
1532.00 369.98
1532.00 370.50
1532.00 371.03
1532.00 371.55
1532.00 372.08
1532.00 372.60
1532.00 373.13
1532.00 373.65
1532.00 374.18
1532.00 374.70
1532.00 375.23
1532.00 375.75
1532.00 376.28
1532.00 376.80
1532.00 377.33
1532.00 377.85
1532.00 378.38
1532.00 378.90
1532.00 379.43
1532.00 379.95
1532.00 380.48
1532.00 381.00
1532.00 381.53
1532.00 382.05
1532.00 382.58
1532.00 383.10
1532.00 383.63
1532.00 384.15
1532.00 384.68
1532.00 385.20
1532.00 385.73
1532.00 386.25
1532.00 386.78
1532.00 387.30
1532.00 387.83
1532.00 388.35
1532.00 388.88
1532.00 389.40
1532.00 389.93
1532.00 390.45
1532.00 390.98
1532.00 391.50
1532.00 392.03
1532.00 392.55
1532.00 393.08
1532.00 393.60
1532.00 394.13
1532.00 394.65
1532.00 395.18
1532.00 395.70
1532.00 396.23
1532.00 396.75
1532.00 397.28
1532.00 397.80
1532.00 398.33
1532.00 398.85
1532.00 399.38
1532.00 399.90
1532.00 400.43
1532.00 400.95
1532.00 401.48
1532.00 402.00
1532.00 402.53
1532.00 403.05
1532.00 403.58
1532.00 404.10
1532.00 404.63
1532.00 405.15
1532.00 405.68
1532.00 406.20
1532.00 406.73
1532.00 407.25
1532.00 407.78
1532.00 408.30
1532.00 408.83
1532.00 409.35
1532.00 409.88
1532.00 410.40
1532.00 410.93
1532.00 411.45
1532.00 411.98
1532.00 412.50
1532.00 413.03
1532.00 413.55
1532.00 414.08
1532.00 414.60
1532.00 415.13
1532.00 415.66
1532.00 416.18
1532.00 416.71
1532.00 417.23
1532.00 417.76
1532.00 418.28
1532.00 418.81
1532.00 419.33
1532.00 419.86
1532.00 420.38
1532.00 420.91
1532.00 421.43
1532.00 421.96
1532.00 422.48
1532.00 423.01
1532.00 423.53
1532.00 424.06
1532.00 424.58
1532.00 425.11
1532.00 425.63
1532.00 426.16
1532.00 426.68
1532.00 427.21
1532.00 427.73
1532.00 428.26
1532.00 428.78
1532.00 429.31
1532.00 429.83
1532.00 430.36
1532.00 430.88
1532.00 431.41
1532.00 431.93
1532.00 432.46
1532.00 432.98
1532.00 433.51
1532.00 434.03
1532.00 434.56
1532.00 435.08
1532.00 435.61
1532.00 436.13
1532.00 436.66
1532.00 437.18
1532.00 437.71
1532.00 438.23
1532.00 438.76
1532.00 439.28
1532.00 439.81
1532.00 440.33
1532.00 440.86
1532.00 441.38
1532.00 441.91
1532.00 442.43
1532.00 442.96
1532.00 443.48
1532.00 444.01
1531.99 444.53
1531.99 445.05
1531.99 445.58
1531.99 446.10
1531.99 446.63
1531.99 447.15
1531.99 447.68
1531.99 448.20
1531.99 448.73
1531.99 449.25
1531.99 449.78
1531.99 450.30
1531.99 450.83
1531.99 451.35
1531.99 451.88
1532.00 452.41
1532.01 452.94
1532.01 453.46
1532.00 453.98
1531.97 454.50
1531.91 455.00
1531.81 455.48
1531.68 455.95
1531.52 456.41
1531.36 456.87
1531.23 457.34
1531.13 457.82
1531.06 458.32
1531.03 458.83
1531.01 459.35
1531.00 459.87
1531.00 460.40
1531.00 460.92
1531.00 461.45
1531.00 461.97
1531.00 462.49
1531.00 463.02
1531.00 463.54
1531.00 464.07
1531.00 464.59
1531.00 465.12
1531.00 465.64
1531.00 466.17
1531.00 466.69
1531.00 467.22
1531.00 467.74
1531.00 468.27
1531.00 468.80
1531.00 469.32
1531.00 469.85
1531.00 470.37
1531.00 470.90
1531.00 471.42
1531.00 471.95
1531.00 472.47
1531.00 473.00
1531.00 473.52
1531.00 474.05
1531.00 474.57
1531.00 475.10
1531.00 475.62
1531.00 476.15
1531.00 476.67
1531.00 477.20
1531.00 477.72
1531.00 478.25
1531.00 478.77
1531.00 479.30
1531.00 479.82
1531.00 480.35
1531.00 480.87
1531.00 481.40
1531.00 481.92
1530.99 482.44
1530.98 482.96
1530.96 483.48
1530.90 483.98
1530.82 484.47
1530.69 484.94
1530.54 485.41
1530.38 485.87
1530.24 486.33
1530.13 486.81
1530.06 487.31
1530.02 487.82
1530.01 488.34
1530.01 488.86
1530.01 489.39
1530.01 489.91
1530.01 490.44
1530.01 490.96
1530.00 491.48
1530.00 492.01
1529.99 492.53
1529.99 493.05
1529.99 493.58
1529.99 494.11
1529.99 494.63
1530.00 495.16
1530.00 495.68
1530.00 496.21
1530.00 496.73
1530.00 497.26
1530.00 497.79
1530.01 498.31
1530.01 498.84
1530.01 499.36
1530.00 499.89
1530.00 500.41
1530.00 500.93
1530.00 501.46
1530.00 501.98
1530.00 502.51
1530.00 503.03
1530.00 503.56
1530.00 504.08
1530.00 504.61
1530.00 505.13
1530.00 505.66
1530.00 506.18
1530.00 506.71
1530.00 507.23
1530.00 507.76
1530.00 508.29
1530.00 508.81
1530.00 509.34
1530.00 509.86
1530.00 510.38
1529.98 510.90
1529.96 511.42
1529.91 511.92
1529.82 512.41
1529.70 512.89
1529.55 513.35
1529.40 513.81
1529.25 514.28
1529.14 514.76
1529.07 515.25
1529.03 515.76
1529.01 516.28
1529.01 516.80
1529.01 517.32
1529.00 517.85
1529.00 518.37
1529.00 518.90
1529.00 519.42
1529.00 519.95
1529.00 520.47
1529.00 521.00
1529.00 521.52
1529.00 522.05
1529.00 522.57
1529.00 523.10
1529.00 523.62
1529.00 524.15
1529.00 524.67
1529.00 525.20
1529.00 525.72
1529.00 526.25
1529.00 526.77
1528.99 527.30
1528.99 527.82
1528.99 528.35
1528.99 528.87
1529.00 529.40
1529.00 529.92
1529.00 530.45
1529.00 530.97
1529.00 531.50
1529.00 532.02
1529.00 532.55
1529.00 533.07
1529.01 533.60
1529.01 534.13
1529.01 534.65
1529.01 535.18
1529.01 535.70
1529.01 536.23
1529.01 536.75
1529.00 537.28
1529.00 537.80
1529.00 538.32
1529.00 538.85
1528.99 539.37
1528.99 539.89
1528.99 540.42
1528.98 540.94
1528.99 541.47
1528.99 542.00
1528.99 542.52
1528.99 543.04
1528.96 543.56
1528.90 544.06
1528.79 544.54
1528.66 545.01
1528.50 545.47
1528.35 545.93
1528.21 546.40
1528.12 546.88
1528.06 547.38
1528.02 547.89
1528.01 548.41
1528.00 548.94
1528.00 549.46
1528.00 549.99
1528.00 550.51
1528.00 551.04
1528.00 551.56
1528.00 552.09
1528.00 552.61
1528.00 553.14
1528.00 553.66
1528.00 554.19
1528.00 554.71
1528.00 555.24
1528.00 555.76
1528.00 556.29
1528.00 556.81
1528.00 557.34
1528.00 557.86
1528.00 558.39
1528.00 558.91
1528.00 559.44
1528.00 559.96
1528.00 560.49
1528.00 561.01
1528.00 561.54
1528.00 562.06
1527.99 562.58
1527.98 563.10
1527.94 563.61
1527.88 564.11
1527.78 564.60
1527.65 565.07
1527.49 565.53
1527.34 565.99
1527.21 566.46
1527.11 566.94
1527.05 567.44
1527.02 567.96
1527.01 568.48
1527.01 569.00
1527.00 569.52
1527.00 570.05
1526.99 570.57
1526.99 571.09
1526.99 571.62
1526.98 572.14
1526.94 572.65
1526.88 573.15
1526.77 573.63
1526.63 574.10
1526.47 574.56
1526.32 575.02
1526.19 575.49
1526.10 575.98
1526.05 576.48
1526.02 576.99
1526.01 577.51
1526.00 578.04
1526.00 578.56
1526.00 579.08
1526.00 579.61
1525.99 580.13
1525.99 580.66
1525.97 581.17
1525.94 581.68
1525.87 582.18
1525.77 582.66
1525.63 583.13
1525.47 583.59
1525.32 584.05
1525.18 584.52
1525.08 585.01
1525.00 585.50
1524.92 585.99
1524.81 586.47
1524.68 586.94
1524.53 587.40
1524.37 587.86
1524.24 588.33
1524.13 588.81
1524.07 589.31
1524.03 589.82
1524.01 590.34
1524.00 590.86
1523.99 591.38
1523.99 591.90
1523.99 592.43
1523.98 592.95
1523.96 593.47
1522.00 642.53
1522.00 643.06
1522.00 643.58
1522.00 644.11
1522.00 644.63
1522.00 645.16
1522.00 645.68
1522.00 646.21
1522.00 646.73
1522.00 647.26
1522.00 647.78
1522.00 648.31
1522.00 648.83
1522.00 649.36
1522.00 649.88
1522.00 650.41
1522.00 650.93
1522.00 651.46
1522.00 651.98
1522.00 652.51
1522.00 653.03
1522.00 653.56
1522.00 654.08
1522.00 654.61
1522.00 655.14
1522.00 655.66
1522.00 656.19
1522.00 656.71
1522.00 657.24
1522.00 657.76
1522.00 658.29
1522.00 658.81
1522.00 659.34
1522.00 659.86
1522.00 660.39
1522.00 660.91
1522.00 661.44
1522.00 661.96
1522.01 662.48
1522.01 663.01
1522.01 663.53
1522.02 664.05
1522.05 664.56
1522.11 665.06
1522.19 665.54
1522.29 666.00
1522.38 666.43
1522.42 666.84
1522.42 667.25
1522.36 667.67
1522.27 668.10
1522.17 668.57
1522.09 669.05
1522.04 669.55
1522.00 670.06
1521.95 670.56
1521.89 671.06
1521.79 671.55
1521.66 672.02
1521.51 672.48
1521.37 672.93
1521.25 673.40
1521.20 673.86
1521.21 674.33
1521.29 674.79
1521.42 675.25
1521.57 675.71
1521.70 676.16
1521.78 676.63
1521.80 677.09
1521.75 677.56
1521.65 678.02
1521.50 678.48
1521.35 678.94
1521.22 679.41
1521.12 679.89
1521.06 680.39
1521.02 680.90
1521.01 681.42
1521.00 681.94
1521.00 682.47
1521.00 682.99
1521.00 683.52
1521.00 684.04
1521.00 684.57
1521.00 685.09
1521.00 685.62
1521.00 686.14
1521.00 686.67
1521.00 687.19
1521.00 687.72
1521.00 688.24
1520.99 688.76
1520.97 689.28
1520.93 689.79
1520.85 690.28
1520.74 690.76
1520.60 691.23
1520.44 691.69
1520.29 692.15
1520.17 692.62
1520.09 693.11
1520.04 693.62
1520.02 694.14
1520.01 694.66
1520.01 695.18
1520.00 695.71
1520.00 696.23
1520.00 696.75
1520.00 697.28
1520.00 697.80
1520.00 698.33
1520.00 698.85
1520.00 699.38
1520.00 699.90
1520.00 700.43
1520.00 700.96
1520.00 701.48
1520.00 702.01
1520.00 702.53
1520.00 703.05
1520.00 703.58
1520.00 704.10
1520.00 704.63
1520.00 705.15
1520.00 705.68
1520.00 706.20
1519.99 706.73
1519.97 707.24
1519.93 707.75
1519.86 708.25
1519.75 708.73
1519.60 709.19
1519.45 709.65
1519.30 710.11
1519.18 710.59
1519.09 711.08
1519.04 711.58
1519.02 712.10
1519.01 712.62
1519.00 713.14
1519.00 713.67
1519.00 714.19
1519.00 714.72
1519.00 715.24
1519.00 715.77
1519.00 716.29
1519.00 716.82
1519.00 717.34
1519.00 717.87
1519.00 718.39
1519.00 718.92
1519.00 719.44
1519.00 719.97
1519.00 720.49
1519.00 721.02
1519.00 721.54
1519.00 722.07
1519.00 722.59
1519.00 723.12
1518.99 723.64
1518.97 724.16
1518.94 724.67
1518.87 725.17
1518.77 725.65
1518.64 726.12
1518.48 726.58
1518.33 727.04
1518.20 727.51
1518.10 728.00
1518.05 728.50
1518.02 729.01
1518.01 729.53
1518.01 730.06
1518.00 730.58
1518.00 731.10
1518.00 731.63
1518.00 732.15
1518.00 732.68
1518.00 733.20
1518.00 733.73
1518.00 734.26
1518.00 734.78
1518.00 735.30
1518.00 735.83
1517.99 736.35
1517.98 736.87
1517.96 737.39
1517.91 737.89
1517.83 738.38
1517.71 738.86
1517.57 739.32
1517.41 739.78
1517.26 740.25
1517.15 740.73
1517.07 741.22
1517.03 741.73
1517.01 742.24
1517.00 742.77
1517.00 743.29
1517.01 743.82
1517.01 744.34
1517.01 744.87
1517.01 745.39
1517.00 745.92
1517.00 746.44
1517.00 746.97
1517.00 747.49
1516.99 748.01
1517.00 748.54
1517.00 749.07
1517.00 749.59
1517.00 750.12
1517.00 750.64
1517.00 751.17
1517.00 751.69
1517.00 752.22
1516.99 752.74
1516.97 753.25
1516.93 753.76
1516.86 754.26
1516.75 754.74
1516.61 755.21
1516.45 755.67
1516.30 756.13
1516.18 756.60
1516.09 757.09
1516.04 757.59
1516.02 758.11
1516.01 758.63
1516.01 759.16
1516.01 759.68
1516.00 760.20
1516.00 760.73
1515.99 761.25
1515.99 761.78
1516.00 762.30
1516.00 762.83
1516.00 763.35
1516.00 763.88
1516.00 764.41
1516.00 764.93
1516.00 765.45
1516.00 765.98
1516.00 766.50
1516.00 767.03
1515.99 767.55
1515.98 768.07
1515.95 768.58
1515.89 769.08
1515.79 769.57
1515.66 770.04
1515.51 770.50
1515.35 770.96
1515.22 771.43
1515.11 771.91
1515.05 772.41
1515.02 772.92
1515.01 773.45
1515.01 773.97
1515.00 774.49
1515.00 775.02
1515.00 775.54
1515.00 776.06
1515.00 776.59
1515.00 777.12
1515.00 777.64
1515.00 778.17
1515.00 778.69
1515.00 779.22
1515.00 779.74
1514.99 780.26
1514.99 780.79
1514.97 781.30
1514.92 781.81
1514.85 782.30
1514.73 782.78
1514.59 783.24
1514.43 783.71
1514.28 784.17
1514.17 784.65
1514.08 785.14
1514.04 785.64
1514.01 786.16
1514.00 786.68
1514.00 787.20
1514.00 787.73
1514.00 788.25
1514.00 788.78
1514.00 789.30
1514.00 789.83
1514.01 790.36
1514.01 790.88
1514.01 791.41
1514.01 791.93
1514.00 792.46
1514.00 792.98
1513.99 793.50
1513.99 794.02
1513.99 794.55
1513.99 795.07
1513.99 795.60
1514.00 796.13
1514.00 796.65
1513.98 797.17
1513.95 797.68
1513.87 798.18
1513.76 798.66
1513.62 799.12
1513.46 799.58
1513.31 800.04
1513.19 800.52
1513.10 801.01
1513.05 801.51
1513.02 802.02
1513.01 802.54
1513.00 803.07
1513.00 803.59
1513.00 804.11
1513.00 804.64
1513.00 805.17
1513.00 805.69
1513.00 806.22
1513.00 806.74
1513.00 807.26
1513.00 807.79
1512.99 808.31
1512.98 808.83
1512.96 809.35
1512.92 809.86
1512.84 810.35
1512.72 810.82
1512.57 811.29
1512.41 811.75
1512.26 812.21
1512.15 812.69
1512.08 813.18
1512.03 813.69
1512.01 814.21
1512.01 814.73
1512.01 815.25
1512.00 815.78
1512.00 816.30
1512.00 816.83
1512.00 817.35
1512.00 817.88
1511.99 818.40
1511.99 818.92
1511.99 819.45
1512.00 819.98
1511.99 820.50
1511.98 821.02
1511.96 821.53
1511.90 822.04
1511.80 822.52
1511.67 822.99
1511.52 823.45
1511.36 823.91
1511.22 824.38
1511.12 824.86
1511.05 825.36
1511.01 825.87
1510.97 826.38
1510.92 826.88
1510.84 827.37
1510.72 827.85
1510.57 828.31
1510.41 828.77
1510.27 829.24
1510.15 829.71
1510.07 830.20
1510.02 830.71
1510.00 831.23
1510.00 831.75
1510.00 832.28
1510.00 832.80
1510.01 833.33
1510.01 833.85
1510.01 834.38
1510.01 834.90
1510.01 835.43
1510.00 835.95
1510.00 836.48
1510.00 837.00
1510.00 837.52
1510.00 838.05
1509.99 838.57
1509.99 839.10
1509.99 839.62
1509.99 840.15
1509.99 840.67
1510.00 841.20
1510.00 841.72
1510.00 842.25
1510.00 842.78
1510.00 843.30
1510.01 843.83
1510.01 844.35
1510.01 844.88
1510.01 845.40
1510.00 845.93
1510.00 846.45
1510.00 846.98
1509.99 847.50
1509.99 848.02
1509.99 848.55
1509.98 849.07
1509.95 849.58
1509.89 850.08
1509.79 850.57
1509.66 851.03
1509.50 851.50
1509.35 851.96
1509.21 852.43
1509.11 852.91
1509.05 853.41
1509.02 853.92
1509.01 854.44
1509.01 854.97
1509.00 855.49
1509.00 856.01
1509.00 856.54
1509.00 857.06
1509.00 857.59
1509.00 858.11
1509.00 858.64
1509.00 859.16
1509.00 859.69
1509.00 860.21
1509.00 860.74
1508.99 861.26
1508.99 861.78
1508.97 862.30
1508.92 862.81
1508.85 863.30
1508.73 863.78
1508.59 864.24
1508.43 864.70
1508.28 865.17
1508.16 865.64
1508.08 866.13
1508.04 866.64
1508.01 867.16
1508.00 867.68
1508.00 868.20
1507.99 868.72
1507.97 869.24
1507.93 869.75
1507.86 870.24
1507.75 870.72
1507.62 871.19
1507.46 871.65
1507.31 872.11
1507.18 872.59
1507.09 873.07
1507.04 873.58
1507.01 874.09
1507.01 874.62
1507.01 875.14
1507.01 875.66
1507.00 876.19
1506.99 876.71
1506.97 877.22
1506.93 877.73
1506.86 878.23
1506.75 878.71
1506.62 879.18
1506.46 879.64
1506.31 880.10
1506.18 880.57
1506.09 881.06
1506.04 881.56
1506.01 882.08
1506.00 882.60
1506.00 883.13
1506.01 883.65
1506.01 884.18
1506.01 884.70
1506.01 885.23
1506.00 885.75
1506.00 886.27
1506.00 886.80
1505.99 887.32
1505.99 887.85
1505.99 888.37
1505.98 888.89
1505.96 889.41
1505.91 889.91
1505.83 890.40
1505.71 890.88
1505.56 891.34
1505.40 891.80
1505.26 892.27
1505.15 892.75
1505.07 893.24
1505.03 893.75
1505.01 894.27
1505.01 894.79
1505.00 895.31
1505.00 895.84
1505.00 896.36
1505.00 896.88
1505.00 897.41
1505.00 897.93
1505.00 898.46
1505.00 898.99
1505.00 899.51
1505.00 900.04
1504.99 900.56
1504.98 901.08
1504.95 901.59
1504.89 902.09
1504.79 902.57
1504.66 903.05
1504.51 903.51
1504.35 903.97
1504.21 904.44
1504.11 904.92
1504.05 905.42
1504.02 905.93
1504.01 906.45
1504.01 906.97
1504.00 907.50
1504.00 908.02
1503.99 908.54
1503.98 909.06
1503.94 909.57
1503.89 910.08
1503.79 910.56
1503.66 911.03
1503.50 911.49
1503.35 911.95
1503.21 912.42
1503.12 912.91
1503.06 913.41
1503.03 913.92
1503.01 914.44
1503.01 914.96
1503.00 915.48
1503.00 916.01
1502.99 916.53
1502.99 917.06
1502.99 917.58
1502.98 918.10
1502.95 918.61
1502.88 919.11
1502.78 919.59
1502.64 920.06
1502.48 920.52
1502.33 920.98
1502.20 921.45
1502.11 921.94
1502.05 922.44
1502.02 922.95
1502.01 923.47
1502.00 924.00
1502.00 924.52
1502.00 925.05
1502.00 925.57
1502.00 926.09
1502.00 926.62
1502.00 927.14
1501.99 927.67
1501.97 928.18
1501.94 928.70
1501.87 929.19
1501.77 929.68
1501.63 930.14
1501.48 930.60
1501.32 931.07
1501.19 931.54
1501.09 932.02
1501.04 932.52
1501.01 933.04
1501.00 933.56
1501.01 934.09
1501.01 934.61
1501.01 935.14
1501.01 935.66
1501.01 936.18
1501.00 936.71
1500.99 937.23
1500.99 937.75
1500.99 938.28
1500.99 938.80
1500.99 939.33
1501.00 939.86
1501.00 940.38
1501.01 940.91
1501.01 941.44
1501.01 941.96
1501.01 942.49
1501.00 943.01
1501.00 943.53
1500.99 944.06
1500.99 944.58
1500.99 945.10
1500.99 945.63
1500.98 946.15
1500.94 946.66
1500.87 947.16
1500.77 947.64
1500.63 948.10
1500.47 948.56
1500.32 949.03
1500.19 949.50
1500.10 949.99
1500.05 950.49
1500.02 951.00
1500.00 951.52
1500.00 952.04
1500.00 952.57
1500.00 953.10
1500.00 953.62
1500.01 954.15
1500.01 954.67
1500.00 955.20
1500.00 955.72
1499.99 956.24
1499.99 956.77
1499.99 957.29
1499.99 957.82
1499.99 958.34
1499.99 958.87
1499.97 959.38
1499.92 959.89
1499.83 960.38
1499.71 960.85
1499.55 961.31
1499.40 961.77
1499.25 962.24
1499.15 962.72
1499.07 963.21
1499.03 963.72
1499.01 964.24
1499.01 964.76
1499.00 965.28
1499.00 965.81
1499.00 966.33
1499.00 966.86
1498.99 967.38
1498.98 967.90
1498.96 968.41
1498.91 968.92
1498.82 969.41
1498.70 969.88
1498.55 970.35
1498.40 970.81
1498.25 971.27
1498.14 971.75
1498.07 972.25
1498.03 972.76
1498.01 973.27
1498.00 973.79
1498.00 974.32
1498.00 974.84
1498.00 975.37
1498.00 975.89
1498.00 976.42
1498.00 976.94
1498.00 977.47
1498.00 977.99
1498.00 978.52
1498.00 979.04
1497.99 979.57
1497.98 980.08
1497.95 980.60
1497.89 981.10
1497.79 981.58
1497.66 982.05
1497.51 982.52
1497.35 982.98
1497.22 983.44
1497.11 983.93
1497.04 984.42
1497.01 984.93
1496.99 985.45
1496.99 985.98
1496.99 986.50
1496.99 987.03
1497.00 987.56
1497.00 988.08
1497.00 988.61
1497.01 989.13
1497.01 989.66
1497.01 990.18
1497.01 990.71
1497.01 991.23
1497.01 991.76
1497.01 992.28
1497.01 992.81
1497.00 993.33
1497.00 993.86
1497.00 994.38
1497.00 994.91
1497.00 995.43
1497.00 995.96
1497.00 996.48
1496.99 997.00
1496.99 997.53
1496.99 998.05
1496.99 998.58
1496.99 999.10
1497.00 999.63
1497.00 1000.16
1497.00 1000.68
1497.00 1001.21
1497.00 1001.73
1497.00 1002.26
1497.00 1002.78
1497.00 1003.31
1497.00 1003.83
1497.00 1004.36
1497.00 1004.88
1497.00 1005.41
1497.00 1005.93
1497.00 1006.46
1497.00 1006.98
1496.67 1010.00
1496.51 1010.46
1496.36 1010.92
1496.22 1011.38
1496.11 1011.86
1496.02 1012.35
1495.94 1012.85
1495.85 1013.33
1495.73 1013.81
1495.58 1014.27
1495.42 1014.73
1495.28 1015.19
1495.16 1015.67
1495.08 1016.16
1495.04 1016.67
1495.02 1017.19
1495.01 1017.71
1495.00 1018.23
1495.00 1018.76
1495.00 1019.28
1495.00 1019.80
1494.99 1020.33
1494.98 1020.85
1494.96 1021.37
1494.92 1021.87
1494.84 1022.36
1494.72 1022.84
1494.57 1023.30
1494.41 1023.76
1494.27 1024.23
1494.15 1024.70
1494.08 1025.20
1494.03 1025.70
1494.01 1026.22
1493.99 1026.74
1493.97 1027.26
1493.93 1027.76
1493.86 1028.26
1493.74 1028.74
1493.60 1029.20
1493.45 1029.66
1493.30 1030.13
1493.18 1030.60
1493.09 1031.09
1493.04 1031.60
1493.02 1032.11
1493.01 1032.63
1493.00 1033.15
1493.00 1033.68
1492.99 1034.20
1492.99 1034.72
1492.99 1035.25
1492.99 1035.77
1492.97 1036.29
1492.93 1036.80
1492.85 1037.29
1492.73 1037.77
1492.58 1038.23
1492.42 1038.69
1492.28 1039.15
1492.16 1039.63
1492.06 1040.12
1491.98 1040.61
1491.90 1041.10
1491.79 1041.58
1491.66 1042.05
1491.51 1042.51
1491.35 1042.97
1491.21 1043.44
1491.11 1043.92
1491.05 1044.42
1491.02 1044.93
1491.01 1045.46
1491.01 1045.98
1491.01 1046.50
1491.00 1047.03
1491.00 1047.55
1490.99 1048.07
1490.99 1048.60
1490.99 1049.12
1490.99 1049.65
1490.98 1050.17
1490.94 1050.68
1490.87 1051.17
1490.77 1051.66
1490.63 1052.12
1490.48 1052.58
1490.32 1053.05
1490.19 1053.52
1490.10 1054.00
1490.04 1054.51
1490.02 1055.02
1490.01 1055.54
1490.00 1056.06
1489.99 1056.59
1489.98 1057.10
1489.94 1057.61
1489.88 1058.11
1489.78 1058.60
1489.65 1059.07
1489.49 1059.53
1489.34 1059.99
1489.21 1060.46
1489.11 1060.95
1489.05 1061.45
1489.02 1061.96
1489.00 1062.48
1489.00 1063.00
1489.00 1063.52
1489.00 1064.05
1489.01 1064.58
1489.01 1065.10
1489.01 1065.63
1489.00 1066.15
1489.00 1066.67
1488.99 1067.20
1488.99 1067.72
1488.99 1068.25
1488.99 1068.77
1488.99 1069.30
1488.99 1069.82
1488.97 1070.34
1488.93 1070.84
1488.84 1071.34
1488.72 1071.81
1488.57 1072.27
1488.41 1072.73
1488.27 1073.20
1488.15 1073.68
1488.08 1074.17
1488.03 1074.68
1488.01 1075.19
1488.01 1075.71
1488.01 1076.24
1488.00 1076.76
1488.00 1077.29
1488.00 1077.81
1488.00 1078.34
1488.00 1078.86
1488.00 1079.39
1488.00 1079.91
1488.00 1080.44
1488.00 1080.96
1487.99 1081.48
1487.98 1082.00
1487.95 1082.52
1487.89 1083.02
1487.80 1083.50
1487.67 1083.98
1487.52 1084.44
1487.35 1084.89
1487.20 1085.36
1487.06 1085.82
1486.92 1086.29
1486.77 1086.75
1486.62 1087.21
1486.45 1087.67
1486.30 1088.13
1486.18 1088.61
1486.09 1089.10
1486.04 1089.60
1486.02 1090.12
1486.01 1090.64
1486.00 1091.16
1485.99 1091.68
1485.97 1092.20
1485.93 1092.71
1485.86 1093.20
1485.76 1093.69
1485.62 1094.15
1485.47 1094.61
1485.31 1095.07
1485.18 1095.55
1485.08 1096.03
1485.00 1096.52
1484.91 1097.01
1484.81 1097.49
1484.68 1097.96
1484.53 1098.43
1484.37 1098.89
1484.23 1099.35
1484.13 1099.83
1484.06 1100.33
1484.01 1100.84
1483.97 1101.35
1483.92 1101.85
1483.84 1102.34
1483.73 1102.82
1483.59 1103.29
1481.00 1129.52
1481.00 1130.04
1481.00 1130.57
1481.00 1131.09
1481.00 1131.62
1481.00 1132.14
1481.00 1132.67
1481.00 1133.19
1481.00 1133.72
1481.00 1134.24
1481.00 1134.77
1481.00 1135.29
1481.00 1135.82
1481.00 1136.34
1481.00 1136.87
1481.00 1137.39
1481.00 1137.92
1481.00 1138.44
1481.00 1138.97
1481.00 1139.49
1480.99 1140.02
1480.99 1140.54
1480.99 1141.07
1480.99 1141.59
1481.00 1142.12
1480.99 1142.64
1480.98 1143.16
1480.94 1143.67
1480.88 1144.17
1480.78 1144.65
1480.64 1145.12
1480.48 1145.58
1480.33 1146.04
1480.20 1146.51
1480.10 1147.00
1480.04 1147.50
1480.00 1148.01
1479.99 1148.53
1479.99 1149.05
1479.99 1149.58
1479.99 1150.10
1480.00 1150.63
1480.00 1151.16
1480.00 1151.68
1480.01 1152.21
1480.01 1152.73
1480.01 1153.26
1480.01 1153.78
1480.01 1154.31
1480.01 1154.84
1480.01 1155.36
1480.01 1155.88
1480.01 1156.41
1480.01 1156.93
1480.01 1157.46
1480.00 1157.98
1480.00 1158.51
1480.00 1159.03
1479.99 1159.55
1479.99 1160.08
1479.99 1160.60
1479.98 1161.12
1479.98 1161.65
1479.98 1162.17
1479.99 1162.70
1480.00 1163.23
1480.00 1163.75
1479.98 1164.27
1479.94 1164.78
1479.86 1165.27
1479.74 1165.75
1479.59 1166.21
1479.43 1166.67
1479.28 1167.13
1479.17 1167.61
1479.09 1168.10
1479.04 1168.61
1479.01 1169.12
1479.00 1169.64
1479.00 1170.17
1479.00 1170.69
1479.00 1171.22
1479.00 1171.74
1479.00 1172.27
1479.00 1172.79
1479.00 1173.32
1479.00 1173.84
1478.99 1174.37
1478.98 1174.89
1478.96 1175.40
1478.91 1175.91
1478.83 1176.40
1478.71 1176.87
1478.56 1177.33
1478.40 1177.79
1478.25 1178.26
1478.14 1178.74
1478.05 1179.22
1477.97 1179.72
1477.88 1180.20
1477.76 1180.68
1477.62 1181.15
1477.46 1181.61
1477.31 1182.07
1477.18 1182.54
1477.08 1183.02
1477.00 1183.51
1476.91 1184.01
1476.81 1184.49
1476.68 1184.96
1476.53 1185.42
1476.37 1185.88
1476.23 1186.35
1476.13 1186.83
1476.06 1187.33
1476.03 1187.84
1476.01 1188.36
1476.01 1188.88
1476.00 1189.40
1476.00 1189.93
1476.00 1190.45
1473.36 1228.74
1473.15 1229.18
1472.94 1229.61
1472.73 1230.05
1472.51 1230.49
1472.29 1230.92
1472.08 1231.36
1471.87 1231.79
1471.66 1232.23
1471.47 1232.68
1471.30 1233.14
1471.17 1233.61
1471.07 1234.09
1470.99 1234.58
1470.90 1235.07
1470.79 1235.55
1470.66 1236.02
1470.50 1236.48
1470.35 1236.94
1470.21 1237.41
1470.12 1237.89
1470.05 1238.39
1470.01 1238.90
1469.97 1239.41
1469.91 1239.91
1469.83 1240.40
1469.71 1240.88
1469.56 1241.34
1469.40 1241.80
1469.26 1242.27
1469.15 1242.74
1469.07 1243.24
1469.03 1243.75
1469.01 1244.26
1468.99 1244.78
1468.97 1245.30
1468.93 1245.80
1468.85 1246.30
1468.74 1246.77
1468.60 1247.24
1468.44 1247.70
1468.29 1248.16
1468.17 1248.64
1468.09 1249.13
1468.04 1249.64
1468.02 1250.15
1468.01 1250.67
1468.00 1251.20
1468.00 1251.72
1468.00 1252.24
1468.00 1252.77
1468.00 1253.29
1468.00 1253.82
1468.00 1254.34
1468.00 1254.87
1468.00 1255.40
1468.00 1255.92
1468.00 1256.44
1468.00 1256.97
1467.99 1257.49
1467.98 1258.01
1467.95 1258.52
1467.90 1259.03
1467.81 1259.51
1467.68 1259.99
1467.53 1260.45
1467.37 1260.91
1467.23 1261.38
1467.12 1261.86
1467.06 1262.35
1467.02 1262.87
1467.01 1263.39
1467.01 1263.91
1467.01 1264.43
1467.00 1264.96
1467.00 1265.48
1466.99 1266.00
1466.99 1266.53
1466.98 1267.05
1466.95 1267.56
1466.89 1268.06
1466.80 1268.55
1466.67 1269.02
1466.51 1269.48
1466.36 1269.94
1466.22 1270.41
1466.12 1270.89
1466.05 1271.39
1466.01 1271.90
1465.97 1272.41
1465.92 1272.91
1465.83 1273.40
1465.71 1273.87
1465.57 1274.34
1465.41 1274.80
1465.26 1275.26
1465.15 1275.74
1465.07 1276.23
1465.03 1276.74
1465.01 1277.26
1465.01 1277.78
1465.00 1278.31
1464.99 1278.83
1464.97 1279.34
1464.92 1279.85
1464.84 1280.34
1464.73 1280.82
1464.59 1281.28
1464.43 1281.74
1464.28 1282.21
1464.16 1282.68
1464.08 1283.17
1464.03 1283.68
1464.01 1284.20
1464.01 1284.72
1464.01 1285.24
1464.01 1285.77
1464.00 1286.29
1463.99 1286.81
1463.96 1287.33
1463.92 1287.83
1463.84 1288.33
1463.73 1288.81
1463.59 1289.27
1463.43 1289.73
1463.28 1290.19
1463.16 1290.67
1463.08 1291.16
1463.03 1291.67
1463.01 1292.18
1463.01 1292.71
1463.01 1293.23
1463.01 1293.76
1463.00 1294.28
1463.00 1294.80
1462.99 1295.32
1462.98 1295.85
1462.96 1296.36
1462.92 1296.87
1462.84 1297.36
1462.72 1297.84
1462.58 1298.30
1462.42 1298.76
1462.27 1299.23
1462.15 1299.70
1462.07 1300.19
1462.03 1300.70
1462.02 1301.22
1462.01 1301.74
1462.01 1302.27
1462.00 1302.79
1462.00 1303.31
1461.99 1303.84
1461.99 1304.36
1461.98 1304.88
1461.96 1305.40
1461.91 1305.90
1461.83 1306.39
1461.70 1306.87
1461.55 1307.33
1461.39 1307.79
1461.25 1308.26
1461.14 1308.74
1461.07 1309.23
1461.03 1309.74
1461.01 1310.25
1460.99 1310.77
1460.97 1311.29
1460.93 1311.80
1460.85 1312.29
1460.74 1312.77
1460.60 1313.23
1460.44 1313.69
1460.29 1314.16
1460.17 1314.63
1460.09 1315.12
1460.04 1315.63
1460.01 1316.14
1460.00 1316.66
1459.98 1317.18
1459.94 1317.69
1459.87 1318.18
1459.76 1318.66
1459.62 1319.13
1459.47 1319.59
1459.32 1320.06
1459.19 1320.53
1459.10 1321.02
1459.05 1321.52
1459.02 1322.03
1459.00 1322.55
1458.98 1323.07
1458.95 1323.58
1458.88 1324.08
1458.78 1324.56
1458.64 1325.03
1458.47 1325.48
1458.27 1325.92
1458.06 1326.36
1457.86 1326.80
1457.65 1327.24
1457.46 1327.69
1457.30 1328.15
1457.18 1328.62
1457.09 1329.11
1457.04 1329.61
1457.01 1330.13
1457.00 1330.65
1456.99 1331.17
1456.99 1331.69
1456.97 1332.21
1456.93 1332.72
1456.86 1333.21
1456.75 1333.69
1456.61 1334.16
1456.45 1334.62
1456.30 1335.08
1456.18 1335.56
1456.09 1336.05
1456.04 1336.55
1456.02 1337.06
1456.01 1337.59
1456.00 1338.11
1456.00 1338.63
1456.00 1339.16
1455.99 1339.68
1455.97 1340.20
1455.93 1340.70
1455.86 1341.20
1455.76 1341.68
1455.62 1342.15
1455.46 1342.61
1455.31 1343.07
1455.19 1343.55
1455.10 1344.03
1455.04 1344.53
1455.00 1345.04
1454.95 1345.55
1454.89 1346.05
1454.80 1346.53
1454.66 1347.01
1454.51 1347.47
1454.36 1347.93
1454.22 1348.40
1454.12 1348.88
1454.05 1349.38
1454.01 1349.88
1453.97 1350.39
1453.91 1350.89
1453.83 1351.38
1453.71 1351.86
1453.56 1352.32
1453.40 1352.78
1453.26 1353.25
1453.15 1353.73
1453.07 1354.22
1453.03 1354.73
1453.01 1355.24
1452.99 1355.76
1452.97 1356.28
1452.93 1356.79
1452.86 1357.28
1452.76 1357.74
1452.66 1358.19
1452.59 1358.61
1452.56 1359.02
1452.60 1359.44
1452.68 1359.86
1452.78 1360.31
1452.86 1360.77
1452.93 1361.27
1452.96 1361.77
1452.96 1362.28
1452.92 1362.79
1452.85 1363.28
1452.74 1363.75
1452.59 1364.22
1452.43 1364.68
1452.29 1365.14
1452.17 1365.62
1452.08 1366.11
1452.03 1366.61
1451.99 1367.12
1451.95 1367.63
1451.88 1368.13
1451.78 1368.61
1451.64 1369.08
1451.49 1369.54
1451.33 1370.00
1451.20 1370.47
1451.09 1370.95
1451.01 1371.44
1450.93 1371.93
1450.83 1372.42
1450.70 1372.89
1450.55 1373.35
1450.39 1373.81
1450.25 1374.28
1450.14 1374.76
1450.07 1375.25
1450.03 1375.76
1450.01 1376.28
1450.01 1376.80
1450.00 1377.32
1450.00 1377.85
1450.00 1378.37
1449.99 1378.90
1449.99 1379.42
1449.98 1379.94
1449.96 1380.46
1449.91 1380.96
1449.82 1381.45
1449.69 1381.92
1449.54 1382.38
1449.38 1382.84
1449.24 1383.31
1449.13 1383.79
1449.04 1384.27
1448.96 1384.77
1448.86 1385.25
1448.75 1385.73
1448.60 1386.19
1448.44 1386.65
1448.29 1387.12
1448.17 1387.59
1448.09 1388.08
1448.04 1388.59
1448.01 1389.10
1448.00 1389.62
1447.98 1390.14
1447.94 1390.65
1447.87 1391.14
1447.77 1391.63
1447.64 1392.10
1447.48 1392.56
1447.33 1393.02
1447.20 1393.49
1447.11 1393.98
1447.05 1394.48
1447.02 1394.99
1447.01 1395.51
1447.00 1396.03
1447.00 1396.56
1447.00 1397.08
1447.00 1397.61
1447.00 1398.13
1447.00 1398.66
1447.00 1399.18
1447.00 1399.71
1447.00 1400.23
1447.00 1400.76
1447.00 1401.28
1447.00 1401.81
1447.00 1402.33
1447.00 1402.86
1447.00 1403.38
1447.00 1403.91
1447.00 1404.43
1447.00 1404.96
1447.00 1405.48
1447.00 1406.01
1447.00 1406.53
1447.00 1407.06
1447.00 1407.58
1447.00 1408.11
1447.00 1408.63
1447.00 1409.16
1447.00 1409.68
1447.00 1410.21
1447.00 1410.73
1447.00 1411.26
1447.00 1411.78
1447.00 1412.31
1447.00 1412.83
1447.00 1413.36
1447.00 1413.88
1447.00 1414.41
1447.00 1414.93
1447.00 1415.46
1447.00 1415.98
1447.00 1416.51
1447.00 1417.03
1447.00 1417.56
1447.00 1418.08
1447.00 1418.61
1447.00 1419.13
1447.00 1419.66
1447.00 1420.18
1447.00 1420.71
1447.00 1421.23
1446.99 1421.75
1446.97 1422.27
1446.93 1422.78
1446.85 1423.27
1446.74 1423.75
1446.60 1424.22
1446.44 1424.68
1446.29 1425.14
1446.17 1425.62
1446.09 1426.11
1446.04 1426.61
1446.02 1427.13
1446.01 1427.65
1446.00 1428.17
1446.00 1428.70
1446.00 1429.22
1445.28 1434.17
1443.60 1441.35
1443.41 1441.80
1443.24 1442.25
1443.09 1442.72
1442.94 1443.18
1442.80 1443.65
1442.63 1444.10
1442.44 1444.55
1442.24 1444.99
1442.04 1445.43
1441.83 1445.87
1441.63 1446.31
1441.44 1446.76
1441.28 1447.22
1441.16 1447.69
1441.08 1448.19
1441.03 1448.69
1441.01 1449.21
1440.99 1449.72
1440.97 1450.24
1440.93 1450.75
1440.86 1451.24
1440.75 1451.72
1440.61 1452.19
1440.45 1452.65
1440.30 1453.11
1440.18 1453.59
1440.09 1454.08
1440.04 1454.58
1440.01 1455.09
1440.00 1455.61
1439.98 1456.13
1439.94 1456.64
1439.88 1457.14
1439.77 1457.62
1439.64 1458.09
1439.48 1458.55
1439.33 1459.01
1439.20 1459.48
1439.11 1459.97
1439.04 1460.47
1439.00 1460.98
1438.96 1461.48
1438.90 1461.98
1438.81 1462.47
1438.68 1462.94
1438.53 1463.41
1438.38 1463.87
1438.24 1464.33
1438.13 1464.82
1438.06 1465.31
1438.02 1465.82
1438.00 1466.34
1437.99 1466.86
1437.96 1467.37
1437.91 1467.88
1437.83 1468.37
1437.71 1468.84
1437.56 1469.30
1437.40 1469.76
1437.26 1470.23
1437.15 1470.71
1437.07 1471.20
1437.02 1471.71
1436.98 1472.22
1436.94 1472.72
1436.86 1473.22
1436.75 1473.70
1436.61 1474.16
1436.45 1474.62
1436.30 1475.08
1436.18 1475.56
1436.09 1476.05
1436.04 1476.55
1436.02 1477.07
1436.01 1477.59
1436.00 1478.11
1435.99 1478.63
1435.97 1479.15
1435.94 1479.66
1435.87 1480.16
1435.77 1480.64
1435.64 1481.11
1435.48 1481.57
1435.33 1482.03
1435.20 1482.50
1435.10 1482.99
1435.05 1483.49
1435.02 1484.00
1435.01 1484.52
1435.00 1485.05
1435.00 1485.57
1434.99 1486.09
1434.99 1486.62
1434.97 1487.13
1434.94 1487.65
1434.87 1488.14
1434.77 1488.63
1434.63 1489.09
1434.47 1489.55
1434.32 1490.02
1434.19 1490.49
1434.10 1490.97
1434.04 1491.47
1434.00 1491.98
1433.96 1492.49
1433.90 1492.99
1433.81 1493.48
1433.69 1493.95
1433.54 1494.42
1433.38 1494.88
1433.24 1495.34
1433.13 1495.82
1433.06 1496.32
1433.03 1496.83
1433.01 1497.35
1432.99 1497.86
1432.96 1498.38
1432.91 1498.88
1432.83 1499.37
1432.71 1499.85
1432.57 1500.31
1432.41 1500.77
1432.27 1501.24
1432.15 1501.72
1432.08 1502.21
1432.03 1502.72
1432.01 1503.23
1432.00 1503.76
1432.00 1504.28
1432.00 1504.80
1432.00 1505.33
1432.00 1505.85
1431.99 1506.38
1431.98 1506.90
1431.96 1507.41
1431.91 1507.92
1431.82 1508.41
1431.70 1508.88
1431.55 1509.35
1431.40 1509.81
1431.25 1510.27
1431.14 1510.75
1431.07 1511.24
1431.02 1511.75
1430.98 1512.26
1430.93 1512.76
1430.85 1513.26
1430.74 1513.74
1430.60 1514.20
1430.44 1514.66
1430.30 1515.12
1430.17 1515.60
1430.09 1516.09
1430.03 1516.59
1429.99 1517.10
1429.95 1517.61
1429.88 1518.10
1429.78 1518.59
1429.65 1519.06
1429.49 1519.52
1429.33 1519.97
1429.17 1520.43
1429.03 1520.90
1428.89 1521.37
1428.74 1521.83
1428.58 1522.29
1428.42 1522.75
1428.27 1523.21
1428.16 1523.69
1428.08 1524.18
1428.03 1524.69
1428.01 1525.20
1427.99 1525.72
1427.97 1526.24
1427.93 1526.75
1427.86 1527.24
1427.74 1527.72
1427.60 1528.18
1427.44 1528.64
1427.29 1529.11
1427.17 1529.58
1427.09 1530.07
1427.04 1530.58
1427.02 1531.09
1427.01 1531.61
1427.00 1532.14
1427.00 1532.66
1427.00 1533.18
1426.99 1533.71
1426.97 1534.22
1426.93 1534.73
1426.86 1535.23
1426.76 1535.71
1426.62 1536.18
1426.46 1536.64
1426.31 1537.10
1426.18 1537.57
1426.09 1538.06
1426.04 1538.56
1426.02 1539.08
1426.01 1539.60
1426.01 1540.13
1426.01 1540.65
1426.00 1541.17
1425.99 1541.69
1425.97 1542.21
1425.93 1542.72
1425.86 1543.21
1425.75 1543.70
1425.61 1544.16
1425.46 1544.62
1425.31 1545.09
1425.18 1545.56
1425.10 1546.05
1425.04 1546.55
1425.01 1547.06
1425.00 1547.58
1424.98 1548.10
1424.94 1548.61
1424.88 1549.11
1424.78 1549.59
1424.64 1550.06
1424.49 1550.52
1424.33 1550.98
1424.20 1551.45
1424.11 1551.94
1424.05 1552.44
1424.00 1552.95
1423.96 1553.46
1423.91 1553.96
1423.82 1554.45
1423.70 1554.92
1423.55 1555.38
1423.39 1555.84
1423.25 1556.31
1423.14 1556.79
1423.06 1557.28
1423.03 1557.79
1423.01 1558.31
1423.01 1558.83
1423.00 1559.36
1422.99 1559.88
1422.96 1560.39
1422.91 1560.90
1422.83 1561.39
1422.71 1561.86
1422.57 1562.33
1422.41 1562.79
1422.26 1563.25
1422.14 1563.73
1422.05 1564.21
1421.97 1564.70
1421.88 1565.19
1421.76 1565.67
1421.62 1566.14
1421.46 1566.59
1421.29 1567.05
1421.14 1567.51
1421.01 1567.98
1420.87 1568.45
1420.72 1568.91
1420.56 1569.37
1420.40 1569.83
1420.25 1570.30
1420.14 1570.77
1420.07 1571.27
1420.03 1571.78
1420.01 1572.30
1420.01 1572.82
1420.00 1573.34
1420.00 1573.86
1419.99 1574.39
1419.98 1574.91
1419.96 1575.42
1419.91 1575.93
1419.82 1576.42
1419.69 1576.89
1419.54 1577.35
1419.39 1577.81
1419.25 1578.28
1419.14 1578.76
1419.07 1579.26
1419.03 1579.77
1419.01 1580.28
1419.00 1580.80
1418.99 1581.33
1418.99 1581.85
1418.99 1582.37
1418.99 1582.90
1418.96 1583.41
1418.91 1583.92
1418.82 1584.40
1418.69 1584.87
1418.52 1585.33
1418.33 1585.77
1418.12 1586.21
1417.91 1586.65
1417.70 1587.08
1417.47 1587.51
1417.24 1587.93
1417.00 1588.33
1416.73 1588.71
1416.44 1589.06
1416.13 1589.40
1415.82 1589.74
1415.54 1590.10
1415.32 1590.49
1415.17 1590.92
1415.08 1591.39
1415.03 1591.88
1415.01 1592.40
1415.00 1592.92
1415.00 1593.44
1415.00 1593.97
1415.00 1594.49
1415.00 1595.02
1415.00 1595.54
1415.00 1596.06
1415.00 1596.59
1415.00 1597.11
1414.99 1597.64
1414.99 1598.16
1415.00 1598.69
1415.00 1599.21
1415.00 1599.74
1415.00 1600.27
1415.00 1600.79
1415.01 1601.32
1415.01 1601.84
1415.01 1602.37
1415.01 1602.89
1415.00 1603.42
1415.00 1603.94
1414.99 1604.46
1414.99 1604.99
1414.99 1605.51
1414.99 1606.04
1414.99 1606.56
1414.98 1607.08
1414.95 1607.60
1414.89 1608.09
1414.79 1608.58
1414.65 1609.05
1414.49 1609.51
1414.34 1609.97
1414.20 1610.44
1414.10 1610.92
1414.01 1611.41
1413.93 1611.90
1413.84 1612.38
1413.71 1612.86
1413.56 1613.32
1413.40 1613.78
1413.26 1614.24
1413.15 1614.72
1413.07 1615.22
1413.03 1615.73
1413.01 1616.24
1413.00 1616.76
1413.00 1617.29
1413.00 1617.81
1413.00 1618.34
1413.00 1618.87
1413.00 1619.39
1413.00 1619.91
1413.00 1620.44
1412.99 1620.96
1412.99 1621.48
1412.98 1622.01
1412.95 1622.52
1412.90 1623.02
1412.80 1623.51
1412.67 1623.98
1412.51 1624.44
1412.36 1624.90
1412.22 1625.37
1412.12 1625.85
1412.06 1626.35
1412.03 1626.86
1412.01 1627.38
1412.00 1627.90
1411.99 1628.42
1411.98 1628.94
1411.96 1629.46
1411.90 1629.96
1411.81 1630.45
1411.68 1630.92
1411.53 1631.38
1411.37 1631.84
1411.21 1632.30
1411.07 1632.76
1410.93 1633.23
1410.78 1633.69
1410.61 1634.15
1410.42 1634.60
1410.22 1635.04
1410.01 1635.48
1409.80 1635.92
1409.60 1636.36
1409.41 1636.80
1409.24 1637.26
1409.09 1637.72
1408.95 1638.19
1408.81 1638.65
1408.65 1639.12
1408.49 1639.57
1408.33 1640.03
1408.20 1640.50
1408.10 1640.99
1408.04 1641.49
1408.00 1642.00
1407.96 1642.50
1407.90 1643.00
1407.81 1643.49
1407.67 1643.96
1407.52 1644.42
1407.36 1644.88
1407.23 1645.35
1407.12 1645.83
1407.06 1646.33
1407.03 1646.84
1407.01 1647.36
1407.01 1647.88
1407.00 1648.41
1407.00 1648.93
1407.00 1649.46
1407.00 1649.98
1407.00 1650.51
1406.99 1651.03
1406.99 1651.55
1406.98 1652.07
1406.95 1652.58
1406.89 1653.09
1406.79 1653.57
1406.66 1654.04
1406.51 1654.50
1406.35 1654.96
1406.21 1655.43
1406.11 1655.92
1406.05 1656.42
1406.02 1656.93
1406.01 1657.45
1406.01 1657.97
1406.00 1658.49
1406.00 1659.02
1406.00 1659.54
1406.00 1660.07
1406.00 1660.59
1406.00 1661.12
1405.99 1661.64
1405.97 1662.16
1405.94 1662.67
1405.87 1663.17
1405.77 1663.65
1405.63 1664.12
1405.47 1664.58
1405.32 1665.04
1405.19 1665.51
1405.09 1665.99
1405.00 1666.48
1404.92 1666.97
1404.82 1667.45
1404.69 1667.93
1404.53 1668.39
1404.37 1668.84
1404.21 1669.30
1404.07 1669.77
1403.93 1670.24
1403.78 1670.70
1403.61 1671.15
1403.42 1671.60
1403.22 1672.04
1403.01 1672.48
1402.80 1672.92
1402.60 1673.36
1402.41 1673.81
1402.24 1674.26
1402.09 1674.72
1401.95 1675.19
1401.80 1675.66
1401.64 1676.12
1401.48 1676.57
1401.33 1677.03
1401.20 1677.51
1401.10 1677.99
1401.05 1678.49
1401.02 1679.01
1401.01 1679.53
1401.00 1680.05
1401.00 1680.57
1401.00 1681.10
1401.00 1681.63
1401.00 1682.15
1401.00 1682.67
1401.00 1683.20
1401.00 1683.72
1401.01 1684.25
1401.01 1684.77
1401.03 1685.29
1401.07 1685.79
1401.15 1686.29
1401.26 1686.76
1401.39 1687.22
1400.16 1695.67
1400.08 1696.17
1399.60 1699.12
1399.42 1699.57
1399.22 1700.01
1399.02 1700.45
1398.81 1700.89
1398.61 1701.33
1398.43 1701.78
1398.27 1702.24
1398.15 1702.72
1398.08 1703.21
1398.03 1703.72
1398.01 1704.23
1395.28 1715.18
1395.16 1715.65
1395.06 1716.14
1394.98 1716.63
1394.89 1717.12
1394.78 1717.60
1394.64 1718.07
1394.48 1718.52
1394.32 1718.98
1394.17 1719.44
1394.03 1719.91
1393.89 1720.38
1393.74 1720.84
1393.58 1721.30
1393.42 1721.76
1393.27 1722.22
1393.15 1722.70
1393.05 1723.18
1392.97 1723.68
1392.89 1724.16
1392.77 1724.64
1392.63 1725.11
1392.47 1725.57
1392.32 1726.03
1392.19 1726.50
1392.09 1726.98
1392.00 1727.47
1391.92 1727.97
1391.82 1728.45
1391.69 1728.92
1391.54 1729.38
1391.38 1729.84
1391.24 1730.31
1391.12 1730.79
1391.04 1731.27
1390.96 1731.77
1390.86 1732.25
1390.74 1732.73
1390.58 1733.19
1390.40 1733.63
1390.19 1734.08
1389.99 1734.52
1389.78 1734.95
1389.58 1735.40
1389.40 1735.85
1389.25 1736.31
1389.14 1736.79
1389.07 1737.28
1389.03 1737.79
1389.01 1738.31
1388.99 1738.83
1388.97 1739.34
1388.92 1739.85
1388.84 1740.34
1388.73 1740.82
1388.58 1741.28
1388.42 1741.74
1388.27 1742.21
1388.15 1742.68
1388.05 1743.17
1387.97 1743.66
1387.88 1744.14
1387.77 1744.62
1387.62 1745.09
1387.44 1745.54
1387.24 1745.98
1387.03 1746.42
1386.82 1746.85
1386.60 1747.29
1386.39 1747.72
1386.17 1748.16
1385.95 1748.60
1385.74 1749.03
1385.52 1749.47
1385.30 1749.90
1385.09 1750.34
1384.88 1750.78
1384.67 1751.22
1384.48 1751.66
1384.31 1752.12
1384.18 1752.59
1384.09 1753.08
1384.04 1753.58
1384.02 1754.09
1384.01 1754.62
1384.01 1755.14
1384.00 1755.66
1384.00 1756.19
1384.00 1756.71
1384.00 1757.24
1384.00 1757.76
1384.00 1758.29
1384.00 1758.81
1384.00 1759.34
1384.00 1759.86
1384.00 1760.39
1384.00 1760.91
1383.99 1761.43
1383.98 1761.96
1383.96 1762.47
1383.90 1762.97
1383.80 1763.45
1383.63 1763.91
1383.42 1764.35
1383.16 1764.76
1382.88 1765.17
1382.62 1765.59
1382.39 1766.02
1382.22 1766.48
1382.11 1766.96
1382.05 1767.46
1382.02 1767.97
1382.01 1768.49
1382.01 1769.01
1382.01 1769.54
1382.00 1770.06
1382.00 1770.59
1381.99 1771.11
1381.99 1771.63
1381.99 1772.16
1381.99 1772.68
1381.97 1773.20
1381.94 1773.71
1381.86 1774.20
1381.75 1774.68
1381.61 1775.15
1381.45 1775.61
1381.29 1776.06
1381.14 1776.53
1381.00 1777.00
1380.86 1777.46
1380.71 1777.93
1380.54 1778.38
1380.38 1778.84
1380.22 1779.30
1380.07 1779.76
1379.93 1780.23
1379.79 1780.69
1379.63 1781.15
1379.46 1781.61
1379.30 1782.07
1379.14 1782.53
1379.00 1783.00
1378.86 1783.46
1378.71 1783.92
1378.55 1784.38
1378.39 1784.84
1378.25 1785.31
1378.14 1785.79
1378.07 1786.28
1378.03 1786.79
1378.01 1787.31
1378.01 1787.83
1378.01 1788.36
1378.00 1788.88
1378.00 1789.41
1378.00 1789.93
1378.00 1790.45
1378.00 1790.98
1378.00 1791.50
1378.00 1792.03
1378.00 1792.55
1378.00 1793.08
1378.00 1793.61
1378.00 1794.13
1378.00 1794.66
1378.00 1795.18
1378.00 1795.71
1378.00 1796.23
1378.00 1796.76
1378.00 1797.28
1378.00 1797.80
1378.00 1798.33
1378.01 1798.85
1378.01 1799.38
1378.02 1799.90
1378.04 1800.42
1378.09 1800.92
1378.17 1801.41
1378.29 1801.88
1378.43 1802.34
1378.55 1802.78
1378.62 1803.22
1378.61 1803.65
1378.50 1804.07
1378.31 1804.48
1378.03 1804.88
1377.71 1805.26
1377.35 1805.64
1376.99 1806.01
1376.62 1806.38
1376.26 1806.76
1375.93 1807.14
1375.62 1807.54
1375.34 1807.95
1375.09 1808.37
1374.86 1808.80
1374.63 1809.23
1374.42 1809.67
1374.20 1810.11
1373.99 1810.54
1373.78 1810.98
1373.58 1811.42
1373.40 1811.87
1373.24 1812.33
1373.12 1812.81
1373.03 1813.30
1372.95 1813.79
1372.86 1814.28
1372.74 1814.75
1372.59 1815.21
1372.43 1815.67
1372.29 1816.14
1372.17 1816.61
1372.09 1817.10
1372.04 1817.61
1372.01 1818.12
1371.99 1818.64
1371.98 1819.16
1371.94 1819.67
1371.87 1820.17
1371.77 1820.65
1371.63 1821.12
1371.47 1821.58
1371.32 1822.04
1371.19 1822.51
1371.08 1822.99
1371.00 1823.48
1370.92 1823.97
1370.82 1824.46
1370.68 1824.93
1370.53 1825.39
1370.36 1825.84
1370.21 1826.30
1370.06 1826.77
1369.92 1827.24
1369.78 1827.70
1369.61 1828.15
1369.42 1828.60
1369.22 1829.04
1369.01 1829.48
1368.80 1829.92
1368.60 1830.36
1368.42 1830.81
1368.26 1831.27
1368.14 1831.75
1368.05 1832.23
1367.96 1832.72
1367.87 1833.21
1367.76 1833.69
1367.61 1834.15
1367.45 1834.61
1367.29 1835.07
1367.14 1835.53
1367.00 1836.00
1366.86 1836.47
1366.71 1836.93
1366.55 1837.39
1366.39 1837.85
1366.24 1838.31
1366.13 1838.79
1366.04 1839.28
1365.96 1839.77
1365.86 1840.26
1365.75 1840.73
1365.60 1841.20
1365.44 1841.66
1365.29 1842.12
1365.17 1842.59
1365.09 1843.08
1365.03 1843.59
1364.99 1844.09
1364.95 1844.60
1364.89 1845.10
1364.79 1845.58
1364.65 1846.06
1364.50 1846.52
1364.34 1846.98
1364.21 1847.44
1364.10 1847.92
1364.01 1848.41
1363.93 1848.91
1363.84 1849.39
1363.71 1849.87
1363.56 1850.33
1363.40 1850.79
1363.26 1851.25
1363.14 1851.73
1363.04 1852.21
1362.97 1852.71
1362.88 1853.19
1362.76 1853.67
1362.62 1854.14
1362.46 1854.60
1362.31 1855.06
1362.19 1855.53
1362.10 1856.02
1362.04 1856.52
1362.00 1857.03
1361.96 1857.54
1361.89 1858.04
1361.80 1858.52
1361.67 1858.99
1361.51 1859.45
1361.35 1859.91
1361.19 1860.37
1361.05 1860.84
1360.91 1861.30
1360.76 1861.77
1360.60 1862.23
1360.43 1862.68
1360.27 1863.14
1360.12 1863.60
1359.98 1864.07
1359.84 1864.54
1359.68 1865.00
1359.52 1865.46
1359.36 1865.92
1359.23 1866.38
1359.12 1866.87
1359.06 1867.36
1359.02 1867.87
1359.00 1868.39
1358.99 1868.91
1358.96 1869.42
1358.91 1869.93
1358.82 1870.42
1358.70 1870.89
1358.55 1871.35
1358.38 1871.81
1358.23 1872.27
1358.08 1872.73
1357.94 1873.20
1357.80 1873.67
1357.64 1874.13
1357.48 1874.59
1357.32 1875.05
1357.19 1875.52
1357.09 1876.00
1357.00 1876.49
1356.92 1876.98
1356.82 1877.46
1356.69 1877.93
1356.53 1878.39
1356.38 1878.85
1356.23 1879.32
1356.12 1879.80
1356.03 1880.29
1355.95 1880.78
1355.86 1881.27
1355.74 1881.74
1355.59 1882.21
1355.43 1882.66
1355.27 1883.12
1355.12 1883.59
1354.98 1884.05
1354.84 1884.52
1354.69 1884.98
1354.53 1885.44
1354.37 1885.90
1354.23 1886.37
1354.12 1886.84
1354.03 1887.33
1353.95 1887.82
1353.85 1888.31
1353.73 1888.79
1353.58 1889.25
1353.42 1889.71
1353.28 1890.17
1353.15 1890.65
1353.06 1891.13
1352.98 1891.62
1352.90 1892.11
1352.79 1892.59
1352.65 1893.06
1352.49 1893.52
1352.33 1893.98
1352.20 1894.45
1352.10 1894.93
1352.01 1895.42
1351.93 1895.91
1351.83 1896.40
1351.70 1896.87
1351.55 1897.33
1351.38 1897.79
1351.23 1898.25
1351.08 1898.71
1350.94 1899.18
1350.80 1899.65
1350.65 1900.11
1350.48 1900.57
1350.33 1901.03
1350.20 1901.50
1350.10 1901.98
1350.04 1902.48
1350.00 1902.99
1349.96 1903.50
1349.90 1904.00
1349.81 1904.49
1349.68 1904.96
1349.52 1905.42
1349.36 1905.88
1349.20 1906.34
1349.06 1906.80
1348.92 1907.27
1348.77 1907.73
1348.62 1908.19
1348.45 1908.65
1348.30 1909.11
1348.18 1909.59
1348.09 1910.08
1348.03 1910.58
1347.99 1911.09
1347.95 1911.59
1347.88 1912.09
1347.78 1912.57
1347.65 1913.04
1347.49 1913.50
1347.33 1913.96
1347.18 1914.42
1347.04 1914.89
1346.90 1915.36
1346.75 1915.82
1346.59 1916.28
1346.43 1916.74
1346.28 1917.20
1346.15 1917.67
1346.06 1918.16
1345.97 1918.65
1345.89 1919.14
1345.78 1919.62
1345.64 1920.09
1345.48 1920.55
1345.33 1921.01
1345.20 1921.48
1345.10 1921.97
1345.04 1922.46
1345.00 1922.97
1344.96 1923.48
1344.90 1923.98
1344.81 1924.47
1344.69 1924.94
1344.54 1925.41
1344.38 1925.87
1344.24 1926.33
1344.12 1926.81
1344.03 1927.30
1343.95 1927.79
1343.86 1928.28
1343.74 1928.75
1343.60 1929.22
1343.44 1929.67
1343.29 1930.14
1343.17 1930.61
1343.08 1931.10
1343.03 1931.61
1342.99 1932.12
1342.95 1932.62
1342.88 1933.12
1342.78 1933.60
1342.65 1934.07
1342.49 1934.53
1342.34 1935.00
1342.20 1935.46
1342.09 1935.94
1342.01 1936.43
1341.93 1936.93
1341.83 1937.41
1341.71 1937.88
1341.56 1938.35
1341.40 1938.81
1341.25 1939.27
1341.13 1939.75
1341.04 1940.23
1340.96 1940.73
1340.87 1941.21
1340.76 1941.69
1340.61 1942.16
1340.46 1942.62
1340.31 1943.08
1340.18 1943.55
1340.09 1944.04
1340.04 1944.54
1340.00 1945.05
1339.95 1945.56
1339.89 1946.06
1339.79 1946.54
1339.66 1947.01
1339.50 1947.47
1339.34 1947.93
1339.19 1948.39
1339.04 1948.86
1338.90 1949.32
1338.76 1949.79
1338.60 1950.25
1338.43 1950.70
1338.28 1951.17
1338.17 1951.64
1338.08 1952.13
1338.03 1952.64
1337.99 1953.15
1337.94 1953.65
1337.87 1954.15
1337.77 1954.63
1337.62 1955.09
1337.44 1955.54
1337.24 1955.99
1337.04 1956.43
1336.83 1956.87
1336.63 1957.31
1336.44 1957.75
1336.28 1958.21
1325.00 2041.75
1325.00 2042.27
1325.00 2042.80
1325.00 2043.32
1325.00 2043.85
1325.00 2044.36
1325.00 2044.86
1325.00 2045.33
1325.00 2045.73
1325.00 2046.03
1325.00 2046.19
1604.00 172.12
1604.38 175.12
1604.53 175.58
1604.68 176.04
1604.81 176.52
1604.90 177.01
1604.95 177.51
1604.98 178.02
1605.00 178.54
1605.00 179.07
1605.01 179.59
1605.02 180.11
1605.06 180.62
1605.12 181.12
1605.23 181.61
1605.36 182.08
1605.52 182.54
1605.67 183.00
1605.80 183.47
1605.89 183.96
1605.95 184.46
1605.98 184.98
1605.99 185.50
1606.00 186.02
1606.00 186.55
1606.00 187.07
1606.00 187.60
1606.00 188.13
1606.00 188.65
1606.00 189.18
1606.01 189.70
1606.03 190.22
1606.07 190.73
1606.14 191.23
1606.24 191.71
1606.38 192.18
1606.54 192.64
1606.69 193.10
1606.82 193.57
1606.91 194.06
1606.96 194.57
1606.98 195.08
1606.99 195.61
1606.99 196.13
1606.99 196.66
1607.00 197.18
1607.00 197.71
1607.00 198.23
1607.01 198.76
1607.01 199.28
1607.01 199.81
1607.03 200.32
1607.08 200.83
1607.16 201.32
1607.27 201.80
1607.40 202.26
1607.53 202.71
1607.61 203.15
1607.64 203.59
1607.59 204.03
1607.48 204.47
1607.36 204.92
1607.25 205.38
1607.20 205.84
1607.21 206.31
1607.29 206.78
1607.42 207.24
1607.58 207.69
1607.74 208.15
1607.89 208.62
1608.03 209.08
1608.17 209.55
1608.32 210.01
1608.48 210.47
1608.64 210.93
1608.78 211.40
1608.88 211.89
1608.94 212.39
1608.98 212.90
1608.99 213.42
1609.00 213.94
1609.01 214.47
1609.02 214.99
1609.05 215.50
1609.10 216.00
1609.19 216.49
1609.32 216.97
1609.47 217.43
1609.63 217.89
1609.77 218.36
1609.87 218.84
1609.94 219.34
1609.97 219.85
1609.99 220.37
1609.99 220.90
1609.99 221.42
1610.00 221.95
1610.00 222.47
1610.00 223.00
1610.01 223.52
1610.00 224.05
1610.00 224.58
1610.00 225.10
1610.00 225.63
1610.00 226.16
1610.00 226.68
1610.00 227.21
1610.00 227.73
1610.00 228.26
1610.00 228.78
1610.01 229.31
1610.01 229.83
1610.04 230.35
1610.08 230.86
1610.16 231.35
1610.28 231.83
1610.43 232.29
1610.59 232.75
1610.73 233.22
1610.84 233.70
1610.92 234.19
1610.97 234.70
1610.99 235.22
1611.00 235.74
1611.00 236.27
1611.00 236.79
1611.00 237.32
1611.00 237.84
1611.00 238.37
1611.00 238.90
1611.00 239.42
1611.00 239.95
1611.00 240.47
1611.00 241.00
1611.00 241.53
1611.00 242.05
1611.00 242.58
1611.00 243.10
1611.00 243.63
1611.00 244.16
1611.00 244.68
1611.00 245.21
1611.01 245.73
1611.03 246.25
1611.07 246.76
1611.14 247.25
1611.25 247.74
1611.39 248.20
1611.55 248.66
1611.70 249.13
1611.82 249.60
1611.91 250.09
1611.96 250.60
1611.98 251.12
1611.99 251.64
1612.00 252.16
1612.00 252.69
1612.00 253.21
1612.00 253.74
1612.00 254.27
1612.00 254.79
1612.00 255.32
1612.00 255.85
1612.00 256.37
1612.00 256.90
1612.00 257.42
1612.00 257.95
1612.00 258.48
1612.00 259.00
1612.01 259.52
1612.02 260.05
1612.05 260.56
1612.11 261.06
1612.21 261.55
1612.34 262.02
1612.49 262.48
1612.64 262.94
1612.78 263.41
1612.88 263.90
1612.94 264.40
1612.98 264.91
1612.99 265.43
1612.99 265.96
1613.00 266.48
1613.00 267.01
1613.00 267.53
1613.00 268.06
1613.00 268.58
1613.00 269.11
1613.00 269.64
1613.00 270.16
1613.00 270.69
1613.00 271.22
1613.00 271.74
1613.00 272.27
1613.00 272.79
1613.00 273.32
1613.00 273.84
1613.01 274.37
1613.02 274.89
1613.04 275.41
1613.09 275.91
1613.18 276.41
1613.30 276.88
1613.45 277.35
1613.60 277.81
1613.75 278.27
1613.86 278.75
1613.93 279.25
1613.97 279.76
1613.99 280.28
1613.99 280.80
1613.99 281.33
1613.99 281.85
1613.99 282.38
1614.00 282.91
1614.00 283.43
1614.00 283.96
1614.00 284.48
1614.00 285.01
1614.01 285.53
1614.01 286.06
1614.01 286.58
1614.01 287.11
1614.01 287.64
1614.00 288.16
1614.00 288.69
1614.00 289.22
1614.00 289.74
1614.00 290.27
1614.00 290.80
1614.00 291.32
1613.99 291.85
1613.99 292.38
1613.99 292.90
1613.99 293.43
1613.99 293.96
1613.99 294.48
1613.99 295.01
1614.00 295.53
1614.00 296.06
1614.00 296.58
1614.00 297.11
1614.01 297.63
1614.01 298.16
1614.01 298.68
1614.01 299.21
1614.01 299.74
1614.01 300.26
1614.01 300.79
1614.03 301.31
1614.07 301.82
1614.15 302.31
1614.27 302.78
1614.42 303.25
1614.58 303.71
1614.73 304.18
1614.84 304.65
1614.92 305.15
1614.97 305.66
1614.99 306.17
1615.00 306.69
1615.00 307.22
1615.00 307.75
1615.00 308.27
1615.00 308.80
1615.00 309.32
1615.00 309.85
1615.00 310.38
1615.00 310.90
1615.00 311.43
1615.00 311.95
1615.00 312.48
1615.00 313.01
1615.00 313.53
1615.00 314.06
1615.00 314.59
1615.00 315.11
1615.00 315.64
1615.00 316.16
1615.00 316.69
1615.00 317.22
1615.00 317.74
1615.00 318.27
1615.00 318.80
1615.00 319.32
1615.00 319.85
1615.00 320.37
1615.00 320.90
1615.00 321.43
1615.00 321.95
1615.00 322.48
1615.00 323.00
1615.00 323.53
1615.00 324.06
1615.00 324.58
1615.00 325.11
1615.00 325.64
1615.00 326.16
1615.00 326.69
1615.00 327.21
1615.00 327.74
1615.00 328.27
1615.00 328.79
1615.00 329.32
1615.00 329.84
1615.00 330.37
1615.00 330.90
1615.00 331.42
1615.00 331.95
1615.00 332.48
1615.00 333.00
1615.00 333.53
1615.00 334.05
1615.00 334.58
1615.00 335.11
1615.00 335.63
1615.00 336.16
1615.00 336.68
1615.00 337.21
1615.00 337.74
1615.00 338.26
1615.00 338.79
1615.00 339.32
1615.00 339.84
1615.00 340.37
1615.00 340.89
1615.00 341.42
1615.00 341.95
1615.00 342.47
1615.00 343.00
1615.00 343.53
1615.00 344.05
1615.00 344.58
1615.00 345.10
1615.00 345.63
1615.00 346.16
1615.00 346.68
1615.00 347.21
1615.00 347.73
1615.00 348.26
1615.00 348.79
1615.00 349.31
1615.01 349.83
1615.04 350.35
1615.08 350.86
1615.16 351.35
1615.28 351.83
1615.42 352.29
1615.58 352.75
1615.71 353.21
1615.79 353.67
1615.80 354.14
1615.74 354.61
1615.63 355.07
1615.48 355.53
1615.34 355.99
1615.21 356.46
1615.13 356.94
1615.09 357.43
1615.11 357.93
1615.18 358.41
1615.30 358.89
1615.44 359.35
1615.60 359.81
1615.74 360.28
1615.86 360.76
1615.93 361.25
1615.97 361.76
1615.99 362.28
1615.99 362.81
1615.99 363.33
1615.99 363.86
1616.00 364.38
1616.00 364.91
1616.01 365.43
1616.01 365.96
1616.01 366.48
1616.01 367.01
1616.01 367.54
1616.00 368.06
1616.00 368.59
1616.00 369.12
1616.00 369.64
1616.00 370.17
1616.00 370.70
1616.00 371.22
1616.00 371.75
1616.00 372.28
1616.00 372.80
1616.00 373.33
1616.00 373.85
1616.00 374.38
1616.00 374.91
1616.00 375.43
1616.00 375.96
1616.00 376.48
1616.00 377.01
1616.00 377.54
1616.00 378.06
1616.00 378.59
1616.00 379.11
1616.00 379.64
1616.00 380.17
1616.00 380.69
1616.00 381.22
1616.00 381.75
1616.00 382.27
1616.00 382.80
1616.00 383.32
1616.00 383.85
1616.00 384.38
1616.00 384.90
1616.00 385.43
1616.00 385.95
1616.00 386.48
1616.00 387.01
1616.01 387.53
1616.02 388.05
1616.05 388.56
1616.11 389.07
1616.21 389.55
1616.34 390.02
1616.49 390.49
1616.65 390.95
1616.78 391.42
1616.88 391.90
1616.94 392.40
1616.98 392.92
1616.99 393.44
1616.99 393.96
1616.99 394.49
1617.00 395.01
1617.00 395.54
1617.00 396.06
1617.00 396.59
1617.00 397.11
1617.00 397.64
1617.00 398.17
1617.00 398.69
1617.00 399.22
1617.00 399.75
1617.00 400.28
1617.00 400.80
1617.00 401.33
1617.00 401.85
1617.00 402.38
1617.00 402.90
1616.99 403.43
1616.98 403.95
1616.96 404.46
1616.90 404.97
1616.81 405.46
1616.69 405.93
1616.54 406.40
1616.38 406.86
1616.24 407.33
1616.13 407.81
1616.06 408.30
1616.03 408.82
1616.01 409.34
1616.01 409.86
1616.01 410.39
1616.01 410.91
1616.00 411.44
1616.00 411.96
1615.99 412.49
1615.99 413.01
1615.99 413.54
1615.99 414.06
1616.00 414.59
1616.00 415.12
1616.00 415.64
1616.00 416.17
1616.00 416.70
1616.00 417.22
1616.00 417.75
1616.00 418.28
1616.00 418.80
1616.00 419.33
1616.00 419.85
1616.00 420.38
1616.00 420.91
1616.00 421.43
1616.00 421.96
1616.00 422.48
1616.00 423.01
1616.00 423.54
1616.00 424.06
1616.00 424.59
1616.00 425.11
1616.00 425.64
1616.00 426.17
1616.00 426.69
1616.00 427.22
1616.00 427.75
1616.00 428.27
1616.00 428.80
1616.00 429.32
1616.00 429.85
1616.00 430.38
1616.00 430.90
1616.00 431.43
1616.00 431.96
1616.00 432.48
1616.00 433.01
1616.00 433.53
1616.00 434.06
1616.00 434.59
1616.00 435.11
1616.00 435.64
1616.00 436.17
1616.00 436.69
1616.00 437.22
1616.00 437.74
1616.00 438.27
1616.00 438.80
1616.00 439.32
1616.00 439.85
1616.00 440.37
1616.00 440.90
1616.00 441.43
1616.00 441.95
1616.00 442.48
1616.00 443.01
1616.00 443.53
1616.00 444.06
1616.00 444.58
1616.00 445.11
1616.00 445.64
1616.00 446.16
1616.00 446.69
1616.00 447.21
1616.00 447.74
1616.00 448.27
1616.00 448.79
1616.00 449.32
1616.00 449.85
1616.00 450.37
1616.00 450.90
1616.00 451.42
1616.00 451.95
1616.00 452.48
1616.00 453.00
1616.00 453.53
1616.00 454.05
1616.00 454.58
1616.00 455.11
1616.00 455.63
1616.00 456.16
1616.00 456.69
1616.00 457.21
1616.00 457.74
1616.00 458.26
1616.00 458.79
1616.00 459.32
1616.00 459.84
1616.00 460.37
1616.00 460.90
1616.00 461.42
1616.00 461.95
1616.00 462.47
1616.00 463.00
1616.00 463.53
1616.00 464.05
1616.00 464.58
1616.00 465.10
1616.00 465.63
1616.00 466.16
1616.00 466.68
1616.00 467.21
1616.00 467.73
1616.00 468.26
1615.99 468.78
1615.97 469.30
1615.92 469.81
1615.85 470.30
1615.73 470.78
1615.59 471.25
1615.43 471.71
1615.28 472.17
1615.16 472.65
1615.08 473.14
1615.03 473.65
1615.01 474.17
1615.01 474.69
1615.01 475.22
1615.01 475.74
1615.01 476.27
1615.01 476.80
1615.00 477.32
1615.00 477.84
1615.00 478.37
1615.00 478.90
1614.99 479.42
1614.99 479.95
1614.99 480.47
1614.99 481.00
1614.99 481.53
1615.00 482.05
1615.00 482.58
1615.00 483.11
1615.00 483.63
1615.00 484.16
1615.00 484.69
1615.00 485.21
1615.00 485.74
1615.00 486.26
1615.00 486.79
1615.00 487.32
1615.00 487.84
1615.00 488.37
1615.00 488.90
1615.00 489.42
1615.00 489.95
1615.00 490.47
1615.00 491.00
1615.00 491.52
1615.00 492.05
1615.00 492.58
1615.00 493.10
1615.00 493.63
1615.00 494.15
1614.99 494.68
1614.97 495.20
1614.93 495.71
1614.86 496.20
1614.76 496.69
1614.62 497.15
1614.46 497.62
1614.31 498.08
1614.19 498.55
1614.10 499.04
1614.04 499.55
1614.02 500.06
1614.01 500.58
1614.00 501.11
1614.00 501.64
1614.00 502.16
1614.00 502.69
1614.00 503.21
1614.00 503.74
1614.00 504.26
1614.00 504.79
1614.00 505.32
1614.00 505.84
1614.00 506.37
1614.00 506.90
1614.00 507.42
1614.00 507.95
1614.00 508.47
1614.00 509.00
1614.00 509.53
1614.00 510.05
1614.00 510.58
1614.00 511.11
1614.00 511.63
1614.00 512.16
1614.00 512.68
1614.00 513.21
1614.00 513.74
1614.00 514.26
1614.00 514.79
1614.00 515.31
1614.00 515.84
1614.00 516.37
1614.00 516.89
1614.00 517.42
1614.00 517.95
1614.00 518.47
1614.00 519.00
1613.99 519.52
1613.98 520.04
1613.95 520.55
1613.89 521.06
1613.79 521.54
1613.66 522.01
1613.51 522.48
1613.35 522.94
1613.22 523.41
1613.12 523.90
1613.06 524.40
1613.02 524.91
1613.01 525.43
1613.00 525.95
1613.00 526.48
1613.00 527.00
1613.00 527.53
1613.00 528.05
1613.00 528.58
1613.00 529.11
1613.00 529.63
1613.00 530.16
1613.00 530.69
1613.00 531.21
1613.00 531.74
1613.00 532.26
1613.00 532.79
1613.00 533.31
1612.99 533.84
1612.96 534.35
1612.92 534.86
1612.83 535.35
1612.72 535.83
1612.57 536.30
1612.41 536.76
1612.27 537.22
1612.15 537.70
1612.08 538.20
1612.03 538.70
1612.01 539.22
1612.00 539.74
1612.00 540.27
1612.00 540.80
1612.00 541.32
1612.00 541.85
1612.00 542.37
1612.00 542.90
1612.00 543.43
1612.00 543.95
1612.00 544.48
1612.00 545.00
1612.00 545.53
1612.00 546.06
1611.99 546.58
1611.98 547.10
1611.94 547.61
1611.88 548.11
1611.80 548.59
1611.70 549.04
1611.61 549.47
1611.54 549.87
1611.51 550.26
1611.50 550.64
1611.47 551.03
1611.41 551.43
1611.33 551.85
1611.22 552.30
1611.13 552.77
1611.04 553.25
1610.96 553.74
1610.87 554.23
1610.98 576.01
1610.99 576.53
1611.00 577.06
1611.00 577.58
1611.00 578.11
1611.00 578.64
1611.00 579.16
1611.00 579.69
1611.00 580.21
1611.00 580.74
1611.00 581.26
1611.00 581.79
1611.00 582.32
1611.00 582.84
1611.00 583.37
1611.00 583.90
1611.00 584.42
1611.00 584.95
1611.00 585.47
1611.00 586.00
1611.00 586.53
1611.00 587.05
1611.00 587.58
1611.00 588.11
1611.00 588.63
1611.00 589.16
1611.00 589.68
1611.00 590.21
1611.00 590.74
1611.00 591.26
1611.00 591.79
1611.00 592.32
1611.00 592.84
1611.00 593.37
1611.00 593.89
1611.00 594.42
1611.00 594.95
1611.00 595.47
1611.00 596.00
1611.00 596.52
1611.00 597.05
1611.00 597.58
1611.00 598.10
1611.00 598.63
1611.00 599.16
1611.00 599.68
1611.00 600.21
1611.00 600.73
1611.00 601.26
1611.00 601.79
1611.00 602.31
1611.00 602.84
1611.00 603.36
1611.00 603.89
1611.00 604.42
1611.00 604.94
1611.00 605.47
1611.00 606.00
1611.00 606.52
1611.00 607.05
1611.00 607.57
1611.00 608.10
1611.00 608.63
1611.00 609.15
1611.00 609.68
1611.00 610.20
1611.00 610.73
1611.00 611.26
1611.00 611.78
1611.00 612.31
1611.00 612.84
1611.00 613.36
1611.00 613.89
1611.00 617.57
1611.00 618.10
1611.00 618.62
1611.00 619.15
1611.00 619.68
1611.00 620.20
1611.00 620.73
1611.00 621.25
1611.00 621.78
1611.00 622.31
1611.00 622.83
1611.00 623.36
1611.00 623.89
1611.00 624.41
1611.00 624.94
1611.00 625.46
1611.00 625.99
1611.00 626.52
1611.00 627.04
1609.84 647.83
1609.63 648.27
1609.44 648.72
1609.27 649.17
1609.11 649.64
1608.97 650.10
1608.83 650.57
1608.67 651.03
1608.51 651.49
1608.35 651.95
1608.22 652.42
1608.12 652.91
1608.06 653.41
1608.02 653.92
1608.01 654.44
1608.00 654.96
1608.00 655.49
1608.00 656.02
1608.00 656.54
1608.00 657.07
1608.00 657.59
1608.00 658.12
1608.00 658.65
1608.00 659.17
1608.00 659.70
1608.00 660.22
1607.99 660.75
1607.97 661.26
1607.93 661.77
1607.85 662.27
1607.74 662.75
1607.60 663.21
1607.44 663.68
1607.29 664.14
1607.17 664.62
1607.09 665.11
1607.03 665.61
1606.99 666.12
1606.95 666.63
1606.88 667.12
1606.79 667.60
1606.70 668.05
1606.61 668.48
1606.54 668.88
1606.51 669.27
1606.49 669.65
1606.47 670.04
1606.41 670.44
1606.32 670.87
1606.22 671.31
1606.13 671.78
1606.07 672.28
1606.03 672.79
1606.01 673.30
1606.00 673.83
1606.00 674.35
1606.00 674.88
1606.00 675.41
1606.00 675.93
1606.00 676.46
1606.00 676.98
1606.00 677.51
1606.00 678.04
1606.00 678.56
1606.00 679.09
1606.00 679.61
1606.00 680.14
1606.00 680.67
1606.00 681.19
1606.00 681.72
1606.00 682.25
1606.00 682.77
1606.00 683.30
1606.00 683.82
1606.00 684.35
1606.00 684.88
1606.00 685.40
1606.00 685.93
1606.00 686.45
1606.00 686.98
1606.00 687.51
1606.00 688.03
1606.00 688.56
1606.00 689.09
1606.00 689.61
1606.00 690.14
1606.00 690.66
1606.00 691.19
1606.00 691.72
1606.00 692.24
1606.00 692.77
1606.00 693.30
1606.00 693.82
1606.00 694.35
1606.00 694.87
1605.99 695.40
1605.98 695.92
1605.96 696.43
1605.91 696.94
1605.82 697.43
1605.69 697.90
1605.55 698.37
1605.39 698.83
1605.25 699.30
1605.14 699.78
1605.07 700.28
1605.03 700.79
1605.01 701.30
1605.00 701.83
1605.00 702.35
1605.00 702.88
1605.00 703.40
1605.00 703.93
1605.00 704.46
1605.00 704.98
1605.00 705.51
1605.00 706.04
1605.00 706.56
1605.00 707.09
1605.00 707.61
1605.00 708.14
1605.00 708.67
1605.00 709.19
1605.00 709.72
1605.00 710.24
1604.99 710.77
1604.97 711.28
1604.93 711.79
1604.85 712.29
1604.74 712.77
1604.60 713.23
1604.44 713.70
1604.29 714.16
1604.17 714.63
1604.08 715.13
1604.04 715.63
1604.02 716.15
1604.01 716.67
1604.01 717.20
1604.01 717.73
1604.01 718.25
1604.01 718.78
1604.00 719.30
1604.00 719.83
1604.00 720.35
1603.99 720.88
1603.99 721.40
1603.99 721.93
1603.99 722.46
1603.99 722.98
1604.00 723.51
1604.00 724.04
1604.00 724.56
1604.00 725.09
1604.00 725.62
1604.00 726.14
1604.00 726.67
1604.00 727.20
1604.00 727.72
1604.00 728.25
1604.00 728.77
1604.00 729.30
1604.00 729.82
1603.99 730.35
1603.98 730.87
1603.96 731.39
1603.91 731.89
1603.83 732.39
1603.71 732.86
1603.56 733.33
1603.41 733.79
1603.26 734.25
1603.15 734.73
1603.07 735.23
1603.03 735.74
1603.01 736.26
1603.01 736.78
1603.01 737.31
1603.00 737.83
1603.00 738.36
1603.00 738.88
1603.00 739.41
1603.00 739.93
1603.00 740.46
1603.00 740.99
1603.00 741.51
1603.00 742.04
1603.00 742.57
1603.00 743.09
1603.00 743.62
1603.00 744.14
1602.99 744.67
1602.97 745.18
1602.93 745.69
1602.87 746.19
1602.76 746.68
1602.62 747.14
1602.47 747.61
1602.32 748.07
1602.19 748.54
1602.10 749.03
1602.04 749.54
1602.02 750.05
1602.01 750.57
1602.01 751.10
1602.01 751.62
1602.00 752.15
1602.00 752.67
1602.00 753.20
1601.99 753.72
1601.99 754.25
1602.00 754.78
1602.00 755.30
1602.00 755.83
1602.00 756.36
1602.00 756.88
1602.00 757.41
1602.00 757.94
1602.00 758.46
1602.00 758.99
1602.00 759.51
1602.00 760.04
1602.00 760.57
1602.00 761.09
1601.99 761.61
1601.97 762.13
1601.94 762.65
1601.87 763.14
1601.77 763.63
1601.63 764.10
1601.48 764.56
1601.33 765.02
1601.20 765.50
1601.11 765.98
1601.05 766.49
1601.02 767.00
1601.00 767.52
1601.00 768.05
1601.00 768.57
1601.00 769.10
1601.00 769.63
1601.00 770.15
1601.00 770.68
1601.00 771.20
1600.99 771.73
1600.99 772.25
1600.99 772.77
1600.97 773.29
1600.92 773.80
1600.85 774.30
1600.73 774.77
1600.58 775.24
1600.43 775.70
1600.28 776.17
1600.16 776.64
1600.08 777.14
1600.04 777.64
1600.01 778.16
1600.01 778.68
1600.00 779.21
1600.00 779.73
1600.00 780.26
1600.00 780.79
1600.00 781.31
1600.00 781.84
1600.00 782.36
1600.00 782.89
1599.99 783.41
1599.98 783.94
1599.96 784.45
1599.90 784.95
1599.82 785.44
1599.69 785.92
1599.54 786.38
1599.38 786.84
1599.24 787.31
1599.14 787.79
1599.07 788.29
1599.03 788.80
1599.01 789.32
1599.00 789.84
1599.00 790.37
1599.00 790.89
1599.00 791.42
1599.00 791.95
1599.00 792.47
1599.00 793.00
1599.00 793.52
1599.00 794.05
1599.00 794.58
1599.00 795.10
1599.00 795.63
1599.00 796.16
1599.00 796.68
1599.00 797.21
1599.00 797.73
1599.00 798.26
1599.00 798.79
1599.00 799.31
1599.00 799.84
1598.99 800.36
1598.98 800.89
1598.96 801.40
1598.91 801.91
1598.83 802.40
1598.70 802.87
1598.55 803.34
1598.40 803.80
1598.26 804.27
1598.15 804.75
1598.07 805.24
1598.03 805.75
1598.01 806.27
1598.00 806.79
1598.00 807.32
1598.00 807.84
1598.00 808.37
1598.00 808.90
1598.00 809.42
1598.00 809.95
1598.00 810.47
1598.00 811.00
1598.00 811.53
1598.00 812.05
1598.00 812.58
1598.00 813.11
1598.00 813.63
1598.00 814.16
1598.00 814.68
1598.00 815.21
1597.99 815.73
1597.97 816.25
1597.93 816.76
1597.85 817.25
1597.74 817.73
1597.60 818.20
1597.44 818.66
1597.30 819.13
1597.18 819.60
1597.09 820.10
1597.04 820.60
1597.01 821.12
1597.00 821.64
1597.00 822.16
1597.00 822.69
1597.00 823.22
1597.00 823.74
1597.00 824.27
1597.00 824.79
1597.00 825.32
1597.00 825.85
1597.00 826.37
1597.00 826.90
1597.00 827.42
1597.00 827.95
1596.99 828.47
1596.98 829.00
1596.95 829.51
1596.90 830.01
1596.80 830.50
1596.68 830.97
1596.53 831.44
1596.37 831.90
1596.23 832.37
1596.13 832.85
1596.06 833.35
1596.03 833.86
1596.01 834.38
1596.00 834.90
1596.00 835.43
1596.00 835.95
1596.00 836.48
1596.00 837.01
1596.00 837.54
1596.00 838.06
1596.00 838.59
1596.00 839.11
1595.99 839.64
1595.99 840.16
1595.99 840.69
1595.99 841.21
1595.99 841.74
1595.97 842.26
1595.93 842.77
1595.86 843.26
1595.74 843.74
1595.60 844.21
1595.44 844.67
1595.29 845.13
1595.17 845.61
1595.09 846.10
1595.04 846.61
1595.02 847.12
1595.01 847.65
1595.00 848.17
1595.00 848.70
1595.00 849.22
1595.00 849.75
1595.00 850.27
1595.00 850.80
1595.00 851.33
1595.00 851.85
1595.00 852.38
1595.00 852.90
1594.99 853.43
1594.98 853.95
1594.95 854.46
1594.90 854.97
1594.81 855.46
1594.69 855.93
1594.54 856.40
1594.38 856.86
1594.24 857.33
1594.13 857.81
1594.06 858.30
1594.03 858.81
1594.01 859.33
1594.00 859.86
1594.00 860.38
1594.00 860.91
1594.00 861.44
1594.00 861.96
1594.00 862.49
1594.00 863.01
1594.00 863.54
1594.00 864.07
1594.00 864.59
1594.00 865.12
1594.00 865.64
1594.00 866.17
1594.00 866.70
1594.00 867.22
1594.00 867.75
1594.00 868.27
1594.00 868.80
1594.00 869.33
1594.00 869.85
1594.00 870.38
1594.00 870.91
1594.00 871.43
1593.98 871.95
1593.96 872.47
1593.90 872.97
1593.81 873.46
1593.69 873.93
1593.54 874.40
1593.38 874.86
1593.24 875.33
1593.13 875.81
1593.06 876.31
1593.02 876.82
1593.01 877.34
1593.01 877.86
1593.01 878.39
1593.01 878.92
1593.01 879.44
1593.01 879.97
1593.00 880.49
1593.00 881.01
1592.99 881.54
1592.99 882.06
1592.98 882.59
1592.98 883.11
1592.99 883.64
1592.99 884.17
1593.00 884.70
1593.01 885.23
1593.00 885.75
1592.98 886.27
1592.94 886.78
1592.85 887.27
1592.73 887.75
1592.59 888.21
1592.43 888.67
1592.28 889.14
1592.16 889.61
1592.08 890.11
1592.03 890.61
1592.01 891.13
1592.01 891.65
1592.01 892.18
1592.01 892.71
1592.01 893.23
1592.01 893.76
1592.01 894.28
1592.01 894.81
1592.00 895.34
1592.00 895.86
1592.00 896.39
1592.00 896.91
1591.99 897.44
1591.99 897.96
1591.99 898.49
1591.99 899.01
1591.99 899.54
1591.99 900.07
1591.99 900.59
1591.92 905.83
1591.84 906.32
1591.72 906.79
1591.57 907.26
1591.41 907.72
1591.25 908.18
1591.10 908.64
1590.96 909.11
1590.82 909.58
1590.67 910.04
1590.51 910.50
1590.35 910.96
1590.22 911.43
1590.12 911.92
1590.05 912.42
1590.02 912.93
1590.00 913.45
1589.98 913.97
1589.95 914.48
1589.90 914.98
1589.81 915.47
1589.68 915.95
1589.53 916.41
1589.38 916.87
1589.24 917.34
1589.13 917.82
1589.06 918.32
1589.01 918.83
1588.97 919.34
1588.92 919.84
1588.84 920.33
1588.72 920.81
1588.57 921.27
1588.41 921.74
1588.27 922.20
1588.16 922.68
1588.08 923.17
1588.03 923.68
1588.01 924.20
1588.01 924.72
1588.00 925.25
1588.00 925.77
1588.00 926.30
1588.00 926.83
1588.00 927.35
1588.00 927.88
1588.00 928.40
1588.00 928.93
1588.00 929.46
1588.00 929.98
1588.00 930.51
1588.00 931.03
1588.00 931.56
1588.00 932.09
1587.99 932.61
1587.98 933.13
1587.94 933.64
1587.87 934.14
1587.77 934.62
1587.64 935.09
1587.48 935.56
1587.33 936.02
1587.20 936.49
1587.11 936.98
1587.05 937.48
1587.02 938.00
1587.01 938.52
1587.00 939.04
1587.00 939.57
1587.00 940.09
1587.00 940.62
1587.00 941.14
1587.00 941.67
1587.00 942.20
1587.00 942.72
1587.00 943.25
1587.00 943.77
1587.00 944.30
1587.00 944.83
1587.00 945.35
1586.99 945.87
1586.96 946.39
1586.91 946.90
1586.83 947.39
1586.71 947.86
1586.56 948.33
1586.40 948.79
1586.26 949.26
1586.15 949.74
1586.07 950.23
1586.03 950.74
1586.01 951.26
1586.00 951.78
1586.00 952.31
1586.00 952.83
1586.00 953.36
1586.00 953.88
1586.00 954.41
1586.00 954.94
1586.00 955.46
1586.00 955.99
1586.00 956.52
1586.00 957.04
1586.00 957.57
1586.00 958.09
1586.00 958.62
1586.00 959.15
1586.00 959.67
1586.00 960.20
1585.99 960.72
1585.97 961.24
1585.93 961.75
1585.86 962.24
1585.75 962.73
1585.61 963.19
1585.45 963.65
1585.30 964.12
1585.18 964.59
1585.09 965.08
1585.04 965.59
1585.02 966.11
1585.01 966.63
1585.00 967.15
1585.00 967.68
1585.00 968.20
1585.00 968.73
1585.00 969.25
1585.00 969.78
1585.00 970.31
1584.99 970.83
1584.96 971.35
1584.92 971.85
1584.83 972.34
1584.71 972.82
1584.55 973.28
1584.36 973.73
1584.16 974.17
1583.94 974.61
1583.73 975.04
1583.51 975.48
1583.29 975.91
1583.08 976.35
1582.86 976.79
1582.66 977.23
1582.47 977.68
1582.30 978.14
1582.18 978.61
1582.09 979.10
1582.04 979.60
1582.01 980.12
1582.01 980.64
1582.00 981.17
1582.00 981.69
1582.00 982.22
1582.00 982.75
1582.00 983.27
1582.00 983.80
1581.99 984.32
1581.99 984.84
1581.96 985.36
1581.91 985.87
1581.83 986.36
1581.71 986.84
1581.57 987.30
1581.41 987.76
1581.27 988.23
1581.15 988.71
1581.08 989.20
1581.03 989.71
1581.01 990.23
1581.00 990.75
1581.00 991.28
1581.00 991.80
1581.00 992.33
1581.00 992.85
1581.00 993.38
1581.00 993.91
1581.00 994.43
1581.00 994.96
1581.00 995.49
1581.00 996.01
1581.00 996.54
1581.00 997.06
1581.00 997.59
1581.00 998.12
1581.00 998.64
1581.00 999.17
1581.00 999.70
1581.00 1000.22
1581.00 1000.75
1581.00 1001.27
1581.00 1001.80
1581.00 1002.33
1581.00 1002.85
1581.00 1003.38
1581.00 1003.90
1581.00 1004.43
1581.00 1004.96
1581.00 1005.48
1581.00 1006.01
1581.00 1006.54
1581.00 1007.06
1581.00 1007.59
1581.00 1008.11
1581.00 1008.64
1580.99 1009.16
1580.99 1009.69
1580.97 1010.21
1580.93 1010.72
1580.86 1011.21
1580.76 1011.70
1580.62 1012.16
1580.46 1012.63
1580.31 1013.09
1580.18 1013.56
1580.09 1014.05
1580.04 1014.56
1580.02 1015.07
1580.01 1015.60
1580.01 1016.12
1580.00 1016.65
1580.00 1017.17
1580.00 1017.70
1580.00 1018.22
1580.00 1018.75
1580.00 1019.27
1580.00 1019.80
1580.00 1020.33
1579.99 1020.85
1579.96 1021.36
1579.91 1021.87
1579.83 1022.36
1579.71 1022.84
1579.57 1023.31
1579.41 1023.77
1579.27 1024.23
1579.15 1024.71
1579.08 1025.21
1579.03 1025.71
1579.01 1026.23
1579.00 1026.76
1579.00 1027.28
1579.00 1027.81
1579.00 1028.33
1579.00 1028.86
1579.00 1029.38
1579.00 1029.91
1578.99 1030.43
1578.98 1030.96
1578.95 1031.47
1578.90 1031.97
1578.81 1032.46
1578.68 1032.94
1578.53 1033.40
1578.38 1033.86
1578.24 1034.33
1578.13 1034.81
1578.06 1035.31
1578.03 1035.82
1578.01 1036.34
1578.00 1036.86
1578.00 1037.39
1578.00 1037.92
1578.00 1038.44
1578.00 1038.97
1577.99 1039.49
1577.98 1040.01
1577.95 1040.53
1577.89 1041.03
1577.80 1041.51
1577.67 1041.99
1577.51 1042.45
1577.36 1042.91
1577.22 1043.38
1577.12 1043.87
1577.06 1044.37
1577.03 1044.88
1577.01 1045.40
1577.00 1045.92
1577.00 1046.45
1577.00 1046.97
1577.00 1047.50
1577.00 1048.02
1577.00 1048.55
1577.00 1049.08
1577.00 1049.60
1577.00 1050.13
1577.01 1050.66
1577.01 1051.18
1577.01 1051.71
1577.01 1052.24
1577.00 1052.76
1577.00 1053.29
1576.99 1053.81
1576.99 1054.33
1576.99 1054.86
1576.99 1055.39
1576.99 1055.91
1576.53 1059.40
1576.37 1059.87
1576.23 1060.33
1576.13 1060.82
1576.06 1061.32
1576.03 1061.83
1576.01 1062.35
1576.00 1062.87
1572.74 1097.83
1572.58 1098.29
1572.42 1098.74
1572.27 1099.21
1572.16 1099.69
1572.08 1100.18
1572.03 1100.69
1572.01 1101.21
1572.01 1101.73
1572.00 1102.25
1572.00 1102.78
1572.00 1103.31
1572.00 1103.83
1571.99 1104.36
1571.98 1104.88
1571.96 1105.39
1571.91 1105.90
1571.83 1106.39
1571.71 1106.87
1571.56 1107.33
1571.40 1107.79
1571.26 1108.26
1571.15 1108.74
1571.07 1109.24
1571.03 1109.74
1571.01 1110.26
1571.00 1110.79
1571.00 1111.31
1570.99 1111.83
1570.96 1112.35
1570.92 1112.85
1570.83 1113.35
1570.72 1113.82
1570.57 1114.29
1570.41 1114.75
1570.25 1115.21
1570.10 1115.67
1569.96 1116.14
1569.82 1116.61
1569.66 1117.07
1569.50 1117.53
1569.34 1117.99
1569.20 1118.46
1569.10 1118.94
1569.01 1119.43
1568.93 1119.92
1568.83 1120.41
1568.70 1120.88
1568.55 1121.35
1568.39 1121.81
1568.25 1122.27
1568.14 1122.76
1568.07 1123.25
1568.03 1123.76
1568.01 1124.28
1568.00 1124.80
1568.00 1125.33
1567.99 1125.85
1567.96 1126.36
1567.91 1126.87
1567.83 1127.36
1567.71 1127.84
1567.57 1128.30
1567.41 1128.77
1567.27 1129.23
1567.15 1129.71
1567.08 1130.21
1567.03 1130.71
1567.01 1131.23
1567.00 1131.75
1567.00 1132.28
1567.00 1132.81
1567.00 1133.33
1567.00 1133.86
1567.00 1134.38
1567.00 1134.91
1567.00 1135.43
1567.00 1135.96
1566.99 1136.49
1566.98 1137.01
1566.95 1137.52
1566.89 1138.02
1566.80 1138.51
1566.67 1138.98
1566.52 1139.45
1566.36 1139.91
1566.23 1140.38
1566.12 1140.86
1566.06 1141.36
1566.01 1141.87
1565.97 1142.38
1565.92 1142.88
1565.83 1143.37
1565.71 1143.85
1565.57 1144.31
1565.41 1144.77
1565.26 1145.24
1565.14 1145.72
1565.05 1146.20
1564.97 1146.70
1564.88 1147.19
1564.76 1147.66
1564.62 1148.13
1564.47 1148.59
1564.31 1149.06
1564.19 1149.53
1564.10 1150.02
1564.05 1150.52
1564.02 1151.04
1564.01 1151.56
1564.00 1152.08
1564.00 1152.61
1564.00 1153.13
1563.99 1153.66
1563.97 1154.18
1563.94 1154.69
1563.87 1155.18
1563.76 1155.67
1563.62 1156.14
1563.47 1156.60
1563.32 1157.06
1563.19 1157.54
1563.10 1158.02
1563.04 1158.53
1563.02 1159.04
1563.00 1159.56
1562.98 1160.08
1562.95 1160.59
1562.89 1161.09
1562.79 1161.58
1562.66 1162.05
1562.51 1162.51
1562.35 1162.98
1562.21 1163.44
1562.11 1163.93
1562.05 1164.43
1562.02 1164.94
1562.01 1165.47
1562.01 1165.99
1562.01 1166.52
1562.01 1167.04
1562.00 1167.57
1561.99 1168.09
1561.99 1168.61
1561.99 1169.14
1561.99 1169.67
1561.97 1170.19
1561.94 1170.70
1561.87 1171.19
1561.76 1171.67
1561.61 1172.14
1561.46 1172.60
1561.31 1173.07
1561.18 1173.54
1561.10 1174.03
1561.04 1174.54
1561.01 1175.05
1561.00 1175.57
1561.00 1176.10
1561.00 1176.62
1561.00 1177.15
1561.00 1177.68
1561.00 1178.20
1561.00 1178.73
1561.00 1179.25
1561.00 1179.78
1561.00 1180.31
1561.00 1180.83
1561.00 1181.36
1561.00 1181.89
1561.00 1182.41
1561.00 1182.94
1561.00 1183.46
1561.00 1183.99
1561.00 1184.51
1561.00 1185.04
1561.00 1185.57
1561.00 1186.09
1561.00 1186.62
1561.00 1187.15
1561.00 1187.67
1561.00 1188.20
1561.00 1188.72
1561.00 1189.25
1561.00 1189.78
1561.00 1190.30
1561.00 1190.83
1561.00 1191.36
1561.00 1191.88
1561.00 1192.41
1561.00 1192.94
1561.00 1193.46
1561.00 1193.99
1561.00 1194.51
1561.00 1195.04
1561.00 1195.56
1561.00 1196.09
1560.99 1196.62
1560.99 1197.14
1560.99 1197.67
1560.99 1198.19
1560.99 1198.72
1561.00 1199.25
1561.00 1199.77
1561.00 1200.30
1560.99 1200.82
1560.97 1201.34
1560.92 1201.85
1560.84 1202.34
1560.72 1202.82
1560.57 1203.28
1560.41 1203.74
1560.27 1204.21
1560.15 1204.69
1560.08 1205.18
1560.02 1205.68
1559.98 1206.19
1559.94 1206.70
1559.86 1207.20
1559.75 1207.68
1559.60 1208.14
1559.42 1208.59
1559.22 1209.03
1559.01 1209.47
1558.80 1209.91
1558.60 1210.36
1558.42 1210.81
1558.26 1211.27
1558.15 1211.75
1558.07 1212.24
1558.03 1212.75
1558.01 1213.27
1558.00 1213.79
1557.99 1214.31
1557.99 1214.84
1557.97 1215.35
1557.92 1215.86
1557.83 1216.35
1557.71 1216.83
1557.56 1217.29
1557.41 1217.75
1557.26 1218.22
1557.15 1218.70
1557.08 1219.20
1557.03 1219.70
1557.01 1220.22
1556.99 1220.74
1556.97 1221.26
1556.93 1221.77
1556.85 1222.26
1556.74 1222.74
1556.60 1223.21
1556.44 1223.67
1556.29 1224.13
1556.17 1224.61
1556.09 1225.10
1556.04 1225.61
1556.01 1226.12
1556.00 1226.64
1556.00 1227.17
1556.01 1227.70
1556.01 1228.22
1556.01 1228.75
1556.00 1229.28
1556.00 1229.80
1555.99 1230.32
1555.99 1230.85
1555.99 1231.37
1555.99 1231.90
1555.99 1232.43
1555.99 1232.95
1555.96 1233.47
1555.91 1233.97
1555.81 1234.46
1555.68 1234.93
1555.53 1235.39
1555.37 1235.85
1555.24 1236.32
1555.13 1236.81
1555.06 1237.30
1555.03 1237.81
1555.00 1238.33
1554.99 1238.85
1554.96 1239.37
1554.92 1239.87
1554.83 1240.37
1554.72 1240.84
1554.57 1241.31
1554.41 1241.77
1554.27 1242.24
1554.15 1242.71
1554.07 1243.21
1554.03 1243.72
1554.01 1244.24
1554.01 1244.76
1554.00 1245.28
1554.00 1245.81
1554.00 1246.33
1554.00 1246.86
1553.99 1247.38
1553.98 1247.91
1553.96 1248.42
1553.91 1248.93
1553.82 1249.42
1553.70 1249.90
1553.55 1250.36
1553.40 1250.82
1553.25 1251.29
1553.14 1251.77
1553.07 1252.26
1553.03 1252.77
1553.01 1253.29
1553.00 1253.81
1553.00 1254.34
1552.99 1254.86
1552.96 1255.38
1552.91 1255.88
1552.83 1256.37
1552.71 1256.85
1552.57 1257.32
1552.41 1257.78
1552.27 1258.24
1552.15 1258.72
1552.07 1259.22
1552.03 1259.73
1552.01 1260.25
1552.01 1260.77
1552.00 1261.29
1552.00 1261.82
1551.99 1262.34
1551.98 1262.86
1551.96 1263.38
1551.91 1263.89
1551.83 1264.38
1551.71 1264.85
1551.56 1265.32
1551.40 1265.78
1551.26 1266.25
1551.15 1266.73
1551.07 1267.22
1551.03 1267.73
1551.01 1268.25
1551.00 1268.77
1551.00 1269.30
1550.99 1269.82
1550.96 1270.33
1550.92 1270.84
1550.84 1271.33
1550.73 1271.81
1550.58 1272.28
1550.42 1272.74
1550.28 1273.21
1550.16 1273.68
1550.08 1274.18
1550.04 1274.68
1550.01 1275.20
1550.01 1275.72
1550.00 1276.25
1550.00 1276.77
1549.99 1277.30
1549.99 1277.82
1549.96 1278.34
1549.92 1278.85
1549.84 1279.34
1549.72 1279.81
1549.57 1280.28
1549.41 1280.74
1549.27 1281.21
1549.15 1281.69
1549.08 1282.18
1549.03 1282.69
1549.01 1283.21
1549.00 1283.73
1549.00 1284.25
1549.00 1284.78
1549.00 1285.30
1548.99 1285.83
1548.96 1286.34
1548.92 1286.85
1548.84 1287.34
1548.72 1287.82
1548.57 1288.29
1548.42 1288.75
1548.27 1289.21
1548.16 1289.69
1548.08 1290.19
1548.03 1290.69
1548.01 1291.21
1548.01 1291.73
1548.00 1292.26
1548.00 1292.78
1548.00 1293.31
1548.00 1293.84
1547.99 1294.36
1547.98 1294.88
1547.96 1295.40
1547.91 1295.90
1547.83 1296.40
1547.71 1296.87
1547.57 1297.34
1547.41 1297.80
1547.26 1298.27
1547.14 1298.74
1547.07 1299.24
1547.03 1299.75
1547.01 1300.27
1547.01 1300.79
1547.01 1301.32
1547.01 1301.85
1547.01 1302.37
1547.00 1302.89
1547.00 1303.42
1546.99 1303.94
1546.99 1304.47
1546.99 1304.99
1546.99 1305.52
1546.98 1306.04
1546.95 1306.56
1546.89 1307.06
1546.81 1307.53
1546.71 1307.99
1546.62 1308.42
1546.57 1308.84
1546.58 1309.25
1546.64 1309.67
1546.73 1310.11
1544.58 1325.27
1544.42 1325.73
1544.27 1326.19
1544.15 1326.67
1544.06 1327.15
1543.98 1327.65
1543.89 1328.14
1543.78 1328.62
1543.64 1329.09
1543.49 1329.55
1543.33 1330.01
1543.20 1330.48
1543.11 1330.97
1543.05 1331.47
1543.02 1331.99
1543.00 1332.50
1542.98 1333.02
1542.95 1333.54
1542.89 1334.04
1542.80 1334.52
1542.67 1335.00
1542.52 1335.46
1542.36 1335.92
1542.23 1336.39
1542.12 1336.88
1542.05 1337.37
1542.01 1337.88
1541.97 1338.39
1541.92 1338.90
1541.83 1339.39
1541.71 1339.86
1541.56 1340.33
1541.40 1340.79
1541.26 1341.25
1541.14 1341.73
1541.05 1342.22
1540.97 1342.71
1540.88 1343.20
1540.76 1343.68
1540.62 1344.15
1540.46 1344.61
1540.31 1345.07
1540.19 1345.55
1540.10 1346.03
1540.04 1346.54
1540.02 1347.05
1540.01 1347.58
1540.00 1348.10
1540.00 1348.63
1540.00 1349.15
1540.00 1349.68
1540.00 1350.20
1539.99 1350.73
1539.97 1351.24
1539.93 1351.75
1539.86 1352.25
1539.75 1352.73
1539.61 1353.20
1539.45 1353.66
1539.30 1354.12
1539.18 1354.60
1539.09 1355.09
1539.04 1355.59
1539.02 1356.11
1539.01 1356.63
1539.01 1357.16
1539.01 1357.69
1539.00 1358.21
1539.00 1358.73
1539.00 1359.26
1539.00 1359.78
1538.99 1360.31
1538.99 1360.84
1538.99 1361.36
1539.00 1361.89
1539.00 1362.42
1539.00 1362.94
1539.00 1363.47
1539.00 1364.00
1539.00 1364.52
1539.00 1365.05
1539.00 1365.58
1539.00 1366.10
1539.00 1366.63
1539.00 1367.15
1539.00 1367.68
1539.00 1368.20
1539.00 1368.73
1539.00 1369.26
1539.00 1369.78
1539.00 1370.31
1537.65 1379.22
1537.46 1379.67
1537.28 1380.12
1537.13 1380.58
1536.99 1381.05
1536.85 1381.52
1536.69 1381.98
1536.53 1382.44
1536.37 1382.90
1536.23 1383.37
1536.13 1383.85
1536.06 1384.35
1536.02 1384.86
1536.00 1385.38
1536.00 1385.91
1536.00 1386.43
1536.01 1386.96
1536.01 1387.49
1536.01 1388.01
1536.01 1388.54
1536.00 1389.06
1536.00 1389.59
1536.00 1390.11
1536.00 1390.64
1536.00 1391.16
1531.81 1413.63
1531.65 1414.10
1531.49 1414.56
1531.33 1415.02
1531.20 1415.49
1531.09 1415.97
1531.01 1416.46
1530.92 1416.95
1530.82 1417.44
1530.69 1417.91
1530.54 1418.37
1530.37 1418.83
1530.22 1419.29
1530.07 1419.75
1529.93 1420.22
1529.79 1420.69
1529.63 1421.15
1529.46 1421.61
1529.30 1422.06
1529.14 1422.53
1529.00 1423.00
1528.86 1423.46
1528.71 1423.93
1528.54 1424.38
1528.38 1424.84
1528.22 1425.30
1528.07 1425.77
1527.93 1426.24
1527.79 1426.70
1527.63 1427.16
1527.47 1427.62
1527.31 1428.08
1527.18 1428.56
1527.08 1429.04
1527.00 1429.53
1526.91 1430.02
1526.81 1430.51
1526.68 1430.98
1526.52 1431.44
1526.36 1431.90
1526.22 1432.37
1526.11 1432.85
1526.03 1433.34
1525.94 1433.83
1525.85 1434.32
1525.72 1434.79
1525.56 1435.25
1525.37 1435.70
1525.17 1436.14
1524.96 1436.58
1524.75 1437.02
1524.56 1437.47
1524.38 1437.92
1524.23 1438.38
1524.13 1438.87
1524.06 1439.36
1524.03 1439.88
1524.01 1440.40
1524.00 1440.92
1524.00 1441.44
1524.00 1441.97
1524.00 1442.50
1524.00 1443.02
1524.00 1443.55
1524.00 1444.08
1524.00 1444.60
1524.00 1445.13
1524.00 1445.65
1524.00 1446.18
1524.00 1446.71
1524.00 1447.23
1524.00 1447.76
1524.00 1448.28
1524.00 1448.81
1524.00 1449.34
1524.00 1449.86
1524.00 1450.39
1524.00 1450.91
1524.00 1451.44
1524.00 1451.97
1524.00 1452.49
1524.00 1453.02
1524.00 1453.55
1524.00 1454.07
1524.00 1454.60
1524.00 1455.12
1524.00 1455.65
1524.00 1456.18
1524.00 1456.70
1524.00 1457.23
1524.00 1457.76
1524.00 1458.28
1524.00 1458.81
1524.00 1459.33
1524.00 1459.86
1524.00 1460.39
1524.00 1460.91
1524.00 1461.44
1524.00 1461.97
1524.00 1462.49
1524.00 1463.02
1524.00 1463.54
1524.00 1464.07
1524.00 1464.59
1524.00 1465.12
1524.00 1465.65
1524.00 1466.17
1524.00 1466.70
1524.00 1467.23
1523.99 1467.75
1523.97 1468.27
1523.93 1468.77
1523.85 1469.27
1523.73 1469.75
1523.58 1470.21
1523.39 1470.66
1523.19 1471.10
1522.96 1471.53
1522.72 1471.96
1522.45 1472.37
1522.17 1472.78
1521.88 1473.19
1521.61 1473.60
1521.39 1474.04
1521.22 1474.49
1521.11 1474.97
1521.05 1475.48
1521.02 1475.99
1521.01 1476.51
1521.00 1477.04
1521.00 1477.56
1521.00 1478.09
1521.00 1478.61
1521.00 1479.14
1520.99 1479.66
1520.97 1480.18
1520.94 1480.69
1520.87 1481.19
1520.76 1481.67
1520.62 1482.14
1520.47 1482.60
1520.31 1483.06
1520.19 1483.54
1520.10 1484.03
1520.04 1484.53
1520.02 1485.05
1520.01 1485.57
1520.00 1486.09
1520.00 1486.62
1520.00 1487.14
1520.00 1487.67
1520.00 1488.19
1520.00 1488.72
1519.36 1498.45
1519.08 1498.87
1518.79 1499.27
1518.51 1499.68
1518.25 1500.10
1518.01 1500.52
1517.79 1500.96
1517.59 1501.40
1517.40 1501.85
1517.25 1502.32
1517.14 1502.80
1517.06 1503.29
1517.02 1503.80
1516.98 1504.31
1516.93 1504.81
1516.84 1505.30
1516.73 1505.78
1516.58 1506.25
1516.42 1506.71
1516.26 1507.17
1516.11 1507.63
1515.97 1508.10
1515.83 1508.57
1515.67 1509.03
1515.51 1509.49
1515.35 1509.95
1515.22 1510.42
1515.12 1510.90
1515.05 1511.40
1515.01 1511.91
1514.97 1512.42
1514.91 1512.92
1514.82 1513.41
1514.70 1513.89
1514.55 1514.35
1514.38 1514.81
1514.23 1515.27
1514.08 1515.73
1513.94 1516.20
1513.80 1516.67
1513.64 1517.13
1513.48 1517.59
1513.32 1518.05
1513.19 1518.52
1513.08 1519.01
1513.00 1519.50
1512.92 1519.99
1512.82 1520.47
1512.69 1520.95
1512.54 1521.41
1512.38 1521.87
1512.24 1522.34
1512.13 1522.82
1512.06 1523.32
1512.03 1523.83
1512.01 1524.35
1512.01 1524.88
1512.01 1525.40
1512.01 1525.93
1512.01 1526.45
1512.00 1526.98
1512.00 1527.50
1511.99 1528.02
1511.98 1528.55
1511.98 1529.07
1511.98 1529.60
1511.99 1530.13
1512.00 1530.66
1512.01 1531.19
1512.00 1531.71
1511.99 1532.23
1511.94 1532.74
1511.86 1533.23
1511.74 1533.71
1511.60 1534.17
1511.44 1534.64
1511.29 1535.10
1511.17 1535.58
1511.09 1536.07
1511.04 1536.58
1511.02 1537.09
1511.01 1537.61
1511.00 1538.14
1511.00 1538.66
1511.00 1539.19
1511.00 1539.71
1511.00 1540.24
1511.00 1540.77
1511.00 1541.29
1511.00 1541.82
1511.00 1542.34
1510.99 1542.87
1509.49 1548.56
1509.33 1549.02
1509.20 1549.49
1509.09 1549.97
1509.01 1550.47
1508.92 1550.96
1508.82 1551.44
1508.69 1551.91
1508.54 1552.38
1508.38 1552.84
1508.24 1553.31
1508.13 1553.78
1508.04 1554.27
1507.96 1554.77
1507.86 1555.25
1507.74 1555.73
1507.58 1556.19
1507.40 1556.64
1507.20 1557.08
1506.99 1557.52
1506.78 1557.96
1506.58 1558.40
1506.40 1558.86
1506.25 1559.32
1506.14 1559.80
1506.07 1560.30
1506.03 1560.81
1506.01 1561.33
1506.00 1561.85
1506.00 1562.37
1506.00 1562.90
1506.00 1563.43
1506.00 1563.95
1506.00 1564.48
1506.00 1565.01
1506.00 1565.53
1506.00 1566.06
1506.00 1566.58
1506.00 1567.11
1506.00 1567.64
1506.00 1568.16
1506.00 1568.69
1506.00 1569.21
1506.00 1569.74
1506.00 1570.27
1506.00 1570.79
1506.00 1571.32
1505.99 1571.84
1505.96 1572.36
1505.92 1572.86
1505.83 1573.35
1505.71 1573.83
1505.55 1574.29
1505.36 1574.74
1505.15 1575.18
1504.94 1575.62
1504.74 1576.06
1504.54 1576.50
1504.36 1576.96
1504.22 1577.42
1504.12 1577.91
1504.05 1578.40
1504.01 1578.91
1503.97 1579.42
1503.91 1579.92
1503.82 1580.41
1503.70 1580.89
1503.55 1581.35
1503.39 1581.81
1503.25 1582.28
1503.14 1582.76
1503.07 1583.26
1503.02 1583.76
1502.98 1584.27
1502.93 1584.78
1502.85 1585.27
1502.74 1585.75
1502.60 1586.22
1502.44 1586.68
1502.29 1587.15
1502.16 1587.62
1502.07 1588.11
1501.98 1588.60
1501.90 1589.09
1501.79 1589.57
1501.65 1590.04
1501.50 1590.50
1501.34 1590.96
1501.21 1591.44
1501.11 1591.92
1501.05 1592.42
1501.02 1592.93
1501.00 1593.45
1500.98 1593.97
1500.96 1594.49
1500.90 1594.99
1500.81 1595.48
1500.68 1595.95
1500.53 1596.41
1500.37 1596.87
1500.23 1597.34
1500.12 1597.82
1500.03 1598.31
1499.95 1598.80
1499.86 1599.29
1499.74 1599.77
1499.59 1600.23
1499.43 1600.70
1499.29 1601.16
1499.17 1601.64
1499.08 1602.13
1499.03 1602.63
1498.99 1603.14
1498.95 1603.65
1498.88 1604.15
1498.78 1604.63
1498.64 1605.10
1498.48 1605.56
1498.33 1606.03
1498.20 1606.50
1498.10 1606.98
1498.04 1607.48
1498.00 1607.99
1497.96 1608.50
1497.90 1609.01
1497.80 1609.49
1497.67 1609.96
1497.51 1610.42
1497.35 1610.88
1497.19 1611.34
1497.05 1611.81
1496.91 1612.28
1496.77 1612.75
1496.61 1613.21
1496.44 1613.66
1496.28 1614.12
1496.13 1614.58
1495.98 1615.05
1495.82 1615.51
1495.64 1615.96
1495.41 1616.39
1495.14 1616.81
1494.86 1617.22
1494.60 1617.63
1494.37 1618.07
1494.21 1618.53
1494.10 1619.01
1494.04 1619.51
1494.01 1620.02
1494.00 1620.55
1494.00 1621.07
1494.00 1621.60
1494.01 1622.13
1494.01 1622.65
1494.01 1623.18
1494.01 1623.70
1494.00 1624.23
1494.00 1624.75
1494.00 1625.28
1494.00 1625.80
1494.00 1626.33
1494.00 1626.86
1494.00 1627.38
1494.00 1627.91
1494.00 1628.44
1494.00 1628.96
1494.00 1629.49
1494.00 1630.02
1494.00 1630.54
1494.00 1631.07
1494.00 1631.59
1494.00 1632.12
1494.00 1632.65
1494.00 1633.17
1493.99 1633.69
1493.97 1634.21
1493.93 1634.72
1493.86 1635.22
1493.75 1635.70
1493.61 1636.17
1493.46 1636.63
1493.31 1637.09
1493.18 1637.57
1493.08 1638.05
1492.99 1638.54
1492.91 1639.03
1492.80 1639.52
1492.67 1639.99
1492.51 1640.45
1492.35 1640.91
1492.19 1641.37
1492.05 1641.83
1491.91 1642.30
1491.76 1642.77
1491.60 1643.23
1491.44 1643.69
1491.29 1644.15
1491.17 1644.63
1491.09 1645.12
1491.04 1645.63
1491.01 1646.14
1491.01 1646.66
1491.00 1647.19
1491.00 1647.71
1491.00 1648.24
1490.99 1648.76
1490.97 1649.28
1490.92 1649.79
1490.85 1650.28
1490.73 1650.76
1490.59 1651.23
1490.44 1651.69
1490.29 1652.16
1490.17 1652.63
1490.09 1653.12
1490.04 1653.63
1490.01 1654.15
1489.99 1654.66
1489.97 1655.18
1489.94 1655.69
1489.87 1656.19
1489.76 1656.67
1489.62 1657.14
1489.46 1657.60
1489.31 1658.07
1489.19 1658.54
1489.10 1659.03
1487.71 1666.87
1487.56 1667.34
1487.40 1667.80
1487.26 1668.26
1487.14 1668.74
1487.07 1669.24
1487.02 1669.74
1486.98 1670.25
1486.93 1670.76
1486.85 1671.25
1486.74 1671.73
1486.60 1672.20
1486.44 1672.66
1486.30 1673.13
1486.17 1673.60
1486.09 1674.09
1486.04 1674.60
1486.01 1675.11
1484.72 1680.89
1484.56 1681.35
1484.40 1681.81
1484.25 1682.28
1484.14 1682.76
1484.07 1683.26
1484.03 1683.76
1484.01 1684.28
1483.99 1684.80
1483.97 1685.32
1483.92 1685.82
1483.84 1686.32
1483.73 1686.80
1483.58 1687.26
1483.43 1687.72
1483.28 1688.19
1483.15 1688.66
1483.06 1689.15
1482.98 1689.64
1482.89 1690.13
1482.78 1690.61
1482.64 1691.08
1482.48 1691.54
1482.33 1692.01
1482.20 1692.48
1482.09 1692.96
1482.01 1693.45
1481.93 1693.94
1481.83 1694.43
1481.70 1694.90
1481.55 1695.36
1481.39 1695.83
1481.25 1696.29
1481.14 1696.77
1481.06 1697.27
1481.02 1697.78
1480.98 1698.29
1480.93 1698.79
1480.85 1699.28
1480.73 1699.76
1480.59 1700.23
1480.43 1700.69
1480.27 1701.15
1480.12 1701.61
1479.98 1702.08
1479.83 1702.55
1479.68 1703.01
1479.52 1703.47
1479.36 1703.93
1479.22 1704.40
1479.12 1704.88
1479.05 1705.38
1479.01 1705.89
1478.97 1706.40
1478.91 1706.90
1478.83 1707.39
1478.70 1707.87
1478.55 1708.33
1478.40 1708.79
1478.25 1709.26
1478.14 1709.74
1478.04 1710.22
1477.97 1710.72
1477.88 1711.21
1477.76 1711.69
1477.62 1712.15
1477.46 1712.61
1477.31 1713.08
1477.18 1713.55
1477.08 1714.03
1477.00 1714.53
1476.91 1715.02
1476.81 1715.50
1476.68 1715.97
1476.52 1716.44
1476.37 1716.90
1476.23 1717.36
1476.11 1717.84
1476.03 1718.33
1475.95 1718.83
1475.85 1719.31
1475.73 1719.79
1475.58 1720.25
1475.42 1720.72
1475.28 1721.18
1475.16 1721.66
1475.08 1722.15
1475.03 1722.65
1474.99 1723.16
1474.94 1723.67
1474.87 1724.17
1474.76 1724.65
1474.61 1725.11
1474.43 1725.56
1474.23 1726.01
1474.02 1726.45
1473.81 1726.89
1473.61 1727.33
1473.43 1727.78
1473.27 1728.24
1473.15 1728.72
1473.07 1729.21
1473.03 1729.72
1473.01 1730.24
1473.01 1730.76
1473.00 1731.29
1473.00 1731.81
1473.00 1732.34
1473.00 1732.86
1473.00 1733.39
1472.99 1733.91
1472.99 1734.44
1472.98 1734.96
1472.96 1735.48
1472.90 1735.98
1472.81 1736.47
1472.68 1736.94
1472.53 1737.40
1472.37 1737.87
1472.23 1738.33
1472.12 1738.81
1472.03 1739.30
1471.95 1739.80
1471.86 1740.28
1471.74 1740.76
1471.59 1741.23
1471.43 1741.68
1471.27 1742.14
1471.12 1742.61
1470.98 1743.08
1470.83 1743.54
1470.68 1744.01
1470.52 1744.47
1470.36 1744.93
1470.22 1745.40
1470.12 1745.88
1470.05 1746.38
1470.01 1746.88
1469.97 1747.39
1469.91 1747.90
1469.83 1748.39
1469.70 1748.86
1469.55 1749.33
1469.39 1749.78
1469.23 1750.25
1469.08 1750.71
1468.95 1751.18
1468.81 1751.65
1468.65 1752.11
1468.49 1752.57
1468.33 1753.03
1468.20 1753.50
1468.10 1753.99
1468.05 1754.49
1468.02 1755.01
1468.00 1755.52
1467.98 1756.04
1467.95 1756.56
1467.89 1757.06
1467.79 1757.54
1467.66 1758.02
1467.51 1758.48
1467.35 1758.94
1467.22 1759.41
1467.11 1759.89
1467.02 1760.38
1466.94 1760.87
1466.84 1761.36
1466.72 1761.83
1466.57 1762.30
1466.41 1762.76
1466.26 1763.22
1466.15 1763.70
1466.07 1764.20
1466.02 1764.70
1465.98 1765.21
1465.94 1765.72
1465.86 1766.21
1465.75 1766.70
1465.61 1767.16
1465.46 1767.62
1465.31 1768.09
1465.18 1768.56
1465.09 1769.05
1465.04 1769.56
1464.99 1770.06
1464.95 1770.57
1464.89 1771.07
1464.79 1771.56
1464.65 1772.03
1464.50 1772.49
1464.33 1772.95
1464.18 1773.41
1464.04 1773.88
1463.90 1774.34
1463.75 1774.81
1463.58 1775.27
1463.42 1775.73
1463.26 1776.18
1463.11 1776.65
1462.97 1777.12
1462.82 1777.58
1462.67 1778.05
1462.51 1778.51
1462.35 1778.97
1462.21 1779.43
1462.10 1779.92
1462.02 1780.41
1461.93 1780.90
1461.84 1781.38
1461.71 1781.86
1461.56 1782.32
1461.40 1782.78
1461.26 1783.25
1461.14 1783.73
1461.05 1784.21
1460.97 1784.71
1460.88 1785.20
1460.76 1785.67
1460.62 1786.14
1460.46 1786.60
1460.31 1787.07
1460.19 1787.54
1460.10 1788.03
1460.04 1788.53
1460.00 1789.04
1459.95 1789.55
1459.89 1790.05
1459.80 1790.54
1459.66 1791.01
1459.51 1791.47
1459.35 1791.93
1459.22 1792.40
1459.11 1792.88
1459.02 1793.37
1458.94 1793.86
1458.84 1794.35
1458.72 1794.83
1458.57 1795.29
1458.40 1795.75
1458.24 1796.21
1458.10 1796.67
1457.96 1797.14
1457.81 1797.61
1457.66 1798.07
1457.50 1798.53
1457.34 1798.99
1457.20 1799.46
1457.10 1799.94
1457.01 1800.43
1456.93 1800.93
1456.83 1801.41
1456.70 1801.88
1456.55 1802.35
1456.40 1802.81
1456.25 1803.27
1456.13 1803.75
1456.04 1804.24
1455.96 1804.73
1455.87 1805.22
1455.76 1805.70
1455.61 1806.17
1455.46 1806.63
1455.30 1807.09
1455.17 1807.56
1455.07 1808.05
1454.99 1808.54
1454.91 1809.03
1454.80 1809.51
1454.67 1809.99
1454.51 1810.45
1454.35 1810.90
1454.19 1811.37
1454.05 1811.83
1453.91 1812.30
1453.76 1812.77
1453.60 1813.23
1453.43 1813.68
1453.27 1814.14
1453.12 1814.61
1452.98 1815.07
1452.84 1815.54
1452.68 1816.00
1452.52 1816.46
1452.36 1816.92
1452.22 1817.39
1452.11 1817.87
1452.02 1818.36
1451.94 1818.85
1451.85 1819.34
1451.72 1819.82
1451.58 1820.28
1451.42 1820.74
1451.27 1821.21
1451.15 1821.68
1451.05 1822.17
1450.97 1822.66
1450.88 1823.15
1450.77 1823.63
1450.63 1824.10
1450.47 1824.56
1450.31 1825.02
1450.16 1825.48
1450.01 1825.95
1449.87 1826.41
1449.72 1826.88
1449.54 1827.33
1449.35 1827.78
1449.14 1828.22
1448.93 1828.66
1448.72 1829.10
1448.52 1829.54
1448.35 1829.99
1448.21 1830.46
1448.10 1830.94
1448.01 1831.43
1447.93 1831.92
1447.83 1832.41
1447.70 1832.88
1447.54 1833.34
1447.38 1833.80
1447.22 1834.26
1447.08 1834.73
1446.94 1835.20
1446.80 1835.66
1446.64 1836.13
1446.48 1836.58
1446.32 1837.05
1446.19 1837.52
1446.09 1838.00
1446.00 1838.49
1445.92 1838.98
1445.81 1839.47
1445.68 1839.94
1445.53 1840.40
1445.36 1840.86
1445.21 1841.32
1445.06 1841.79
1444.92 1842.25
1444.78 1842.72
1444.62 1843.18
1444.45 1843.64
1444.29 1844.10
1444.14 1844.56
1443.99 1845.03
1443.85 1845.49
1443.70 1845.96
1443.54 1846.42
1443.38 1846.88
1443.24 1847.34
1443.12 1847.82
1443.03 1848.31
1442.95 1848.80
1442.86 1849.29
1442.74 1849.77
1442.59 1850.23
1442.43 1850.69
1442.28 1851.16
1442.16 1851.63
1442.06 1852.12
1441.98 1852.61
1441.89 1853.10
1441.78 1853.58
1441.64 1854.05
1441.46 1854.50
1441.26 1854.94
1441.05 1855.38
1440.84 1855.82
1440.64 1856.27
1440.45 1856.71
1440.29 1857.17
1440.16 1857.65
1440.06 1858.13
1439.98 1858.62
1439.89 1859.11
1439.78 1859.59
1439.63 1860.06
1439.45 1860.51
1439.26 1860.95
1439.05 1861.40
1438.84 1861.83
1438.64 1862.28
1438.45 1862.73
1438.29 1863.18
1438.16 1863.66
1438.06 1864.14
1437.98 1864.63
1437.89 1865.12
1437.76 1865.59
1437.58 1866.05
1437.34 1866.48
1437.08 1866.89
1436.80 1867.30
1436.54 1867.72
1436.33 1868.16
1436.18 1868.62
1436.07 1869.10
1435.98 1869.60
1435.90 1870.09
1435.79 1870.57
1435.66 1871.04
1435.50 1871.50
1435.34 1871.96
1435.21 1872.43
1435.10 1872.91
1435.02 1873.40
1434.93 1873.90
1434.84 1874.38
1434.71 1874.86
1434.56 1875.32
1434.41 1875.78
1434.26 1876.25
1434.14 1876.72
1434.05 1877.21
1433.96 1877.70
1433.87 1878.19
1433.76 1878.67
1433.60 1879.13
1433.42 1879.58
1433.22 1880.03
1433.01 1880.47
1432.80 1880.91
1432.60 1881.35
1432.41 1881.80
1432.24 1882.25
1432.09 1882.72
1431.95 1883.18
1431.80 1883.65
1431.65 1884.11
1431.48 1884.56
1682.99 179.81
1683.00 179.97
1683.00 180.27
1683.01 180.67
1683.02 181.12
1683.05 181.61
1683.12 182.09
1683.22 182.57
1683.35 183.04
1683.51 183.50
1683.67 183.95
1683.82 184.41
1683.97 184.88
1684.10 185.34
1684.25 185.81
1684.41 186.26
1684.57 186.72
1684.72 187.18
1684.84 187.66
1684.92 188.14
1684.97 188.65
1685.01 189.15
1685.05 189.66
1685.12 190.15
1685.23 190.63
1685.37 191.10
1685.52 191.56
1685.67 192.02
1685.80 192.49
1685.90 192.97
1685.95 193.47
1685.98 193.98
1685.99 194.50
1686.00 195.02
1686.00 195.54
1686.00 196.07
1686.01 196.59
1686.02 197.10
1686.06 197.61
1686.12 198.11
1686.22 198.59
1686.35 199.06
1686.51 199.52
1686.66 199.98
1686.79 200.45
1686.89 200.93
1686.95 201.43
1686.98 201.94
1687.00 202.46
1687.01 202.97
1687.04 203.48
1687.10 203.98
1687.18 204.47
1687.31 204.94
1687.46 205.40
1687.62 205.86
1687.76 206.33
1687.87 206.80
1687.94 207.30
1687.99 207.80
1688.02 208.31
1688.07 208.81
1688.15 209.30
1688.27 209.78
1688.42 210.24
1688.57 210.70
1688.72 211.16
1688.84 211.63
1688.92 212.12
1688.96 212.63
1688.99 213.14
1688.99 213.66
1689.00 214.18
1689.00 214.71
1689.00 215.23
1689.00 215.75
1689.00 216.27
1689.00 216.80
1689.00 217.32
1689.01 217.84
1689.04 218.35
1689.08 218.86
1689.16 219.35
1689.28 219.82
1689.43 220.28
1689.58 220.74
1689.73 221.21
1689.84 221.68
1689.92 222.17
1689.96 222.68
1689.99 223.19
1690.00 223.71
1690.00 224.23
1690.00 224.75
1690.01 225.28
1690.01 225.80
1690.03 226.31
1690.08 226.82
1690.15 227.31
1690.27 227.78
1690.41 228.25
1690.57 228.70
1690.72 229.17
1690.84 229.64
1690.92 230.13
1690.96 230.63
1690.99 231.15
1690.99 231.67
1690.99 232.19
1691.00 232.71
1691.00 233.23
1691.00 233.76
1691.00 234.28
1691.00 234.80
1691.01 235.32
1691.01 235.85
1691.03 236.36
1691.08 236.86
1691.16 237.35
1691.28 237.83
1691.43 238.29
1691.58 238.75
1691.73 239.21
1691.84 239.69
1691.92 240.18
1691.97 240.68
1691.99 241.19
1692.01 241.71
1692.03 242.23
1692.07 242.73
1692.14 243.23
1692.25 243.71
1692.39 244.17
1692.54 244.63
1692.69 245.09
1692.82 245.56
1692.91 246.05
1692.96 246.55
1692.98 247.06
1692.99 247.58
1692.99 248.11
1692.99 248.63
1692.99 249.15
1693.00 249.67
1693.01 250.19
1693.01 250.71
1693.02 251.23
1693.02 251.76
1693.01 252.28
1693.00 252.81
1693.00 253.33
1693.00 253.86
1693.02 254.37
1693.08 254.87
1693.17 255.36
1693.29 255.83
1693.44 256.29
1693.60 256.75
1693.74 257.21
1693.85 257.69
1693.92 258.18
1693.97 258.69
1693.99 259.20
1694.00 259.72
1694.00 260.24
1694.00 260.77
1694.00 261.29
1694.00 261.81
1694.00 262.34
1694.00 262.86
1694.00 263.38
1694.00 263.90
1694.00 264.43
1694.00 264.95
1694.00 265.47
1694.02 265.99
1694.04 266.50
1694.10 267.00
1694.18 267.48
1694.28 267.94
1694.37 268.37
1694.43 268.78
1694.44 269.19
1694.41 269.59
1694.36 270.00
1694.34 270.43
1694.38 270.86
1694.47 271.29
1694.60 271.74
1694.73 272.20
1694.84 272.67
1694.92 273.16
1694.97 273.66
1694.98 274.18
1694.99 274.70
1694.99 275.22
1695.00 275.74
1695.00 276.27
1695.00 276.79
1695.01 277.31
1695.01 277.83
1695.01 278.35
1695.01 278.87
1695.03 279.39
1695.08 279.89
1695.17 280.38
1695.29 280.85
1695.44 281.31
1695.60 281.77
1695.74 282.24
1695.85 282.71
1695.93 283.21
1695.97 283.71
1695.99 284.23
1696.00 284.75
1696.00 285.27
1696.00 285.79
1696.00 286.31
1696.00 286.84
1696.00 287.36
1696.00 287.88
1696.00 288.41
1696.00 288.93
1696.00 289.45
1696.00 289.98
1696.00 290.50
1696.00 291.02
1696.00 291.55
1696.00 292.07
1696.00 292.59
1696.00 293.11
1696.01 293.63
1696.02 294.15
1696.06 294.66
1696.13 295.16
1696.23 295.64
1696.36 296.10
1696.52 296.56
1696.67 297.02
1696.80 297.49
1696.90 297.98
1696.96 298.47
1696.99 298.98
1697.00 299.50
1697.00 300.03
1697.00 300.55
1697.00 301.07
1696.99 301.60
1696.99 302.12
1697.00 302.64
1697.00 303.16
1697.00 303.69
1697.00 304.21
1697.00 304.73
1697.00 305.26
1697.00 305.78
1697.00 306.30
1697.00 306.83
1697.00 307.35
1697.00 307.87
1697.00 308.40
1697.00 308.92
1697.00 309.44
1697.00 309.97
1697.00 310.49
1697.00 311.01
1697.00 311.54
1697.00 312.06
1697.00 312.58
1697.00 313.10
1697.00 313.63
1697.00 314.15
1697.01 314.67
1697.03 315.19
1697.06 315.69
1697.13 316.19
1697.22 316.66
1697.32 317.10
1697.40 317.52
1697.46 317.92
1697.49 318.31
1697.51 318.69
1697.53 319.08
1697.59 319.48
1697.68 319.90
1697.78 320.34
1697.87 320.81
1697.93 321.31
1697.97 321.81
1697.99 322.33
1697.99 322.85
1698.00 323.37
1698.00 323.89
1698.00 324.42
1698.00 324.94
1698.00 325.46
1698.00 325.99
1698.00 326.51
1698.00 327.03
1698.00 327.56
1698.00 328.08
1698.00 328.60
1698.00 329.13
1698.00 329.65
1698.00 330.17
1698.00 330.70
1698.00 331.22
1698.00 331.74
1698.00 332.26
1698.00 332.79
1698.00 333.31
1698.00 333.83
1698.00 334.36
1698.00 334.88
1698.00 335.40
1698.00 335.93
1698.00 336.45
1698.02 336.97
1698.04 337.48
1698.10 337.98
1698.19 338.46
1698.31 338.94
1698.46 339.40
1698.62 339.86
1698.76 340.32
1698.86 340.80
1698.94 341.29
1698.98 341.80
1698.99 342.32
1699.00 342.84
1699.00 343.36
1699.00 343.88
1699.00 344.41
1699.00 344.93
1699.00 345.45
1699.00 345.98
1699.00 346.50
1699.00 347.02
1699.00 347.55
1699.00 348.07
1699.00 348.59
1699.00 349.12
1699.00 349.64
1699.00 350.16
1699.00 350.68
1699.00 351.21
1699.01 351.73
1699.01 352.25
1699.01 352.78
1699.00 353.30
1699.00 353.82
1699.00 354.35
1699.00 354.87
1699.00 355.39
1698.99 355.92
1698.99 356.44
1698.99 356.97
1698.99 357.49
1698.99 358.01
1699.00 358.53
1699.00 359.06
1699.00 359.58
1699.01 360.10
1699.01 360.62
1699.01 361.14
1699.01 361.67
1699.01 362.19
1699.01 362.71
1699.02 363.23
1699.06 363.74
1699.14 364.23
1699.25 364.71
1699.39 365.17
1699.55 365.62
1699.68 366.08
1699.78 366.54
1699.81 367.01
1699.77 367.48
1699.68 367.94
1699.54 368.40
1699.39 368.85
1699.24 369.32
1699.13 369.79
1699.06 370.29
1699.03 370.79
1699.01 371.31
1699.02 371.83
1699.04 372.34
1699.08 372.84
1699.16 373.33
1699.27 373.81
1699.42 374.27
1699.58 374.73
1699.73 375.19
1699.85 375.66
1699.93 376.15
1699.98 376.66
1700.00 377.17
1700.00 377.69
1700.00 378.22
1700.00 378.74
1699.99 379.27
1699.99 379.79
1699.99 380.31
1699.99 380.84
1699.99 381.36
1699.99 381.88
1699.99 382.40
1699.99 382.93
1699.99 383.45
1699.99 383.97
1700.00 384.50
1700.00 385.02
1700.00 385.54
1700.00 386.07
1700.00 386.59
1700.00 387.11
1700.00 387.63
1700.00 388.16
1700.00 388.68
1700.00 389.20
1700.00 389.73
1700.00 390.25
1700.00 390.77
1700.00 391.30
1700.00 391.82
1700.00 392.34
1700.00 392.86
1700.00 393.39
1700.00 393.91
1700.00 394.43
1700.00 394.96
1700.00 395.48
1700.00 396.00
1700.00 396.53
1700.00 397.05
1700.00 397.57
1700.00 398.10
1700.00 398.62
1700.00 399.14
1700.00 399.67
1700.00 400.19
1700.00 400.71
1700.00 401.23
1700.00 401.76
1700.00 402.28
1700.00 402.80
1700.00 403.33
1700.00 403.85
1700.00 404.37
1700.00 404.90
1700.00 405.42
1700.00 405.94
1700.00 406.47
1700.00 406.99
1700.00 407.51
1700.00 408.04
1700.00 408.56
1700.00 409.08
1700.00 409.61
1700.00 410.13
1700.00 410.65
1700.00 411.18
1700.00 411.70
1700.00 412.22
1700.00 412.74
1700.00 413.27
1700.00 413.79
1700.00 414.31
1700.00 414.84
1700.00 415.36
1700.00 415.88
1700.00 416.41
1700.00 416.93
1700.00 417.45
1700.00 417.98
1700.00 418.50
1700.00 419.02
1700.00 419.55
1700.00 420.07
1700.00 420.59
1700.00 421.12
1700.00 421.64
1700.00 422.16
1700.00 422.69
1700.00 423.21
1700.00 423.73
1700.00 424.26
1700.00 424.78
1700.00 425.30
1700.00 425.82
1700.00 426.35
1700.00 426.87
1700.00 427.39
1700.00 427.92
1700.00 428.44
1700.00 428.96
1700.00 429.49
1700.00 430.01
1700.00 430.53
1700.00 431.06
1700.00 431.58
1700.00 432.10
1700.00 432.63
1700.00 433.15
1700.00 433.67
1700.00 434.20
1700.00 434.72
1700.00 435.24
1700.00 435.77
1700.00 436.29
1700.00 436.81
1700.00 437.33
1700.00 437.86
1700.00 438.38
1700.00 438.90
1700.00 439.43
1700.00 439.95
1700.00 440.47
1700.00 441.00
1700.00 441.52
1700.00 442.04
1700.00 442.57
1700.00 443.09
1700.00 443.61
1700.00 444.14
1700.00 444.66
1700.00 445.18
1700.00 445.70
1700.00 446.23
1700.00 446.75
1700.00 447.27
1700.00 447.80
1700.00 448.32
1700.00 448.84
1700.00 449.37
1700.00 449.89
1700.00 450.41
1700.00 450.94
1700.00 451.46
1700.00 451.98
1700.00 452.51
1700.00 453.03
1700.00 453.55
1700.00 454.07
1700.00 454.60
1700.00 455.12
1700.00 455.64
1700.00 456.17
1700.00 456.69
1700.00 457.21
1700.00 457.74
1700.00 458.26
1700.00 458.78
1700.00 459.31
1700.00 459.83
1700.00 460.35
1700.00 460.88
1700.00 461.40
1700.00 461.92
1700.00 462.45
1700.00 462.97
1700.00 463.49
1700.00 464.02
1700.00 464.54
1700.00 465.06
1700.00 465.58
1700.00 466.11
1700.00 466.63
1700.00 467.15
1700.00 467.68
1700.00 468.20
1700.00 468.72
1700.00 469.25
1700.00 469.77
1700.00 470.29
1700.00 470.82
1700.00 471.34
1700.00 471.86
1700.00 472.39
1700.00 472.91
1700.00 473.43
1700.00 473.96
1700.00 474.48
1700.00 475.00
1700.00 475.53
1700.00 476.05
1700.00 476.57
1700.00 477.10
1700.00 477.62
1700.00 478.14
1700.00 478.67
1700.00 479.19
1700.00 479.71
1700.00 480.23
1700.00 480.76
1700.00 481.28
1700.00 481.80
1700.00 482.33
1700.00 482.85
1700.00 483.37
1700.00 483.90
1700.00 484.42
1700.00 484.94
1699.99 485.46
1699.99 485.99
1699.99 486.51
1699.99 487.03
1699.99 487.56
1700.00 488.08
1700.00 488.60
1700.00 489.13
1700.00 489.65
1699.98 490.17
1699.94 490.67
1699.87 491.17
1699.77 491.65
1699.63 492.11
1699.47 492.57
1699.32 493.03
1699.19 493.50
1699.10 493.99
1699.05 494.49
1699.02 495.00
1699.01 495.52
1699.00 496.04
1699.00 496.56
1699.00 497.08
1699.00 497.61
1699.00 498.13
1699.00 498.65
1699.00 499.18
1699.00 499.70
1699.00 500.22
1699.00 500.75
1699.00 501.27
1699.00 501.79
1699.00 502.32
1699.00 502.84
1699.00 503.36
1699.00 503.89
1699.00 504.41
1699.00 504.93
1699.00 505.46
1699.00 505.98
1699.00 506.50
1699.00 507.02
1699.00 507.55
1699.00 508.07
1699.00 508.59
1699.00 509.12
1699.00 509.64
1699.00 510.16
1699.00 510.69
1699.00 511.21
1699.00 511.73
1699.00 512.25
1699.00 512.78
1699.00 513.30
1699.00 513.82
1699.00 514.35
1699.00 514.87
1699.00 515.39
1699.00 515.92
1699.00 516.44
1699.00 516.96
1699.00 517.49
1699.00 518.01
1699.00 518.53
1699.00 519.06
1699.00 519.58
1699.01 520.11
1699.01 520.63
1699.01 521.15
1699.01 521.68
1699.01 522.20
1699.01 522.72
1699.01 523.24
1699.01 523.77
1699.00 524.29
1699.00 524.81
1699.00 525.33
1699.00 525.86
1698.99 526.38
1698.99 526.90
1698.99 527.42
1698.99 527.94
1698.99 528.47
1698.99 528.99
1699.00 529.52
1698.99 530.04
1698.96 530.55
1698.90 531.05
1698.80 531.53
1698.66 532.00
1698.51 532.46
1698.35 532.91
1698.22 533.38
1698.12 533.86
1698.06 534.36
1698.02 534.87
1698.00 535.39
1698.00 535.91
1698.00 536.43
1698.00 536.95
1698.00 537.48
1698.00 538.00
1698.00 538.52
1698.00 539.05
1698.00 539.57
1698.00 540.09
1698.00 540.62
1698.00 541.14
1698.00 541.66
1698.00 542.19
1698.00 542.71
1698.00 543.23
1698.00 543.75
1698.00 544.28
1698.00 544.80
1698.00 545.32
1698.00 545.85
1698.00 546.37
1698.00 546.89
1698.00 547.42
1698.00 547.94
1698.00 548.46
1698.00 548.98
1698.00 549.51
1698.00 550.03
1698.00 550.55
1698.00 551.08
1698.00 551.60
1698.00 552.13
1698.00 552.65
1698.00 553.17
1698.00 553.70
1698.01 554.22
1698.01 554.74
1698.01 555.27
1698.01 555.79
1698.01 556.31
1698.01 556.84
1698.00 557.36
1698.00 557.88
1697.99 558.40
1697.99 558.92
1697.99 559.44
1697.99 559.97
1697.99 560.49
1697.99 561.02
1698.00 561.54
1697.99 562.06
1697.96 562.57
1697.89 563.07
1697.79 563.55
1697.66 564.02
1697.50 564.47
1697.35 564.93
1697.22 565.40
1697.12 565.89
1697.06 566.38
1697.02 566.89
1697.01 567.41
1697.00 567.93
1697.00 568.45
1697.00 568.98
1697.00 569.50
1697.00 570.02
1697.00 570.55
1697.00 571.07
1697.00 571.59
1697.00 572.11
1697.00 572.64
1697.00 573.16
1697.00 573.68
1697.00 574.21
1697.00 574.73
1697.00 575.25
1697.00 575.78
1697.00 576.30
1697.00 576.82
1697.00 577.35
1697.00 577.87
1697.00 578.39
1697.00 578.92
1697.00 579.44
1697.00 579.96
1697.00 580.49
1697.00 581.01
1697.00 581.53
1697.00 582.05
1697.00 582.58
1697.00 583.10
1697.00 583.62
1697.00 584.15
1697.00 584.67
1697.00 585.19
1696.99 585.71
1696.97 586.23
1696.93 586.74
1696.86 587.23
1696.75 587.71
1696.61 588.17
1696.46 588.63
1696.31 589.09
1696.18 589.56
1696.09 590.05
1696.04 590.55
1696.01 591.06
1696.00 591.58
1696.00 592.10
1696.00 592.63
1696.01 593.15
1696.01 593.68
1696.00 594.20
1696.00 594.72
1696.00 595.24
1696.00 595.77
1696.00 596.29
1696.00 596.81
1696.00 597.33
1696.00 597.86
1696.00 598.38
1696.00 598.90
1696.00 599.43
1696.00 599.95
1696.00 600.47
1696.00 601.00
1696.00 601.52
1696.00 602.04
1696.00 602.57
1696.00 603.09
1696.00 603.61
1696.00 604.14
1696.00 604.66
1696.00 605.18
1696.00 605.71
1696.00 606.23
1695.99 606.75
1695.97 607.26
1695.93 607.77
1695.85 608.26
1695.74 608.74
1695.60 609.20
1695.45 609.66
1695.30 610.12
1695.18 610.60
1695.09 611.08
1695.04 611.59
1695.01 612.10
1695.01 612.62
1695.00 613.14
1695.00 613.66
1695.00 614.19
1695.00 614.71
1695.00 615.23
1695.00 615.75
1695.00 616.28
1695.00 616.80
1695.00 617.32
1695.00 617.85
1695.00 618.37
1695.00 618.89
1695.00 619.42
1695.00 619.94
1695.00 620.46
1695.00 620.99
1695.00 621.51
1695.00 622.03
1695.00 622.56
1695.00 623.08
1695.00 623.60
1695.00 624.12
1695.00 624.65
1695.00 625.17
1695.00 625.69
1695.00 626.22
1694.99 626.74
1694.97 627.25
1694.93 627.76
1694.86 628.25
1694.74 628.73
1694.60 629.19
1694.45 629.65
1694.30 630.11
1694.18 630.59
1694.09 631.07
1694.04 631.58
1694.02 632.09
1694.01 632.61
1694.00 633.13
1694.00 633.65
1694.00 634.18
1694.00 634.70
1694.00 635.22
1694.00 635.74
1694.00 636.27
1694.00 636.79
1694.00 637.31
1694.00 637.84
1694.00 638.36
1694.00 638.88
1694.00 639.41
1694.00 639.93
1694.00 640.45
1694.00 640.98
1694.00 641.50
1694.00 642.02
1694.00 642.55
1694.00 643.07
1694.00 643.59
1694.00 644.12
1694.00 644.64
1694.00 645.16
1694.00 645.68
1694.00 646.21
1694.00 646.73
1694.00 647.25
1693.99 647.77
1693.97 648.29
1693.93 648.79
1693.85 649.29
1693.74 649.76
1693.60 650.23
1693.45 650.69
1693.30 651.15
1693.17 651.62
1693.08 652.11
1693.03 652.61
1693.00 653.12
1692.99 653.64
1692.99 654.16
1692.99 654.68
1692.99 655.21
1693.00 655.73
1693.00 656.26
1693.00 656.78
1693.01 657.31
1693.01 657.83
1693.01 658.35
1693.01 658.88
1693.01 659.40
1693.01 659.92
1693.01 660.45
1693.01 660.97
1693.01 661.49
1693.00 662.01
1693.00 662.53
1693.00 663.06
1692.99 663.58
1692.99 664.10
1692.99 664.62
1692.98 665.14
1692.98 665.67
1692.99 666.19
1692.99 666.72
1693.00 667.24
1693.00 667.77
1692.98 668.28
1692.94 668.79
1692.86 669.28
1692.74 669.75
1692.59 670.21
1692.43 670.67
1692.29 671.13
1692.17 671.61
1692.09 672.10
1692.04 672.60
1692.01 673.11
1692.00 673.63
1691.98 674.14
1691.94 674.65
1691.88 675.15
1691.77 675.63
1691.64 676.10
1691.48 676.56
1691.33 677.01
1691.20 677.48
1691.10 677.97
1691.05 678.47
1691.02 678.98
1691.01 679.50
1691.01 680.02
1691.01 680.54
1691.00 681.06
1691.00 681.59
1691.00 682.11
1690.99 682.63
1690.99 683.15
1691.00 683.68
1691.00 684.20
1691.00 684.73
1691.00 685.25
1691.00 685.77
1691.00 686.30
1691.00 686.82
1691.00 687.34
1691.00 687.87
1691.00 688.39
1691.00 688.91
1691.00 689.43
1691.00 689.96
1691.00 690.48
1691.00 691.00
1691.00 691.53
1691.00 692.05
1691.00 692.57
1691.00 693.10
1691.00 693.62
1691.00 694.14
1691.00 694.67
1691.00 695.19
1691.00 695.71
1691.00 696.23
1691.00 696.76
1691.00 697.28
1691.00 697.80
1691.00 698.33
1690.99 698.85
1690.97 699.36
1690.92 699.86
1690.84 700.35
1690.72 700.83
1690.58 701.29
1690.42 701.75
1690.27 702.21
1690.16 702.69
1690.08 703.18
1690.03 703.68
1690.01 704.20
1690.01 704.72
1690.01 705.24
1690.00 705.76
1690.00 706.28
1690.00 706.81
1690.00 707.33
1690.00 707.85
1689.99 708.37
1689.99 708.89
1689.96 709.41
1689.91 709.91
1689.83 710.40
1689.71 710.87
1689.56 711.33
1689.40 711.79
1689.26 712.26
1689.15 712.73
1689.07 713.22
1689.03 713.73
1689.01 714.25
1689.01 714.77
1689.01 715.29
1689.00 715.81
1689.00 716.33
1689.00 716.86
1689.00 717.38
1689.00 717.90
1689.00 718.42
1689.00 718.95
1689.00 719.47
1689.00 720.00
1689.00 720.52
1689.00 721.04
1689.00 721.57
1689.00 722.09
1689.00 722.61
1689.00 723.13
1689.00 723.66
1689.00 724.18
1689.00 724.70
1689.00 725.23
1688.99 725.75
1688.97 726.26
1688.93 726.77
1688.86 727.26
1688.75 727.74
1688.61 728.20
1688.45 728.66
1688.30 729.12
1688.17 729.59
1688.08 730.08
1688.03 730.58
1688.01 731.10
1688.01 731.62
1688.01 732.14
1688.01 732.67
1688.01 733.19
1688.01 733.71
1688.00 734.23
1688.00 734.75
1687.99 735.27
1687.99 735.80
1687.99 736.32
1687.99 736.84
1688.00 737.37
1688.00 737.89
1688.00 738.42
1688.00 738.94
1688.00 739.46
1687.99 739.98
1687.96 740.49
1687.90 740.99
1687.81 741.48
1687.69 741.95
1687.54 742.41
1687.38 742.87
1687.24 743.33
1687.13 743.81
1687.06 744.31
1687.03 744.81
1687.01 745.33
1687.01 745.85
1687.01 746.37
1687.00 746.90
1687.00 747.42
1687.00 747.94
1687.00 748.46
1686.99 748.99
1686.99 749.51
1687.00 750.03
1687.00 750.56
1687.00 751.08
1687.00 751.60
1687.00 752.13
1687.00 752.65
1687.00 753.17
1687.00 753.70
1687.00 754.22
1687.00 754.74
1687.00 755.27
1687.00 755.79
1687.00 756.31
1687.00 756.83
1687.00 757.36
1687.00 757.88
1686.99 758.40
1686.98 758.92
1686.96 759.43
1686.91 759.94
1686.82 760.42
1686.70 760.90
1686.55 761.36
1686.39 761.82
1686.25 762.28
1686.14 762.76
1686.07 763.25
1686.03 763.76
1686.01 764.27
1686.00 764.79
1686.00 765.32
1686.00 765.84
1686.00 766.36
1686.00 766.89
1686.00 767.41
1686.00 767.93
1686.00 768.45
1686.00 768.98
1686.00 769.50
1686.00 770.02
1686.00 770.55
1686.00 771.07
1685.99 771.59
1685.98 772.11
1685.94 772.62
1685.88 773.11
1685.78 773.60
1685.65 774.06
1685.50 774.52
1685.34 774.98
1685.21 775.45
1685.11 775.93
1685.05 776.43
1685.01 776.94
1685.00 777.46
1685.00 777.98
1685.00 778.50
1685.00 779.03
1685.01 779.55
1685.01 780.08
1685.01 780.60
1685.00 781.12
1685.00 781.64
1685.00 782.17
1685.00 782.69
1685.00 783.21
1685.00 783.73
1685.00 784.26
1685.00 784.78
1685.00 785.30
1685.00 785.83
1685.00 786.35
1685.00 786.87
1685.00 787.40
1685.00 787.92
1685.00 788.44
1684.99 788.96
1684.96 789.47
1684.90 789.97
1684.82 790.46
1684.69 790.93
1684.54 791.39
1684.38 791.85
1684.24 792.32
1684.14 792.79
1684.06 793.29
1684.03 793.80
1684.01 794.31
1684.01 794.83
1684.01 795.36
1684.00 795.88
1684.00 796.40
1684.00 796.92
1684.00 797.44
1683.99 797.97
1683.99 798.49
1684.00 799.01
1684.00 799.54
1684.00 800.06
1684.00 800.59
1684.00 801.11
1684.00 801.63
1684.00 802.16
1684.00 802.68
1684.00 803.20
1684.00 803.72
1684.00 804.25
1684.00 804.77
1684.00 805.29
1684.00 805.82
1684.00 806.34
1684.00 806.86
1684.00 807.38
1684.00 807.91
1683.99 808.43
1683.98 808.95
1683.96 809.46
1683.90 809.96
1683.82 810.45
1683.69 810.92
1683.54 811.38
1683.38 811.84
1683.24 812.30
1683.14 812.78
1683.07 813.28
1683.03 813.79
1683.01 814.30
1683.01 814.82
1683.01 815.35
1683.00 815.87
1683.00 816.39
1682.99 816.91
1682.99 817.43
1682.99 817.95
1682.99 818.48
1682.99 819.00
1683.00 819.53
1682.99 820.05
1682.96 820.56
1682.90 821.05
1682.80 821.54
1682.66 822.00
1682.51 822.46
1682.35 822.92
1682.22 823.39
1682.12 823.87
1682.06 824.37
1682.02 824.88
1682.01 825.40
1682.01 825.92
1682.00 826.44
1682.00 826.96
1682.00 827.48
1682.00 828.01
1682.00 828.53
1682.00 829.05
1682.00 829.58
1682.00 830.10
1682.00 830.62
1682.00 831.15
1682.00 831.67
1682.00 832.19
1682.00 832.72
1682.00 833.24
1681.99 833.76
1681.97 834.27
1681.93 834.78
1681.85 835.27
1681.74 835.75
1681.60 836.21
1681.44 836.67
1681.29 837.13
1681.17 837.61
1681.09 838.09
1681.04 838.60
1681.01 839.11
1681.01 839.63
1681.00 840.15
1681.00 840.67
1681.00 841.20
1681.00 841.72
1681.00 842.24
1681.00 842.76
1680.99 843.29
1680.99 843.81
1680.97 844.32
1680.92 844.82
1680.84 845.32
1680.73 845.79
1680.58 846.25
1680.43 846.71
1680.28 847.18
1680.16 847.65
1680.08 848.14
1680.04 848.64
1680.01 849.16
1680.00 849.68
1680.00 850.20
1680.00 850.72
1680.00 851.24
1680.00 851.77
1680.00 852.29
1680.00 852.81
1680.00 853.34
1680.00 853.86
1680.00 854.38
1680.00 854.91
1680.00 855.43
1680.00 855.95
1680.00 856.48
1680.00 857.00
1680.00 857.52
1680.00 858.04
1679.99 858.57
1679.98 859.08
1679.95 859.59
1679.88 860.09
1679.79 860.57
1679.65 861.04
1679.50 861.50
1679.35 861.96
1679.21 862.43
1679.11 862.91
1679.05 863.41
1679.02 863.92
1679.01 864.44
1679.00 864.96
1679.00 865.48
1679.00 866.00
1679.00 866.53
1679.00 867.05
1679.00 867.57
1679.00 868.09
1679.00 868.62
1679.00 869.14
1679.00 869.66
1679.00 870.19
1679.00 870.71
1679.00 871.23
1679.00 871.76
1679.00 872.28
1678.99 872.80
1678.97 873.31
1678.92 873.82
1678.84 874.31
1678.73 874.78
1678.59 875.25
1678.43 875.71
1678.28 876.17
1678.17 876.64
1678.08 877.13
1678.04 877.64
1678.01 878.15
1678.00 878.67
1678.00 879.19
1678.00 879.71
1678.00 880.24
1678.00 880.76
1678.00 881.28
1678.00 881.81
1678.00 882.33
1678.00 882.85
1678.00 883.37
1678.00 883.90
1677.99 884.42
1677.98 884.94
1677.96 885.45
1677.91 885.95
1677.82 886.44
1677.70 886.91
1677.55 887.37
1677.39 887.83
1677.25 888.30
1677.14 888.77
1677.07 889.27
1677.03 889.77
1677.01 890.29
1677.01 890.81
1677.00 891.33
1677.00 891.86
1677.00 892.38
1677.00 892.90
1676.99 893.42
1676.98 893.94
1676.96 894.45
1676.91 894.96
1676.82 895.44
1676.70 895.91
1676.55 896.38
1676.39 896.83
1676.25 897.30
1676.14 897.78
1676.07 898.27
1676.03 898.78
1676.01 899.29
1676.01 899.82
1676.01 900.34
1676.00 900.86
1676.00 901.38
1676.00 901.90
1676.00 902.43
1675.99 902.95
1675.99 903.47
1676.00 904.00
1676.00 904.52
1676.00 905.04
1676.00 905.57
1676.00 906.09
1676.00 906.61
1676.00 907.14
1676.00 907.66
1676.00 908.18
1676.00 908.71
1676.00 909.23
1676.00 909.75
1676.00 910.27
1676.00 910.80
1676.00 911.32
1676.00 911.84
1676.00 912.37
1675.99 912.89
1675.96 913.40
1675.91 913.90
1675.83 914.39
1675.71 914.86
1675.56 915.33
1675.41 915.78
1675.26 916.25
1675.15 916.72
1675.07 917.22
1675.03 917.72
1675.01 918.24
1675.01 918.76
1675.01 919.28
1675.00 919.80
1675.00 920.32
1675.00 920.85
1675.00 921.37
1675.00 921.89
1675.00 922.42
1675.00 922.94
1675.00 923.46
1675.00 923.99
1675.00 924.51
1675.00 925.03
1675.00 925.55
1674.98 926.07
1674.95 926.58
1674.89 927.08
1674.79 927.56
1674.66 928.03
1674.51 928.49
1674.35 928.95
1674.22 929.42
1674.12 929.90
1674.05 930.40
1674.02 930.91
1674.01 931.42
1674.01 931.95
1674.01 932.47
1674.00 932.99
1674.00 933.51
1674.00 934.03
1673.99 934.56
1673.99 935.08
1674.00 935.60
1674.00 936.13
1673.99 936.65
1673.98 937.17
1673.94 937.67
1673.87 938.17
1673.77 938.65
1673.63 939.11
1673.47 939.57
1673.32 940.03
1673.19 940.50
1673.10 940.99
1673.05 941.49
1673.02 942.00
1673.01 942.52
1673.00 943.04
1673.00 943.56
1673.00 944.08
1673.00 944.61
1673.00 945.13
1672.99 945.65
1672.97 946.17
1672.94 946.67
1672.87 947.17
1672.77 947.65
1672.63 948.12
1672.47 948.57
1672.32 949.04
1672.20 949.51
1672.10 949.99
1672.05 950.49
1672.02 951.00
1672.01 951.52
1672.00 952.04
1672.00 952.56
1672.00 953.09
1672.00 953.61
1672.00 954.13
1672.00 954.66
1672.00 955.18
1671.99 955.70
1671.97 956.22
1671.93 956.72
1671.86 957.22
1671.76 957.70
1671.62 958.16
1671.46 958.62
1671.31 959.08
1671.19 959.55
1671.10 960.04
1671.04 960.54
1671.01 961.05
1671.00 961.57
1670.98 962.08
1670.95 962.59
1670.89 963.09
1670.79 963.57
1670.66 964.04
1670.50 964.50
1670.35 964.96
1670.21 965.43
1670.12 965.91
1670.05 966.41
1670.02 966.92
1670.01 967.44
1670.01 967.96
1670.01 968.48
1670.00 969.00
1670.00 969.52
1670.00 970.05
1669.99 970.57
1669.99 971.09
1670.00 971.61
1670.00 972.14
1670.00 972.66
1670.00 973.19
1669.99 973.71
1669.98 974.22
1669.93 974.73
1669.86 975.22
1669.75 975.70
1669.61 976.16
1669.46 976.62
1669.31 977.08
1669.18 977.56
1669.10 978.04
1669.04 978.54
1669.02 979.06
1669.01 979.57
1669.00 980.10
1669.00 980.62
1669.00 981.14
1669.00 981.67
1669.00 982.19
1669.00 982.71
1669.00 983.23
1668.99 983.75
1668.97 984.27
1668.93 984.77
1668.85 985.27
1668.74 985.74
1668.60 986.21
1668.44 986.67
1668.29 987.13
1668.17 987.60
1668.09 988.09
1668.04 988.59
1668.02 989.10
1668.01 989.62
1668.00 990.15
1668.00 990.67
1668.00 991.19
1668.00 991.71
1668.00 992.24
1668.00 992.76
1668.00 993.28
1668.00 993.81
1668.00 994.33
1668.00 994.85
1668.00 995.38
1668.00 995.90
1668.00 996.42
1668.00 996.94
1667.99 997.47
1667.98 997.98
1667.96 998.50
1667.90 999.00
1667.81 999.48
1667.69 999.96
1667.54 1000.42
1667.38 1000.87
1667.24 1001.34
1667.13 1001.82
1667.06 1002.31
1667.02 1002.82
1667.01 1003.34
1667.01 1003.86
1667.01 1004.38
1667.01 1004.90
1667.00 1005.43
1667.00 1005.95
1666.99 1006.47
1666.99 1006.99
1666.99 1007.51
1666.98 1008.03
1666.95 1008.54
1666.89 1009.04
1666.80 1009.53
1666.67 1010.00
1666.51 1010.46
1666.36 1010.92
1666.22 1011.38
1666.12 1011.86
1666.06 1012.36
1666.02 1012.87
1666.01 1013.39
1666.00 1013.91
1666.00 1014.43
1666.00 1014.95
1666.00 1015.48
1666.00 1016.00
1666.00 1016.52
1666.00 1017.04
1665.99 1017.56
1665.99 1018.09
1665.99 1018.61
1666.00 1019.14
1666.00 1019.66
1666.00 1020.18
1666.01 1020.71
1666.01 1021.23
1666.01 1021.76
1666.01 1022.28
1666.00 1022.80
1666.00 1023.32
1665.99 1023.84
1665.99 1024.36
1665.99 1024.89
1665.99 1025.41
1665.98 1025.93
1665.96 1026.45
1665.91 1026.95
1665.81 1027.43
1665.64 1027.88
1665.43 1028.32
1665.17 1028.73
1664.89 1029.14
1664.63 1029.56
1664.41 1029.99
1664.24 1030.44
1664.12 1030.91
1664.05 1031.41
1664.02 1031.92
1664.00 1032.43
1663.99 1032.95
1663.96 1033.46
1663.90 1033.96
1663.81 1034.45
1663.69 1034.92
1663.54 1035.38
1663.38 1035.84
1663.25 1036.31
1663.14 1036.78
1663.07 1037.28
1663.03 1037.79
1663.01 1038.30
1662.99 1038.82
1662.97 1039.33
1662.92 1039.83
1662.84 1040.32
1662.73 1040.80
1662.58 1041.26
1662.42 1041.72
1662.28 1042.18
1662.16 1042.66
1662.08 1043.15
1662.03 1043.65
1661.99 1044.16
1661.94 1044.66
1661.88 1045.16
1661.77 1045.64
1661.63 1046.10
1661.48 1046.56
1661.33 1047.02
1661.19 1047.49
1661.09 1047.97
1661.01 1048.46
1660.93 1048.95
1660.83 1049.43
1660.71 1049.90
1660.56 1050.36
1660.40 1050.82
1660.25 1051.29
1660.14 1051.76
1660.06 1052.25
1660.02 1052.76
1660.00 1053.28
1660.01 1053.80
1660.01 1054.32
1660.01 1054.85
1660.02 1055.37
1660.01 1055.89
1660.01 1056.42
1660.00 1056.94
1660.00 1057.46
1660.00 1057.98
1659.99 1058.50
1659.99 1059.02
1659.99 1059.55
1659.99 1060.07
1659.99 1060.59
1659.99 1061.12
1659.99 1061.64
1660.00 1062.16
1660.00 1062.69
1660.00 1063.21
1660.00 1063.74
1660.00 1064.26
1660.00 1064.78
1660.01 1065.31
1660.01 1065.83
1660.01 1066.36
1660.01 1066.88
1660.01 1067.40
1660.01 1067.93
1660.01 1068.45
1660.01 1068.97
1660.01 1069.49
1660.00 1070.02
1660.00 1070.54
1660.00 1071.06
1660.00 1071.58
1659.99 1072.10
1659.99 1072.63
1659.99 1073.15
1659.99 1073.67
1659.99 1074.19
1659.99 1074.72
1659.99 1075.24
1659.99 1075.77
1659.98 1076.28
1659.93 1076.79
1659.86 1077.28
1659.74 1077.75
1659.59 1078.22
1659.43 1078.67
1659.29 1079.14
1659.17 1079.61
1659.09 1080.10
1659.04 1080.60
1659.02 1081.12
1659.00 1081.63
1659.00 1082.16
1659.00 1082.68
1658.99 1083.20
1658.99 1083.72
1658.97 1084.24
1658.93 1084.74
1658.86 1085.24
1658.75 1085.71
1658.61 1086.18
1658.45 1086.64
1658.30 1087.10
1658.18 1087.57
1658.09 1088.06
1658.04 1088.56
1658.01 1089.07
1658.00 1089.59
1657.98 1090.10
1657.95 1090.61
1657.88 1091.11
1657.78 1091.59
1657.65 1092.06
1657.50 1092.52
1657.34 1092.98
1657.21 1093.45
1657.11 1093.93
1657.05 1094.43
1657.01 1094.93
1656.97 1095.44
1656.91 1095.94
1656.82 1096.43
1656.70 1096.90
1656.55 1097.36
1656.39 1097.82
1656.25 1098.28
1656.14 1098.76
1656.07 1099.25
1656.02 1099.76
1656.00 1100.27
1656.00 1100.79
1656.00 1101.32
1656.00 1101.84
1656.01 1102.37
1656.01 1102.89
1656.01 1103.41
1656.01 1103.94
1656.01 1104.46
1656.00 1104.98
1656.00 1105.50
1656.00 1106.02
1656.00 1106.55
1655.99 1107.07
1655.99 1107.59
1655.99 1108.11
1655.99 1108.64
1656.00 1109.16
1656.00 1109.69
1656.00 1110.21
1655.99 1110.73
1655.98 1111.25
1655.93 1111.75
1655.86 1112.24
1655.74 1112.72
1655.60 1113.18
1655.44 1113.64
1655.28 1114.10
1655.13 1114.56
1654.99 1115.02
1654.85 1115.49
1654.70 1115.95
1654.54 1116.41
1654.38 1116.87
1654.24 1117.33
1654.13 1117.81
1654.06 1118.30
1654.02 1118.81
1654.01 1119.33
1654.00 1119.85
1654.00 1120.37
1654.01 1120.89
1654.01 1121.42
1654.01 1121.94
1654.00 1122.46
1654.00 1122.99
1654.00 1123.51
1654.00 1124.03
1653.99 1124.55
1653.99 1125.07
1654.00 1125.60
1654.00 1126.12
1653.99 1126.64
1653.98 1127.16
1653.94 1127.67
1653.87 1128.16
1653.77 1128.64
1653.63 1129.11
1653.48 1129.57
1653.32 1130.03
1653.20 1130.50
1653.10 1130.98
1653.05 1131.48
1653.02 1131.99
1653.01 1132.51
1653.00 1133.03
1653.00 1133.56
1653.00 1134.08
1653.00 1134.60
1653.00 1135.13
1652.99 1135.65
1652.97 1136.16
1652.94 1136.67
1652.87 1137.17
1652.77 1137.65
1652.63 1138.11
1652.48 1138.57
1652.32 1139.03
1652.20 1139.50
1652.10 1139.99
1652.05 1140.49
1652.02 1141.00
1652.01 1141.52
1652.00 1142.04
1652.00 1142.56
1652.00 1143.08
1652.00 1143.61
1652.00 1144.13
1651.99 1144.65
1651.97 1145.16
1651.94 1145.67
1651.87 1146.17
1651.77 1146.65
1651.63 1147.12
1651.48 1147.57
1651.32 1148.03
1651.20 1148.50
1651.10 1148.99
1651.04 1149.49
1651.01 1150.00
1651.00 1150.52
1651.00 1151.04
1651.00 1151.56
1651.01 1152.09
1651.01 1152.61
1651.01 1153.13
1651.01 1153.66
1651.00 1154.18
1651.00 1154.70
1651.00 1155.22
1651.00 1155.75
1650.99 1156.27
1650.99 1156.79
1650.99 1157.31
1650.99 1157.84
1651.00 1158.36
1651.00 1158.89
1651.00 1159.41
1650.99 1159.93
1650.96 1160.44
1650.91 1160.94
1650.82 1161.43
1650.69 1161.90
1650.54 1162.36
1650.38 1162.81
1650.22 1163.27
1650.08 1163.74
1649.94 1164.20
1649.79 1164.66
1649.63 1165.12
1649.44 1165.57
1649.24 1166.00
1649.02 1166.44
1648.78 1166.86
1648.52 1167.28
1648.24 1167.68
1647.95 1168.09
1647.68 1168.50
1647.44 1168.92
1647.26 1169.37
1647.13 1169.84
1647.06 1170.33
1647.02 1170.84
1647.01 1171.36
1647.01 1171.88
1647.00 1172.40
1647.00 1172.93
1647.00 1173.45
1647.00 1173.97
1647.00 1174.49
1647.00 1175.02
1647.00 1175.54
1647.00 1176.06
1647.00 1176.59
1647.00 1177.11
1647.00 1177.63
1647.00 1178.16
1647.00 1178.68
1647.00 1179.20
1647.00 1179.73
1647.00 1180.25
1647.00 1180.77
1647.00 1181.30
1647.00 1181.82
1647.00 1182.34
1647.00 1182.86
1647.00 1183.39
1647.00 1183.91
1647.00 1184.43
1647.00 1184.96
1647.00 1185.48
1647.00 1186.00
1646.99 1186.52
1646.98 1187.04
1646.95 1187.55
1646.89 1188.05
1646.80 1188.53
1646.67 1189.00
1646.51 1189.46
1646.36 1189.92
1646.22 1190.39
1646.12 1190.87
1646.06 1191.37
1646.02 1191.88
1646.01 1192.39
1646.00 1192.92
1646.00 1193.44
1646.00 1193.96
1646.00 1194.48
1646.00 1195.01
1646.00 1195.53
1646.00 1196.05
1646.00 1196.58
1646.00 1197.10
1646.00 1197.62
1646.00 1198.14
1645.99 1198.67
1645.97 1199.18
1645.94 1199.69
1645.87 1200.18
1645.77 1200.66
1645.63 1201.13
1645.47 1201.59
1645.32 1202.05
1645.19 1202.52
1645.10 1203.01
1645.05 1203.51
1645.02 1204.02
1645.01 1204.54
1645.00 1205.06
1645.00 1205.58
1645.00 1206.10
1645.00 1206.62
1645.00 1207.15
1644.99 1207.67
1644.97 1208.18
1644.94 1208.69
1644.87 1209.19
1644.76 1209.66
1644.62 1210.13
1644.46 1210.59
1644.30 1211.04
1644.15 1211.50
1644.01 1211.97
1643.87 1212.44
1643.72 1212.90
1643.56 1213.35
1643.40 1213.81
1643.26 1214.27
1643.15 1214.75
1643.07 1215.24
1643.03 1215.75
1643.01 1216.27
1643.00 1216.79
1643.00 1217.31
1643.00 1217.83
1642.99 1218.35
1642.99 1218.87
1642.96 1219.38
1642.91 1219.89
1642.83 1220.38
1642.71 1220.85
1642.57 1221.31
1642.41 1221.77
1642.27 1222.23
1642.15 1222.71
1642.07 1223.20
1642.03 1223.70
1642.01 1224.22
1642.00 1224.74
1642.00 1225.26
1642.00 1225.79
1642.01 1226.31
1642.01 1226.84
1642.01 1227.36
1642.01 1227.88
1642.00 1228.40
1642.00 1228.93
1642.00 1229.45
1642.00 1229.97
1642.00 1230.49
1642.00 1231.02
1642.00 1231.54
1642.00 1232.06
1642.00 1232.59
1642.00 1233.11
1642.00 1233.63
1642.00 1234.16
1642.00 1234.68
1642.00 1235.20
1642.00 1235.73
1642.00 1236.25
1642.00 1236.77
1642.00 1237.30
1639.69 1259.88
1639.53 1260.34
1639.34 1260.78
1639.14 1261.22
1638.93 1261.66
1638.72 1262.09
1638.52 1262.54
1638.35 1262.99
1638.21 1263.45
1638.10 1263.93
1638.01 1264.42
1637.93 1264.91
1637.84 1265.39
1637.71 1265.86
1637.56 1266.32
1637.40 1266.78
1637.26 1267.25
1637.15 1267.72
1637.07 1268.21
1637.02 1268.72
1636.98 1269.22
1636.94 1269.73
1636.86 1270.22
1636.76 1270.70
1636.61 1271.16
1636.46 1271.62
1636.31 1272.08
1636.18 1272.55
1636.08 1273.03
1636.00 1273.52
1635.91 1274.01
1635.81 1274.49
1635.68 1274.96
1635.53 1275.42
1635.37 1275.88
1635.23 1276.35
1635.12 1276.82
1635.03 1277.31
1634.95 1277.80
1634.86 1278.28
1634.74 1278.76
1634.60 1279.22
1634.44 1279.68
1634.29 1280.14
1634.17 1280.61
1634.09 1281.10
1634.04 1281.61
1634.01 1282.12
1634.01 1282.64
1634.00 1283.16
1634.00 1283.68
1634.00 1284.21
1634.00 1284.73
1634.00 1285.25
1633.99 1285.77
1633.97 1286.29
1633.92 1286.79
1633.85 1287.28
1633.73 1287.76
1633.59 1288.22
1633.43 1288.68
1633.27 1289.14
1633.12 1289.60
1632.98 1290.06
1632.84 1290.53
1632.69 1290.99
1632.53 1291.44
1632.37 1291.90
1632.23 1292.37
1632.12 1292.85
1632.06 1293.34
1632.02 1293.85
1632.00 1294.37
1631.99 1294.88
1631.97 1295.40
1631.92 1295.90
1631.83 1296.39
1631.70 1296.86
1631.55 1297.32
1631.39 1297.78
1631.26 1298.24
1631.15 1298.72
1631.07 1299.21
1631.03 1299.72
1631.01 1300.23
1631.00 1300.75
1631.00 1301.27
1631.00 1301.80
1631.00 1302.32
1630.99 1302.84
1630.96 1303.35
1630.92 1303.86
1630.84 1304.35
1630.72 1304.82
1630.58 1305.28
1630.42 1305.74
1630.27 1306.20
1630.15 1306.68
1630.06 1307.16
1629.98 1307.65
1629.89 1308.14
1629.78 1308.62
1629.64 1309.08
1629.49 1309.54
1629.33 1310.00
1629.20 1310.47
1629.11 1310.95
1629.05 1311.45
1629.02 1311.96
1629.01 1312.48
1629.00 1313.00
1629.00 1313.53
1629.00 1314.05
1629.00 1314.57
1629.00 1315.09
1629.00 1315.62
1629.00 1316.14
1629.00 1316.66
1629.00 1317.19
1629.00 1317.71
1629.00 1318.23
1629.00 1318.76
1629.00 1319.28
1629.00 1319.80
1629.00 1320.32
1629.00 1320.85
1629.00 1321.37
1628.99 1321.89
1628.96 1322.40
1628.91 1322.91
1628.83 1323.39
1628.71 1323.87
1628.56 1324.33
1628.40 1324.79
1628.26 1325.25
1628.15 1325.73
1628.07 1326.22
1628.03 1326.73
1628.01 1327.24
1628.00 1327.76
1628.00 1328.28
1628.00 1328.81
1628.00 1329.33
1628.00 1329.85
1628.00 1330.38
1628.00 1330.90
1628.00 1331.42
1628.00 1331.94
1628.00 1332.47
1628.00 1332.99
1628.00 1333.51
1628.00 1334.04
1628.00 1334.56
1628.00 1335.08
1627.99 1335.60
1627.98 1336.12
1627.94 1336.63
1627.88 1337.13
1627.78 1337.61
1627.64 1338.07
1627.49 1338.53
1627.34 1338.99
1627.21 1339.46
1627.11 1339.95
1627.05 1340.45
1627.02 1340.96
1627.01 1341.47
1627.00 1342.00
1627.00 1342.52
1627.00 1343.04
1627.00 1343.56
1627.00 1344.09
1627.00 1344.61
1627.00 1345.13
1626.47 1348.58
1626.32 1349.04
1626.20 1349.51
1626.10 1349.99
1626.05 1350.49
1626.02 1351.00
1626.00 1351.52
1625.98 1352.04
1625.95 1352.55
1625.89 1353.04
1625.80 1353.53
1625.67 1354.00
1625.51 1354.46
1625.36 1354.92
1625.22 1355.38
1625.11 1355.86
1625.02 1356.35
1624.95 1356.84
1624.85 1357.32
1624.73 1357.80
1624.59 1358.26
1624.43 1358.72
1624.28 1359.18
1624.16 1359.65
1624.08 1360.14
1624.03 1360.65
1624.01 1361.16
1624.00 1361.68
1623.98 1362.19
1623.94 1362.70
1623.87 1363.19
1623.76 1363.67
1623.62 1364.14
1623.47 1364.60
1623.32 1365.06
1623.19 1365.53
1623.08 1366.01
1623.00 1366.50
1622.92 1366.98
1622.82 1367.47
1622.69 1367.94
1622.54 1368.40
1622.38 1368.85
1622.24 1369.32
1622.13 1369.80
1622.06 1370.29
1622.03 1370.80
1622.01 1371.32
1621.99 1371.83
1621.97 1372.35
1621.92 1372.85
1621.84 1373.34
1621.72 1373.81
1621.58 1374.28
1621.42 1374.73
1621.28 1375.20
1621.16 1375.67
1621.08 1376.16
1621.04 1376.67
1621.01 1377.18
1621.00 1377.70
1621.00 1378.22
1620.99 1378.74
1620.97 1379.26
1620.93 1379.76
1620.85 1380.26
1620.74 1380.73
1620.60 1381.20
1620.45 1381.66
1620.30 1382.12
1620.18 1382.59
1620.09 1383.08
1620.04 1383.58
1620.02 1384.09
1620.01 1384.61
1620.00 1385.13
1620.00 1385.66
1620.00 1386.18
1620.00 1386.70
1620.00 1387.22
1619.99 1387.74
1619.97 1388.26
1619.93 1388.77
1619.85 1389.26
1619.74 1389.73
1619.60 1390.20
1619.44 1390.65
1619.28 1391.11
1619.13 1391.57
1618.99 1392.04
1618.85 1392.50
1618.69 1392.96
1618.51 1393.41
1618.31 1393.85
1618.11 1394.29
1617.90 1394.73
1617.69 1395.16
1617.50 1395.61
1617.33 1396.06
1617.19 1396.53
1617.10 1397.01
1617.04 1397.51
1617.02 1398.02
1617.01 1398.54
1617.01 1399.06
1617.01 1399.59
1617.00 1400.11
1617.00 1400.63
1617.00 1401.15
1616.99 1401.68
1616.99 1402.20
1617.00 1402.72
1617.00 1403.25
1617.00 1403.77
1617.00 1404.29
1617.00 1404.82
1617.00 1405.34
1617.00 1405.86
1617.00 1406.39
1617.00 1406.91
1617.00 1407.43
1617.00 1407.96
1617.00 1408.48
1617.00 1409.00
1617.00 1409.52
1617.00 1410.05
1617.00 1410.57
1617.00 1411.09
1617.00 1411.62
1617.00 1412.14
1617.00 1412.66
1617.00 1413.19
1615.95 1420.60
1615.74 1421.04
1615.54 1421.48
1615.37 1421.93
1615.23 1422.39
1615.12 1422.87
1615.06 1423.37
1615.02 1423.88
1615.00 1424.39
1614.99 1424.91
1614.96 1425.42
1614.91 1425.92
1614.82 1426.41
1613.46 1431.60
1613.31 1432.06
1613.19 1432.53
1613.10 1433.02
1613.05 1433.52
1613.02 1434.03
1613.01 1434.55
1613.00 1435.07
1612.32 1440.02
1612.20 1440.49
1612.10 1440.98
1612.05 1441.48
1612.02 1441.99
1606.33 1480.96
1606.08 1481.39
1605.85 1481.81
1605.65 1482.25
1605.46 1482.70
1605.30 1483.15
1605.17 1483.62
1605.09 1484.11
1605.04 1484.62
1605.01 1485.13
1605.00 1485.65
1605.00 1486.17
1598.45 1521.65
1598.30 1522.11
1598.18 1522.58
1598.09 1523.07
1598.03 1523.57
1597.99 1524.07
1597.95 1524.58
1597.89 1525.08
1597.79 1525.56
1597.66 1526.03
1597.50 1526.49
1597.35 1526.95
1597.22 1527.41
1597.12 1527.90
1597.05 1528.39
1597.02 1528.90
1597.00 1529.42
1596.99 1529.93
1596.96 1530.45
1596.39 1532.83
1596.25 1533.29
1596.13 1533.77
1596.04 1534.25
1595.96 1534.74
1595.87 1535.23
1595.76 1535.70
1595.61 1536.17
1595.46 1536.62
1595.31 1537.09
1595.18 1537.56
1595.08 1538.04
1595.00 1538.53
1594.91 1539.02
1594.81 1539.50
1594.68 1539.96
1594.53 1540.42
1594.37 1540.88
1594.23 1541.35
1594.13 1541.83
1594.06 1542.32
1594.01 1542.83
1593.97 1543.34
1593.92 1543.84
1593.84 1544.33
1593.73 1544.80
1593.58 1545.27
1593.43 1545.72
1593.28 1546.19
1593.16 1546.66
1593.08 1547.15
1593.03 1547.65
1592.99 1548.16
1592.94 1548.66
1592.87 1549.16
1592.77 1549.64
1592.63 1550.10
1592.47 1550.56
1592.31 1551.02
1592.16 1551.48
1592.02 1551.94
1591.88 1552.41
1591.73 1552.87
1591.57 1553.33
1591.41 1553.78
1591.26 1554.25
1591.15 1554.72
1591.08 1555.21
1591.03 1555.72
1591.01 1556.23
1591.00 1556.75
1591.00 1557.28
1591.00 1557.80
1591.00 1558.32
1590.99 1558.84
1590.96 1559.35
1590.92 1559.86
1590.84 1560.35
1590.72 1560.82
1590.57 1561.28
1590.42 1561.74
1590.27 1562.21
1590.16 1562.68
1590.08 1563.17
1590.03 1563.68
1590.01 1564.19
1589.99 1564.71
1589.97 1565.22
1589.93 1565.73
1589.86 1566.22
1589.75 1566.70
1589.61 1567.16
1589.46 1567.62
1589.31 1568.08
1589.18 1568.56
1589.10 1569.04
1589.04 1569.54
1589.01 1570.05
1589.00 1570.57
1588.98 1571.09
1588.95 1571.60
1588.89 1572.09
1588.79 1572.58
1588.66 1573.05
1588.50 1573.51
1588.35 1573.96
1588.21 1574.43
1588.12 1574.91
1588.05 1575.41
1588.02 1575.92
1588.01 1576.44
1588.00 1576.96
1588.00 1577.48
1588.00 1578.01
1588.00 1578.53
1588.00 1579.05
1588.00 1579.57
1588.00 1580.10
1587.99 1580.62
1587.98 1581.14
1587.94 1581.64
1587.88 1582.14
1587.77 1582.62
1587.64 1583.09
1587.48 1583.55
1587.33 1584.01
1587.20 1584.47
1587.09 1584.95
1587.01 1585.44
1586.93 1585.93
1586.83 1586.41
1586.70 1586.89
1586.55 1587.35
1586.40 1587.80
1586.25 1588.27
1586.13 1588.74
1586.04 1589.23
1585.96 1589.72
1585.87 1590.20
1585.76 1590.68
1585.62 1591.14
1585.45 1591.60
1585.29 1592.06
1585.14 1592.52
1585.01 1592.98
1584.87 1593.45
1584.72 1593.91
1584.56 1594.37
1584.40 1594.82
1584.25 1595.29
1584.14 1595.76
1584.07 1596.26
1584.03 1596.76
1584.01 1597.28
1583.99 1597.80
1583.97 1598.31
1583.92 1598.81
1583.84 1599.30
1583.73 1599.78
1583.58 1600.24
1583.42 1600.70
1583.26 1601.16
1583.12 1601.62
1582.98 1602.08
1582.83 1602.55
1582.68 1603.01
1582.52 1603.46
1582.36 1603.92
1582.23 1604.39
1582.12 1604.87
1582.05 1605.36
1582.01 1605.87
1581.97 1606.37
1581.92 1606.88
1581.83 1607.36
1581.71 1607.84
1581.56 1608.30
1581.40 1608.75
1581.24 1609.21
1581.10 1609.68
1580.96 1610.14
1580.82 1610.60
1580.66 1611.06
1580.50 1611.52
1580.34 1611.98
1580.21 1612.45
1580.11 1612.93
1580.05 1613.43
1580.01 1613.93
1579.97 1614.44
1579.91 1614.94
1579.82 1615.43
1579.70 1615.90
1579.55 1616.36
1579.40 1616.82
1579.25 1617.28
1579.14 1617.76
1579.07 1618.25
1579.02 1618.75
1578.98 1619.26
1578.93 1619.77
1578.86 1620.26
1578.75 1620.73
1578.61 1621.20
1578.45 1621.66
1578.30 1622.12
1578.18 1622.59
1578.09 1623.08
1578.03 1623.58
1577.99 1624.08
1577.95 1624.59
1577.89 1625.09
1577.79 1625.57
1577.64 1626.03
1577.47 1626.48
1577.27 1626.93
1577.06 1627.36
1576.85 1627.80
1576.63 1628.23
1576.42 1628.66
1576.20 1629.10
1575.99 1629.53
1575.78 1629.97
1575.58 1630.41
1575.40 1630.86
1575.25 1631.32
1575.14 1631.80
1575.06 1632.29
1575.02 1632.79
1575.01 1633.31
1575.00 1633.83
1575.00 1634.35
1575.00 1634.88
1575.00 1635.40
1575.00 1635.93
1575.00 1636.45
1575.00 1636.97
1575.00 1637.49
1575.00 1638.02
1575.00 1638.54
1575.00 1639.06
1575.00 1639.59
1575.00 1640.11
1575.00 1640.63
1575.00 1641.15
1575.00 1641.68
1575.00 1642.20
1575.00 1642.72
1575.00 1643.25
1575.00 1643.77
1575.00 1644.29
1574.99 1644.81
1574.72 1646.80
1574.58 1647.26
1574.42 1647.71
1574.26 1648.17
1574.11 1648.63
1573.97 1649.10
1573.83 1649.56
1573.68 1650.03
1573.52 1650.48
1573.36 1650.94
1573.22 1651.40
1573.11 1651.88
1573.02 1652.37
1572.94 1652.86
1572.85 1653.34
1572.72 1653.82
1572.58 1654.28
1572.42 1654.73
1572.27 1655.20
1572.15 1655.67
1572.06 1656.15
1571.98 1656.64
1571.89 1657.13
1571.78 1657.61
1571.64 1658.08
1571.49 1658.53
1571.33 1658.99
1571.20 1659.46
1571.09 1659.94
1571.01 1660.43
1570.93 1660.92
1570.83 1661.40
1570.71 1661.87
1570.56 1662.34
1570.40 1662.79
1570.26 1663.26
1570.15 1663.73
1570.07 1664.22
1570.02 1664.73
1569.98 1665.24
1569.94 1665.74
1569.86 1666.23
1569.75 1666.71
1569.61 1667.17
1569.45 1667.63
1569.30 1668.09
1569.18 1668.56
1569.08 1669.05
1568.99 1669.53
1568.91 1670.02
1568.81 1670.50
1568.68 1670.97
1568.52 1671.43
1568.37 1671.89
1568.23 1672.36
1568.12 1672.83
1568.03 1673.32
1567.95 1673.81
1567.86 1674.30
1567.74 1674.77
1567.60 1675.23
1567.44 1675.69
1567.29 1676.15
1567.17 1676.63
1567.08 1677.11
1567.03 1677.61
1566.99 1678.12
1566.95 1678.63
1566.88 1679.12
1566.78 1679.60
1566.64 1680.07
1566.48 1680.53
1566.32 1680.98
1566.17 1681.44
1566.03 1681.91
1565.89 1682.37
1565.74 1682.84
1565.58 1683.29
1565.42 1683.75
1565.27 1684.21
1565.16 1684.69
1565.08 1685.18
1565.03 1685.68
1565.01 1686.19
1564.99 1686.71
1564.97 1687.23
1564.93 1687.73
1564.86 1688.23
1564.75 1688.70
1564.61 1689.17
1564.46 1689.63
1564.31 1690.09
1564.18 1690.56
1564.08 1691.04
1564.00 1691.53
1563.91 1692.02
1563.81 1692.50
1563.68 1692.97
1563.53 1693.43
1563.37 1693.89
1563.23 1694.35
1563.12 1694.83
1563.03 1695.31
1562.95 1695.81
1562.86 1696.29
1562.74 1696.76
1562.60 1697.23
1562.44 1697.69
1562.29 1698.15
1562.16 1698.62
1562.07 1699.10
1561.98 1699.59
1561.90 1700.08
1561.79 1700.56
1561.66 1701.03
1561.50 1701.48
1561.35 1701.94
1561.22 1702.41
1561.12 1702.89
1561.05 1703.39
1561.01 1703.89
1560.97 1704.40
1560.92 1704.90
1560.83 1705.39
1560.71 1705.86
1560.56 1706.33
1560.40 1706.78
1560.26 1707.25
1560.14 1707.72
1560.05 1708.21
1559.97 1708.70
1559.88 1709.18
1559.77 1709.66
1559.63 1710.12
1559.47 1710.58
1559.32 1711.04
1559.19 1711.51
1559.08 1711.99
1559.00 1712.48
1558.92 1712.97
1558.82 1713.45
1558.69 1713.92
1558.54 1714.38
1558.38 1714.84
1558.24 1715.31
1558.14 1715.78
1558.06 1716.28
1558.02 1716.78
1557.98 1717.29
1557.93 1717.79
1557.85 1718.28
1557.74 1718.76
1557.59 1719.22
1557.43 1719.68
1557.27 1720.13
1557.12 1720.60
1556.98 1721.06
1556.84 1721.53
1556.69 1721.99
1556.53 1722.44
1556.37 1722.90
1556.23 1723.36
1556.12 1723.84
1556.03 1724.33
1555.95 1724.82
1555.85 1725.30
1555.73 1725.77
1555.58 1726.24
1555.42 1726.69
1555.26 1727.15
1555.11 1727.61
1554.98 1728.08
1554.84 1728.54
1554.68 1729.00
1554.52 1729.46
1554.36 1729.92
1554.22 1730.38
1554.11 1730.86
1554.03 1731.35
1553.95 1731.84
1553.85 1732.32
1553.73 1732.79
1553.58 1733.26
1553.43 1733.71
1553.28 1734.18
1553.16 1734.65
1553.06 1735.13
1552.98 1735.62
1552.90 1736.11
1552.79 1736.59
1552.65 1737.06
1552.50 1737.51
1552.34 1737.97
1552.21 1738.44
1552.10 1738.92
1552.01 1739.41
1551.93 1739.90
1551.84 1740.38
1551.71 1740.85
1551.56 1741.31
1551.41 1741.77
1551.26 1742.23
1551.14 1742.71
1551.05 1743.19
1550.97 1743.68
1550.88 1744.17
1550.77 1744.65
1550.63 1745.11
1550.47 1745.57
1550.31 1746.02
1550.15 1746.48
1550.01 1746.95
1549.87 1747.41
1549.72 1747.87
1549.56 1748.33
1549.40 1748.79
1549.24 1749.24
1549.09 1749.70
1548.95 1750.17
1548.81 1750.63
1548.65 1751.09
1548.49 1751.55
1548.33 1752.01
1548.20 1752.48
1548.09 1752.95
1548.01 1753.44
1547.93 1753.93
1547.83 1754.42
1547.71 1754.89
1547.55 1755.35
1547.40 1755.80
1547.25 1756.27
1547.13 1756.74
1547.04 1757.23
1546.96 1757.72
1546.87 1758.20
1546.76 1758.68
1546.62 1759.14
1546.46 1759.60
1546.29 1760.06
1546.14 1760.52
1546.00 1760.98
1545.86 1761.45
1545.71 1761.91
1545.55 1762.36
1545.38 1762.82
1545.23 1763.28
1545.08 1763.74
1544.94 1764.20
1544.80 1764.67
1544.64 1765.12
1544.48 1765.57
1771.12 258.76
1771.19 258.89
1771.31 259.14
1771.46 259.48
1771.63 259.87
1771.79 260.30
1771.93 260.76
1772.08 261.22
1772.23 261.68
1772.38 262.14
1772.54 262.59
1772.69 263.06
1772.81 263.53
1772.90 264.02
1772.96 264.52
1772.99 265.03
1773.00 265.54
1773.01 266.07
1773.01 266.59
1773.02 267.11
1773.05 267.62
1773.12 268.11
1773.22 268.60
1773.36 269.06
1773.51 269.52
1773.67 269.98
1773.80 270.45
1773.89 270.93
1773.95 271.43
1773.98 271.94
1773.99 272.46
1774.00 272.98
1774.01 273.50
1774.02 274.02
1774.05 274.53
1774.11 275.03
1774.20 275.52
1774.33 275.99
1774.48 276.45
1774.64 276.91
1774.77 277.37
1774.87 277.85
1774.94 278.35
1774.98 278.86
1774.99 279.38
1775.00 279.90
1775.00 280.42
1775.00 280.94
1775.00 281.47
1775.00 281.99
1775.00 282.51
1775.00 283.03
1775.00 283.56
1775.00 284.08
1775.01 284.60
1775.02 285.12
1775.06 285.63
1775.12 286.13
1775.22 286.61
1775.36 287.07
1775.51 287.53
1775.66 287.99
1775.79 288.46
1775.89 288.95
1775.95 289.45
1775.98 289.96
1775.99 290.47
1776.00 291.00
1776.00 291.52
1776.00 292.04
1776.00 292.56
1776.00 293.09
1776.01 293.61
1776.02 294.13
1776.06 294.63
1776.12 295.13
1776.22 295.61
1776.36 296.08
1776.51 296.54
1776.67 297.00
1776.80 297.47
1776.89 297.95
1776.95 298.45
1776.98 298.96
1776.99 299.48
1777.00 300.00
1777.00 300.53
1777.00 301.05
1777.00 301.57
1777.00 302.09
1777.00 302.62
1777.00 303.14
1777.01 303.66
1777.03 304.18
1777.06 304.69
1777.13 305.18
1777.24 305.66
1777.37 306.13
1777.53 306.59
1777.68 307.05
1777.81 307.52
1777.90 308.00
1777.95 308.50
1777.98 309.02
1777.99 309.53
1778.00 310.06
1778.00 310.58
1778.00 311.10
1778.00 311.62
1778.00 312.15
1778.00 312.67
1778.00 313.19
1778.01 313.71
1778.03 314.23
1778.07 314.74
1778.14 315.23
1778.25 315.71
1778.39 316.17
1778.55 316.63
1778.69 317.09
1778.82 317.57
1778.90 318.05
1778.96 318.56
1778.98 319.07
1779.00 319.59
1779.00 320.11
1779.00 320.63
1779.00 321.15
1779.00 321.68
1779.00 322.20
1779.00 322.73
1779.00 323.25
1778.99 323.77
1778.99 324.30
1778.99 324.82
1779.00 325.34
1779.00 325.87
1779.01 326.39
1779.01 326.91
1779.01 327.43
1779.01 327.96
1779.01 328.48
1779.01 329.00
1779.04 329.51
1779.10 330.01
1779.19 330.50
1779.33 330.96
1779.48 331.42
1779.63 331.88
1779.77 332.35
1779.87 332.83
1779.94 333.33
1779.97 333.84
1779.99 334.35
1780.00 334.87
1780.00 335.40
1780.00 335.92
1780.00 336.44
1780.00 336.96
1780.00 337.49
1780.00 338.01
1780.00 338.54
1780.00 339.06
1780.00 339.58
1780.00 340.11
1780.00 340.63
1780.00 341.15
1780.00 341.68
1780.00 342.20
1780.00 342.72
1780.00 343.24
1780.01 343.76
1780.03 344.28
1780.07 344.79
1780.15 345.28
1780.26 345.75
1780.40 346.22
1780.56 346.68
1780.71 347.14
1780.83 347.61
1780.91 348.10
1780.96 348.60
1780.99 349.12
1781.00 349.64
1781.00 350.16
1781.00 350.68
1780.99 351.21
1780.99 351.73
1781.00 352.25
1781.00 352.78
1781.00 353.30
1781.00 353.82
1781.00 354.34
1781.00 354.87
1781.00 355.39
1781.00 355.91
1781.00 356.44
1781.00 356.96
1781.00 357.49
1781.00 358.01
1781.00 358.53
1781.00 359.06
1781.00 359.58
1781.00 360.10
1781.00 360.63
1781.00 361.15
1781.00 361.67
1781.00 362.20
1781.00 362.72
1781.00 363.24
1781.01 363.76
1781.03 364.28
1781.07 364.78
1781.15 365.28
1781.26 365.75
1781.40 366.22
1781.56 366.68
1781.71 367.14
1781.83 367.61
1781.91 368.10
1781.96 368.60
1781.99 369.12
1781.99 369.64
1782.00 370.16
1782.00 370.68
1782.00 371.20
1782.00 371.73
1782.00 372.25
1782.00 372.77
1782.00 373.30
1782.00 373.82
1782.00 374.34
1782.00 374.87
1782.00 375.39
1782.00 375.91
1782.00 376.44
1782.00 376.96
1782.00 377.48
1782.00 378.01
1782.00 378.53
1782.00 379.05
1782.00 379.58
1782.00 380.10
1782.00 380.62
1782.00 381.15
1782.00 381.67
1782.00 382.19
1781.99 382.71
1781.97 383.23
1781.93 383.74
1781.86 384.23
1781.75 384.71
1781.61 385.17
1781.46 385.63
1781.31 386.09
1781.18 386.57
1781.09 387.05
1781.04 387.55
1781.01 388.07
1781.00 388.59
1781.00 389.11
1781.00 389.63
1781.00 390.15
1781.00 390.68
1781.00 391.20
1781.00 391.72
1781.00 392.25
1781.00 392.77
1781.00 393.29
1781.00 393.82
1781.00 394.34
1781.00 394.86
1781.00 395.39
1781.00 395.91
1781.00 396.43
1781.00 396.96
1781.00 397.48
1781.00 398.00
1781.00 398.53
1781.00 399.05
1781.00 399.57
1781.00 400.10
1781.00 400.62
1781.00 401.14
1781.00 401.67
1781.00 402.19
1781.01 402.71
1781.03 403.23
1781.07 403.73
1781.13 404.22
1781.22 404.69
1781.32 405.14
1781.40 405.56
1781.43 405.97
1781.41 406.38
1781.34 406.80
1781.26 407.23
1781.20 407.69
1781.20 408.15
1781.26 408.61
1781.37 409.07
1781.52 409.53
1781.67 409.99
1781.80 410.46
1781.89 410.94
1781.95 411.44
1781.98 411.95
1781.99 412.47
1782.00 412.99
1782.00 413.51
1782.00 414.03
1782.00 414.56
1782.00 415.08
1782.00 415.60
1782.00 416.13
1782.01 416.65
1782.03 417.16
1782.06 417.67
1782.13 418.17
1782.23 418.65
1782.37 419.11
1782.52 419.57
1782.68 420.03
1782.80 420.50
1782.90 420.99
1782.95 421.49
1782.98 422.00
1783.00 422.52
1783.00 423.04
1783.00 423.56
1783.00 424.09
1783.00 424.61
1783.00 425.13
1783.00 425.66
1783.00 426.18
1783.00 426.70
1783.00 427.23
1783.00 427.75
1783.00 428.27
1783.01 428.79
1783.03 429.31
1783.08 429.81
1783.15 430.30
1783.27 430.78
1783.41 431.24
1783.57 431.70
1783.72 432.16
1783.83 432.64
1783.92 433.13
1783.96 433.63
1783.99 434.14
1784.00 434.66
1784.00 435.19
1784.00 435.71
1784.00 436.24
1784.00 436.76
1784.00 437.28
1784.00 437.80
1784.00 438.33
1784.00 438.85
1784.00 439.37
1784.00 439.90
1784.00 440.42
1784.00 440.94
1784.00 441.47
1784.00 441.99
1784.00 442.51
1784.00 443.04
1783.99 443.56
1783.98 444.08
1783.95 444.59
1783.89 445.08
1783.79 445.57
1783.66 446.04
1783.51 446.50
1783.35 446.96
1783.22 447.42
1783.11 447.91
1783.05 448.40
1783.02 448.91
1783.01 449.43
1783.01 449.95
1783.01 450.47
1783.01 451.00
1783.00 451.52
1783.00 452.04
1782.99 452.57
1782.99 453.09
1782.99 453.62
1782.99 454.14
1782.99 454.66
1783.00 455.19
1783.00 455.71
1783.01 456.23
1783.01 456.75
1783.01 457.27
1783.01 457.80
1783.01 458.32
1783.01 458.84
1783.03 459.36
1783.08 459.86
1783.16 460.35
1783.28 460.82
1783.43 461.28
1783.59 461.74
1783.73 462.21
1783.85 462.68
1783.92 463.18
1783.97 463.68
1783.99 464.20
1784.00 464.72
1784.00 465.24
1784.00 465.76
1784.00 466.29
1784.00 466.81
1784.00 467.33
1784.00 467.85
1784.00 468.38
1784.00 468.90
1784.00 469.42
1784.00 469.95
1784.00 470.47
1784.00 470.99
1784.00 471.52
1784.00 472.04
1784.00 472.56
1784.00 473.09
1784.00 473.61
1784.00 474.13
1784.00 474.66
1784.00 475.18
1784.00 475.71
1784.00 476.23
1784.00 476.75
1784.00 477.28
1784.00 477.80
1784.00 478.32
1784.00 478.85
1784.00 479.37
1784.00 479.89
1784.00 480.42
1784.00 480.94
1784.00 481.46
1784.00 481.98
1784.00 482.51
1784.00 483.03
1784.00 483.55
1784.00 484.08
1784.00 484.60
1784.00 485.12
1784.00 485.65
1784.00 486.17
1784.00 486.70
1784.00 487.22
1784.00 487.74
1784.00 488.27
1784.00 488.79
1784.00 489.31
1784.00 489.84
1784.00 490.36
1784.00 490.88
1784.00 491.41
1784.00 491.93
1784.00 492.45
1784.00 492.98
1784.00 493.50
1784.00 494.02
1784.00 494.55
1784.00 495.07
1784.00 495.59
1784.00 496.12
1784.00 496.64
1784.00 497.16
1784.00 497.69
1784.00 498.21
1784.00 498.73
1784.00 499.26
1784.00 499.78
1784.00 500.30
1784.00 500.83
1784.00 501.35
1784.00 501.87
1784.00 502.40
1784.00 502.92
1784.00 503.44
1784.00 503.97
1784.00 504.49
1784.00 505.01
1784.00 505.54
1784.00 506.06
1784.00 506.58
1784.00 507.11
1783.99 507.63
1783.98 508.14
1783.94 508.65
1783.88 509.15
1783.77 509.63
1783.64 510.10
1783.48 510.56
1783.33 511.02
1783.20 511.49
1783.10 511.97
1783.05 512.47
1783.02 512.98
1783.00 513.50
1783.00 514.02
1783.00 514.54
1783.00 515.07
1783.01 515.59
1783.01 516.12
1783.00 516.64
1783.00 517.16
1783.00 517.68
1783.00 518.21
1783.00 518.73
1783.00 519.25
1783.00 519.78
1783.00 520.30
1783.00 520.82
1783.00 521.35
1783.00 521.87
1783.00 522.39
1783.00 522.92
1783.00 523.44
1783.00 523.96
1783.00 524.49
1783.00 525.01
1783.00 525.54
1783.00 526.06
1783.00 526.58
1783.00 527.11
1783.00 527.63
1783.00 528.15
1783.00 528.68
1783.00 529.20
1783.00 529.72
1783.00 530.25
1783.00 530.77
1783.00 531.29
1783.00 531.82
1783.00 532.34
1783.00 532.86
1783.00 533.38
1783.00 533.91
1783.00 534.43
1783.00 534.95
1783.00 535.48
1783.00 536.00
1783.00 536.52
1783.00 537.05
1783.00 537.57
1783.00 538.09
1783.00 538.62
1783.00 539.14
1783.00 539.67
1783.00 540.19
1783.00 540.71
1783.01 541.24
1783.01 541.76
1783.01 542.29
1783.01 542.81
1783.01 543.33
1783.01 543.86
1783.00 544.38
1783.00 544.90
1782.99 545.42
1782.99 545.94
1782.99 546.46
1782.99 546.99
1782.99 547.51
1782.99 548.04
1783.00 548.56
1782.99 549.08
1782.95 549.59
1782.89 550.09
1782.79 550.57
1782.65 551.03
1782.49 551.49
1782.34 551.95
1782.21 552.42
1782.11 552.91
1782.05 553.40
1782.02 553.91
1782.01 554.43
1782.00 554.95
1782.00 555.48
1782.00 556.00
1782.00 556.52
1782.00 557.05
1782.00 557.57
1782.00 558.09
1782.00 558.62
1782.00 559.14
1782.00 559.66
1782.00 560.19
1782.00 560.71
1782.00 561.23
1782.00 561.76
1782.00 562.28
1782.00 562.80
1782.00 563.33
1782.00 563.85
1782.00 564.37
1782.00 564.90
1782.00 565.42
1782.00 565.94
1782.00 566.47
1782.00 566.99
1782.00 567.51
1782.00 568.04
1782.00 568.56
1782.00 569.08
1782.00 569.61
1782.00 570.13
1782.00 570.65
1782.00 571.18
1782.00 571.70
1782.00 572.22
1782.00 572.75
1782.00 573.27
1782.00 573.79
1782.00 574.32
1782.00 574.84
1782.00 575.36
1782.00 575.89
1782.00 576.41
1782.00 576.93
1782.00 577.46
1782.00 577.98
1782.00 578.50
1782.00 579.03
1781.99 579.55
1781.98 580.07
1781.95 580.58
1781.89 581.07
1781.79 581.56
1781.66 582.03
1781.51 582.49
1781.35 582.95
1781.22 583.41
1781.12 583.90
1781.05 584.39
1781.02 584.90
1781.01 585.42
1781.00 585.94
1781.00 586.47
1781.00 586.99
1781.00 587.51
1781.00 588.04
1781.00 588.56
1781.00 589.08
1781.00 589.60
1781.00 590.13
1781.00 590.65
1781.00 591.17
1781.00 591.70
1781.00 592.22
1781.00 592.75
1781.00 593.27
1781.00 593.79
1781.00 594.32
1781.00 594.84
1781.00 595.36
1781.00 595.88
1781.00 596.41
1781.00 596.93
1780.99 597.45
1780.98 597.97
1780.96 598.48
1780.90 598.98
1780.81 599.47
1780.69 599.94
1780.54 600.40
1780.38 600.86
1780.24 601.33
1780.13 601.81
1780.07 602.30
1780.03 602.81
1780.01 603.33
1780.01 603.85
1780.00 604.37
1780.00 604.89
1780.00 605.41
1780.00 605.94
1780.00 606.46
1779.99 606.98
1780.00 607.51
1780.00 608.03
1780.00 608.55
1780.00 609.08
1780.00 609.60
1780.00 610.13
1780.00 610.65
1780.00 611.17
1780.00 611.70
1780.00 612.22
1780.00 612.74
1780.00 613.27
1780.00 613.79
1780.00 614.31
1780.00 614.84
1780.00 615.36
1780.00 615.88
1780.00 616.41
1780.00 616.93
1780.00 617.45
1780.00 617.98
1780.00 618.50
1780.00 619.02
1780.00 619.54
1780.00 620.07
1779.99 620.59
1779.99 621.11
1779.99 621.64
1779.99 622.16
1779.99 622.68
1779.99 623.21
1779.99 623.73
1780.00 624.25
1780.00 624.78
1780.00 625.30
1780.00 625.83
1780.01 626.35
1780.01 626.88
1780.01 627.40
1780.00 627.92
1779.97 628.43
1779.91 628.93
1779.82 629.42
1779.69 629.89
1779.54 630.35
1779.39 630.81
1779.25 631.27
1779.14 631.75
1779.07 632.24
1779.03 632.75
1779.01 633.27
1779.00 633.79
1779.00 634.31
1779.00 634.83
1779.00 635.36
1779.00 635.88
1779.00 636.40
1779.00 636.93
1779.00 637.45
1779.00 637.97
1779.00 638.50
1779.00 639.02
1779.00 639.54
1779.00 640.07
1779.00 640.59
1779.00 641.12
1779.01 641.64
1779.00 642.16
1779.00 642.68
1779.00 643.21
1779.00 643.73
1778.99 644.25
1778.99 644.77
1778.99 645.30
1778.99 645.82
1778.97 646.33
1778.92 646.84
1778.85 647.33
1778.73 647.81
1778.59 648.27
1778.44 648.73
1778.29 649.19
1778.16 649.66
1778.07 650.15
1778.02 650.65
1777.99 651.16
1777.98 651.68
1777.99 652.21
1778.00 652.74
1778.00 653.26
1778.01 653.79
1778.01 654.31
1778.02 654.84
1778.02 655.36
1778.02 655.88
1778.01 656.41
1778.01 656.93
1778.00 657.45
1778.00 657.97
1778.00 658.49
1777.99 659.01
1777.99 659.54
1777.99 660.06
1777.99 660.58
1777.99 661.11
1777.99 661.63
1778.00 662.16
1777.99 662.68
1777.98 663.20
1777.94 663.70
1777.87 664.20
1777.76 664.68
1777.62 665.14
1777.47 665.60
1777.31 666.06
1777.19 666.53
1777.10 667.02
1777.04 667.52
1777.02 668.03
1777.01 668.55
1777.00 669.07
1777.00 669.60
1777.00 670.12
1777.00 670.64
1777.00 671.16
1777.00 671.69
1777.00 672.21
1777.00 672.73
1777.00 673.26
1777.00 673.78
1777.00 674.30
1777.00 674.83
1777.00 675.35
1777.00 675.88
1777.00 676.40
1777.00 676.92
1777.00 677.44
1776.99 677.97
1776.99 678.49
1776.99 679.01
1776.99 679.54
1776.98 680.05
1776.95 680.57
1776.89 681.06
1776.80 681.55
1776.67 682.02
1776.52 682.48
1776.37 682.94
1776.23 683.41
1776.12 683.88
1776.04 684.38
1776.00 684.88
1775.98 685.40
1775.98 685.92
1775.99 686.45
1775.99 686.97
1776.00 687.50
1776.01 688.02
1776.01 688.55
1776.02 689.07
1776.02 689.60
1776.02 690.12
1776.02 690.64
1776.01 691.17
1776.01 691.69
1776.01 692.21
1776.00 692.73
1776.00 693.25
1776.00 693.78
1775.99 694.30
1775.99 694.82
1775.99 695.34
1775.99 695.87
1775.99 696.39
1775.99 696.92
1775.99 697.44
1776.00 697.96
1776.00 698.49
1776.00 699.01
1776.00 699.54
1776.00 700.06
1776.01 700.58
1776.01 701.11
1776.00 701.63
1776.00 702.15
1775.99 702.67
1775.97 703.19
1775.93 703.70
1775.86 704.19
1775.76 704.67
1775.62 705.14
1775.47 705.60
1775.32 706.06
1775.19 706.53
1775.10 707.01
1775.05 707.51
1775.02 708.03
1775.00 708.54
1775.00 709.07
1775.00 709.59
1775.00 710.11
1775.00 710.64
1775.00 711.16
1775.00 711.68
1775.01 712.21
1775.00 712.73
1775.00 713.25
1775.00 713.77
1774.99 714.30
1774.99 714.82
1774.99 715.34
1774.99 715.86
1774.97 716.38
1774.92 716.88
1774.83 717.37
1774.71 717.84
1774.56 718.31
1774.41 718.76
1774.26 719.23
1774.15 719.70
1774.07 720.20
1774.03 720.70
1774.01 721.22
1774.01 721.74
1774.00 722.26
1774.00 722.78
1774.00 723.31
1774.00 723.83
1774.00 724.35
1774.00 724.87
1774.00 725.40
1774.00 725.92
1774.00 726.45
1774.00 726.97
1774.00 727.49
1774.00 728.02
1774.00 728.54
1774.00 729.06
1774.00 729.59
1774.00 730.11
1774.00 730.63
1774.00 731.16
1774.00 731.68
1773.99 732.20
1773.99 732.72
1774.00 733.25
1774.00 733.77
1774.00 734.30
1773.99 734.82
1773.97 735.33
1773.92 735.84
1773.84 736.32
1773.72 736.80
1773.58 737.26
1773.42 737.72
1773.28 738.18
1773.16 738.66
1773.08 739.15
1773.03 739.65
1773.01 740.17
1773.00 740.69
1773.00 741.21
1773.00 741.73
1773.00 742.26
1773.00 742.78
1773.00 743.30
1773.00 743.83
1773.00 744.35
1773.00 744.87
1773.00 745.40
1773.00 745.92
1773.00 746.44
1773.00 746.97
1773.00 747.49
1773.00 748.01
1773.00 748.54
1773.00 749.06
1773.00 749.58
1773.00 750.11
1773.00 750.63
1773.00 751.15
1772.99 751.68
1772.98 752.19
1772.94 752.70
1772.87 753.19
1772.76 753.67
1772.62 754.14
1772.47 754.60
1772.32 755.06
1772.19 755.53
1772.10 756.01
1772.05 756.52
1772.02 757.03
1772.01 757.55
1772.01 758.07
1772.00 758.59
1772.00 759.11
1772.00 759.64
1772.00 760.16
1772.00 760.68
1772.00 761.21
1772.00 761.73
1772.00 762.25
1772.00 762.78
1772.00 763.30
1772.00 763.82
1772.00 764.35
1771.99 764.87
1771.96 765.38
1771.91 765.88
1771.83 766.37
1771.71 766.85
1771.57 767.31
1771.41 767.77
1771.27 768.23
1771.15 768.71
1771.07 769.20
1771.03 769.70
1771.01 770.22
1771.00 770.74
1771.00 771.26
1771.01 771.79
1771.01 772.31
1771.01 772.83
1771.00 773.36
1771.00 773.88
1771.00 774.40
1771.00 774.92
1770.99 775.45
1770.99 775.97
1770.99 776.49
1770.99 777.02
1771.00 777.54
1771.00 778.06
1771.00 778.59
1770.98 779.10
1770.95 779.61
1770.88 780.11
1770.78 780.59
1770.65 781.06
1770.49 781.52
1770.34 781.98
1770.21 782.45
1770.11 782.93
1770.05 783.43
1770.02 783.94
1770.01 784.46
1770.00 784.98
1770.00 785.50
1770.01 786.03
1770.01 786.55
1770.01 787.07
1770.00 787.60
1770.00 788.12
1770.00 788.64
1770.00 789.16
1770.00 789.69
1769.99 790.21
1769.99 790.73
1769.99 791.26
1769.99 791.78
1769.99 792.30
1770.00 792.83
1770.00 793.35
1770.00 793.88
1770.00 794.40
1769.99 794.92
1769.97 795.43
1769.91 795.93
1769.82 796.42
1769.70 796.89
1769.55 797.35
1769.39 797.81
1769.25 798.27
1769.14 798.75
1769.07 799.25
1769.03 799.75
1769.01 800.27
1769.00 800.79
1769.00 801.31
1769.00 801.84
1769.00 802.36
1769.00 802.88
1769.00 803.40
1769.00 803.93
1769.00 804.45
1769.00 804.97
1769.00 805.50
1769.00 806.02
1769.00 806.54
1769.00 807.07
1769.00 807.59
1769.00 808.11
1768.99 808.64
1768.98 809.15
1768.94 809.66
1768.87 810.16
1768.77 810.64
1768.63 811.10
1768.48 811.56
1768.33 812.02
1768.20 812.49
1768.10 812.98
1768.05 813.48
1768.01 813.99
1768.00 814.50
1768.00 815.03
1768.00 815.55
1768.00 816.08
1768.01 816.60
1768.01 817.13
1768.01 817.65
1768.01 818.17
1768.01 818.70
1768.01 819.22
1768.00 819.74
1768.00 820.26
1767.99 820.78
1767.99 821.30
1767.98 821.83
1767.98 822.35
1767.99 822.87
1767.99 823.40
1768.00 823.93
1768.01 824.45
1768.00 824.97
1767.97 825.48
1767.91 825.98
1767.81 826.46
1767.68 826.93
1767.52 827.39
1767.37 827.85
1767.23 828.32
1767.13 828.80
1767.06 829.30
1767.03 829.80
1767.01 830.32
1767.00 830.84
1767.00 831.36
1766.99 831.88
1766.96 832.39
1766.91 832.90
1766.83 833.38
1766.71 833.86
1766.56 834.32
1766.41 834.78
1766.26 835.24
1766.15 835.72
1766.07 836.21
1766.03 836.72
1766.01 837.23
1766.00 837.75
1766.00 838.28
1766.00 838.80
1766.00 839.32
1766.00 839.85
1766.00 840.37
1766.00 840.89
1766.00 841.41
1766.00 841.94
1766.00 842.46
1766.00 842.98
1766.00 843.51
1766.00 844.03
1766.00 844.56
1766.00 845.08
1766.00 845.60
1766.00 846.13
1766.00 846.65
1766.00 847.17
1766.00 847.70
1766.00 848.22
1766.00 848.74
1766.00 849.26
1765.99 849.78
1765.97 850.30
1765.93 850.81
1765.85 851.30
1765.74 851.77
1765.59 852.24
1765.44 852.70
1765.29 853.16
1765.17 853.63
1765.09 854.12
1765.04 854.62
1765.01 855.14
1765.01 855.66
1765.00 856.18
1765.00 856.70
1765.00 857.23
1765.00 857.75
1765.00 858.27
1765.00 858.80
1765.00 859.32
1765.00 859.84
1765.00 860.37
1765.00 860.89
1764.99 861.41
1764.98 861.93
1764.96 862.44
1764.91 862.94
1764.82 863.43
1764.70 863.90
1764.55 864.37
1764.39 864.82
1764.25 865.29
1764.14 865.77
1764.07 866.26
1764.03 866.77
1764.01 867.28
1764.00 867.80
1764.00 868.33
1764.00 868.85
1764.00 869.37
1764.00 869.90
1764.00 870.42
1764.00 870.94
1764.00 871.47
1764.00 871.99
1764.00 872.51
1764.00 873.04
1764.00 873.56
1764.00 874.08
1764.00 874.61
1764.00 875.13
1763.99 875.65
1763.98 876.17
1763.94 876.67
1763.87 877.17
1763.77 877.65
1763.63 878.12
1763.47 878.58
1763.32 879.04
1763.20 879.51
1763.10 879.99
1763.05 880.49
1763.02 881.00
1763.01 881.52
1763.00 882.04
1763.00 882.57
1763.00 883.09
1763.00 883.61
1763.00 884.14
1763.00 884.66
1763.00 885.18
1763.00 885.71
1763.00 886.23
1762.99 886.75
1762.97 887.26
1762.93 887.77
1762.85 888.26
1762.74 888.74
1762.60 889.20
1762.44 889.66
1762.30 890.12
1762.17 890.60
1762.09 891.09
1762.04 891.59
1762.02 892.10
1762.01 892.62
1762.01 893.15
1762.01 893.67
1762.00 894.19
1762.00 894.71
1761.99 895.23
1761.99 895.75
1761.99 896.28
1761.99 896.80
1762.00 897.33
1761.99 897.85
1761.97 898.37
1761.92 898.87
1761.84 899.36
1761.71 899.83
1761.56 900.29
1761.41 900.75
1761.26 901.21
1761.15 901.69
1761.08 902.18
1761.03 902.69
1761.01 903.20
1761.00 903.72
1761.00 904.24
1761.00 904.77
1761.00 905.29
1760.99 905.81
1760.97 906.32
1760.92 906.83
1760.84 907.32
1760.73 907.79
1760.59 908.26
1760.43 908.72
1760.28 909.18
1760.16 909.65
1760.08 910.14
1760.04 910.65
1760.02 911.16
1760.01 911.68
1760.00 912.20
1760.00 912.73
1760.00 913.25
1760.00 913.77
1760.00 914.29
1760.00 914.82
1760.00 915.34
1760.00 915.87
1760.00 916.39
1760.00 916.91
1760.00 917.44
1760.00 917.96
1760.00 918.48
1760.00 919.01
1760.00 919.53
1760.00 920.05
1760.00 920.58
1760.00 921.10
1759.99 921.62
1759.98 922.14
1759.94 922.65
1759.88 923.14
1759.77 923.62
1759.64 924.09
1759.48 924.55
1759.33 925.01
1759.20 925.48
1759.11 925.96
1759.05 926.46
1759.02 926.97
1759.01 927.49
1759.00 928.01
1759.00 928.54
1759.00 929.06
1759.00 929.58
1759.00 930.11
1759.00 930.63
1759.00 931.15
1758.99 931.67
1758.97 932.19
1758.94 932.70
1758.87 933.19
1758.76 933.67
1758.62 934.14
1758.47 934.60
1758.32 935.06
1758.19 935.53
1758.10 936.01
1758.04 936.51
1758.02 937.03
1758.01 937.55
1758.00 938.07
1758.00 938.59
1758.00 939.11
1758.00 939.64
1758.00 940.16
1758.00 940.68
1758.00 941.21
1758.00 941.73
1758.00 942.25
1757.99 942.77
1757.97 943.29
1757.93 943.79
1757.85 944.28
1757.74 944.76
1757.59 945.23
1757.44 945.68
1757.29 946.15
1757.17 946.62
1757.09 947.11
1757.04 947.61
1757.02 948.13
1757.01 948.65
1757.01 949.17
1757.00 949.69
1757.00 950.21
1756.99 950.73
1756.99 951.26
1756.99 951.78
1756.99 952.30
1756.99 952.83
1756.97 953.34
1756.93 953.85
1756.84 954.33
1756.72 954.81
1756.57 955.27
1756.42 955.73
1756.27 956.19
1756.16 956.67
1756.08 957.16
1756.03 957.66
1756.01 958.18
1756.00 958.70
1756.00 959.22
1756.00 959.74
1756.00 960.26
1755.99 960.78
1755.97 961.30
1755.92 961.81
1755.85 962.30
1755.74 962.77
1755.59 963.24
1755.44 963.70
1755.29 964.16
1755.17 964.63
1755.09 965.12
1755.04 965.62
1755.01 966.14
1755.00 966.66
1755.00 967.18
1755.00 967.70
1755.00 968.23
1755.00 968.75
1755.00 969.27
1755.00 969.80
1755.00 970.32
1755.00 970.84
1754.99 971.36
1754.99 971.89
1754.99 972.41
1754.98 972.93
1754.96 973.44
1754.91 973.95
1754.82 974.43
1754.69 974.90
1754.54 975.36
1754.38 975.82
1754.24 976.29
1754.14 976.77
1754.07 977.26
1754.03 977.77
1754.01 978.28
1754.00 978.80
1754.00 979.33
1754.00 979.85
1754.00 980.37
1754.00 980.90
1753.99 981.42
1753.98 981.94
1753.96 982.45
1753.90 982.95
1753.82 983.44
1753.69 983.91
1753.54 984.37
1753.39 984.83
1753.25 985.30
1753.14 985.77
1753.07 986.27
1753.03 986.77
1753.01 987.29
1753.00 987.81
1753.00 988.33
1753.00 988.86
1753.00 989.38
1753.00 989.90
1753.00 990.43
1753.00 990.95
1753.00 991.47
1753.00 992.00
1753.00 992.52
1753.00 993.04
1752.99 993.56
1752.98 994.08
1752.95 994.59
1752.88 995.09
1752.79 995.57
1752.65 996.04
1752.50 996.50
1752.35 996.96
1752.21 997.43
1752.12 997.91
1752.05 998.41
1752.02 998.92
1752.01 999.44
1752.00 999.96
1752.00 1000.48
1752.00 1001.00
1752.00 1001.53
1752.00 1002.05
1752.00 1002.57
1752.00 1003.09
1751.99 1003.62
1751.98 1004.13
1751.94 1004.64
1751.88 1005.14
1751.78 1005.62
1751.65 1006.09
1751.50 1006.55
1751.34 1007.01
1751.20 1007.48
1751.10 1007.96
1751.04 1008.45
1751.01 1008.97
1751.00 1009.49
1751.00 1010.01
1751.01 1010.54
1751.01 1011.06
1751.02 1011.59
1751.01 1012.11
1751.01 1012.63
1751.00 1013.15
1751.00 1013.67
1750.99 1014.19
1750.99 1014.72
1750.99 1015.24
1750.99 1015.76
1750.99 1016.29
1750.99 1016.81
1750.97 1017.32
1750.93 1017.83
1750.85 1018.32
1750.73 1018.80
1750.59 1019.26
1750.43 1019.72
1750.28 1020.18
1750.16 1020.65
1750.08 1021.14
1750.04 1021.65
1750.02 1022.16
1750.01 1022.68
1750.00 1023.20
1750.00 1023.73
1750.00 1024.25
1749.99 1024.77
1749.99 1025.29
1749.99 1025.81
1749.97 1026.33
1749.92 1026.84
1749.84 1027.33
1749.73 1027.80
1749.58 1028.26
1749.42 1028.72
1749.27 1029.18
1749.16 1029.66
1749.08 1030.15
1749.04 1030.65
1749.01 1031.17
1749.01 1031.69
1749.00 1032.21
1749.00 1032.73
1749.00 1033.26
1749.00 1033.78
1748.99 1034.30
1748.99 1034.82
1748.97 1035.34
1748.92 1035.84
1748.84 1036.33
1748.73 1036.81
1748.58 1037.27
1748.42 1037.73
1748.28 1038.19
1748.16 1038.67
1748.08 1039.16
1748.04 1039.66
1748.01 1040.18
1748.01 1040.69
1748.00 1041.22
1748.00 1041.74
1748.00 1042.26
1748.00 1042.79
1748.00 1043.31
1748.00 1043.83
1748.00 1044.36
1748.00 1044.88
1748.00 1045.40
1748.00 1045.93
1747.99 1046.45
1747.98 1046.97
1747.96 1047.48
1747.90 1047.98
1747.81 1048.47
1747.69 1048.94
1747.54 1049.40
1747.38 1049.86
1747.24 1050.32
1747.13 1050.80
1747.07 1051.30
1747.03 1051.80
1747.01 1052.32
1747.00 1052.84
1747.00 1053.36
1747.00 1053.89
1747.00 1054.41
1747.00 1054.93
1746.99 1055.45
1746.98 1055.97
1746.95 1056.48
1746.90 1056.99
1746.81 1057.47
1746.68 1057.94
1746.53 1058.40
1746.38 1058.86
1746.24 1059.33
1746.13 1059.81
1746.06 1060.30
1746.03 1060.81
1746.01 1061.33
1746.00 1061.85
1746.00 1062.37
1746.00 1062.89
1746.00 1063.42
1746.00 1063.94
1746.00 1064.46
1746.00 1064.99
1745.99 1065.51
1745.98 1066.03
1745.95 1066.54
1745.89 1067.04
1745.80 1067.52
1745.67 1067.99
1745.52 1068.45
1745.36 1068.91
1745.23 1069.38
1745.12 1069.86
1745.06 1070.35
1745.02 1070.86
1745.01 1071.38
1745.00 1071.90
1745.00 1072.42
1745.00 1072.95
1745.00 1073.47
1745.00 1073.99
1745.00 1074.52
1745.00 1075.04
1744.99 1075.56
1744.98 1076.08
1744.95 1076.59
1744.89 1077.09
1744.79 1077.57
1744.66 1078.04
1744.50 1078.50
1744.35 1078.96
1744.21 1079.42
1744.12 1079.91
1744.05 1080.40
1744.02 1080.92
1744.01 1081.43
1744.01 1081.96
1744.01 1082.48
1744.00 1083.00
1744.00 1083.52
1743.99 1084.04
1743.99 1084.57
1743.99 1085.09
1743.99 1085.61
1743.98 1086.13
1743.95 1086.64
1743.88 1087.14
1743.77 1087.62
1743.63 1088.08
1743.48 1088.54
1743.33 1089.00
1743.20 1089.47
1743.10 1089.95
1743.04 1090.45
1743.01 1090.96
1743.00 1091.48
1742.99 1092.00
1742.96 1092.51
1742.90 1093.01
1742.80 1093.49
1742.66 1093.96
1742.51 1094.42
1742.35 1094.88
1742.20 1095.34
1742.06 1095.80
1741.92 1096.27
1741.77 1096.73
1741.62 1097.19
1741.46 1097.65
1741.30 1098.11
1741.18 1098.58
1741.09 1099.07
1741.04 1099.57
1741.01 1100.08
1741.01 1100.60
1741.00 1101.12
1741.00 1101.65
1741.00 1102.17
1741.00 1102.69
1741.00 1103.22
1741.00 1103.74
1741.00 1104.26
1741.00 1104.78
1740.99 1105.31
1740.99 1105.83
1740.96 1106.34
1740.92 1106.85
1740.84 1107.34
1740.72 1107.81
1740.58 1108.27
1740.42 1108.73
1740.28 1109.20
1740.16 1109.67
1740.08 1110.16
1740.03 1110.67
1740.01 1111.18
1740.00 1111.70
1740.00 1112.22
1740.00 1112.74
1740.00 1113.27
1739.99 1113.79
1739.97 1114.30
1739.92 1114.81
1739.85 1115.30
1739.73 1115.77
1739.59 1116.24
1739.43 1116.70
1739.29 1117.16
1739.17 1117.63
1739.08 1118.12
1739.04 1118.63
1739.01 1119.14
1739.01 1119.66
1739.00 1120.18
1739.00 1120.71
1739.00 1121.23
1739.00 1121.75
1739.00 1122.28
1739.00 1122.80
1739.00 1123.32
1739.00 1123.84
1739.00 1124.37
1739.00 1124.89
1739.00 1125.41
1739.00 1125.94
1739.00 1126.46
1738.99 1126.98
1738.96 1127.49
1738.90 1127.99
1738.81 1128.48
1738.69 1128.95
1738.54 1129.41
1738.38 1129.87
1738.24 1130.33
1738.13 1130.81
1738.06 1131.30
1738.02 1131.81
1738.00 1132.33
1738.00 1132.85
1738.01 1133.38
1738.01 1133.90
1738.01 1134.43
1738.01 1134.95
1738.00 1135.47
1738.00 1135.99
1737.99 1136.51
1737.97 1137.03
1737.95 1137.54
1737.89 1138.04
1737.80 1138.52
1737.67 1139.00
1737.52 1139.46
1737.36 1139.92
1737.23 1140.38
1737.13 1140.86
1737.06 1141.36
1737.03 1141.87
1737.01 1142.39
1737.01 1142.91
1737.00 1143.43
1737.00 1143.95
1736.99 1144.47
1736.99 1145.00
1736.99 1145.52
1736.98 1146.04
1736.95 1146.55
1736.89 1147.05
1736.79 1147.53
1736.66 1148.00
1736.50 1148.46
1736.34 1148.91
1736.19 1149.37
1736.05 1149.84
1735.91 1150.30
1735.76 1150.77
1735.61 1151.22
1735.44 1151.68
1735.29 1152.14
1735.17 1152.62
1735.09 1153.10
1735.04 1153.61
1735.01 1154.12
1735.00 1154.64
1735.00 1155.16
1735.00 1155.68
1735.00 1156.21
1735.00 1156.73
1735.01 1157.26
1735.01 1157.78
1735.01 1158.30
1735.00 1158.83
1735.00 1159.35
1735.00 1159.87
1734.99 1160.39
1734.99 1160.91
1734.99 1161.44
1734.99 1161.96
1734.99 1162.49
1734.98 1163.01
1734.96 1163.52
1734.90 1164.02
1734.81 1164.50
1734.68 1164.97
1734.53 1165.43
1734.38 1165.89
1734.24 1166.36
1734.12 1166.84
1734.05 1167.33
1734.01 1167.84
1734.00 1168.35
1734.00 1168.88
1734.01 1169.40
1734.01 1169.93
1734.01 1170.45
1734.00 1170.97
1734.00 1171.49
1733.99 1172.02
1733.99 1172.54
1733.98 1173.05
1733.95 1173.57
1733.89 1174.07
1733.79 1174.55
1733.66 1175.02
1733.51 1175.48
1733.35 1175.94
1733.22 1176.41
1733.12 1176.89
1733.06 1177.38
1733.02 1177.89
1733.01 1178.41
1733.00 1178.93
1733.00 1179.45
1733.00 1179.98
1732.99 1180.50
1732.98 1181.02
1732.95 1181.53
1732.89 1182.03
1732.80 1182.51
1732.67 1182.98
1732.52 1183.44
1732.37 1183.90
1732.23 1184.37
1732.13 1184.85
1732.06 1185.35
1732.02 1185.85
1732.01 1186.37
1732.00 1186.89
1732.00 1187.42
1732.00 1187.94
1732.00 1188.46
1732.00 1188.98
1731.99 1189.50
1731.98 1190.02
1731.95 1190.53
1731.89 1191.03
1731.80 1191.52
1731.67 1191.99
1731.52 1192.45
1731.36 1192.91
1731.23 1193.37
1731.12 1193.86
1731.06 1194.35
1731.01 1194.86
1730.97 1195.36
1730.92 1195.86
1730.84 1196.35
1730.72 1196.83
1730.57 1197.29
1730.41 1197.75
1730.27 1198.21
1730.16 1198.69
1730.08 1199.18
1730.03 1199.68
1730.01 1200.20
1729.99 1200.71
1729.97 1201.23
1729.93 1201.74
1729.86 1202.23
1729.75 1202.71
1729.61 1203.17
1729.46 1203.63
1729.30 1204.09
1729.18 1204.56
1729.08 1205.04
1729.00 1205.53
1728.91 1206.02
1728.81 1206.50
1728.68 1206.97
1728.53 1207.43
1728.37 1207.89
1728.23 1208.36
1728.13 1208.84
1728.06 1209.33
1728.03 1209.84
1728.01 1210.36
1728.00 1210.88
1728.00 1211.40
1728.00 1211.93
1727.99 1212.45
1727.98 1212.97
1727.95 1213.48
1727.90 1213.98
1727.81 1214.46
1727.68 1214.94
1727.53 1215.40
1727.37 1215.85
1727.21 1216.31
1727.07 1216.77
1726.93 1217.24
1726.78 1217.70
1726.63 1218.16
1726.47 1218.62
1726.31 1219.08
1726.19 1219.55
1726.10 1220.04
1726.04 1220.54
1726.02 1221.05
1726.01 1221.57
1726.00 1222.09
1726.00 1222.61
1726.00 1223.14
1726.00 1223.66
1726.00 1224.18
1726.00 1224.71
1726.00 1225.23
1726.00 1225.75
1726.00 1226.28
1726.00 1226.80
1726.00 1227.32
1726.00 1227.85
1726.00 1228.37
1725.99 1228.89
1725.96 1229.40
1725.91 1229.90
1725.83 1230.39
1725.71 1230.86
1725.56 1231.33
1725.40 1231.79
1725.26 1232.25
1725.15 1232.73
1725.07 1233.22
1725.03 1233.72
1725.01 1234.24
1725.00 1234.76
1725.00 1235.28
1725.00 1235.81
1725.00 1236.33
1725.00 1236.85
1725.00 1237.38
1725.00 1237.90
1725.00 1238.42
1725.00 1238.94
1724.99 1239.47
1724.98 1239.99
1724.95 1240.50
1724.90 1241.00
1724.81 1241.48
1724.68 1241.95
1724.53 1242.41
1724.37 1242.87
1724.24 1243.34
1724.13 1243.82
1724.06 1244.31
1724.03 1244.82
1724.01 1245.34
1724.00 1245.86
1724.00 1246.38
1724.00 1246.91
1724.00 1247.43
1724.00 1247.95
1723.99 1248.47
1723.98 1248.99
1723.95 1249.50
1723.90 1250.00
1723.81 1250.49
1723.68 1250.96
1723.53 1251.42
1723.37 1251.88
1723.24 1252.35
1723.13 1252.83
1723.06 1253.32
1723.03 1253.83
1723.01 1254.35
1723.00 1254.87
1723.00 1255.39
1723.00 1255.91
1723.00 1256.44
1723.00 1256.96
1722.99 1257.48
1722.98 1258.00
1722.95 1258.51
1722.89 1259.01
1722.80 1259.49
1722.67 1259.96
1722.52 1260.42
1722.37 1260.88
1722.23 1261.35
1722.13 1261.83
1722.07 1262.33
1722.03 1262.84
1722.01 1263.35
1722.00 1263.87
1721.99 1264.39
1721.99 1264.91
1721.98 1265.44
1721.02 1272.36
1720.94 1272.85
1720.85 1273.34
1720.73 1273.81
1720.58 1274.27
1720.42 1274.73
1720.27 1275.19
1720.16 1275.67
1720.08 1276.16
1720.04 1276.67
1720.02 1277.18
1720.01 1277.70
1720.00 1278.22
1720.00 1278.74
1720.00 1279.27
1719.41 1283.74
1719.27 1284.20
1719.15 1284.67
1719.05 1285.16
1718.98 1285.65
1718.89 1286.14
1718.78 1286.61
1718.64 1287.08
1718.49 1287.54
1718.33 1288.00
1718.20 1288.47
1718.11 1288.95
1718.05 1289.45
1718.02 1289.96
1718.00 1290.48
1717.98 1290.99
1717.95 1291.51
1717.90 1292.00
1717.81 1292.49
1717.68 1292.96
1717.53 1293.42
1717.37 1293.88
1717.23 1294.35
1717.13 1294.83
1717.06 1295.32
1717.02 1295.83
1717.00 1296.35
1716.99 1296.86
1716.96 1297.38
1716.92 1297.88
1716.83 1298.37
1716.72 1298.84
1716.57 1299.31
1716.41 1299.76
1716.27 1300.23
1716.15 1300.70
1716.05 1301.18
1715.97 1301.67
1715.88 1302.16
1715.77 1302.64
1715.63 1303.10
1715.48 1303.56
1715.32 1304.02
1715.20 1304.49
1715.10 1304.98
1715.05 1305.48
1715.02 1305.99
1715.01 1306.51
1715.00 1307.03
1715.00 1307.55
1715.00 1308.08
1715.00 1308.60
1715.00 1309.12
1714.99 1309.64
1714.97 1310.16
1714.94 1310.67
1714.87 1311.16
1714.77 1311.64
1714.63 1312.11
1714.48 1312.57
1714.32 1313.03
1714.20 1313.50
1714.11 1313.99
1714.05 1314.49
1714.02 1315.00
1714.00 1315.51
1714.00 1316.03
1713.99 1316.56
1713.98 1317.07
1713.95 1317.59
1713.89 1318.08
1713.79 1318.57
1713.66 1319.04
1713.51 1319.50
1713.35 1319.95
1713.22 1320.42
1713.11 1320.90
1713.04 1321.40
1713.01 1321.91
1713.00 1322.43
1713.00 1322.95
1713.01 1323.48
1713.01 1324.00
1713.01 1324.52
1713.01 1325.05
1713.01 1325.57
1713.00 1326.09
1712.99 1326.61
1712.99 1327.13
1712.99 1327.66
1712.99 1328.18
1712.99 1328.70
1712.97 1329.22
1712.93 1329.73
1712.86 1330.22
1712.76 1330.70
1712.61 1331.16
1712.46 1331.62
1712.31 1332.08
1712.18 1332.55
1712.09 1333.04
1712.04 1333.54
1712.00 1334.05
1711.95 1334.55
1711.89 1335.05
1711.80 1335.53
1711.67 1336.00
1711.51 1336.46
1711.36 1336.92
1711.22 1337.39
1711.12 1337.87
1711.06 1338.37
1711.02 1338.88
1711.00 1339.39
1710.99 1339.91
1710.96 1340.42
1710.91 1340.92
1710.82 1341.41
1710.70 1341.89
1710.55 1342.35
1710.40 1342.81
1710.26 1343.27
1710.15 1343.75
1710.07 1344.24
1710.03 1344.75
1710.01 1345.26
1675.49 1545.55
1675.33 1546.01
1675.20 1546.48
1675.11 1546.96
1675.04 1547.46
1675.00 1547.96
1674.96 1548.47
1674.91 1548.97
1674.81 1549.45
1674.69 1549.93
1674.54 1550.39
1646.44 1670.64
1646.28 1671.10
1646.13 1671.56
1645.99 1672.02
1645.85 1672.49
1645.70 1672.95
1645.54 1673.41
1645.38 1673.86
1645.24 1674.33
1645.12 1674.80
1645.03 1675.29
1644.86 1676.27
1644.60 1677.21
1642.02 1683.99
1641.74 1684.39
1641.49 1684.81
1641.29 1685.26
1641.15 1685.72
1641.05 1686.20
1640.97 1686.69
1640.88 1687.18
1640.63 1688.11
1640.47 1688.56
1866.00 486.29
1866.00 486.82
1866.00 487.34
1866.00 487.86
1866.00 488.38
1866.00 492.05
1866.00 492.57
1866.00 493.09
1866.00 493.62
1866.00 494.14
1866.00 494.67
1866.00 495.19
1866.00 496.24
1866.00 498.33
1866.00 498.85
1866.00 499.38
1866.00 499.90
1866.00 500.42
1866.00 500.94
1866.01 501.47
1866.02 501.98
1866.05 502.50
1866.10 503.00
1866.19 503.49
1866.31 503.96
1866.45 504.42
1866.61 504.88
1866.76 505.34
1866.87 505.82
1866.95 506.31
1866.99 506.82
1867.00 507.33
1867.00 507.86
1866.99 508.39
1866.98 508.91
1866.98 509.44
1866.99 509.96
1866.99 510.48
1867.00 511.00
1867.01 511.52
1867.01 512.04
1867.01 512.56
1867.01 513.09
1867.01 513.61
1867.01 514.14
1867.00 514.66
1867.00 515.19
1867.00 515.71
1867.00 516.23
1866.99 516.76
1866.99 517.28
1866.99 517.81
1866.99 518.33
1866.99 518.85
1866.99 519.37
1867.00 519.90
1867.00 520.42
1867.00 520.94
1867.00 521.46
1867.00 521.99
1867.00 522.51
1867.00 523.03
1867.00 523.56
1867.00 524.08
1867.00 524.60
1867.00 525.13
1867.00 525.65
1867.00 526.18
1867.00 526.70
1867.00 527.22
1867.00 527.75
1867.00 528.27
1867.00 528.79
1867.00 529.32
1867.00 529.84
1866.99 530.36
1866.99 530.88
1866.96 531.39
1866.91 531.90
1866.83 532.39
1866.72 532.86
1866.58 533.33
1866.42 533.79
1866.27 534.25
1866.15 534.72
1866.06 535.21
1866.02 535.71
1866.00 536.23
1866.00 536.75
1866.01 537.28
1866.02 537.81
1866.02 538.33
1866.01 538.85
1866.01 539.37
1866.00 539.89
1865.99 540.41
1865.99 540.93
1865.99 541.46
1865.99 541.98
1865.99 542.50
1865.99 543.03
1865.99 543.55
1866.00 544.08
1866.00 544.60
1866.00 545.13
1866.00 545.65
1866.01 546.18
1866.01 546.70
1866.01 547.22
1866.01 547.75
1866.01 548.27
1866.01 548.79
1866.00 549.31
1866.00 549.84
1866.00 550.36
1866.00 550.88
1866.00 551.41
1866.00 551.93
1866.00 552.45
1866.00 552.98
1866.00 553.50
1866.00 554.02
1866.00 554.55
1866.00 555.07
1866.00 555.59
1866.00 556.12
1866.00 556.64
1866.00 557.16
1866.00 557.69
1866.00 558.21
1866.00 558.73
1866.00 559.26
1866.00 559.78
1866.00 560.30
1866.00 560.83
1866.00 561.35
1866.00 561.87
1866.00 562.40
1866.00 562.92
1866.00 563.44
1866.00 563.97
1866.00 564.49
1866.00 565.01
1866.00 565.54
1866.00 566.06
1866.00 566.58
1866.00 567.11
1866.00 567.63
1866.00 568.15
1866.00 568.68
1866.00 569.20
1866.00 569.72
1866.00 570.25
1866.00 570.77
1866.00 571.29
1866.00 571.82
1866.00 572.34
1866.00 572.86
1866.00 573.39
1865.99 573.90
1865.96 574.42
1865.91 574.92
1865.83 575.41
1865.71 575.88
1865.56 576.35
1865.41 576.80
1865.26 577.27
1865.14 577.74
1865.06 578.23
1865.02 578.74
1865.00 579.26
1865.00 579.78
1865.01 580.30
1865.01 580.83
1865.02 581.35
1865.01 581.88
1865.01 582.40
1865.01 582.92
1865.01 583.44
1865.00 583.97
1865.00 584.49
1865.00 585.01
1865.00 585.53
1865.00 586.06
1864.99 586.58
1864.99 587.10
1864.99 587.62
1864.99 588.15
1864.99 588.67
1864.99 589.19
1864.99 589.72
1864.99 590.24
1865.00 590.77
1865.00 591.29
1865.00 591.81
1865.00 592.34
1865.00 592.86
1865.00 593.38
1865.00 593.91
1865.00 594.43
1865.00 594.96
1865.00 595.48
1865.00 596.00
1865.00 596.53
1865.00 597.05
1865.00 597.57
1865.00 598.10
1865.00 598.62
1865.00 599.14
1865.00 599.67
1865.00 600.19
1865.00 600.71
1865.00 601.23
1864.99 601.75
1864.97 602.27
1864.92 602.77
1864.85 603.27
1864.75 603.75
1864.62 604.22
1864.46 604.68
1864.31 605.14
1864.18 605.60
1864.08 606.09
1864.02 606.59
1864.00 607.10
1863.99 607.62
1864.00 608.15
1864.01 608.68
1864.02 609.20
1864.02 609.73
1864.02 610.25
1864.02 610.77
1864.01 611.29
1864.00 611.81
1864.00 612.33
1863.99 612.85
1863.99 613.38
1863.99 613.90
1863.99 614.42
1863.99 614.95
1863.99 615.47
1863.99 615.99
1863.99 616.52
1864.00 617.04
1864.00 617.57
1864.00 618.09
1864.00 618.62
1864.00 619.14
1864.01 619.66
1864.01 620.19
1864.01 620.71
1864.01 621.23
1864.01 621.76
1864.01 622.28
1864.01 622.80
1864.00 623.33
1864.00 623.85
1864.00 624.37
1864.00 624.90
1864.00 625.42
1864.00 625.94
1864.00 626.46
1864.00 626.99
1864.00 627.51
1864.00 628.03
1864.00 628.56
1864.00 629.08
1864.00 629.60
1864.00 630.13
1864.00 630.65
1864.00 631.18
1864.00 631.70
1864.00 632.22
1864.00 632.75
1864.00 633.27
1864.00 633.79
1864.00 634.31
1863.99 634.83
1863.96 635.35
1863.92 635.85
1863.84 636.34
1863.73 636.82
1863.59 637.29
1863.44 637.75
1863.29 638.21
1863.16 638.68
1863.07 639.16
1863.02 639.67
1863.00 640.18
1863.00 640.71
1863.01 641.23
1863.02 641.76
1863.02 642.28
1863.01 642.80
1863.00 643.32
1863.00 643.84
1862.99 644.36
1862.99 644.89
1862.99 645.41
1862.99 645.94
1863.00 646.46
1863.00 646.99
1863.01 647.51
1863.01 648.04
1863.01 648.56
1863.00 649.08
1863.00 649.60
1863.00 650.12
1862.99 650.65
1862.99 651.17
1862.99 651.69
1862.97 652.21
1862.93 652.72
1862.86 653.21
1862.76 653.69
1862.62 654.15
1862.46 654.61
1862.31 655.07
1862.18 655.54
1862.10 656.03
1862.04 656.53
1862.02 657.05
1862.01 657.56
1862.00 658.09
1862.00 658.61
1862.00 659.13
1862.00 659.66
1862.00 660.18
1862.00 660.70
1862.00 661.22
1862.00 661.75
1862.00 662.27
1862.00 662.79
1862.00 663.32
1862.00 663.84
1862.00 664.37
1862.00 664.89
1862.00 665.41
1862.00 665.94
1862.00 666.46
1862.00 666.98
1862.00 667.51
1862.00 668.03
1862.00 668.55
1862.00 669.08
1862.00 669.60
1862.00 670.12
1862.00 670.65
1862.00 671.17
1861.99 671.69
1861.97 672.20
1861.94 672.71
1861.87 673.21
1861.77 673.69
1861.64 674.16
1861.48 674.62
1861.33 675.08
1861.19 675.55
1861.09 676.03
1861.03 676.52
1860.99 677.03
1860.98 677.55
1860.99 678.08
1860.99 678.60
1861.00 679.13
1861.01 679.66
1861.02 680.18
1861.02 680.71
1861.02 681.23
1861.02 681.75
1861.01 682.27
1861.01 682.80
1861.00 683.32
1861.00 683.84
1860.99 684.36
1860.99 684.88
1860.99 685.40
1860.99 685.93
1860.99 686.45
1860.99 686.98
1860.99 687.50
1861.00 688.03
1861.00 688.55
1861.01 689.07
1861.01 689.60
1861.00 690.12
1861.00 690.64
1861.00 691.17
1860.99 691.69
1860.97 692.20
1860.93 692.71
1860.87 693.20
1860.76 693.68
1860.63 694.15
1860.47 694.61
1860.32 695.07
1860.19 695.54
1860.09 696.02
1860.04 696.52
1860.01 697.04
1860.00 697.55
1860.00 698.08
1860.00 698.60
1860.00 699.13
1860.01 699.65
1860.01 700.18
1860.01 700.70
1860.01 701.22
1860.01 701.74
1860.00 702.27
1860.00 702.79
1860.00 703.31
1860.00 703.83
1860.00 704.36
1859.99 704.88
1859.99 705.40
1859.99 705.93
1860.00 706.45
1860.00 706.97
1860.00 707.50
1860.00 708.02
1860.00 708.55
1860.00 709.07
1859.99 709.59
1859.98 710.11
1859.95 710.62
1859.89 711.12
1859.79 711.60
1859.67 712.07
1859.52 712.53
1859.36 712.99
1859.22 713.46
1859.11 713.93
1859.04 714.43
1858.99 714.93
1858.98 715.45
1858.98 715.97
1858.99 716.50
1859.00 717.03
1859.01 717.55
1859.01 718.08
1859.02 718.61
1859.02 719.13
1859.02 719.65
1859.02 720.18
1859.02 720.70
1859.01 721.22
1859.01 721.74
1859.00 722.26
1859.00 722.79
1858.99 723.31
1858.99 723.83
1858.98 724.35
1858.98 724.87
1858.98 725.39
1858.98 725.92
1858.99 726.44
1859.00 726.97
1859.00 727.50
1859.00 728.02
1858.97 728.53
1858.90 729.03
1858.80 729.51
1858.66 729.97
1858.51 730.43
1858.35 730.89
1858.22 731.36
1858.12 731.84
1858.06 732.34
1858.02 732.85
1858.01 733.36
1858.00 733.89
1858.00 734.41
1858.00 734.93
1858.00 735.46
1858.00 735.98
1858.01 736.50
1858.01 737.03
1858.01 737.55
1858.01 738.08
1858.00 738.60
1858.00 739.12
1857.99 739.64
1857.99 740.16
1857.99 740.68
1857.99 741.21
1857.99 741.73
1857.98 742.25
1857.94 742.76
1857.86 743.25
1857.74 743.72
1857.60 744.19
1857.44 744.64
1857.29 745.11
1857.17 745.58
1857.09 746.07
1857.04 746.57
1857.02 747.09
1857.01 747.60
1857.00 748.13
1857.00 748.65
1857.00 749.17
1857.00 749.70
1857.00 750.22
1857.00 750.74
1857.00 751.26
1856.99 751.79
1856.99 752.31
1856.99 752.83
1857.00 753.36
1857.00 753.88
1857.00 754.41
1857.01 754.93
1857.01 755.46
1857.01 755.98
1857.01 756.50
1857.01 757.02
1857.00 757.55
1856.99 758.07
1856.99 758.59
1856.99 759.11
1856.99 759.63
1856.99 760.16
1856.99 760.68
1856.98 761.20
1856.94 761.71
1856.87 762.20
1856.76 762.68
1856.61 763.14
1856.45 763.60
1856.30 764.06
1856.18 764.53
1856.10 765.02
1856.04 765.52
1856.02 766.04
1856.01 766.55
1856.00 767.08
1856.00 767.60
1856.00 768.12
1856.00 768.65
1856.00 769.17
1856.00 769.69
1856.00 770.22
1856.00 770.74
1856.00 771.26
1856.00 771.79
1856.00 772.31
1856.00 772.83
1856.00 773.36
1856.00 773.88
1856.00 774.40
1856.00 774.93
1856.00 775.45
1856.00 775.97
1855.99 776.49
1855.98 777.01
1855.95 777.52
1855.90 778.02
1855.81 778.51
1855.69 778.98
1855.54 779.44
1855.38 779.90
1855.24 780.37
1855.12 780.84
1855.05 781.33
1855.00 781.84
1854.98 782.36
1854.98 782.88
1854.99 783.40
1855.00 783.93
1855.01 784.46
1855.01 784.98
1855.02 785.51
1855.02 786.03
1855.02 786.56
1855.02 787.08
1855.02 787.60
1855.01 788.12
1855.00 788.64
1855.00 789.17
1854.99 789.69
1854.99 790.21
1854.98 790.73
1854.98 791.25
1854.98 791.77
1854.98 792.30
1854.99 792.83
1855.00 793.35
1855.00 793.88
1854.98 794.39
1854.92 794.89
1854.83 795.38
1854.71 795.85
1854.55 796.31
1854.40 796.77
1854.26 797.23
1854.15 797.71
1854.07 798.20
1854.03 798.71
1854.01 799.22
1854.00 799.74
1854.00 800.27
1854.00 800.79
1854.00 801.31
1854.00 801.83
1854.00 802.36
1854.00 802.88
1854.00 803.41
1854.01 803.93
1854.01 804.45
1854.00 804.98
1854.00 805.50
1854.00 806.02
1853.99 806.54
1853.99 807.07
1853.99 807.59
1853.98 808.11
1853.95 808.62
1853.88 809.11
1853.78 809.59
1853.64 810.06
1853.48 810.52
1853.33 810.98
1853.20 811.45
1853.11 811.93
1853.05 812.43
1853.02 812.94
1853.01 813.46
1853.00 813.98
1853.00 814.50
1853.00 815.03
1853.00 815.55
1853.00 816.07
1853.00 816.60
1853.00 817.12
1853.01 817.65
1853.01 818.17
1853.01 818.70
1853.01 819.22
1853.00 819.74
1853.00 820.26
1852.99 820.78
1852.99 821.30
1852.99 821.83
1852.99 822.35
1852.99 822.87
1852.97 823.39
1852.92 823.89
1852.83 824.38
1852.71 824.85
1852.55 825.31
1852.40 825.77
1852.26 826.23
1852.15 826.71
1852.07 827.21
1852.03 827.71
1852.01 828.23
1852.00 828.75
1852.00 829.27
1852.00 829.79
1852.00 830.32
1852.00 830.84
1852.00 831.36
1852.00 831.89
1852.00 832.41
1852.00 832.93
1852.00 833.46
1852.00 833.98
1852.00 834.50
1852.00 835.02
1851.99 835.55
1851.98 836.06
1851.95 836.57
1851.89 837.07
1851.80 837.56
1851.67 838.03
1851.52 838.49
1851.37 838.95
1851.22 839.41
1851.11 839.89
1851.04 840.39
1851.01 840.90
1851.00 841.41
1851.01 841.94
1851.01 842.47
1851.02 842.99
1851.02 843.52
1851.01 844.04
1851.00 844.55
1850.99 845.07
1850.98 845.60
1850.98 846.12
1850.99 846.64
1850.99 847.17
1851.00 847.69
1850.98 848.21
1850.94 848.72
1850.87 849.21
1850.76 849.69
1850.61 850.15
1850.45 850.61
1850.30 851.07
1850.18 851.54
1850.09 852.03
1850.04 852.53
1850.02 853.05
1850.01 853.57
1850.01 854.09
1850.01 854.61
1850.00 855.13
1849.99 855.65
1849.99 856.17
1849.98 856.69
1849.99 857.22
1849.99 857.75
1850.00 858.27
1850.00 858.80
1849.98 859.31
1849.93 859.81
1849.84 860.30
1849.72 860.77
1849.57 861.23
1849.41 861.69
1849.27 862.16
1849.16 862.63
1849.08 863.13
1849.04 863.63
1849.01 864.14
1849.00 864.66
1849.00 865.19
1849.00 865.71
1849.00 866.23
1849.00 866.75
1849.00 867.28
1849.00 867.80
1849.00 868.33
1849.00 868.85
1849.00 869.37
1849.00 869.89
1849.00 870.42
1849.00 870.94
1848.99 871.46
1848.98 871.98
1848.96 872.49
1848.90 872.99
1848.81 873.48
1848.69 873.95
1848.54 874.41
1848.38 874.87
1848.24 875.34
1848.13 875.81
1848.05 876.31
1848.01 876.81
1848.00 877.33
1848.00 877.85
1848.00 878.38
1848.01 878.91
1848.02 879.43
1848.02 879.95
1848.01 880.48
1848.01 881.00
1848.00 881.52
1848.00 882.04
1847.99 882.56
1847.99 883.08
1847.99 883.61
1847.99 884.13
1847.99 884.65
1847.97 885.17
1847.94 885.68
1847.87 886.18
1847.77 886.66
1847.63 887.12
1847.47 887.58
1847.32 888.04
1847.19 888.51
1847.10 889.00
1847.05 889.50
1847.02 890.01
1847.01 890.53
1847.00 891.05
1847.00 891.57
1847.00 892.09
1847.00 892.62
1847.00 893.14
1847.00 893.66
1847.00 894.19
1847.00 894.71
1847.00 895.23
1847.00 895.76
1847.00 896.28
1847.00 896.80
1847.00 897.33
1847.00 897.85
1847.00 898.37
1847.00 898.90
1847.00 899.42
1847.00 899.94
1847.00 900.47
1847.00 900.99
1846.99 901.51
1846.98 902.03
1846.95 902.54
1846.89 903.04
1846.80 903.53
1846.68 904.00
1846.53 904.46
1846.37 904.92
1846.23 905.38
1846.12 905.86
1846.05 906.36
1846.02 906.86
1846.01 907.38
1846.00 907.91
1846.00 908.43
1845.99 908.95
1845.96 909.46
1845.90 909.96
1845.82 910.44
1845.69 910.92
1845.54 911.38
1845.39 911.84
1845.25 912.30
1845.14 912.78
1845.07 913.28
1845.03 913.78
1845.02 914.30
1845.01 914.82
1845.00 915.34
1845.00 915.86
1844.99 916.38
1844.99 916.91
1844.99 917.43
1844.98 917.95
1844.96 918.46
1844.91 918.96
1844.81 919.45
1844.68 919.92
1844.53 920.38
1844.37 920.84
1844.24 921.31
1844.13 921.79
1844.06 922.28
1844.02 922.79
1844.00 923.30
1844.00 923.82
1844.00 924.34
1843.99 924.87
1843.97 925.38
1843.92 925.88
1843.83 926.37
1843.70 926.84
1843.55 927.30
1843.40 927.76
1843.26 928.23
1843.15 928.70
1843.07 929.20
1843.03 929.70
1843.01 930.22
1843.00 930.74
1843.00 931.26
1843.00 931.78
1843.00 932.31
1843.00 932.83
1843.00 933.35
1843.00 933.88
1843.00 934.40
1843.00 934.92
1843.00 935.45
1843.00 935.97
1843.00 936.49
1843.00 937.02
1842.99 937.54
1842.98 938.06
1842.95 938.57
1842.89 939.07
1842.80 939.55
1842.68 940.02
1842.53 940.48
1842.37 940.94
1842.23 941.41
1842.12 941.88
1842.04 942.38
1842.00 942.88
1841.99 943.40
1841.99 943.93
1842.00 944.45
1842.01 944.98
1842.02 945.51
1842.02 946.03
1842.02 946.55
1842.01 947.08
1842.01 947.60
1842.00 948.12
1842.00 948.64
1841.99 949.16
1841.99 949.68
1841.99 950.20
1841.99 950.73
1841.99 951.25
1841.99 951.77
1841.97 952.29
1841.93 952.80
1841.85 953.29
1841.74 953.77
1841.59 954.23
1841.44 954.69
1841.29 955.15
1841.17 955.62
1841.09 956.11
1841.04 956.62
1841.02 957.13
1841.01 957.65
1841.00 958.17
1841.00 958.69
1840.99 959.21
1840.99 959.74
1840.99 960.26
1840.99 960.78
1840.97 961.30
1840.93 961.80
1840.85 962.29
1840.73 962.77
1840.58 963.23
1840.43 963.69
1840.28 964.15
1840.16 964.63
1840.08 965.12
1840.04 965.62
1840.01 966.13
1840.01 966.65
1840.00 967.18
1840.00 967.70
1840.00 968.22
1840.00 968.75
1840.00 969.27
1840.00 969.79
1840.00 970.31
1839.99 970.84
1839.99 971.36
1839.99 971.88
1839.96 972.39
1839.91 972.90
1839.83 973.39
1839.71 973.86
1839.56 974.32
1839.40 974.78
1839.26 975.24
1839.15 975.72
1839.08 976.21
1839.03 976.72
1839.01 977.23
1839.00 977.75
1839.00 978.27
1839.00 978.80
1838.99 979.32
1838.98 979.84
1838.96 980.35
1838.92 980.86
1838.84 981.35
1838.72 981.82
1838.57 982.28
1838.41 982.74
1838.27 983.20
1838.15 983.68
1838.08 984.17
1838.03 984.68
1838.01 985.19
1838.01 985.71
1838.00 986.24
1838.00 986.76
1838.00 987.28
1838.00 987.81
1838.00 988.33
1838.00 988.85
1838.00 989.37
1837.99 989.90
1837.99 990.42
1837.98 990.94
1837.96 991.45
1837.91 991.95
1837.82 992.44
1837.69 992.91
1837.54 993.37
1837.39 993.83
1837.25 994.30
1837.14 994.77
1837.07 995.27
1837.03 995.78
1837.01 996.29
1837.01 996.81
1837.00 997.34
1837.00 997.86
1837.00 998.38
1837.00 998.90
1836.99 999.42
1836.98 999.94
1836.96 1000.46
1836.90 1000.96
1836.82 1001.45
1836.69 1001.92
1836.54 1002.38
1836.38 1002.84
1836.24 1003.30
1836.14 1003.78
1836.07 1004.28
1836.03 1004.78
1836.01 1005.30
1836.00 1005.82
1836.00 1006.34
1836.00 1006.86
1836.00 1007.39
1836.00 1007.91
1836.00 1008.43
1836.00 1008.96
1836.00 1009.48
1836.00 1010.00
1836.00 1010.53
1836.00 1011.05
1835.99 1011.57
1835.98 1012.09
1835.94 1012.60
1835.88 1013.10
1835.78 1013.58
1835.65 1014.05
1835.50 1014.51
1835.34 1014.97
1835.21 1015.43
1835.12 1015.92
1835.05 1016.42
1835.02 1016.93
1835.01 1017.44
1835.00 1017.96
1834.99 1018.48
1834.98 1019.00
1834.95 1019.51
1834.90 1020.01
1834.80 1020.50
1834.68 1020.97
1834.52 1021.43
1834.37 1021.89
1834.23 1022.36
1834.13 1022.84
1834.06 1023.33
1834.03 1023.84
1834.01 1024.36
1834.01 1024.88
1834.00 1025.40
1834.00 1025.92
1833.99 1026.44
1833.99 1026.97
1833.99 1027.49
1833.98 1028.01
1833.96 1028.52
1833.90 1029.02
1833.80 1029.50
1833.67 1029.97
1833.51 1030.43
1833.36 1030.89
1833.22 1031.36
1833.12 1031.84
1833.06 1032.34
1833.02 1032.85
1833.00 1033.36
1832.99 1033.88
1832.96 1034.39
1832.92 1034.89
1832.84 1035.39
1832.72 1035.86
1832.58 1036.33
1832.43 1036.79
1832.28 1037.25
1832.15 1037.72
1832.06 1038.21
1832.01 1038.71
1831.99 1039.22
1831.98 1039.74
1831.99 1040.27
1832.00 1040.79
1832.01 1041.32
1832.01 1041.85
1832.02 1042.37
1832.02 1042.90
1832.02 1043.42
1832.02 1043.94
1832.01 1044.46
1832.01 1044.99
1832.00 1045.51
1832.00 1046.03
1831.99 1046.55
1831.99 1047.07
1831.99 1047.59
1831.99 1048.12
1831.99 1048.64
1831.99 1049.17
1831.99 1049.69
1832.00 1050.22
1832.00 1050.74
1832.00 1051.26
1832.00 1051.79
1832.00 1052.31
1831.99 1052.83
1831.97 1053.34
1831.92 1053.85
1831.84 1054.34
1831.73 1054.82
1831.59 1055.28
1831.43 1055.74
1831.28 1056.20
1831.16 1056.67
1831.07 1057.16
1831.02 1057.66
1831.00 1058.18
1831.00 1058.70
1831.01 1059.23
1831.01 1059.75
1831.02 1060.28
1831.01 1060.80
1831.01 1061.32
1831.00 1061.84
1830.99 1062.36
1830.99 1062.88
1830.99 1063.40
1830.99 1063.93
1830.99 1064.45
1830.98 1064.97
1830.96 1065.49
1830.90 1065.99
1830.82 1066.47
1830.69 1066.94
1830.54 1067.40
1830.38 1067.86
1830.24 1068.33
1830.13 1068.81
1830.06 1069.30
1830.01 1069.80
1829.98 1070.31
1829.93 1070.82
1829.85 1071.31
1829.74 1071.78
1829.59 1072.25
1829.44 1072.71
1829.29 1073.17
1829.17 1073.64
1829.08 1074.13
1829.04 1074.63
1829.02 1075.15
1829.01 1075.67
1829.00 1076.19
1829.00 1076.71
1829.00 1077.23
1828.99 1077.75
1828.97 1078.27
1828.93 1078.78
1828.86 1079.27
1828.75 1079.75
1828.60 1080.21
1828.45 1080.67
1828.29 1081.13
1828.17 1081.60
1828.09 1082.09
1828.03 1082.59
1828.00 1083.10
1827.96 1083.61
1827.89 1084.10
1827.78 1084.58
1827.64 1085.05
1827.48 1085.50
1827.33 1085.96
1827.20 1086.43
1827.11 1086.92
1827.05 1087.42
1827.01 1087.92
1826.97 1088.43
1826.91 1088.93
1826.82 1089.42
1826.70 1089.89
1826.55 1090.35
1826.40 1090.81
1826.25 1091.27
1826.13 1091.75
1826.04 1092.23
1825.96 1092.72
1825.87 1093.21
1825.76 1093.69
1825.61 1094.15
1825.45 1094.61
1825.29 1095.06
1825.14 1095.52
1825.00 1095.99
1824.86 1096.46
1824.71 1096.92
1824.55 1097.37
1824.39 1097.83
1824.25 1098.29
1824.14 1098.77
1824.07 1099.27
1824.03 1099.77
1824.01 1100.29
1824.01 1100.81
1824.00 1101.33
1824.00 1101.86
1824.00 1102.38
1824.00 1102.90
1824.00 1103.42
1824.00 1103.95
1824.00 1104.47
1824.00 1104.99
1824.00 1105.52
1824.00 1106.04
1824.00 1106.57
1824.00 1107.09
1824.00 1107.61
1824.00 1108.14
1824.00 1108.66
1824.00 1109.18
1824.00 1109.71
1824.00 1110.23
1824.00 1110.75
1824.00 1111.28
1824.00 1111.80
1824.00 1112.32
1824.00 1112.85
1824.00 1113.37
1824.00 1113.89
1824.00 1114.42
1824.00 1114.94
1824.00 1115.46
1824.00 1115.99
1824.00 1116.51
1824.00 1117.03
1824.00 1117.56
1824.00 1118.08
1824.00 1118.60
1824.00 1119.13
1824.00 1119.65
1824.00 1120.17
1824.00 1120.70
1824.00 1121.22
1824.00 1121.74
1824.00 1122.27
1824.00 1122.79
1824.00 1123.31
1824.00 1123.84
1824.00 1124.36
1824.00 1124.88
1824.00 1125.41
1824.00 1125.93
1824.00 1126.45
1824.00 1126.98
1824.00 1127.50
1824.00 1128.02
1824.00 1128.55
1824.00 1129.07
1823.99 1129.59
1823.98 1130.11
1823.94 1130.62
1823.88 1131.11
1823.79 1131.60
1823.65 1132.07
1823.50 1132.53
1823.34 1132.98
1823.21 1133.45
1823.11 1133.93
1823.04 1134.43
1823.01 1134.94
1823.00 1135.46
1823.00 1135.98
1823.00 1136.51
1823.00 1137.03
1823.01 1137.56
1823.01 1138.08
1823.01 1138.60
1823.01 1139.13
1823.01 1139.65
1823.00 1140.17
1823.00 1140.69
1823.00 1141.22
1823.00 1141.74
1822.99 1142.26
1822.14 1148.71
1822.05 1149.20
1821.97 1149.69
1821.88 1150.17
1821.77 1150.65
1821.63 1151.12
1821.47 1151.57
1821.32 1152.03
1821.19 1152.50
1821.09 1152.98
1821.00 1153.47
1820.92 1153.96
1820.82 1154.44
1820.69 1154.91
1820.53 1155.37
1820.37 1155.83
1820.21 1156.29
1820.07 1156.75
1819.93 1157.22
1819.79 1157.68
1819.63 1158.14
1819.46 1158.59
1819.30 1159.05
1819.15 1159.51
1819.01 1159.97
1818.87 1160.44
1818.72 1160.90
1818.56 1161.36
1818.40 1161.81
1818.25 1162.28
1818.15 1162.76
1818.07 1163.25
1818.03 1163.76
1818.01 1164.27
1818.00 1164.79
1817.99 1165.31
1817.99 1165.83
1817.97 1166.35
1817.92 1166.85
1817.84 1167.34
1817.72 1167.81
1817.57 1168.28
1817.41 1168.73
1817.27 1169.20
1817.15 1169.67
1817.08 1170.16
1817.03 1170.67
1817.01 1171.18
1817.00 1171.70
1817.00 1172.23
1817.00 1172.75
1817.00 1173.27
1817.00 1173.80
1817.00 1174.32
1817.00 1174.84
1817.00 1175.37
1817.00 1175.89
1817.00 1176.41
1817.00 1176.94
1817.00 1177.46
1817.00 1177.98
1817.00 1178.51
1817.00 1179.03
1817.00 1179.55
1817.00 1180.08
1817.00 1180.60
1817.00 1181.12
1817.00 1181.65
1817.00 1182.17
1817.00 1182.69
1817.00 1183.22
1817.00 1183.74
1817.00 1184.26
1817.00 1184.79
1817.00 1185.31
1817.00 1185.83
1817.00 1186.36
1817.00 1186.88
1817.00 1187.40
1817.00 1187.93
1817.00 1188.45
1817.00 1188.97
1817.00 1189.50
1817.00 1190.02
1817.00 1190.55
1817.01 1191.07
1817.01 1191.59
1817.01 1192.12
1817.01 1192.64
1817.01 1193.16
1817.01 1193.69
1817.00 1194.21
1817.00 1194.73
1817.00 1195.25
1816.99 1195.77
1816.99 1196.30
1816.99 1196.82
1816.18 1201.72
1815.89 1202.12
1815.61 1202.53
1815.34 1202.94
1815.09 1203.36
1814.87 1203.79
1814.66 1204.23
1814.47 1204.67
1814.31 1205.13
1814.18 1205.60
1814.09 1206.09
1814.04 1206.59
1814.02 1207.10
1814.00 1207.62
1814.00 1208.14
1813.99 1208.66
1813.97 1209.18
1813.94 1209.69
1813.87 1210.18
1813.76 1210.66
1813.63 1211.13
1813.47 1211.59
1813.32 1212.05
1813.19 1212.52
1813.10 1213.00
1813.04 1213.50
1813.00 1214.01
1812.96 1214.51
1812.90 1215.01
1812.80 1215.50
1812.68 1215.97
1812.52 1216.43
1812.37 1216.89
1812.23 1217.35
1812.13 1217.83
1812.06 1218.33
1812.02 1218.84
1812.00 1219.35
1811.99 1219.87
1811.96 1220.38
1811.92 1220.89
1811.83 1221.38
1811.71 1221.85
1811.57 1222.31
1811.41 1222.77
1811.26 1223.23
1811.15 1223.71
1811.07 1224.20
1811.03 1224.71
1811.01 1225.22
1810.99 1225.74
1810.97 1226.25
1810.93 1226.76
1810.86 1227.25
1810.75 1227.73
1810.61 1228.20
1810.45 1228.65
1810.30 1229.12
1810.18 1229.59
1810.09 1230.07
1810.03 1230.57
1809.99 1231.08
1809.95 1231.59
1809.89 1232.08
1809.80 1232.57
1809.67 1233.04
1809.51 1233.50
1809.36 1233.96
1809.22 1234.42
1809.11 1234.90
1809.04 1235.40
1809.00 1235.90
1808.97 1236.41
1808.91 1236.91
1808.82 1237.40
1808.69 1237.87
1808.53 1238.32
1808.34 1238.77
1808.13 1239.21
1807.93 1239.65
1807.72 1240.08
1807.53 1240.53
1807.35 1240.98
1807.22 1241.44
1807.12 1241.93
1807.06 1242.42
1807.02 1242.93
1807.01 1243.45
1807.00 1243.97
1807.00 1244.49
1806.99 1245.02
1806.99 1245.54
1806.98 1246.06
1806.95 1246.57
1806.89 1247.07
1806.79 1247.55
1806.66 1248.02
1806.50 1248.48
1806.35 1248.93
1806.22 1249.40
1806.12 1249.89
1806.06 1250.38
1806.02 1250.89
1806.01 1251.41
1806.00 1251.93
1806.00 1252.45
1806.00 1252.98
1806.00 1253.50
1806.00 1254.02
1806.00 1254.55
1806.00 1255.07
1806.00 1255.60
1806.01 1256.12
1806.01 1256.64
1806.01 1257.17
1806.01 1257.69
1806.00 1258.21
1806.00 1258.73
1805.99 1259.26
1805.99 1259.78
1805.99 1260.30
1805.99 1260.82
1805.99 1261.35
1806.00 1261.87
1806.00 1262.40
1805.99 1262.92
1805.97 1263.43
1805.92 1263.93
1805.83 1264.42
1805.70 1264.89
1805.55 1265.35
1805.39 1265.81
1805.25 1266.27
1805.14 1266.75
1805.06 1267.24
1805.03 1267.75
1805.01 1268.27
1805.01 1268.79
1805.01 1269.31
1805.01 1269.84
1805.00 1270.36
1805.00 1270.88
1804.99 1271.40
1804.99 1271.92
1804.99 1272.45
1804.98 1272.97
1804.96 1273.48
1804.90 1273.98
1804.81 1274.47
1804.69 1274.94
1804.53 1275.40
1804.38 1275.86
1804.24 1276.32
1804.13 1276.80
1804.06 1277.30
1804.03 1277.81
1804.01 1278.32
1804.00 1278.84
1804.00 1279.36
1804.00 1279.89
1803.99 1280.41
1803.98 1280.93
1803.96 1281.44
1803.91 1281.94
1803.82 1282.43
1803.69 1282.90
1803.54 1283.36
1803.38 1283.82
1803.24 1284.28
1803.14 1284.76
1803.07 1285.26
1803.03 1285.76
1803.00 1286.28
1802.99 1286.80
1802.97 1287.31
1802.92 1287.82
1802.85 1288.31
1802.73 1288.78
1802.59 1289.25
1802.43 1289.70
1802.28 1290.17
1802.16 1290.64
1802.08 1291.13
1802.03 1291.63
1802.01 1292.15
1802.01 1292.67
1802.00 1293.19
1801.99 1293.71
1801.97 1294.22
1801.93 1294.73
1801.86 1295.23
1801.76 1295.71
1801.63 1296.17
1801.47 1296.63
1801.32 1297.09
1801.19 1297.56
1801.09 1298.05
1801.04 1298.55
1801.01 1299.06
1801.00 1299.58
1801.00 1300.10
1801.00 1300.63
1800.98 1301.14
1800.94 1301.65
1800.88 1302.15
1800.78 1302.63
1800.65 1303.10
1800.49 1303.56
1800.34 1304.02
1800.20 1304.48
1800.10 1304.97
1800.04 1305.46
1800.00 1305.97
1799.97 1306.48
1799.91 1306.98
1799.82 1307.46
1799.69 1307.93
1799.53 1308.39
1799.38 1308.85
1799.24 1309.32
1799.13 1309.80
1799.06 1310.29
1799.03 1310.80
1799.01 1311.32
1799.01 1311.84
1799.00 1312.36
1798.99 1312.88
1798.96 1313.39
1798.91 1313.89
1798.83 1314.38
1798.72 1314.86
1798.58 1315.32
1798.42 1315.78
1798.27 1316.24
1798.15 1316.72
1798.07 1317.21
1798.03 1317.71
1798.01 1318.23
1798.01 1318.75
1798.01 1319.27
1798.00 1319.80
1798.00 1320.32
1797.99 1320.83
1797.96 1321.35
1797.92 1321.85
1797.84 1322.34
1797.72 1322.82
1797.57 1323.28
1797.41 1323.74
1797.27 1324.20
1797.16 1324.68
1797.08 1325.17
1797.03 1325.67
1797.01 1326.19
1796.99 1326.70
1796.97 1327.22
1796.93 1327.73
1796.86 1328.22
1796.76 1328.70
1796.62 1329.17
1796.46 1329.62
1796.31 1330.09
1796.18 1330.56
1796.09 1331.04
1796.04 1331.54
1796.00 1332.05
1795.96 1332.56
1795.90 1333.05
1795.80 1333.54
1795.67 1334.01
1795.52 1334.47
1795.36 1334.92
1795.22 1335.39
1795.11 1335.87
1795.02 1336.36
1794.94 1336.85
1794.85 1337.33
1794.73 1337.80
1794.58 1338.26
1794.42 1338.72
1794.27 1339.19
1794.16 1339.66
1794.08 1340.15
1794.03 1340.66
1794.01 1341.17
1793.99 1341.69
1793.97 1342.20
1793.94 1342.71
1793.86 1343.20
1793.76 1343.68
1793.61 1344.15
1793.46 1344.60
1793.31 1345.06
1793.18 1345.54
1793.09 1346.02
1793.04 1346.52
1793.00 1347.03
1792.96 1347.54
1792.89 1348.03
1792.80 1348.52
1792.67 1348.99
1792.51 1349.45
1792.36 1349.91
1792.22 1350.37
1792.12 1350.86
1792.06 1351.35
1792.02 1351.86
1792.01 1352.38
1792.00 1352.90
1791.99 1353.42
1791.98 1353.94
1791.96 1354.45
1791.91 1354.95
1791.82 1355.44
1791.70 1355.91
1791.55 1356.37
1791.39 1356.83
1791.25 1357.30
1791.14 1357.77
1791.06 1358.27
1791.02 1358.77
1790.98 1359.28
1790.93 1359.78
1790.85 1360.27
1790.73 1360.75
1790.59 1361.21
1790.43 1361.67
1790.28 1362.13
1790.17 1362.61
1790.09 1363.10
1790.04 1363.60
1790.01 1364.11
1790.00 1364.63
1789.99 1365.15
1789.99 1365.67
1789.97 1366.19
1789.94 1366.70
1789.87 1367.19
1789.76 1367.67
1789.62 1368.13
1789.46 1368.59
1789.31 1369.05
1789.19 1369.53
1789.10 1370.01
1789.04 1370.51
1789.02 1371.03
1789.00 1371.54
1788.98 1372.06
1788.95 1372.57
1788.89 1373.07
1788.79 1373.55
1788.66 1374.02
1788.51 1374.48
1788.35 1374.94
1788.22 1375.41
1788.12 1375.89
1788.05 1376.38
1788.01 1376.89
1787.97 1377.40
1787.92 1377.90
1787.83 1378.39
1787.71 1378.86
1787.57 1379.32
1787.41 1379.78
1787.26 1380.24
1787.15 1380.72
1787.07 1381.21
1787.03 1381.72
1787.01 1382.23
1786.99 1382.75
1786.97 1383.26
1786.93 1383.77
1786.85 1384.26
1786.74 1384.74
1786.60 1385.20
1786.45 1385.66
1786.30 1386.12
1786.18 1386.60
1786.09 1387.09
1786.04 1387.59
1786.01 1388.10
1786.00 1388.62
1785.98 1389.13
1785.94 1389.64
1785.88 1390.14
1785.78 1390.62
1785.65 1391.09
1785.50 1391.55
1785.34 1392.01
1785.21 1392.48
1785.11 1392.96
1785.04 1393.45
1785.01 1393.97
1785.00 1394.49
1785.00 1395.01
1785.00 1395.53
1784.99 1396.05
1784.95 1396.56
1784.89 1397.06
1784.80 1397.54
1784.67 1398.01
1784.52 1398.47
1784.36 1398.93
1784.22 1399.39
1784.11 1399.87
1784.02 1400.36
1783.94 1400.85
1783.85 1401.33
1783.73 1401.81
1783.58 1402.27
1783.42 1402.73
1783.27 1403.19
1783.16 1403.66
1783.08 1404.15
1783.03 1404.66
1782.99 1405.16
1782.94 1405.67
1782.87 1406.16
1782.77 1406.64
1782.63 1407.11
1782.47 1407.57
1782.32 1408.03
1782.20 1408.50
1782.10 1408.98
1782.05 1409.48
1782.01 1409.99
1782.00 1410.51
1782.00 1411.03
1781.99 1411.56
1781.99 1412.08
1781.95 1412.59
1781.89 1413.08
1781.78 1413.56
1781.64 1414.03
1781.49 1414.49
1781.34 1414.95
1781.21 1415.42
1781.11 1415.90
1781.05 1416.40
1781.01 1416.90
1780.97 1417.41
1780.91 1417.91
1780.83 1418.40
1780.71 1418.87
1780.56 1419.34
1780.40 1419.79
1780.26 1420.26
1780.15 1420.73
1780.07 1421.23
1780.02 1421.73
1779.98 1422.24
1779.94 1422.74
1779.87 1423.23
1779.76 1423.71
1779.62 1424.18
1779.47 1424.64
1779.31 1425.10
1779.18 1425.57
1779.09 1426.05
1779.03 1426.55
1779.01 1427.07
1779.00 1427.59
1779.00 1428.11
1779.00 1428.63
1778.98 1429.15
1778.94 1429.66
1778.87 1430.15
1778.77 1430.63
1778.64 1431.10
1778.48 1431.56
1778.33 1432.02
1778.20 1432.49
1778.09 1432.97
1778.01 1433.46
1777.93 1433.95
1777.83 1434.43
1777.70 1434.90
1777.55 1435.36
1777.39 1435.82
1777.25 1436.28
1777.14 1436.76
1777.07 1437.25
1777.03 1437.76
1777.00 1438.27
1776.99 1438.79
1776.97 1439.31
1776.93 1439.81
1776.85 1440.30
1776.73 1440.78
1776.59 1441.24
1776.43 1441.70
1776.28 1442.16
1776.16 1442.63
1776.06 1443.12
1775.98 1443.61
1775.90 1444.10
1775.79 1444.57
1775.65 1445.04
1775.50 1445.50
1775.34 1445.96
1775.21 1446.43
1775.11 1446.91
1775.05 1447.41
1775.01 1447.91
1774.97 1448.42
1774.91 1448.92
1774.82 1449.41
1774.70 1449.88
1774.55 1450.34
1774.40 1450.80
1774.26 1451.27
1774.15 1451.74
1774.07 1452.24
1774.03 1452.74
1774.01 1453.26
1773.99 1453.77
1773.97 1454.29
1773.93 1454.79
1773.85 1455.29
1773.74 1455.76
1773.59 1456.22
1773.43 1456.68
1945.95 585.43
1945.98 585.93
1946.00 586.45
1946.00 586.97
1946.00 587.49
1946.00 588.01
1946.00 588.53
1946.00 589.05
1946.00 589.57
1946.00 590.09
1946.00 590.61
1946.00 591.13
1946.00 591.65
1946.00 592.17
1946.00 592.69
1946.00 593.21
1946.00 593.73
1946.00 594.25
1946.00 594.77
1946.00 595.29
1946.00 595.81
1946.00 596.33
1946.00 596.85
1946.00 597.37
1946.00 597.89
1946.00 598.41
1946.00 598.93
1946.00 599.45
1946.00 599.97
1946.00 600.49
1946.00 601.01
1946.00 601.53
1946.00 602.05
1946.00 602.57
1946.00 603.09
1946.00 603.61
1946.00 604.13
1946.00 604.65
1946.00 605.17
1946.00 605.69
1946.00 606.21
1946.00 606.73
1946.00 607.25
1946.00 607.77
1946.00 608.29
1946.00 608.81
1946.00 609.33
1946.00 609.85
1946.00 610.37
1946.00 610.88
1946.00 611.40
1946.00 611.92
1946.00 612.44
1946.00 612.97
1946.00 613.49
1946.00 614.01
1946.00 614.53
1946.00 615.05
1946.01 615.57
1946.01 616.09
1946.00 616.61
1946.00 617.13
1946.00 617.65
1945.99 618.16
1945.99 618.68
1945.99 619.20
1945.99 619.72
1945.97 620.24
1945.93 620.74
1945.86 621.23
1945.75 621.70
1945.61 622.17
1945.46 622.62
1945.31 623.08
1945.19 623.55
1945.10 624.03
1945.04 624.53
1945.01 625.04
1945.00 625.55
1944.99 626.07
1944.99 626.59
1945.00 627.11
1945.00 627.63
1945.00 628.15
1945.00 628.67
1945.00 629.19
1945.00 629.71
1945.00 630.23
1945.00 630.75
1945.00 631.27
1945.00 631.79
1945.00 632.31
1945.00 632.83
1945.00 633.35
1945.00 633.87
1945.00 634.39
1945.00 634.91
1945.00 635.43
1945.00 635.95
1945.00 636.47
1945.00 636.99
1945.00 637.51
1945.00 638.03
1945.00 638.55
1945.00 639.07
1945.00 639.59
1945.00 640.11
1945.00 640.63
1945.00 641.15
1945.00 641.67
1945.00 642.19
1945.00 642.71
1945.00 643.23
1945.00 643.75
1945.00 644.27
1945.00 644.79
1945.00 645.31
1945.00 645.83
1945.00 646.35
1945.00 646.87
1945.00 647.39
1945.00 647.91
1945.00 648.43
1945.00 648.95
1945.00 649.47
1944.99 649.99
1944.96 650.49
1944.90 650.99
1944.81 651.47
1944.68 651.94
1944.54 652.40
1944.38 652.86
1944.25 653.32
1944.14 653.79
1944.06 654.28
1944.02 654.79
1944.00 655.30
1944.00 655.82
1944.00 656.34
1944.00 656.86
1944.00 657.38
1944.00 657.90
1944.00 658.42
1944.00 658.94
1944.01 659.46
1944.01 659.98
1944.00 660.50
1944.00 661.02
1944.00 661.54
1944.00 662.06
1944.00 662.58
1944.00 663.10
1944.00 663.62
1944.00 664.14
1944.00 664.66
1944.00 665.18
1943.99 665.70
1943.99 666.22
1943.99 666.74
1943.99 667.26
1944.00 667.78
1944.00 668.30
1944.00 668.82
1944.00 669.34
1944.00 669.86
1944.01 670.38
1944.01 670.90
1944.01 671.42
1944.01 671.94
1944.01 672.46
1944.01 672.98
1944.01 673.50
1944.00 674.02
1944.00 674.54
1943.99 675.06
1943.99 675.57
1943.99 676.09
1943.99 676.61
1943.99 677.13
1943.99 677.66
1944.00 678.18
1944.00 678.70
1943.98 679.21
1943.94 679.71
1943.87 680.20
1943.76 680.68
1943.62 681.14
1943.46 681.59
1943.31 682.05
1943.19 682.52
1943.10 683.00
1943.04 683.50
1943.02 684.01
1943.01 684.53
1943.00 685.05
1943.00 685.57
1943.00 686.08
1943.00 686.60
1943.00 687.12
1943.00 687.64
1943.00 688.16
1943.00 688.68
1943.00 689.20
1943.00 689.72
1943.00 690.24
1943.00 690.76
1943.00 691.28
1943.00 691.80
1943.00 692.32
1943.00 692.84
1943.00 693.36
1943.00 693.88
1943.00 694.40
1943.00 694.92
1943.00 695.44
1943.00 695.96
1943.00 696.48
1943.00 697.00
1943.00 697.52
1943.00 698.04
1943.00 698.56
1943.00 699.09
1943.01 699.61
1943.01 700.13
1943.01 700.65
1943.01 701.17
1943.00 701.69
1943.00 702.20
1943.00 702.72
1942.99 703.24
1942.99 703.76
1942.99 704.28
1942.99 704.80
1942.99 705.32
1942.99 705.84
1942.97 706.35
1942.92 706.85
1942.84 707.34
1942.72 707.81
1942.58 708.27
1942.42 708.72
1942.28 709.18
1942.16 709.66
1942.08 710.14
1942.03 710.64
1942.01 711.15
1942.00 711.67
1942.00 712.19
1942.00 712.71
1942.00 713.23
1942.00 713.75
1942.01 714.27
1942.01 714.79
1942.01 715.31
1942.00 715.83
1942.00 716.35
1942.00 716.87
1942.00 717.39
1942.00 717.91
1942.00 718.43
1942.00 718.95
1941.99 719.47
1941.99 719.99
1942.00 720.51
1942.00 721.03
1942.00 721.55
1942.00 722.07
1942.00 722.59
1942.00 723.11
1942.00 723.63
1941.98 724.14
1941.94 724.65
1941.88 725.14
1941.78 725.62
1941.64 726.08
1941.49 726.54
1941.34 726.99
1941.21 727.46
1941.11 727.94
1941.05 728.44
1941.02 728.94
1941.01 729.46
1941.01 729.98
1941.01 730.50
1941.00 731.02
1941.00 731.53
1941.00 732.05
1940.99 732.57
1940.99 733.09
1941.00 733.61
1941.00 734.13
1941.00 734.65
1941.00 735.17
1941.00 735.70
1941.00 736.22
1941.00 736.74
1941.00 737.26
1941.00 737.78
1941.00 738.30
1941.00 738.82
1941.00 739.34
1941.00 739.86
1941.00 740.38
1941.00 740.90
1941.00 741.42
1941.00 741.94
1941.00 742.45
1941.00 742.97
1941.00 743.49
1941.00 744.01
1941.00 744.53
1941.00 745.05
1941.00 745.57
1941.00 746.09
1940.99 746.61
1941.00 747.13
1941.00 747.65
1941.00 748.17
1941.00 748.69
1941.00 749.21
1941.00 749.73
1941.00 750.26
1941.00 750.78
1941.01 751.30
1941.01 751.82
1941.01 752.34
1940.99 752.85
1940.97 753.36
1940.92 753.86
1940.83 754.35
1940.72 754.82
1940.57 755.28
1940.42 755.73
1940.28 756.19
1940.16 756.67
1940.08 757.15
1940.03 757.65
1940.01 758.16
1940.00 758.68
1940.00 759.20
1940.00 759.72
1940.01 760.24
1940.01 760.76
1940.01 761.28
1940.00 761.80
1940.00 762.32
1940.00 762.84
1940.00 763.36
1940.00 763.88
1940.00 764.40
1940.00 764.92
1940.00 765.44
1940.00 765.96
1940.00 766.48
1940.00 767.00
1940.00 767.52
1940.00 768.04
1940.00 768.56
1940.01 769.08
1940.00 769.60
1940.00 770.12
1940.00 770.64
1940.00 771.16
1939.99 771.68
1939.99 772.20
1939.99 772.72
1939.97 773.23
1939.93 773.73
1939.86 774.22
1939.76 774.70
1939.62 775.16
1939.46 775.62
1939.31 776.07
1939.18 776.54
1939.10 777.03
1939.04 777.52
1939.02 778.03
1939.01 778.55
1939.00 779.07
1939.00 779.59
1939.00 780.11
1939.00 780.63
1939.00 781.15
1939.00 781.67
1939.00 782.19
1939.00 782.71
1939.00 783.23
1939.00 783.75
1939.00 784.27
1939.00 784.79
1939.00 785.31
1938.99 785.82
1938.97 786.33
1938.92 786.83
1938.84 787.32
1938.73 787.79
1938.58 788.25
1938.43 788.71
1938.28 789.17
1938.17 789.64
1938.09 790.13
1938.04 790.63
1938.01 791.14
1938.00 791.65
1938.00 792.17
1938.00 792.69
1938.00 793.21
1938.00 793.73
1938.00 794.25
1938.00 794.77
1938.00 795.29
1938.00 795.81
1938.00 796.33
1938.00 796.85
1938.00 797.37
1937.99 797.89
1937.96 798.40
1937.91 798.90
1937.83 799.38
1937.71 799.85
1937.57 800.31
1937.41 800.77
1937.27 801.23
1937.15 801.70
1937.07 802.19
1937.03 802.69
1937.01 803.20
1937.01 803.72
1937.01 804.24
1937.00 804.76
1937.00 805.28
1937.00 805.80
1937.00 806.32
1937.00 806.84
1937.00 807.36
1937.00 807.88
1937.00 808.40
1937.00 808.92
1937.00 809.44
1937.00 809.96
1937.00 810.48
1937.00 811.00
1937.00 811.52
1937.00 812.04
1937.00 812.56
1937.00 813.08
1936.99 813.60
1936.98 814.11
1936.94 814.61
1936.88 815.11
1936.79 815.59
1936.66 816.06
1936.51 816.52
1936.36 816.97
1936.22 817.44
1936.11 817.91
1936.04 818.40
1936.00 818.90
1935.99 819.42
1935.99 819.94
1936.00 820.46
1936.01 820.99
1936.01 821.51
1936.02 822.03
1936.02 822.55
1936.02 823.07
1936.01 823.59
1936.01 824.11
1936.00 824.63
1936.00 825.14
1936.00 825.66
1935.99 826.18
1935.99 826.70
1935.99 827.22
1935.99 827.74
1935.99 828.26
1935.99 828.78
1935.99 829.30
1936.00 829.82
1936.00 830.34
1936.00 830.86
1936.00 831.39
1936.01 831.91
1936.01 832.43
1936.01 832.95
1936.00 833.46
1935.99 833.98
1935.96 834.49
1935.90 834.98
1935.81 835.47
1935.69 835.93
1935.54 836.39
1935.38 836.85
1935.25 837.31
1935.14 837.79
1935.07 838.28
1935.03 838.78
1935.01 839.29
1935.00 839.81
1935.00 840.33
1935.00 840.85
1935.00 841.37
1935.00 841.89
1935.00 842.41
1935.00 842.93
1935.00 843.45
1935.00 843.97
1935.00 844.49
1935.00 845.01
1935.01 845.53
1935.01 846.05
1935.00 846.57
1935.00 847.09
1935.00 847.61
1934.99 848.13
1934.99 848.65
1934.99 849.17
1934.99 849.69
1934.98 850.20
1934.94 850.70
1934.87 851.20
1934.76 851.67
1934.62 852.13
1934.47 852.59
1934.32 853.05
1934.19 853.51
1934.10 854.00
1934.05 854.49
1934.02 855.00
1934.00 855.52
1934.00 856.03
1933.99 856.55
1933.98 857.07
1933.95 857.57
1933.89 858.07
1933.79 858.55
1933.66 859.01
1933.51 859.47
1933.35 859.93
1933.22 860.39
1933.12 860.87
1933.06 861.36
1933.02 861.87
1933.01 862.39
1933.00 862.90
1933.00 863.42
1933.00 863.94
1933.00 864.46
1932.99 864.98
1932.99 865.50
1932.98 866.01
1932.96 866.52
1932.90 867.02
1932.81 867.50
1932.68 867.97
1932.52 868.42
1932.37 868.88
1932.23 869.34
1932.13 869.82
1932.06 870.31
1932.02 870.82
1932.01 871.33
1932.01 871.85
1932.00 872.37
1932.00 872.89
1932.00 873.41
1932.00 873.93
1932.00 874.45
1932.00 874.97
1932.00 875.49
1931.98 876.00
1931.96 876.51
1931.90 877.01
1931.81 877.49
1931.68 877.96
1931.54 878.41
1931.38 878.87
1931.24 879.33
1931.13 879.81
1931.06 880.30
1931.02 880.80
1931.01 881.32
1931.01 881.84
1931.01 882.36
1931.01 882.88
1931.01 883.40
1931.00 883.91
1931.00 884.43
1930.99 884.95
1930.99 885.47
1930.99 885.99
1930.99 886.51
1931.00 887.03
1931.00 887.55
1931.01 888.08
1931.01 888.60
1931.01 889.12
1931.01 889.64
1931.01 890.16
1931.01 890.68
1931.00 891.19
1930.99 891.71
1930.98 892.23
1930.98 892.74
1930.98 893.26
1930.98 893.79
1930.99 894.31
1931.00 894.83
1931.01 895.36
1931.01 895.88
1930.98 896.39
1930.92 896.88
1930.83 897.36
1930.70 897.83
1930.55 898.29
1930.40 898.74
1930.26 899.21
1930.15 899.68
1930.08 900.17
1930.03 900.67
1930.01 901.18
1930.00 901.70
1930.00 902.22
1930.00 902.74
1930.00 903.26
1929.99 903.78
1929.97 904.29
1929.93 904.79
1929.85 905.28
1929.74 905.75
1929.60 906.21
1929.45 906.67
1929.30 907.13
1929.17 907.60
1929.09 908.08
1929.03 908.58
1929.01 909.09
1929.01 909.61
1929.01 910.13
1929.01 910.65
1929.01 911.17
1929.01 911.69
1929.00 912.21
1929.00 912.72
1928.99 913.24
1928.99 913.76
1928.99 914.28
1928.99 914.80
1928.99 915.32
1929.00 915.84
1929.00 916.36
1929.00 916.89
1929.00 917.41
1928.99 917.92
1928.96 918.43
1928.91 918.93
1928.83 919.41
1928.70 919.88
1928.56 920.34
1928.40 920.80
1928.26 921.26
1928.15 921.73
1928.07 922.22
1928.03 922.72
1928.01 923.23
1928.01 923.75
1928.00 924.27
1928.00 924.79
1928.00 925.31
1928.00 925.83
1927.99 926.35
1927.99 926.86
1927.96 927.38
1927.92 927.88
1927.84 928.36
1927.72 928.83
1927.57 929.29
1927.42 929.75
1927.27 930.21
1927.16 930.68
1927.08 931.17
1927.03 931.67
1927.01 932.18
1927.00 932.70
1927.00 933.22
1927.00 933.74
1927.00 934.25
1926.99 934.77
1926.97 935.28
1926.93 935.79
1926.85 936.28
1926.75 936.75
1926.61 937.22
1926.46 937.67
1926.31 938.13
1926.18 938.60
1926.08 939.08
1926.02 939.57
1925.99 940.08
1925.98 940.59
1925.99 941.12
1926.00 941.64
1926.01 942.17
1926.02 942.69
1926.02 943.21
1926.02 943.73
1926.01 944.25
1926.01 944.76
1926.00 945.28
1925.99 945.80
1925.99 946.32
1925.98 946.83
1925.96 947.34
1925.91 947.85
1925.84 948.33
1925.73 948.81
1925.59 949.27
1925.43 949.73
1925.29 950.19
1925.17 950.66
1925.08 951.14
1925.04 951.64
1925.01 952.15
1925.00 952.67
1925.00 953.19
1925.00 953.71
1925.00 954.23
1924.99 954.74
1924.97 955.26
1924.93 955.76
1924.86 956.25
1924.75 956.72
1924.61 957.18
1924.45 957.64
1924.30 958.10
1924.18 958.57
1924.09 959.05
1924.04 959.55
1924.01 960.06
1924.00 960.57
1924.00 961.09
1924.01 961.62
1924.01 962.14
1924.01 962.66
1924.00 963.17
1924.00 963.69
1923.99 964.21
1923.99 964.73
1923.99 965.25
1923.99 965.77
1924.00 966.29
1923.99 966.81
1923.97 967.32
1923.93 967.82
1923.85 968.31
1923.73 968.78
1923.58 969.24
1923.43 969.70
1923.28 970.16
1923.16 970.63
1923.08 971.11
1923.04 971.61
1923.01 972.12
1923.01 972.64
1923.00 973.16
1923.00 973.68
1923.00 974.20
1923.00 974.72
1923.00 975.24
1923.00 975.76
1923.00 976.28
1923.00 976.80
1923.00 977.32
1923.00 977.84
1923.00 978.36
1923.00 978.88
1923.00 979.40
1923.00 979.92
1922.24 985.32
1922.13 985.80
1922.06 986.29
1922.02 986.79
1921.98 991.98
1921.96 992.49
1921.90 992.98
1921.81 993.47
1921.68 993.93
1921.53 994.39
1921.38 994.85
1921.24 995.31
1921.14 995.79
1921.07 996.28
1921.02 996.78
1921.01 997.29
1921.00 997.81
1921.00 998.33
1921.00 998.85
1921.00 999.37
1920.99 999.89
1920.96 1000.40
1920.92 1000.90
1920.83 1001.38
1920.72 1001.85
1920.57 1002.31
1920.42 1002.77
1920.27 1003.23
1920.15 1003.70
1920.07 1004.19
1920.03 1004.69
1920.01 1005.20
1920.00 1005.72
1920.01 1006.24
1920.01 1006.76
1920.00 1007.28
1920.00 1007.80
1919.99 1008.31
1919.99 1008.83
1919.96 1009.34
1919.92 1009.84
1919.84 1010.33
1919.72 1010.80
1919.58 1011.26
1919.42 1011.72
1919.28 1012.18
1919.17 1012.65
1919.09 1013.14
1919.04 1013.64
1919.01 1014.15
1919.00 1014.66
1918.99 1015.18
1918.99 1015.70
1918.99 1016.22
1919.00 1016.74
1919.00 1017.26
1919.00 1017.78
1918.98 1018.30
1918.93 1018.80
1918.85 1019.28
1918.73 1019.75
1918.58 1020.21
1918.43 1020.67
1918.29 1021.13
1918.17 1021.60
1918.09 1022.08
1918.04 1022.58
1918.02 1023.09
1918.01 1023.61
1918.00 1024.13
1918.00 1024.65
1918.00 1025.17
1918.00 1025.69
1917.99 1026.21
1917.99 1026.72
1917.97 1027.24
1917.93 1027.74
1917.86 1028.23
1917.75 1028.70
1917.61 1029.17
1917.45 1029.62
1917.31 1030.08
1917.18 1030.55
1917.09 1031.03
1917.04 1031.53
1917.01 1032.04
1917.00 1032.56
1917.00 1033.07
1917.00 1033.59
1917.00 1034.11
1917.00 1034.63
1917.00 1035.15
1917.00 1035.67
1917.00 1036.19
1916.99 1036.71
1916.97 1037.22
1916.93 1037.73
1916.86 1038.22
1916.75 1038.69
1916.61 1039.15
1916.46 1039.61
1916.31 1040.07
1916.19 1040.54
1916.10 1041.02
1916.04 1041.52
1916.01 1042.03
1916.00 1042.54
1916.00 1043.06
1916.00 1043.58
1916.00 1044.10
1916.00 1044.62
1916.00 1045.14
1916.00 1045.66
1915.98 1046.17
1915.94 1046.67
1915.87 1047.17
1915.77 1047.64
1915.63 1048.11
1915.48 1048.56
1915.33 1049.02
1915.20 1049.49
1915.11 1049.97
1915.05 1050.47
1915.02 1050.97
1915.00 1051.49
1915.00 1052.00
1915.00 1052.52
1915.00 1053.04
1915.00 1053.56
1914.98 1054.08
1914.95 1054.59
1914.89 1055.08
1914.79 1055.56
1914.65 1056.02
1914.50 1056.48
1914.35 1056.93
1914.22 1057.40
1914.12 1057.88
1914.06 1058.37
1914.02 1058.88
1914.01 1059.39
1914.00 1059.91
1914.00 1060.43
1914.00 1060.95
1914.00 1061.47
1914.00 1061.99
1913.99 1062.51
1913.98 1063.02
1913.95 1063.53
1913.90 1064.03
1913.80 1064.51
1913.67 1064.97
1913.52 1065.43
1913.37 1065.89
1913.23 1066.35
1913.13 1066.83
1913.06 1067.32
1913.02 1067.83
1913.01 1068.34
1913.00 1068.86
1913.00 1069.38
1913.00 1069.90
1913.00 1070.42
1913.00 1070.94
1912.99 1071.45
1912.98 1071.97
1912.96 1072.48
1912.90 1072.98
1912.81 1073.46
1912.69 1073.93
1912.54 1074.38
1912.38 1074.84
1912.24 1075.30
1912.14 1075.78
1912.06 1076.27
1912.02 1076.77
1912.01 1077.29
1912.00 1077.80
1912.00 1078.32
1911.99 1078.84
1911.97 1079.35
1911.92 1079.85
1911.84 1080.34
1911.73 1080.81
1911.58 1081.27
1911.43 1081.72
1911.28 1082.18
1911.16 1082.66
1911.08 1083.14
1911.04 1083.64
1911.02 1084.15
1911.01 1084.67
1911.01 1085.19
1911.00 1085.71
1911.00 1086.23
1910.99 1086.75
1910.99 1087.26
1910.99 1087.79
1910.99 1088.31
1910.99 1088.82
1910.97 1089.34
1910.93 1089.84
1910.84 1090.32
1910.73 1090.79
1910.58 1091.25
1910.42 1091.71
1910.28 1092.17
1910.16 1092.64
1910.08 1093.13
1910.04 1093.63
1910.01 1094.14
1910.00 1094.65
1910.00 1095.17
1910.00 1095.69
1910.00 1096.21
1909.99 1096.73
1909.98 1097.24
1909.94 1097.75
1909.86 1098.24
1909.74 1098.71
1909.60 1099.17
1909.45 1099.62
1909.30 1100.08
1909.18 1100.55
1909.09 1101.04
1909.04 1101.54
1909.01 1102.05
1909.00 1102.56
1909.00 1103.08
1909.00 1103.60
1909.00 1104.12
1909.00 1104.64
1909.00 1105.16
1908.99 1105.68
1908.98 1106.19
1908.94 1106.69
1908.87 1107.19
1908.76 1107.66
1908.63 1108.13
1908.48 1108.58
1908.33 1109.04
1908.20 1109.51
1908.10 1109.99
1908.05 1110.49
1908.02 1110.99
1908.01 1111.51
1908.00 1112.03
1908.00 1112.55
1908.00 1113.06
1907.99 1113.58
1907.98 1114.10
1907.95 1114.60
1907.88 1115.10
1907.78 1115.58
1907.65 1116.04
1907.50 1116.50
1907.35 1116.95
1907.21 1117.42
1907.12 1117.90
1907.05 1118.39
1907.02 1118.90
1907.00 1119.41
1907.00 1119.93
1907.00 1120.45
1907.00 1120.97
1907.00 1121.49
1906.99 1122.01
1906.96 1122.51
1906.90 1123.01
1906.81 1123.49
1906.69 1123.96
1906.54 1124.42
1906.38 1124.88
1906.24 1125.34
1906.13 1125.81
1906.06 1126.30
1906.02 1126.81
1906.01 1127.32
1906.00 1127.84
1906.00 1128.36
1906.00 1128.88
1906.00 1129.40
1905.99 1129.91
1905.96 1130.42
1905.91 1130.92
1905.82 1131.40
1905.70 1131.87
1905.56 1132.33
1905.40 1132.79
1905.26 1133.25
1905.15 1133.72
1905.07 1134.21
1905.03 1134.71
1905.01 1135.23
1904.99 1135.74
1904.97 1136.25
1904.93 1136.76
1904.86 1137.24
1904.75 1137.72
1904.61 1138.18
1904.46 1138.64
1904.31 1139.10
1904.18 1139.56
1904.09 1140.05
1904.04 1140.55
1904.02 1141.06
1904.01 1141.57
1904.00 1142.09
1904.00 1142.61
1904.00 1143.13
1903.99 1143.65
1903.98 1144.16
1903.94 1144.66
1903.87 1145.16
1903.77 1145.63
1903.63 1146.10
1903.48 1146.55
1903.33 1147.01
1903.20 1147.48
1903.11 1147.96
1903.05 1148.45
1903.02 1148.96
1903.01 1149.48
1903.00 1149.99
1903.00 1150.51
1903.00 1151.03
1902.99 1151.55
1902.98 1152.07
1902.95 1152.57
1902.89 1153.07
1902.79 1153.55
1902.66 1154.01
1902.51 1154.47
1902.36 1154.93
1902.22 1155.39
1902.12 1155.87
1902.06 1156.36
1902.02 1156.87
1902.01 1157.38
1902.00 1157.90
1902.00 1158.42
1902.00 1158.94
1902.00 1159.46
1902.00 1160.50
1902.00 1161.02
1902.00 1161.54
1902.00 1162.06
1902.00 1162.58
1902.00 1163.10
1902.00 1163.62
1902.00 1164.14
1902.00 1164.66
1901.98 1165.17
1901.94 1165.68
1901.87 1166.17
1901.77 1166.65
1901.63 1167.11
1901.48 1167.57
1901.33 1168.02
1901.20 1168.49
1901.10 1168.97
1901.04 1169.46
1901.00 1169.97
1900.96 1170.47
1900.91 1170.97
1900.82 1171.45
1900.70 1171.92
1900.55 1172.38
1900.39 1172.83
1900.25 1173.29
1900.14 1173.77
1900.06 1174.26
1900.03 1174.76
1900.01 1175.27
1899.99 1175.79
1899.97 1176.30
1899.93 1176.80
1899.85 1177.29
1899.74 1177.76
1899.59 1178.22
1899.44 1178.68
1899.29 1179.14
1899.17 1179.61
1899.09 1180.09
1899.04 1180.59
1899.01 1181.10
1899.00 1181.62
1898.98 1182.13
1898.94 1182.63
1898.88 1183.13
1898.78 1183.61
1898.66 1184.08
1898.51 1184.53
1898.36 1184.99
1898.22 1185.45
1898.11 1185.93
1898.04 1186.42
1898.00 1186.92
1897.99 1187.44
1897.99 1187.96
1898.00 1188.48
1898.01 1189.01
1898.01 1189.53
1897.99 1190.04
1897.96 1190.55
1897.89 1191.04
1897.80 1191.52
1897.67 1191.99
1897.52 1192.45
1897.37 1192.90
1897.23 1193.37
1897.13 1193.84
1897.06 1194.33
1897.02 1194.84
1897.01 1195.35
1897.00 1195.87
1897.00 1196.39
1896.99 1196.90
1896.96 1197.41
1896.91 1197.91
1896.83 1198.40
1896.71 1198.87
1896.56 1199.33
1896.41 1199.78
1896.26 1200.24
1896.15 1200.72
1896.07 1201.20
1896.03 1201.71
1896.01 1202.22
1896.00 1202.73
1895.98 1203.24
1895.93 1203.75
1895.86 1204.24
1895.75 1204.71
1895.61 1205.17
1895.45 1205.63
1895.31 1206.09
1895.19 1206.56
1895.10 1207.04
1895.04 1207.54
1895.01 1208.05
1895.00 1208.56
1895.00 1209.08
1895.00 1209.60
1895.00 1210.12
1895.00 1210.64
1895.00 1211.16
1895.00 1211.68
1895.00 1212.20
1894.99 1212.72
1894.97 1213.23
1894.93 1213.73
1894.86 1214.22
1894.75 1214.70
1894.62 1215.16
1894.46 1215.62
1894.31 1216.08
1894.19 1216.54
1894.10 1217.03
2018.94 660.21
2019.00 660.70
2019.03 661.20
2019.04 661.71
2019.03 662.23
2019.02 662.76
2019.00 663.28
2019.00 667.94
2019.00 668.46
2019.01 669.49
2019.00 676.23
2019.00 676.75
2019.00 677.27
2018.99 677.78
2018.99 678.30
2018.99 678.82
2018.99 679.34
2018.99 679.86
2018.99 680.37
2018.99 680.89
2018.99 681.41
2018.99 681.93
2018.99 682.44
2018.99 682.96
2019.00 683.48
2019.00 684.00
2019.00 684.51
2019.00 685.03
2019.00 685.55
2019.00 686.07
2019.00 686.58
2019.00 687.10
2019.00 687.62
2019.00 688.14
2019.00 688.65
2019.00 689.17
2019.00 689.69
2019.00 690.21
2019.00 690.72
2019.00 691.24
2019.00 691.76
2019.00 692.28
2019.00 692.80
2019.00 693.31
2019.00 693.83
2019.00 694.35
2019.00 694.87
2019.00 695.39
2019.00 695.91
2019.00 696.42
2019.00 696.94
2019.00 697.46
2019.00 697.98
2019.00 698.50
2019.00 699.01
2019.00 699.53
2019.00 700.05
2019.00 700.56
2019.00 701.08
2019.00 701.60
2019.00 702.12
2019.00 702.64
2019.00 703.15
2019.00 703.67
2019.00 704.19
2019.00 704.71
2019.00 705.23
2019.00 705.74
2018.98 706.25
2018.93 706.75
2018.86 707.24
2018.76 707.71
2018.62 708.18
2018.46 708.63
2018.31 709.08
2018.18 709.55
2018.09 710.03
2018.03 710.52
2018.01 711.03
2018.00 711.54
2018.01 712.06
2018.01 712.58
2018.01 713.10
2018.01 713.62
2018.01 714.14
2018.01 714.65
2018.00 715.17
2017.99 715.68
2017.99 716.20
2017.99 716.72
2017.98 717.23
2017.98 717.75
2017.99 718.27
2017.99 718.79
2017.99 719.31
2017.99 719.83
2018.00 720.35
2018.00 720.86
2018.01 721.38
2018.01 721.90
2018.01 722.42
2018.02 722.94
2018.02 723.46
2018.02 723.98
2018.02 724.50
2018.02 725.01
2018.02 725.53
2018.01 726.05
2018.01 726.57
2018.01 727.08
2018.01 727.60
2018.00 728.11
2018.00 728.63
2018.00 729.15
2017.99 729.66
2017.99 730.18
2017.98 730.70
2017.98 731.21
2017.98 731.73
2017.98 732.25
2017.98 732.76
2017.97 733.28
2017.97 733.80
2017.97 734.32
2017.98 734.84
2017.98 735.35
2017.98 735.87
2017.99 736.39
2018.00 736.91
2018.00 737.44
2018.01 737.96
2018.02 738.48
2018.03 739.00
2018.05 739.52
2018.05 740.05
2018.06 740.56
2018.05 741.08
2018.03 741.59
2017.99 742.09
2017.93 742.58
2017.84 743.07
2017.73 743.54
2017.60 744.00
2017.47 744.46
2017.34 744.93
2017.22 745.40
2017.13 745.88
2017.06 746.37
2017.02 746.87
2017.00 747.38
2017.00 747.89
2017.00 748.41
2017.00 748.93
2017.01 749.45
2017.01 749.97
2017.01 750.49
2017.01 751.00
2017.01 751.52
2017.00 752.04
2017.00 752.55
2017.00 753.07
2016.99 753.59
2016.99 754.11
2016.99 754.62
2016.99 755.14
2016.99 755.66
2016.99 756.18
2017.00 756.70
2017.00 757.21
2017.00 757.73
2017.00 758.25
2017.00 758.77
2017.01 759.29
2017.01 759.81
2017.01 760.33
2017.01 760.84
2017.01 761.36
2017.01 761.88
2017.01 762.40
2017.00 762.91
2017.00 763.43
2016.99 763.94
2016.99 764.46
2016.99 764.98
2016.98 765.49
2016.99 766.01
2016.99 766.53
2017.00 767.05
2017.00 767.57
2016.99 768.09
2016.96 768.59
2016.89 769.08
2016.79 769.56
2016.65 770.02
2016.50 770.47
2016.35 770.93
2016.22 771.39
2016.12 771.87
2016.05 772.36
2016.02 772.86
2016.00 773.37
2016.00 773.89
2016.00 774.41
2016.00 774.92
2016.00 775.44
2016.00 775.96
2016.00 776.48
2016.00 777.00
2016.00 777.52
2016.00 778.03
2016.00 778.55
2016.00 779.07
2016.00 779.59
2016.00 780.10
2016.00 780.62
2016.00 781.14
2016.00 781.66
2016.00 782.17
2016.00 782.69
2016.00 783.21
2016.00 783.73
2016.00 784.24
2016.00 784.76
2016.00 785.28
2016.00 785.80
2016.00 786.32
2016.00 786.83
2016.00 787.35
2016.00 787.87
2016.00 788.39
2015.99 788.90
2015.96 789.41
2015.91 789.90
2015.83 790.39
2015.71 790.86
2015.56 791.31
2015.41 791.77
2015.27 792.23
2015.15 792.70
2015.08 793.18
2015.03 793.68
2015.01 794.19
2015.00 794.71
2015.00 795.22
2015.00 795.74
2015.00 796.26
2015.00 796.78
2015.00 797.29
2015.00 797.81
2015.00 798.33
2015.00 798.85
2015.00 799.37
2015.00 799.88
2015.00 800.40
2015.00 800.92
2015.01 801.44
2015.01 801.96
2015.01 802.48
2015.01 802.99
2015.01 803.51
2015.00 804.03
2015.00 804.54
2014.99 805.06
2014.99 805.58
2014.99 806.09
2014.99 806.61
2014.99 807.13
2014.99 807.65
2015.00 808.17
2015.00 808.69
2014.99 809.20
2014.95 809.70
2014.87 810.19
2014.76 810.66
2014.62 811.12
2014.47 811.57
2014.32 812.03
2014.19 812.50
2014.10 812.97
2014.04 813.47
2014.01 813.97
2013.99 814.48
2013.99 815.00
2013.99 815.52
2014.00 816.04
2014.00 816.56
2014.01 817.08
2014.01 817.60
2014.02 818.12
2014.02 818.64
2014.02 819.15
2014.02 819.67
2014.01 820.19
2014.00 820.70
2014.00 821.22
2013.99 821.73
2013.98 822.24
2013.97 822.76
2013.97 823.28
2013.97 823.80
2013.98 824.32
2014.00 824.84
2014.02 825.37
2014.03 825.89
2014.03 826.41
2014.02 826.92
2013.98 827.42
2013.91 827.91
2013.81 828.39
2013.68 828.85
2013.53 829.31
2013.39 829.77
2013.26 830.23
2013.15 830.71
2013.08 831.19
2013.03 831.69
2013.01 832.20
2013.00 832.71
2013.00 833.23
2013.00 833.75
2013.00 834.27
2013.00 834.79
2013.00 835.30
2013.00 835.82
2013.00 836.34
2013.00 836.86
2013.00 837.37
2013.00 837.89
2013.00 838.41
2013.00 838.93
2013.00 839.45
2013.00 839.96
2013.00 840.48
2013.00 841.00
2012.99 841.51
2012.98 842.03
2012.95 842.53
2012.89 843.03
2012.81 843.51
2012.69 843.98
2012.55 844.44
2012.40 844.89
2012.26 845.35
2012.14 845.82
2012.05 846.30
2012.00 846.80
2011.97 847.31
2011.97 847.82
2011.98 848.34
2012.00 848.87
2012.01 849.39
2012.03 849.92
2012.03 850.44
2012.03 850.95
2012.02 851.47
2012.01 851.98
2011.99 852.49
2011.99 853.01
2011.98 853.52
2011.98 854.04
2011.98 854.56
2011.99 855.08
2012.00 855.60
2011.99 856.11
2011.96 856.62
2011.89 857.11
2011.78 857.58
2011.65 858.04
2011.49 858.50
2011.34 858.95
2011.21 859.42
2011.11 859.90
2011.05 860.39
2011.02 860.89
2011.00 861.40
2011.00 861.92
2011.00 862.44
2011.00 862.95
2011.00 863.47
2011.00 863.99
2011.00 864.51
2011.00 865.03
2011.00 865.54
2011.00 866.06
2011.00 866.58
2011.00 867.10
2011.00 867.61
2011.00 868.13
2011.00 868.65
2011.00 869.17
2011.00 869.69
2011.00 870.20
2011.00 870.72
2011.00 871.24
2011.00 871.76
2011.00 872.28
2010.99 872.79
2010.97 873.30
2010.93 873.80
2010.85 874.29
2010.75 874.76
2010.61 875.22
2010.46 875.67
2010.31 876.13
2010.18 876.59
2010.08 877.07
2010.02 877.57
2010.00 878.07
2009.99 878.59
2010.00 879.11
2010.00 879.63
2010.01 880.15
2010.02 880.67
2010.02 881.19
2010.01 881.71
2010.01 882.22
2010.00 882.74
2010.00 883.25
2009.99 883.77
2009.99 884.28
2009.99 884.80
2009.99 885.32
2009.99 885.84
2009.99 886.36
2009.99 886.87
2009.97 887.38
2009.92 887.88
2009.84 888.37
2009.72 888.83
2009.58 889.29
2009.42 889.74
2009.27 890.20
2009.16 890.67
2009.08 891.16
2009.03 891.66
2009.01 892.17
2009.01 892.68
2009.00 893.20
2009.00 893.71
2009.00 894.23
2009.00 894.75
2009.00 895.27
2009.00 895.78
2009.00 896.30
2009.00 896.82
2008.99 897.34
2008.99 897.85
2008.97 898.36
2008.92 898.86
2008.84 899.34
2008.72 899.81
2008.58 900.27
2008.42 900.72
2008.28 901.18
2008.16 901.65
2008.08 902.14
2008.03 902.63
2008.01 903.14
2008.00 903.66
2008.00 904.17
2008.00 904.69
2008.00 905.21
2008.00 905.73
2008.00 906.24
2008.00 906.76
2008.00 907.28
2008.00 907.80
2008.00 908.32
2007.99 908.83
2007.97 909.34
2007.92 909.84
2007.85 910.32
2007.73 910.79
2007.59 911.25
2007.43 911.71
2007.29 912.16
2007.17 912.63
2007.08 913.11
2007.04 913.61
2007.01 914.12
2007.01 914.64
2007.00 915.15
2007.00 915.67
2007.00 916.19
2007.00 916.70
2007.00 917.22
2007.00 917.74
2007.00 918.26
2007.00 918.78
2007.00 919.29
2006.99 919.81
2006.97 920.32
2006.93 920.82
2006.85 921.30
2006.74 921.77
2006.60 922.23
2006.44 922.69
2006.29 923.14
2006.17 923.61
2006.09 924.09
2006.04 924.59
2006.01 925.10
2006.01 925.61
2006.00 926.13
2006.00 926.65
2006.00 927.17
2006.00 927.68
2006.00 928.20
2006.00 928.72
2006.00 929.24
2005.99 929.75
2005.97 930.26
2005.93 930.76
2005.86 931.25
2005.76 931.72
2005.62 932.19
2005.47 932.64
2005.31 933.09
2005.18 933.56
2005.09 934.04
2005.03 934.53
2005.00 935.04
2004.99 935.55
2005.00 936.07
2005.01 936.59
2005.01 937.11
2005.01 937.63
2005.01 938.15
2005.01 938.67
2005.01 939.18
2005.00 939.70
2005.00 940.21
2004.99 940.73
2004.99 941.25
2004.98 941.76
2004.97 942.27
2004.93 942.77
2004.86 943.26
2004.75 943.74
2004.61 944.20
2004.46 944.65
2004.31 945.11
2004.18 945.57
2004.09 946.05
2004.04 946.55
2004.02 947.06
2004.01 947.57
2004.01 948.09
2004.00 948.60
2004.00 949.12
2004.00 949.64
2003.99 950.15
2003.99 950.67
2003.98 951.18
2003.94 951.69
2003.87 952.17
2003.77 952.65
2003.63 953.11
2003.47 953.56
2003.32 954.02
2003.20 954.48
2003.11 954.96
2003.05 955.46
2003.02 955.96
2003.00 956.48
2003.00 956.99
2003.00 957.51
2003.00 958.03
2003.00 958.55
2002.79 961.57
2002.67 962.03
2002.52 962.49
2002.37 962.94
2002.23 963.40
2002.12 963.88
2002.05 964.36
2002.01 964.87
2002.00 965.38
2002.00 965.90
2002.01 966.42
2002.01 966.94
2002.01 967.45
2002.00 967.97
2002.00 968.49
2002.00 969.00
2002.00 969.52
2001.99 970.04
2001.96 970.54
2001.89 971.03
2001.79 971.51
2001.65 971.97
2001.50 972.42
2001.35 972.88
2001.23 973.35
2001.13 973.82
2001.07 974.32
2001.03 974.82
2001.01 975.33
2001.00 975.84
2000.99 976.36
2000.99 976.87
2000.99 977.39
2000.99 977.91
2000.99 978.43
2000.99 978.94
2000.96 979.45
2000.91 979.95
2000.82 980.43
2000.69 980.89
2000.54 981.35
2000.38 981.80
2000.25 982.26
2000.15 982.74
2000.08 983.23
2000.04 983.73
2000.02 984.24
2000.01 984.75
1999.99 985.26
1999.98 985.78
1999.98 986.29
1999.98 986.81
1999.98 987.33
1999.99 987.85
2000.01 988.37
2000.02 988.90
2000.03 989.42
2000.02 989.93
1999.98 990.43
1999.91 990.92
1999.81 991.40
1999.68 991.86
1999.53 992.32
1999.38 992.78
1999.25 993.24
1999.15 993.72
1999.08 994.20
1999.03 994.70
1999.01 995.21
1999.00 995.73
1999.00 996.24
1999.00 996.76
1999.00 997.28
1999.00 997.80
1999.00 998.31
1998.99 998.83
1998.97 999.34
1998.92 999.84
1998.85 1000.32
1998.73 1000.79
1998.59 1001.25
1998.44 1001.71
1998.29 1002.16
1998.17 1002.63
1998.08 1003.11
1998.03 1003.61
1998.01 1004.12
1998.01 1004.63
1998.01 1005.15
1998.01 1005.67
1998.01 1006.19
1998.00 1006.70
1998.00 1007.22
1998.00 1007.74
1998.00 1008.25
1998.00 1008.77
1998.00 1009.29
1997.99 1009.81
1997.97 1010.31
1997.92 1010.81
1997.85 1011.30
1997.74 1011.77
1997.61 1012.24
1997.46 1012.69
1997.31 1013.15
1997.18 1013.61
1997.09 1014.09
1997.03 1014.59
1997.00 1015.09
1997.00 1015.61
1997.00 1016.13
1997.00 1016.64
1996.98 1017.16
1996.94 1017.66
1996.88 1018.15
1996.78 1018.63
1996.65 1019.09
1996.51 1019.55
1996.36 1020.00
1996.22 1020.47
1996.11 1020.94
1996.04 1021.42
1996.00 1021.93
1995.99 1022.44
1995.99 1022.96
1996.00 1023.48
1996.01 1024.00
1996.01 1024.52
1995.99 1025.03
1995.95 1025.53
1995.89 1026.02
1995.80 1026.51
1995.69 1026.98
1995.55 1027.44
1995.41 1027.90
1995.27 1028.36
1995.15 1028.82
1995.05 1029.30
1994.99 1029.79
1994.96 1030.30
1994.96 1030.82
1994.97 1031.34
1994.99 1031.87
1995.02 1032.40
1995.04 1032.92
1995.04 1033.44
1995.03 1033.95
1994.98 1034.45
1994.90 1034.94
1994.80 1035.41
1994.67 1035.87
1994.52 1036.33
1994.38 1036.79
1994.25 1037.25
1994.15 1037.73
1994.08 1038.22
1994.03 1038.72
1994.01 1039.23
1994.01 1039.74
1994.00 1040.26
1994.00 1040.78
1994.00 1041.29
1994.00 1041.81
1993.99 1042.33
1993.99 1042.84
1993.99 1043.36
1993.99 1043.88
1993.97 1044.39
1993.92 1044.88
1993.83 1045.37
1993.71 1045.83
1993.56 1046.29
1993.41 1046.74
1993.27 1047.20
1993.16 1047.68
1993.08 1048.16
1993.03 1048.66
1993.01 1049.17
1993.00 1049.68
1992.99 1050.20
1992.99 1050.71
1992.98 1051.23
1992.94 1051.73
1992.87 1052.22
1992.76 1052.69
1992.62 1053.15
1992.46 1053.60
1992.31 1054.06
1992.19 1054.52
1992.10 1055.00
1992.04 1055.50
1992.01 1056.01
1992.00 1056.52
1991.98 1057.03
1991.95 1057.53
1991.90 1058.03
1991.80 1058.51
1991.67 1058.97
1991.52 1059.43
1991.37 1059.88
1991.23 1060.34
1991.13 1060.82
1991.06 1061.31
1991.02 1061.81
1991.01 1062.32
1991.00 1062.84
1991.00 1063.35
1991.00 1063.87
1991.00 1064.39
1991.00 1064.91
1991.00 1065.42
1990.99 1065.94
1990.96 1066.44
1990.91 1066.94
1990.83 1067.42
1990.71 1067.89
1990.57 1068.35
1990.41 1068.81
1990.27 1069.26
1990.15 1069.73
1990.06 1070.21
1990.02 1070.71
1990.00 1071.22
1989.99 1071.74
1989.98 1072.25
1989.94 1072.75
1989.87 1073.24
1989.76 1073.71
1989.62 1074.17
1989.46 1074.62
1989.31 1075.08
1989.18 1075.54
1989.09 1076.03
1989.04 1076.52
1989.01 1077.03
1989.01 1077.54
1989.01 1078.06
1989.01 1078.58
1989.00 1079.10
1989.00 1079.61
1988.98 1080.12
1988.94 1080.62
1988.88 1081.12
1988.78 1081.59
1988.65 1082.06
1988.50 1082.51
1988.35 1082.97
1988.22 1083.43
1988.11 1083.91
1988.05 1084.40
1988.02 1084.90
1988.01 1085.42
1988.01 1085.93
1988.00 1086.45
1988.00 1086.97
1988.00 1087.48
1987.99 1088.00
1987.99 1088.52
1987.98 1089.03
1987.95 1089.54
1987.90 1090.03
1987.80 1090.51
1987.67 1090.97
1987.52 1091.43
1987.37 1091.88
1987.23 1092.34
1987.13 1092.82
1987.06 1093.31
1987.02 1093.81
1987.01 1094.32
1987.00 1094.84
1987.00 1095.35
1986.99 1095.87
1986.97 1096.38
1986.92 1096.88
1986.84 1097.36
1986.73 1097.83
1986.58 1098.29
1986.43 1098.74
1986.28 1099.20
1986.16 1099.67
1986.07 1100.15
1986.03 1100.65
1986.01 1101.16
1986.01 1101.67
1985.99 1102.19
1985.94 1102.69
1985.87 1103.17
1985.75 1103.64
1985.62 1104.10
1985.47 1104.56
1985.33 1105.02
1985.20 1105.49
1985.11 1105.96
1985.05 1106.46
1985.01 1106.96
1985.00 1107.47
1984.99 1107.99
1985.00 1108.51
1985.00 1109.03
1985.00 1109.54
1984.99 1110.06
1984.95 1110.56
1984.89 1111.05
1984.80 1111.53
1984.67 1112.00
1984.52 1112.45
1984.37 1112.91
1984.23 1113.37
1984.13 1113.84
1984.06 1114.33
1984.01 1114.83
1983.98 1115.33
1983.92 1115.83
1983.84 1116.31
1983.73 1116.78
1983.59 1117.25
1983.44 1117.70
1983.30 1118.16
1983.17 1118.63
1983.08 1119.10
1983.02 1119.60
1982.99 1120.10
1982.99 1120.62
1982.99 1121.14
1983.00 1121.66
1982.99 1122.17
1982.95 1122.68
1982.88 1123.16
1982.77 1123.64
1982.63 1124.09
1982.47 1124.55
1982.32 1125.00
1982.19 1125.47
1982.10 1125.95
1982.05 1126.44
1982.02 1126.95
1982.00 1127.46
1982.00 1127.98
1982.00 1128.49
1981.99 1129.01
1981.96 1129.51
1981.90 1130.01
1981.81 1130.49
1981.69 1130.96
1981.54 1131.41
1981.38 1131.87
1981.24 1132.32
1981.13 1132.80
1981.06 1133.28
1981.02 1133.79
1981.01 1134.30
1981.00 1134.81
1980.98 1135.32
1980.93 1135.82
1980.84 1136.30
1980.72 1136.77
1980.58 1137.23
1980.43 1137.68
1980.29 1138.14
1980.18 1138.61
1980.09 1139.10
1980.03 1139.59
1980.00 1140.10
1979.99 1140.61
1979.99 1141.13
1980.00 1141.65
1980.00 1142.17
1980.00 1142.68
1979.98 1143.19
1979.94 1143.69
1979.87 1144.18
1979.77 1144.66
1979.64 1145.12
1979.49 1145.58
1979.34 1146.04
1979.21 1146.50
1979.10 1146.97
1979.04 1147.46
1979.00 1147.97
1978.99 1148.48
1978.98 1149.00
1978.96 1149.50
1978.91 1150.00
1978.82 1150.48
1978.69 1150.94
1978.53 1151.40
1978.38 1151.85
1978.24 1152.31
1978.13 1152.78
1978.06 1153.27
1978.02 1153.77
1977.98 1154.28
1977.93 1154.77
1977.86 1155.26
1977.75 1155.73
1977.61 1156.20
1977.46 1156.65
1977.31 1157.11
1977.19 1157.57
1977.09 1158.05
1977.03 1158.54
1976.99 1159.04
1976.95 1159.54
1976.89 1160.04
1976.81 1160.52
1976.69 1160.99
1976.55 1161.45
1976.40 1161.91
1976.26 1162.37
1976.14 1162.83
1976.05 1163.31
1975.99 1163.81
1975.96 1164.31
1975.96 1164.83
1975.97 1165.35
1975.99 1165.88
1976.02 1166.41
1976.04 1166.93
1976.04 1167.45
1976.03 1167.96
1975.98 1168.46
1975.90 1168.95
1975.79 1169.42
1975.66 1169.88
1975.51 1170.34
1975.36 1170.80
1975.22 1171.26
1975.09 1171.72
1974.95 1172.18
1974.81 1172.64
1974.66 1173.10
1974.50 1173.55
1974.34 1174.00
1974.21 1174.46
1974.11 1174.93
1974.05 1175.42
1974.02 1175.90
1974.01 1176.35
1974.01 1176.75
1974.02 1177.05
1974.02 1177.21
912.39 856.75
912.74 857.04
913.13 857.30
913.54 857.54
913.95 857.79
914.30 858.07
914.58 858.41
914.77 858.80
914.89 859.25
914.95 859.74
914.98 860.26
914.99 860.78
915.00 861.31
915.00 861.85
915.00 862.38
915.00 862.92
915.00 863.45
915.00 863.99
915.00 864.52
915.00 865.06
915.00 865.59
915.00 866.13
915.00 866.66
915.00 867.19
915.00 867.73
915.00 868.26
915.00 868.80
915.00 869.33
915.00 869.87
915.00 870.40
915.00 870.94
915.00 871.47
914.98 872.00
914.95 872.52
914.89 873.03
914.80 873.53
914.67 874.01
914.52 874.48
914.36 874.95
914.22 875.43
914.12 875.92
914.05 876.42
914.01 876.94
914.00 877.47
914.00 878.01
914.01 878.55
914.01 879.08
914.02 879.62
914.01 880.15
914.01 880.68
914.00 881.22
914.00 881.75
913.99 882.28
913.99 882.82
913.99 883.35
913.99 883.89
913.99 884.42
914.00 884.96
914.00 885.49
914.00 886.03
914.00 886.56
913.98 887.09
913.94 887.61
913.88 888.12
913.77 888.61
913.64 889.09
913.48 889.56
913.33 890.03
913.20 890.51
913.11 891.00
913.05 891.51
913.02 892.04
913.01 892.57
913.00 893.10
913.00 893.64
913.00 894.17
913.00 894.70
913.00 895.24
913.00 895.77
913.00 896.31
913.00 896.84
913.00 897.38
913.00 897.91
912.99 898.44
912.98 898.97
912.95 899.50
912.89 900.01
912.80 900.50
912.67 900.98
912.52 901.45
912.36 901.92
912.23 902.40
912.12 902.90
912.06 903.40
912.02 903.92
912.01 904.45
912.00 904.98
912.00 905.52
912.00 906.05
912.00 906.59
912.00 907.12
912.00 907.66
912.00 908.19
912.00 908.73
912.00 909.26
912.00 909.80
912.00 910.33
912.00 910.86
912.00 911.40
912.00 911.93
912.00 912.47
912.00 913.00
911.99 913.53
911.98 914.06
911.94 914.58
911.88 915.09
911.78 915.58
911.64 916.06
911.49 916.53
911.34 917.01
911.21 917.49
911.11 917.98
911.05 918.49
911.02 919.01
911.01 919.54
911.00 920.07
911.00 920.61
911.00 921.14
911.00 921.68
911.00 922.21
911.00 922.75
911.00 923.28
911.00 923.82
911.00 924.35
911.00 924.89
910.99 925.42
910.98 925.95
910.95 926.47
910.90 926.98
910.80 927.48
910.68 927.96
910.53 928.43
910.37 928.90
910.23 929.38
910.13 929.87
910.06 930.38
910.03 930.90
910.01 931.43
910.00 931.96
910.00 932.49
910.00 933.03
910.00 933.56
910.00 934.09
909.99 934.63
909.97 935.15
909.93 935.67
909.86 936.18
909.76 936.67
909.62 937.15
909.47 937.62
909.31 938.09
909.19 938.57
909.09 939.07
909.04 939.58
909.01 940.10
909.00 940.63
909.00 941.17
909.00 941.70
909.00 942.24
909.01 942.77
909.01 943.31
909.01 943.84
909.01 944.38
909.01 944.91
909.00 945.45
909.00 945.98
909.00 946.51
909.00 947.05
909.00 947.58
908.99 948.12
908.99 948.65
908.99 949.18
908.99 949.72
909.00 950.26
909.00 950.79
909.00 951.32
908.99 951.86
908.96 952.38
908.91 952.89
908.82 953.39
908.70 953.87
908.55 954.35
908.39 954.82
908.25 955.29
908.14 955.78
908.07 956.29
908.03 956.81
908.01 957.33
908.01 957.86
908.00 958.40
908.00 958.93
908.00 959.46
907.99 960.00
907.99 960.53
907.98 961.06
907.94 961.58
907.88 962.09
907.78 962.58
907.64 963.06
907.48 963.53
907.33 964.00
907.20 964.48
907.11 964.98
907.05 965.49
907.02 966.01
907.01 966.54
907.00 967.07
907.00 967.61
907.00 968.14
906.99 968.67
906.99 969.21
906.99 969.74
906.97 970.27
906.92 970.78
906.84 971.29
906.73 971.77
906.58 972.25
906.42 972.71
906.28 973.19
906.16 973.68
906.08 974.18
906.04 974.69
906.01 975.22
906.01 975.75
906.00 976.28
906.00 976.82
906.00 977.35
906.00 977.89
906.00 978.42
906.00 978.95
906.00 979.49
906.00 980.02
905.99 980.56
905.98 981.09
905.94 981.61
905.88 982.11
905.78 982.61
905.64 983.08
905.49 983.55
905.33 984.03
905.20 984.51
905.11 985.00
905.05 985.51
905.02 986.04
905.01 986.56
905.00 987.10
904.99 987.63
904.97 988.15
904.93 988.67
904.87 989.18
904.76 989.67
904.63 990.15
904.47 990.62
904.32 991.09
904.19 991.57
904.09 992.07
904.04 992.58
904.01 993.10
904.01 993.63
904.01 994.17
904.01 994.71
904.01 995.24
904.00 995.77
904.00 996.31
904.00 996.84
904.00 997.37
904.00 997.91
904.00 998.45
904.00 998.98
904.00 999.51
904.00 1000.05
903.99 1000.58
903.97 1001.11
903.94 1001.63
903.87 1002.13
903.77 1002.63
903.63 1003.10
903.47 1003.57
903.32 1004.04
903.19 1004.53
903.10 1005.02
903.05 1005.54
903.02 1006.06
903.01 1006.59
903.00 1007.12
903.00 1007.66
903.00 1008.19
903.00 1008.72
903.00 1009.26
903.00 1009.79
903.00 1010.33
903.00 1010.86
903.00 1011.40
903.00 1011.93
902.99 1012.46
902.98 1012.99
902.95 1013.51
902.89 1014.02
902.79 1014.52
902.66 1015.00
902.51 1015.47
902.35 1015.94
902.22 1016.42
902.12 1016.91
902.06 1017.42
902.02 1017.94
902.00 1018.47
901.98 1019.00
901.95 1019.52
901.89 1020.03
901.79 1020.52
901.66 1021.00
901.51 1021.47
901.36 1021.94
901.22 1022.42
901.12 1022.92
901.06 1023.42
901.02 1023.94
901.01 1024.47
901.00 1025.01
901.00 1025.54
901.00 1026.08
901.00 1026.61
901.00 1027.15
901.00 1027.68
901.00 1028.21
901.00 1028.75
901.00 1029.28
901.00 1029.82
900.99 1030.35
900.98 1030.88
900.96 1031.40
900.91 1031.92
900.82 1032.42
900.69 1032.90
900.54 1033.37
900.39 1033.84
900.25 1034.32
900.14 1034.81
900.07 1035.31
900.03 1035.83
900.00 1036.36
899.99 1036.88
899.96 1037.41
899.90 1037.92
899.81 1038.42
899.69 1038.90
899.54 1039.37
899.37 1039.84
899.22 1040.31
899.07 1040.78
898.92 1041.26
898.78 1041.73
898.62 1042.20
898.45 1042.66
898.30 1043.14
898.18 1043.62
898.09 1044.12
898.04 1044.63
898.02 1045.16
898.00 1045.69
898.00 1046.22
897.99 1046.75
897.97 1047.27
897.92 1047.79
897.84 1048.29
897.73 1048.78
897.58 1049.25
897.43 1049.72
897.28 1050.20
897.16 1050.68
897.08 1051.19
897.04 1051.70
897.01 1052.23
897.00 1052.76
897.00 1053.29
897.00 1053.82
897.00 1054.36
896.98 1054.89
896.96 1055.41
896.90 1055.92
896.82 1056.42
896.69 1056.91
896.55 1057.38
896.39 1057.85
896.25 1058.33
896.14 1058.81
896.06 1059.32
896.01 1059.83
895.97 1060.35
895.92 1060.86
895.83 1061.36
895.71 1061.85
895.56 1062.32
895.40 1062.79
895.26 1063.26
895.15 1063.75
895.07 1064.26
895.03 1064.77
895.01 1065.30
895.00 1065.83
895.00 1066.36
895.00 1066.90
895.00 1067.43
895.00 1067.97
895.00 1068.50
895.00 1069.04
895.00 1069.57
895.00 1070.11
895.00 1070.64
895.00 1071.18
895.00 1071.71
895.00 1072.25
895.00 1072.78
895.00 1073.31
895.00 1073.85
895.00 1074.38
895.00 1074.92
895.00 1075.45
895.00 1075.99
895.00 1076.52
895.00 1077.06
894.99 1077.59
894.98 1078.12
894.94 1078.64
894.87 1079.14
894.77 1079.63
894.63 1080.11
894.48 1080.58
894.32 1081.05
894.20 1081.54
894.10 1082.03
894.05 1082.54
894.02 1083.07
894.01 1083.60
894.00 1084.13
894.00 1084.66
894.00 1085.20
894.00 1085.73
894.00 1086.27
894.00 1086.80
894.00 1087.34
894.00 1087.87
894.00 1088.41
894.00 1088.94
894.00 1089.47
894.00 1090.01
893.99 1090.54
893.98 1091.07
893.94 1091.59
893.88 1092.10
893.78 1092.59
893.64 1093.07
893.49 1093.54
893.33 1094.01
893.20 1094.49
893.11 1094.99
893.05 1095.50
893.02 1096.02
893.01 1096.55
893.00 1097.08
892.99 1097.61
892.97 1098.14
892.94 1098.66
892.87 1099.16
892.76 1099.65
892.62 1100.13
892.46 1100.60
892.31 1101.07
892.19 1101.56
892.10 1102.05
892.04 1102.57
892.01 1103.09
892.00 1103.62
891.98 1104.14
891.94 1104.66
891.87 1105.17
891.76 1105.66
891.62 1106.13
891.47 1106.60
891.31 1107.08
891.18 1107.56
891.08 1108.05
890.99 1108.55
890.90 1109.04
890.80 1109.53
890.66 1110.01
890.50 1110.48
890.35 1110.95
890.22 1111.43
890.12 1111.93
890.05 1112.43
890.00 1112.95
889.96 1113.47
889.90 1113.98
889.80 1114.47
889.68 1114.95
889.52 1115.42
889.37 1115.89
889.23 1116.37
889.13 1116.86
889.06 1117.37
889.03 1117.89
889.01 1118.42
889.00 1118.95
889.00 1119.48
889.00 1120.02
889.00 1120.55
889.00 1121.09
889.00 1121.62
889.00 1122.16
889.00 1122.69
889.00 1123.23
889.00 1123.76
889.00 1124.30
889.00 1124.83
888.99 1125.36
888.99 1125.90
888.99 1126.43
888.98 1126.96
888.95 1127.49
888.90 1128.00
888.80 1128.49
888.67 1128.97
888.51 1129.44
888.36 1129.91
888.22 1130.39
888.12 1130.88
888.06 1131.39
888.02 1131.91
888.00 1132.44
887.98 1132.97
887.95 1133.49
887.90 1134.00
887.80 1134.49
887.67 1134.98
887.52 1135.45
887.37 1135.92
887.23 1136.40
887.13 1136.89
887.06 1137.39
887.03 1137.91
887.01 1138.44
887.00 1138.98
887.00 1139.51
887.00 1140.04
886.99 1140.57
886.97 1141.10
886.94 1141.62
886.87 1142.13
886.77 1142.62
886.63 1143.10
886.47 1143.57
886.32 1144.04
886.19 1144.52
886.10 1145.02
886.05 1145.53
886.02 1146.05
886.01 1146.58
886.00 1147.11
885.99 1147.64
885.97 1148.17
885.93 1148.69
885.86 1149.19
885.75 1149.68
885.61 1150.16
885.46 1150.63
885.31 1151.10
885.18 1151.59
885.09 1152.09
885.04 1152.60
885.01 1153.12
885.00 1153.65
885.00 1154.19
885.00 1154.72
885.00 1155.26
885.00 1155.79
885.00 1156.32
885.00 1156.86
885.00 1157.39
885.00 1157.93
885.00 1158.46
885.00 1159.00
885.00 1159.53
885.00 1160.07
885.00 1160.60
885.00 1161.14
885.00 1161.67
885.00 1162.20
884.99 1162.74
884.97 1163.26
884.92 1163.78
884.84 1164.28
884.73 1164.77
884.59 1165.24
884.43 1165.71
884.28 1166.19
884.16 1166.67
884.06 1167.16
883.97 1167.66
883.88 1168.16
883.77 1168.65
883.63 1169.12
883.47 1169.59
883.32 1170.06
883.19 1170.55
883.10 1171.04
883.04 1171.55
883.02 1172.08
883.01 1172.61
883.00 1173.14
883.00 1173.68
883.00 1174.21
883.00 1174.74
883.00 1175.28
883.00 1175.81
883.00 1176.35
883.00 1176.88
882.99 1177.41
882.98 1177.94
882.95 1178.47
882.90 1178.98
882.81 1179.48
882.68 1179.96
882.53 1180.43
882.37 1180.90
882.23 1181.38
882.13 1181.87
882.06 1182.37
882.02 1182.89
882.00 1183.42
881.98 1183.95
881.95 1184.47
881.90 1184.98
881.80 1185.48
881.67 1185.96
881.52 1186.43
881.37 1186.90
881.23 1187.38
881.13 1187.87
881.06 1188.38
881.02 1188.90
881.00 1189.42
880.98 1189.95
880.95 1190.47
880.90 1190.98
880.80 1191.48
880.68 1191.96
880.52 1192.43
880.37 1192.90
880.23 1193.38
880.13 1193.87
880.06 1194.38
880.02 1194.90
880.00 1195.42
879.98 1195.95
879.95 1196.47
879.90 1196.98
879.80 1197.48
879.67 1197.96
879.52 1198.43
879.37 1198.90
879.23 1199.38
879.13 1199.87
879.06 1200.38
879.02 1200.90
879.01 1201.43
879.00 1201.96
879.00 1202.50
879.00 1203.03
879.00 1203.57
879.00 1204.10
879.00 1204.63
879.00 1205.17
879.00 1205.70
879.00 1206.24
879.00 1206.77
878.99 1207.30
878.99 1207.84
878.96 1208.36
878.91 1208.87
878.83 1209.37
878.70 1209.86
878.56 1210.33
878.40 1210.80
878.26 1211.28
878.15 1211.76
878.07 1212.27
878.03 1212.78
878.00 1213.31
877.99 1213.84
877.96 1214.36
877.91 1214.88
877.83 1215.38
877.71 1215.86
877.56 1216.33
877.40 1216.80
877.26 1217.28
877.14 1217.77
877.07 1218.27
877.03 1218.79
877.01 1219.32
877.01 1219.85
877.00 1220.38
877.00 1220.91
876.99 1221.45
876.98 1221.97
876.95 1222.50
876.89 1223.01
876.80 1223.50
876.67 1223.98
876.01 1227.45
876.00 1227.99
876.00 1228.52
876.00 1229.05
875.99 1229.59
875.97 1230.11
875.94 1230.63
875.87 1231.14
875.77 1231.63
875.63 1232.11
875.48 1232.58
875.32 1233.05
875.20 1233.53
875.10 1234.03
875.05 1234.54
875.02 1235.06
875.01 1235.59
875.00 1236.13
875.00 1236.66
875.00 1237.19
874.99 1237.72
874.97 1238.25
874.92 1238.77
874.85 1239.27
874.73 1239.76
874.59 1240.23
874.43 1240.70
874.28 1241.18
874.17 1241.66
874.08 1242.16
874.04 1242.68
874.01 1243.20
873.99 1243.73
873.97 1244.25
873.92 1244.77
873.85 1245.27
873.73 1245.76
873.59 1246.23
873.43 1246.70
873.29 1247.18
873.17 1247.66
873.09 1248.17
873.04 1248.68
873.01 1249.20
873.00 1249.74
873.00 1250.27
873.00 1250.80
873.00 1251.34
873.00 1251.87
872.99 1252.40
872.98 1252.93
872.95 1253.46
872.90 1253.97
872.80 1254.46
872.68 1254.95
872.52 1255.42
872.37 1255.89
872.24 1256.37
872.13 1256.86
872.07 1257.37
872.03 1257.89
872.01 1258.41
872.00 1258.94
872.00 1259.48
871.99 1260.01
871.99 1260.54
871.99 1261.08
871.99 1261.61
871.98 1262.14
871.94 1262.66
871.87 1263.17
871.76 1263.66
871.62 1264.13
871.47 1264.60
871.31 1265.08
871.19 1265.56
871.09 1266.05
871.04 1266.57
871.01 1267.09
871.01 1267.62
871.01 1268.16
871.01 1268.69
871.01 1269.23
871.00 1269.76
871.00 1270.29
871.00 1270.83
870.99 1271.36
870.99 1271.89
870.99 1272.43
870.98 1272.96
870.95 1273.48
870.90 1273.99
870.80 1274.49
870.68 1274.97
870.52 1275.44
870.37 1275.91
870.23 1276.39
870.13 1276.88
870.06 1277.39
870.03 1277.91
870.01 1278.44
870.00 1278.97
870.00 1279.50
870.00 1280.04
870.00 1280.57
870.00 1281.11
870.00 1281.64
870.00 1282.18
870.00 1282.71
870.00 1283.24
870.00 1283.78
870.00 1284.31
869.99 1284.84
869.96 1285.37
869.91 1285.88
869.82 1286.38
869.70 1286.86
869.55 1287.34
869.40 1287.81
869.26 1288.28
869.14 1288.77
869.07 1289.27
869.02 1289.79
868.98 1290.31
868.92 1290.82
868.84 1291.32
868.72 1291.81
868.58 1292.28
868.42 1292.75
868.27 1293.22
868.16 1293.71
868.08 1294.21
868.03 1294.73
868.01 1295.25
868.01 1295.79
868.00 1296.32
867.99 1296.85
867.96 1297.37
867.91 1297.88
867.82 1298.38
867.71 1298.87
867.56 1299.34
867.40 1299.81
867.26 1300.29
867.15 1300.78
867.07 1301.28
867.02 1301.79
866.98 1302.31
866.92 1302.82
866.84 1303.32
866.72 1303.81
866.57 1304.28
866.42 1304.75
866.27 1305.23
866.16 1305.71
866.08 1306.22
866.03 1306.73
866.01 1307.26
866.01 1307.79
866.00 1308.32
866.00 1308.86
866.00 1309.39
866.00 1309.92
866.00 1310.46
866.00 1310.99
865.99 1311.53
865.98 1312.06
865.94 1312.58
865.88 1313.08
865.78 1313.58
865.65 1314.06
865.49 1314.53
865.34 1315.00
865.20 1315.48
865.09 1315.97
865.01 1316.46
864.92 1316.96
864.82 1317.46
864.69 1317.94
864.54 1318.41
864.38 1318.88
864.24 1319.35
864.13 1319.84
864.06 1320.35
864.01 1320.86
863.97 1321.38
863.91 1321.89
863.83 1322.39
863.70 1322.88
863.55 1323.35
863.39 1323.82
863.25 1324.29
863.13 1324.78
863.04 1325.27
862.95 1325.77
862.86 1326.27
862.73 1326.75
862.59 1327.23
862.42 1327.69
862.26 1328.16
861.00 1335.12
861.00 1335.66
861.00 1336.19
860.99 1336.72
860.97 1337.25
860.92 1337.76
860.85 1338.27
860.17 1340.66
860.09 1341.16
860.04 1341.68
860.01 1342.20
860.00 1342.73
860.00 1343.26
860.00 1343.80
860.00 1344.33
860.00 1344.87
860.00 1345.40
860.00 1345.94
860.01 1346.47
860.02 1347.00
860.05 1347.52
860.11 1348.03
860.20 1348.52
860.33 1349.00
860.46 1349.46
860.57 1349.91
860.63 1350.36
860.61 1350.81
860.53 1351.26
860.40 1351.71
860.25 1352.17
860.11 1352.64
859.96 1353.11
859.78 1353.56
859.57 1353.99
859.29 1354.38
858.93 1354.71
858.52 1354.99
858.07 1355.23
857.60 1355.45
857.12 1355.66
856.66 1355.89
856.24 1356.15
855.87 1356.46
855.00 1376.87
855.01 1377.41
855.00 1377.94
855.00 1378.48
855.00 1379.01
854.99 1379.54
854.99 1380.08
854.99 1380.61
854.97 1381.14
854.94 1381.66
854.87 1382.16
854.76 1382.65
854.62 1383.13
854.46 1383.60
854.31 1384.07
854.19 1384.55
854.10 1385.05
854.04 1385.56
853.99 1386.08
853.95 1386.59
853.88 1387.10
853.78 1387.59
853.64 1388.07
853.49 1388.54
853.33 1389.01
853.20 1389.49
853.11 1389.99
853.05 1390.50
853.02 1391.02
853.01 1391.55
853.00 1392.08
853.00 1392.62
853.00 1393.15
853.00 1393.69
853.00 1394.22
853.00 1394.76
853.00 1395.29
852.99 1395.82
852.96 1396.35
852.91 1396.86
852.83 1397.36
852.71 1397.84
852.56 1398.32
852.40 1398.79
852.26 1399.26
852.15 1399.75
852.07 1400.25
852.03 1400.77
852.01 1401.30
852.00 1401.83
852.00 1402.36
852.00 1402.90
852.00 1403.43
852.00 1403.97
852.00 1404.50
852.00 1405.04
852.00 1405.57
852.00 1406.10
852.00 1406.64
852.00 1407.17
852.00 1407.71
852.00 1408.24
852.00 1408.78
852.00 1409.31
852.00 1409.85
852.00 1410.38
852.00 1410.92
852.00 1411.45
852.00 1411.99
852.00 1412.52
852.00 1413.06
852.00 1413.59
852.00 1414.13
852.00 1414.66
852.00 1415.20
852.00 1415.73
852.00 1416.27
852.00 1416.80
852.00 1417.33
852.00 1417.87
852.00 1418.40
852.00 1418.94
851.99 1419.47
851.98 1419.99
851.94 1420.50
851.86 1420.99
851.73 1421.44
851.52 1421.85
851.24 1422.21
850.89 1422.54
850.49 1422.85
850.07 1423.16
849.66 1423.49
849.27 1423.84
848.91 1424.21
848.59 1424.60
848.30 1425.02
848.05 1425.45
842.00 1457.70
842.00 1458.23
841.99 1458.76
841.96 1459.29
841.92 1459.80
841.84 1460.30
841.72 1460.79
841.58 1461.27
841.42 1461.74
841.28 1462.21
841.16 1462.70
841.08 1463.20
841.03 1463.71
841.01 1464.24
841.00 1464.77
841.00 1465.30
841.00 1465.84
841.00 1466.37
840.98 1466.90
840.96 1467.42
840.90 1467.94
840.82 1468.43
840.69 1468.92
840.54 1469.39
840.39 1469.86
840.24 1470.34
840.14 1470.83
840.06 1471.33
840.01 1471.84
839.97 1472.36
839.92 1472.87
839.83 1473.37
839.71 1473.86
839.56 1474.33
839.40 1474.80
839.26 1475.27
839.14 1475.76
839.04 1476.25
838.96 1476.75
838.86 1477.25
838.74 1477.73
838.59 1478.21
838.43 1478.67
838.27 1479.14
838.12 1479.61
837.97 1480.09
834.00 1508.39
834.00 1508.92
834.00 1509.45
834.00 1509.99
834.00 1510.52
834.00 1511.06
834.00 1511.59
834.00 1512.13
834.00 1512.66
834.00 1513.20
834.00 1513.73
834.00 1514.27
834.00 1514.80
834.00 1515.34
834.00 1515.87
834.00 1516.41
834.00 1516.94
834.00 1517.47
834.00 1518.01
834.00 1518.54
834.00 1519.08
834.00 1519.61
834.00 1520.15
834.00 1520.68
834.00 1521.22
833.99 1521.75
833.97 1522.27
833.92 1522.79
833.84 1523.29
833.72 1523.78
833.58 1524.25
833.41 1524.72
833.25 1525.19
833.10 1525.66
832.96 1526.13
832.81 1526.61
832.66 1527.08
832.49 1527.54
832.34 1528.01
832.20 1528.49
832.09 1528.98
832.00 1529.48
831.92 1529.98
831.81 1530.47
831.68 1530.95
831.52 1531.42
831.36 1531.89
831.20 1532.35
831.05 1532.83
830.91 1533.30
830.75 1533.77
830.58 1534.24
830.39 1534.69
830.18 1535.14
829.96 1535.59
829.75 1536.03
829.55 1536.48
829.37 1536.94
829.23 1537.42
829.12 1537.91
829.05 1538.42
829.01 1538.93
828.96 1539.45
828.90 1539.96
828.81 1540.45
828.68 1540.94
828.53 1541.41
828.37 1541.88
828.23 1542.35
828.13 1542.85
828.06 1543.35
828.01 1543.87
827.97 1544.38
827.91 1544.89
827.82 1545.39
827.70 1545.88
827.55 1546.35
827.39 1546.82
827.25 1547.29
827.14 1547.78
827.07 1548.29
827.02 1548.80
826.97 1549.32
826.92 1549.83
826.84 1550.33
826.72 1550.82
826.57 1551.29
826.41 1551.76
825.96 1556.38
792.00 1746.03
792.00 1746.56
792.00 1747.10
792.00 1747.63
792.00 1748.17
792.00 1748.70
792.00 1749.24
792.00 1749.77
792.00 1750.31
792.00 1750.84
792.00 1751.37
792.00 1751.91
792.00 1752.44
792.00 1752.98
792.00 1753.51
792.00 1754.05
791.99 1754.58
791.97 1755.10
791.93 1755.61
791.85 1756.09
791.70 1756.54
791.48 1756.93
791.17 1757.28
790.79 1757.58
790.35 1757.84
789.88 1758.08
368.00 1651.44
367.91 1652.01
367.87 1652.60
367.88 1653.19
367.89 1653.79
367.88 1654.38
367.84 1654.95
367.76 1655.50
367.63 1656.03
367.48 1656.55
367.33 1657.07
367.19 1657.59
367.07 1658.13
366.97 1658.67
366.86 1659.20
366.73 1659.73
366.58 1660.25
366.42 1660.77
366.27 1661.29
366.16 1661.82
366.07 1662.37
366.01 1662.92
365.95 1663.48
365.87 1664.03
365.75 1664.56
365.60 1665.08
365.41 1665.59
365.19 1666.08
364.97 1666.57
364.73 1667.05
364.49 1667.53
364.25 1668.01
364.00 1668.50
363.76 1668.98
363.52 1669.46
363.28 1669.94
363.03 1670.42
362.80 1670.91
362.57 1671.40
362.37 1671.89
362.19 1672.40
362.02 1672.91
361.86 1673.43
361.69 1673.94
361.52 1674.45
361.36 1674.97
361.22 1675.49
361.10 1676.02
360.99 1676.56
360.88 1677.10
360.75 1677.63
360.61 1678.15
360.45 1678.67
360.30 1679.18
360.16 1679.71
360.05 1680.25
359.94 1680.78
359.83 1681.32
359.70 1681.85
359.54 1682.37
359.39 1682.88
359.24 1683.40
359.11 1683.93
359.01 1684.47
358.90 1685.01
358.78 1685.54
358.63 1686.06
358.44 1686.56
358.22 1687.05
357.98 1687.54
357.73 1688.01
357.47 1688.48
357.21 1688.93
356.92 1689.37
356.61 1689.78
356.28 1690.17
355.00 1695.79
355.00 1696.38
355.00 1696.96
355.00 1697.54
355.00 1698.12
355.00 1698.70
354.99 1699.28
354.98 1699.86
354.94 1700.42
354.88 1700.98
354.78 1701.52
354.65 1702.05
354.50 1702.57
354.34 1703.09
354.20 1703.61
354.09 1704.15
354.02 1704.70
353.98 1705.26
353.97 1705.84
353.99 1706.43
354.01 1707.02
354.04 1707.62
354.06 1708.21
354.07 1708.79
354.05 1709.37
354.01 1709.93
353.93 1710.48
353.81 1711.02
353.66 1711.54
353.47 1712.04
353.24 1712.52
352.96 1712.99
352.65 1713.45
352.30 1713.88
351.92 1714.31
351.51 1714.72
351.07 1715.12
347.03 1723.92
347.02 1724.50
347.01 1725.08
347.00 1725.66
346.97 1726.22
346.90 1726.78
346.80 1727.32
346.67 1727.85
346.52 1728.37
346.37 1728.89
346.24 1729.41
346.12 1729.95
346.01 1730.48
345.90 1731.02
345.77 1731.55
345.62 1732.07
345.43 1732.57
345.21 1733.06
344.98 1733.55
344.74 1734.03
344.49 1734.51
344.25 1735.00
344.01 1735.48
343.78 1735.96
343.57 1736.46
343.38 1736.96
343.23 1737.48
343.12 1738.02
343.05 1738.57
342.99 1739.13
342.92 1739.68
342.83 1740.23
342.71 1740.76
342.56 1741.28
342.39 1741.79
342.22 1742.30
342.05 1742.82
341.89 1743.33
341.72 1743.84
341.55 1744.35
341.39 1744.87
341.25 1745.39
341.14 1745.93
341.07 1746.48
341.02 1747.05
340.99 1747.61
340.96 1748.18
340.91 1748.74
340.82 1749.29
340.69 1749.82
340.54 1750.34
340.38 1750.86
340.24 1751.38
340.12 1751.91
340.01 1752.45
339.90 1752.98
339.78 1753.51
339.62 1754.03
339.43 1754.54
339.22 1755.03
338.99 1755.52
338.76 1756.00
338.51 1756.48
338.27 1756.96
338.03 1757.45
337.79 1757.93
337.57 1758.42
337.37 1758.92
337.19 1759.43
337.02 1759.94
336.85 1760.45
336.68 1760.96
336.51 1761.47
336.33 1761.98
336.17 1762.50
336.00 1763.01
335.83 1763.52
335.67 1764.03
335.50 1764.55
335.34 1765.06
335.19 1765.59
335.08 1766.12
334.97 1766.66
334.86 1767.19
334.73 1767.72
334.58 1768.24
334.42 1768.76
334.27 1769.28
334.14 1769.81
334.03 1770.34
333.92 1770.88
333.81 1771.41
333.67 1771.94
333.51 1772.46
333.36 1772.97
333.21 1773.50
333.09 1774.03
332.98 1774.57
332.87 1775.10
332.75 1775.63
332.60 1776.15
332.44 1776.67
332.27 1777.18
332.10 1777.69
331.93 1778.20
331.76 1778.71
331.57 1779.22
331.36 1779.71
331.14 1780.20
330.91 1780.69
330.67 1781.17
330.43 1781.66
330.19 1782.14
329.95 1782.62
329.70 1783.10
329.46 1783.58
329.22 1784.06
328.97 1784.55
328.74 1785.03
328.53 1785.53
328.35 1786.03
328.20 1786.55
328.08 1787.09
327.98 1787.63
327.87 1788.16
327.74 1788.69
327.59 1789.21
327.43 1789.73
327.28 1790.25
327.15 1790.78
327.04 1791.31
326.93 1791.85
326.82 1792.38
326.68 1792.91
326.52 1793.43
326.37 1793.94
326.22 1794.47
326.10 1795.00
325.99 1795.54
325.89 1796.07
325.76 1796.60
325.60 1797.12
325.41 1797.62
325.19 1798.11
324.96 1798.60
324.72 1799.08
324.48 1799.56
324.23 1800.04
323.99 1800.53
323.74 1801.01
323.50 1801.49
323.26 1801.97
323.02 1802.45
322.78 1802.94
322.57 1803.43
322.37 1803.93
322.18 1804.43
322.01 1804.95
321.85 1805.46
321.68 1805.97
321.51 1806.48
321.35 1807.00
321.21 1807.52
321.09 1808.06
320.98 1808.59
320.87 1809.13
320.74 1809.66
320.59 1810.18
320.43 1810.69
320.26 1811.20
320.09 1811.72
319.93 1812.23
319.76 1812.74
319.59 1813.25
319.42 1813.77
319.27 1814.29
319.14 1814.82
319.03 1815.35
318.93 1815.89
318.81 1816.41
318.66 1816.90
318.51 1817.35
318.35 1817.74
318.23 1818.02
318.17 1818.17
1065.00 1658.83
1065.00 1659.00
1065.00 1659.31
1065.00 1659.72
1065.00 1660.20
1065.00 1660.71
1065.00 1661.24
1065.00 1661.78
1065.00 1662.31
1065.00 1662.85
1065.00 1663.39
1065.00 1663.93
1065.00 1664.47
1065.00 1665.01
1065.00 1665.55
1065.00 1666.09
1065.00 1666.63
1065.00 1667.17
1065.00 1667.70
1065.00 1668.24
1065.00 1668.78
1065.00 1669.32
1065.00 1669.86
1065.00 1670.40
1065.00 1670.94
1065.00 1671.48
1065.00 1672.02
1065.00 1672.56
1065.01 1673.10
1065.01 1673.64
1065.01 1674.18
1065.01 1674.72
1065.00 1675.26
1065.00 1675.80
1065.00 1676.33
1064.99 1676.87
1064.99 1677.41
1064.99 1677.95
1064.99 1678.49
1064.99 1679.03
1064.99 1679.57
1064.98 1680.10
1064.94 1680.62
1064.86 1681.13
1064.73 1681.62
1064.54 1682.08
1064.29 1682.51
1063.99 1682.92
1063.65 1683.32
1063.30 1683.72
1062.96 1684.12
1062.65 1684.53
1062.36 1684.95
1062.10 1685.38
1061.85 1685.82
1061.62 1686.26
1061.40 1686.71
1061.18 1687.15
1060.95 1687.60
1060.73 1688.05
1060.50 1688.49
1060.28 1688.94
1060.06 1689.38
1059.84 1689.83
1059.63 1690.29
1059.44 1690.75
1059.28 1691.22
1059.16 1691.71
1059.08 1692.22
1059.03 1692.74
1059.01 1693.27
1059.00 1693.80
1059.00 1694.34
1058.99 1694.87
1058.96 1695.40
1058.90 1695.92
1058.81 1696.42
1058.69 1696.91
1058.54 1697.38
1058.38 1697.86
1058.25 1698.34
1058.14 1698.84
1058.06 1699.34
1058.02 1699.87
1058.00 1700.40
1057.99 1700.93
1057.95 1701.46
1057.89 1701.97
1057.80 1702.47
1057.67 1702.96
1057.52 1703.43
1057.36 1703.91
1057.23 1704.39
1057.11 1704.88
1057.02 1705.38
1056.93 1705.89
1056.83 1706.38
1056.70 1706.87
1056.55 1707.35
1056.40 1707.82
1056.25 1708.30
1056.13 1708.79
1056.04 1709.29
1055.95 1709.79
1055.85 1710.29
1055.72 1710.78
1055.58 1711.26
1055.42 1711.73
1055.26 1712.20
1055.10 1712.68
1054.95 1713.15
1054.80 1713.63
1054.64 1714.10
1054.48 1714.58
1054.33 1715.05
1054.19 1715.54
1054.09 1716.03
1053.99 1716.53
1053.90 1717.03
1053.79 1717.53
1053.65 1718.01
1053.50 1718.48
1053.34 1718.96
1053.18 1719.43
1053.03 1719.91
1052.88 1720.38
1052.72 1720.86
1052.56 1721.33
1052.39 1721.80
1052.23 1722.27
1052.08 1722.75
1051.93 1723.23
1051.78 1723.70
1051.61 1724.17
1034.02 1806.92
1034.05 1807.45
1034.10 1807.97
1034.20 1808.47
1034.32 1808.95
1034.45 1809.42
1034.56 1809.88
1034.62 1810.33
1034.61 1810.77
1034.54 1811.23
1034.42 1811.68
1034.29 1812.16
1034.17 1812.64
1034.06 1813.14
1033.98 1813.64
1033.88 1814.14
1033.77 1814.63
1033.63 1815.11
1033.47 1815.59
1033.32 1816.07
1033.19 1816.55
1033.10 1817.05
1033.04 1817.57
1033.01 1818.10
1033.00 1818.63
1032.98 1819.16
1032.93 1819.68
1032.86 1820.19
1032.75 1820.68
1032.61 1821.16
1032.45 1821.64
1032.30 1822.12
1032.18 1822.60
1032.09 1823.11
1032.03 1823.62
1031.99 1824.14
1031.94 1824.66
1031.86 1825.17
1031.76 1825.66
1031.61 1826.14
1031.46 1826.62
1031.31 1827.10
1031.18 1827.58
1031.09 1828.09
1031.03 1828.60
1030.99 1829.12
1030.94 1829.64
1030.87 1830.15
1030.76 1830.64
1030.62 1831.13
1030.47 1831.60
1030.32 1832.08
1030.19 1832.56
1030.10 1833.07
1030.04 1833.58
1029.99 1834.10
1029.94 1834.62
1029.87 1835.13
1029.77 1835.62
1029.63 1836.11
1029.47 1836.58
1029.32 1837.06
1029.19 1837.54
1029.10 1838.04
1029.04 1838.56
1028.99 1839.08
1028.95 1839.60
1028.87 1840.11
1028.77 1840.60
1028.63 1841.09
1028.48 1841.56
1028.33 1842.04
1028.20 1842.52
1028.10 1843.02
1028.04 1843.54
1028.02 1844.07
1028.01 1844.60
1028.00 1845.14
1028.00 1845.68
1027.97 1846.21
1027.93 1846.73
1027.85 1847.23
1027.73 1847.72
1027.59 1848.20
1027.43 1848.68
1027.27 1849.15
1027.12 1849.63
1026.97 1850.10
1026.82 1850.58
1026.66 1851.06
1026.50 1851.53
1026.34 1852.00
1026.21 1852.49
1026.11 1852.98
1026.05 1853.50
1026.00 1854.02
1025.95 1854.54
1025.89 1855.05
1025.79 1855.55
1025.65 1856.03
1025.50 1856.51
1025.35 1856.98
1025.21 1857.46
1025.11 1857.96
1025.05 1858.47
1025.00 1858.99
1024.95 1859.51
1024.89 1860.03
1024.79 1860.52
1024.66 1861.01
1024.51 1861.49
1024.35 1861.96
1024.22 1862.44
1024.12 1862.94
1024.05 1863.45
1024.02 1863.98
1024.00 1864.51
1023.98 1865.04
1023.95 1865.57
1023.88 1866.08
1023.78 1866.58
1023.64 1867.06
1023.49 1867.54
1023.34 1868.01
1023.21 1868.50
1023.11 1869.00
1023.05 1869.51
1023.02 1870.04
1023.00 1870.57
1022.98 1871.10
1022.94 1871.62
1022.87 1872.13
1022.76 1872.63
1022.62 1873.11
1022.46 1873.58
1022.30 1874.05
1022.15 1874.53
1022.00 1875.01
1021.85 1875.49
1021.69 1875.96
1021.51 1876.42
1021.31 1876.88
1021.09 1877.33
1020.87 1877.77
1020.66 1878.23
1020.47 1878.69
1020.30 1879.16
1020.17 1879.64
1020.07 1880.14
1019.98 1880.64
1019.88 1881.14
1019.76 1881.63
1019.61 1882.11
1019.43 1882.57
1019.23 1883.03
1019.01 1883.47
1018.79 1883.92
1018.58 1884.38
1018.39 1884.84
1018.22 1885.30
1018.07 1885.78
1017.92 1886.26
1017.77 1886.73
1017.59 1887.20
1017.40 1887.66
1017.19 1888.11
1016.97 1888.56
1016.76 1889.01
1016.55 1889.47
1016.37 1889.93
1016.23 1890.41
1016.12 1890.91
1016.06 1891.42
1016.02 1891.94
1016.01 1892.48
1016.01 1893.02
1016.00 1893.55
1016.00 1894.09
1016.00 1894.63
1015.99 1895.17
1015.99 1895.71
1016.00 1896.25
1015.99 1896.78
1015.97 1897.31
1015.92 1897.83
1015.83 1898.33
1015.71 1898.82
1015.56 1899.30
1015.40 1899.78
1015.26 1900.26
1015.15 1900.75
1015.08 1901.26
1015.03 1901.78
1015.01 1902.31
1015.00 1902.85
1015.00 1903.38
1015.00 1903.92
1014.99 1904.46
1014.98 1904.99
1014.95 1905.52
1014.89 1906.03
1014.79 1906.53
1014.66 1907.02
1014.50 1907.49
1014.35 1907.97
1014.22 1908.45
1014.12 1908.95
1014.05 1909.46
1014.00 1909.98
1013.96 1910.50
1013.89 1911.01
1013.79 1911.51
1013.66 1912.00
1013.51 1912.47
1013.35 1912.95
1013.22 1913.43
1013.10 1913.92
1013.01 1914.42
1012.92 1914.93
1012.82 1915.42
1012.69 1915.91
1012.54 1916.38
1012.38 1916.86
1012.24 1917.34
1012.13 1917.83
1012.03 1918.33
1011.94 1918.83
1011.84 1919.33
1011.72 1919.82
1011.57 1920.30
1011.41 1920.77
1011.27 1921.25
1011.15 1921.74
1011.07 1922.25
1011.02 1922.77
1010.98 1923.29
1010.92 1923.80
1010.84 1924.31
1010.72 1924.80
1010.57 1925.27
1010.41 1925.75
1010.27 1926.23
1010.15 1926.72
1010.05 1927.22
1009.96 1927.72
1009.87 1928.22
1009.75 1928.71
1009.60 1929.19
1009.45 1929.66
1009.30 1930.14
1009.18 1930.63
1009.09 1931.13
1009.03 1931.65
1008.99 1932.17
1008.94 1932.69
1008.86 1933.19
1008.75 1933.69
1008.61 1934.17
1008.45 1934.64
1008.30 1935.12
1008.18 1935.61
1008.09 1936.11
1008.03 1936.63
1007.99 1937.15
1007.94 1937.66
1007.86 1938.17
1007.75 1938.67
1007.61 1939.15
1007.45 1939.62
1007.29 1940.09
1007.13 1940.57
1006.98 1941.04
1006.83 1941.52
1006.68 1942.00
1006.52 1942.47
1006.36 1942.95
1006.23 1943.43
1006.13 1943.92
1006.06 1944.44
1006.02 1944.96
1006.00 1945.49
1006.00 1946.03
1005.99 1946.57
1005.98 1947.10
1005.94 1947.62
1005.87 1948.13
1005.76 1948.63
1005.62 1949.11
1005.47 1949.58
1005.32 1950.06
1005.19 1950.55
1005.10 1951.05
1005.04 1951.56
1004.99 1952.08
1004.95 1952.60
1004.87 1953.11
1004.77 1953.61
1004.63 1954.09
1004.48 1954.57
1004.33 1955.04
1004.20 1955.53
1004.10 1956.03
1004.04 1956.54
1004.01 1957.07
1004.00 1957.60
1003.98 1958.13
1003.94 1958.66
1003.86 1959.17
1003.75 1959.66
1003.61 1960.14
1003.46 1960.61
1003.31 1961.09
1003.18 1961.58
1003.09 1962.08
1003.04 1962.60
1003.01 1963.13
1003.00 1963.66
1003.00 1964.20
1002.99 1964.74
1002.97 1965.27
1002.92 1965.78
1002.84 1966.29
1002.72 1966.78
1002.58 1967.26
1002.42 1967.74
1002.28 1968.22
1002.16 1968.71
1002.08 1969.21
1002.02 1969.73
1001.98 1970.25
1001.92 1970.76
1001.84 1971.27
1001.73 1971.76
1001.59 1972.24
1001.43 1972.72
1001.29 1973.20
1001.16 1973.68
1001.06 1974.18
1000.97 1974.68
1000.87 1975.18
1000.75 1975.67
1000.61 1976.15
1000.45 1976.63
1000.31 1977.11
1000.19 1977.59
1000.10 1978.10
1000.04 1978.61
1000.01 1979.14
999.99 1979.67
999.97 1980.20
999.93 1980.72
999.85 1981.23
999.74 1981.72
999.59 1982.20
999.44 1982.68
999.30 1983.16
999.18 1983.65
999.09 1984.15
999.04 1984.67
999.01 1985.19
999.00 1985.73
999.00 1986.27
998.99 1986.80
998.96 1987.33
998.91 1987.85
998.83 1988.36
998.71 1988.85
998.56 1989.32
998.41 1989.80
998.26 1990.28
998.15 1990.77
998.07 1991.28
998.02 1991.80
998.00 1992.33
997.99 1992.86
997.96 1993.39
997.91 1993.91
997.82 1994.41
997.69 1994.90
997.54 1995.37
997.39 1995.85
997.25 1996.33
997.14 1996.82
997.06 1997.33
997.02 1997.85
997.00 1998.38
997.00 1998.92
997.01 1999.46
997.01 2000.00
997.00 2000.54
997.00 2001.08
996.99 2001.61
996.97 2002.14
996.93 2002.67
996.86 2003.18
996.76 2003.67
996.62 2004.16
996.47 2004.63
996.32 2005.11
996.19 2005.60
996.09 2006.10
996.03 2006.61
996.01 2007.14
996.00 2007.68
996.00 2008.22
996.01 2008.76
996.01 2009.30
996.00 2009.83
996.00 2010.37
995.98 2010.90
995.95 2011.43
995.90 2011.95
995.81 2012.45
995.69 2012.94
995.54 2013.42
995.39 2013.89
995.25 2014.37
995.13 2014.86
995.05 2015.37
995.01 2015.89
995.00 2016.43
995.00 2016.97
995.01 2017.51
995.01 2018.05
995.00 2018.59
994.98 2019.12
994.93 2019.64
994.86 2020.14
994.75 2020.64
994.62 2021.12
994.47 2021.60
994.32 2022.08
994.20 2022.57
994.10 2023.07
994.04 2023.58
994.01 2024.11
994.00 2024.64
993.99 2025.18
994.00 2025.72
994.00 2026.26
994.01 2026.80
994.00 2027.34
993.99 2027.87
993.96 2028.40
993.90 2028.91
993.81 2029.42
993.69 2029.90
993.54 2030.38
993.39 2030.86
993.25 2031.34
993.14 2031.83
993.07 2032.34
993.02 2032.86
993.01 2033.40
993.00 2033.93
993.00 2034.47
993.00 2035.01
993.00 2035.55
993.00 2036.09
993.00 2036.63
993.00 2037.17
992.99 2037.70
992.97 2038.23
992.92 2038.75
992.85 2039.26
992.73 2039.75
992.59 2040.23
992.43 2040.71
992.29 2041.19
992.17 2041.68
992.08 2042.18
992.04 2042.70
992.01 2043.23
992.00 2043.76
992.00 2044.29
992.00 2044.80
992.00 2045.28
992.00 2045.69
992.00 2046.00
992.00 2046.16
1143.00 1679.84
1143.00 1680.01
1143.00 1680.32
1143.00 1680.73
1143.00 1681.21
1143.00 1681.73
1143.00 1682.27
1143.00 1682.81
1143.00 1683.35
1143.00 1683.89
1143.00 1684.44
1143.00 1684.98
1143.00 1685.53
1143.00 1686.07
1143.00 1686.61
1143.00 1687.16
1143.00 1687.70
1143.00 1688.24
1143.00 1688.79
1143.00 1689.33
1143.00 1689.88
1143.00 1690.42
1143.00 1690.96
1143.00 1691.51
1143.00 1692.05
1143.00 1692.60
1143.00 1693.14
1143.00 1693.68
1143.00 1694.23
1143.00 1694.77
1143.00 1695.31
1143.00 1695.86
1143.00 1696.40
1143.00 1696.94
1143.00 1697.49
1143.00 1698.03
1143.00 1698.58
1143.00 1699.12
1143.00 1699.66
1143.00 1700.21
1143.00 1700.75
1143.00 1701.30
1143.00 1701.84
1143.00 1702.38
1143.00 1702.93
1143.00 1703.47
1142.98 1704.01
1142.94 1704.53
1142.87 1705.05
1142.74 1705.54
1142.56 1706.01
1142.33 1706.46
1142.07 1706.89
1141.80 1707.32
1141.54 1707.76
1141.32 1708.21
1141.13 1708.68
1140.96 1709.15
1140.80 1709.63
1140.64 1710.11
1140.48 1710.58
1140.33 1711.07
1140.20 1711.56
1140.11 1712.06
1140.05 1712.58
1140.02 1713.11
1140.01 1713.65
1140.00 1714.19
1140.00 1714.74
1140.00 1715.28
1140.00 1715.82
1140.00 1716.37
1140.00 1716.91
1140.00 1717.45
1140.00 1718.00
1140.00 1718.54
1140.00 1719.08
1140.00 1719.63
1140.00 1720.17
1140.00 1720.72
1140.00 1721.26
1140.00 1721.81
1140.00 1722.35
1140.00 1722.89
1140.00 1723.44
1140.00 1723.98
1140.00 1724.52
1140.00 1725.07
1139.99 1725.61
1139.99 1726.15
1140.00 1726.70
1140.00 1727.24
1139.99 1727.78
1139.96 1728.32
1139.91 1728.84
1139.83 1729.35
1139.70 1729.84
1139.54 1730.31
1139.34 1730.78
1139.13 1731.23
1138.91 1731.68
1138.68 1732.14
1138.46 1732.59
1138.23 1733.04
1138.00 1733.49
1137.78 1733.94
1137.58 1734.40
1137.39 1734.86
1137.24 1735.34
1137.12 1735.84
1137.03 1736.34
1136.94 1736.85
1136.84 1737.35
1136.71 1737.84
1136.56 1738.33
1136.41 1738.81
1136.26 1739.29
1136.15 1739.79
1136.07 1740.30
1136.02 1740.82
1135.97 1741.34
1135.91 1741.86
1135.82 1742.37
1135.70 1742.86
1135.54 1743.34
1135.38 1743.82
1135.22 1744.30
1135.07 1744.78
1134.92 1745.26
1134.77 1745.74
1134.59 1746.21
1134.40 1746.67
1134.18 1747.13
1133.96 1747.58
1133.75 1748.04
1133.54 1748.49
1133.35 1748.96
1133.19 1749.43
1133.03 1749.91
1132.88 1750.39
1132.72 1750.87
1132.56 1751.35
1132.40 1751.83
1132.26 1752.31
1132.15 1752.81
1132.07 1753.32
1132.01 1753.84
1131.97 1754.37
1131.91 1754.89
1131.82 1755.39
1131.69 1755.88
1131.54 1756.37
1131.39 1756.85
1131.24 1757.33
1131.13 1757.83
1131.03 1758.33
1130.94 1758.84
1130.84 1759.34
1130.71 1759.83
1130.56 1760.31
1130.41 1760.79
1130.27 1761.28
1130.15 1761.77
1130.07 1762.28
1130.03 1762.81
1130.00 1763.34
1129.99 1763.88
1129.96 1764.41
1129.90 1764.93
1129.81 1765.44
1129.69 1765.93
1129.54 1766.41
1129.39 1766.89
1129.25 1767.38
1129.13 1767.88
1129.05 1768.39
1129.01 1768.91
1128.99 1769.45
1128.99 1769.99
1129.00 1770.54
1129.01 1771.09
1129.02 1771.63
1129.02 1772.18
1129.01 1772.72
1129.00 1773.26
1128.99 1773.80
1128.95 1774.33
1128.90 1774.85
1128.81 1775.36
1128.70 1775.85
1128.55 1776.34
1128.40 1776.82
1128.26 1777.30
1128.14 1777.80
1128.04 1778.30
1127.94 1778.80
1127.84 1779.30
1127.72 1779.80
1127.57 1780.28
1127.41 1780.76
1127.25 1781.23
1127.09 1781.71
1126.94 1782.19
1126.79 1782.67
1126.63 1783.15
1126.46 1783.63
1126.31 1784.11
1126.18 1784.60
1126.07 1785.10
1125.98 1785.60
1125.89 1786.11
1125.77 1786.61
1125.63 1787.09
1125.45 1787.56
1125.24 1788.02
1125.02 1788.47
1124.80 1788.92
1124.59 1789.38
1124.41 1789.84
1124.25 1790.32
1124.13 1790.82
1124.03 1791.32
1123.93 1791.83
1123.84 1792.33
1123.72 1792.82
1123.58 1793.31
1123.42 1793.79
1123.26 1794.26
1123.10 1794.74
1122.93 1795.22
1122.77 1795.69
1122.61 1796.17
1122.45 1796.65
1122.29 1797.12
1122.13 1797.60
1121.97 1798.08
1121.79 1798.55
1121.59 1799.01
1121.35 1799.45
1121.09 1799.89
1120.82 1800.32
1120.57 1800.76
1120.36 1801.22
1120.19 1801.69
1120.08 1802.19
1120.01 1802.71
1119.98 1803.24
1119.98 1803.78
1119.98 1804.33
1120.00 1804.88
1120.01 1805.42
1120.02 1805.97
1120.02 1806.52
1120.02 1807.06
1120.02 1807.61
1120.02 1808.15
1120.01 1808.69
1120.01 1809.23
1120.00 1809.77
1119.99 1810.31
1119.99 1810.86
1119.99 1811.40
1119.99 1811.94
1119.99 1812.48
1119.99 1813.03
1119.99 1813.57
1119.99 1814.12
1119.99 1814.66
1120.00 1815.21
1120.00 1815.75
1120.01 1816.30
1120.01 1816.84
1120.01 1817.39
1120.01 1817.93
1120.01 1818.48
1120.01 1819.02
1120.01 1819.56
1120.00 1820.10
1120.00 1820.65
1119.99 1821.19
1119.99 1821.73
1119.99 1822.28
1119.99 1822.82
1119.99 1823.36
1119.98 1823.90
1119.96 1824.44
1119.89 1824.95
1119.78 1825.45
1119.61 1825.92
1119.37 1826.37
1119.08 1826.79
1118.76 1827.20
1118.41 1827.60
1118.06 1828.00
1117.74 1828.41
1117.43 1828.83
1117.16 1829.26
1116.91 1829.70
1116.69 1830.15
1116.49 1830.61
1116.32 1831.09
1116.19 1831.58
1116.08 1832.08
1115.99 1832.58
1115.89 1833.08
1115.77 1833.58
1115.62 1834.06
1115.47 1834.54
1115.31 1835.02
1115.16 1835.50
1115.01 1835.98
1114.86 1836.46
1114.70 1836.94
1114.54 1837.42
1114.38 1837.90
1114.24 1838.38
1114.13 1838.88
1114.06 1839.40
1114.02 1839.92
1114.00 1840.46
1113.98 1840.99
1113.95 1841.52
1113.88 1842.04
1113.78 1842.54
1113.64 1843.03
1113.49 1843.51
1113.32 1843.98
1113.17 1844.46
1113.01 1844.94
1112.84 1845.42
1112.64 1845.88
1112.41 1846.32
1112.15 1846.76
1111.87 1847.19
1111.62 1847.63
1111.40 1848.08
1111.23 1848.56
1111.11 1849.05
1111.04 1849.56
1110.99 1850.09
1110.94 1850.61
1110.87 1851.12
1110.76 1851.62
1110.63 1852.11
1110.48 1852.59
1110.32 1853.07
1110.20 1853.56
1110.10 1854.07
1110.04 1854.59
1109.99 1855.11
1109.94 1855.63
1109.86 1856.15
1109.75 1856.64
1109.61 1857.13
1109.46 1857.61
1109.31 1858.09
1109.18 1858.58
1109.07 1859.08
1108.98 1859.59
1108.89 1860.09
1108.77 1860.59
1108.63 1861.07
1108.45 1861.54
1108.24 1862.00
1108.00 1862.44
1107.75 1862.88
1107.47 1863.31
1107.18 1863.74
1106.90 1864.16
1106.63 1864.60
1106.41 1865.05
1106.24 1865.52
1106.12 1866.02
1106.05 1866.53
1106.02 1867.06
1106.00 1867.60
1106.00 1868.14
1106.00 1868.68
1106.00 1869.23
1106.00 1869.77
1106.00 1870.32
1106.00 1870.86
1106.00 1871.40
1106.00 1871.95
1106.00 1872.49
1106.00 1873.03
1106.00 1873.58
1106.00 1874.12
1106.00 1874.67
1106.00 1875.21
1106.00 1875.76
1106.01 1876.30
1106.01 1876.84
1106.01 1877.39
1106.01 1877.93
1106.01 1878.48
1106.01 1879.02
1106.00 1879.56
1106.00 1880.10
1106.00 1880.65
1106.00 1881.19
1105.99 1881.73
1105.99 1882.28
1105.99 1882.82
1105.99 1883.36
1105.99 1883.91
1105.99 1884.45
1105.99 1884.99
1105.99 1885.54
1106.00 1886.08
1106.00 1886.63
1106.01 1887.18
1106.01 1887.72
1106.01 1888.27
1106.00 1888.80
1105.97 1889.34
1105.91 1889.86
1105.82 1890.36
1105.69 1890.85
1105.52 1891.33
1105.33 1891.79
1105.11 1892.24
1104.86 1892.68
1104.60 1893.12
1104.32 1893.55
1104.02 1893.97
1103.73 1894.39
1103.44 1894.81
1103.17 1895.25
1102.92 1895.69
1102.70 1896.14
1102.50 1896.60
1102.33 1897.07
1102.19 1897.56
1102.08 1898.06
1101.99 1898.56
1101.89 1899.07
1101.78 1899.56
1101.64 1900.05
1101.49 1900.53
1101.32 1901.01
1101.17 1901.48
1101.01 1901.97
1100.86 1902.45
1100.71 1902.93
1100.54 1903.40
1100.38 1903.88
1100.24 1904.37
1100.14 1904.86
1100.06 1905.38
1100.01 1905.90
1099.96 1906.42
1099.90 1906.94
1099.80 1907.45
1099.68 1907.94
1099.52 1908.42
1099.37 1908.90
1099.23 1909.38
1099.11 1909.88
1099.02 1910.38
1098.93 1910.89
1098.83 1911.39
1098.70 1911.88
1098.55 1912.37
1098.40 1912.84
1098.25 1913.33
1098.14 1913.83
1098.06 1914.34
1098.02 1914.87
1098.00 1915.40
1097.99 1915.94
1097.95 1916.47
1097.89 1916.99
1097.79 1917.49
1097.66 1917.98
1097.50 1918.46
1097.34 1918.93
1097.18 1919.41
1097.03 1919.89
1096.88 1920.38
1096.73 1920.86
1096.57 1921.33
1096.41 1921.81
1096.26 1922.29
1096.15 1922.79
1096.07 1923.30
1096.03 1923.83
1096.01 1924.36
1095.99 1924.90
1095.96 1925.43
1095.90 1925.95
1095.80 1926.45
1095.67 1926.94
1095.52 1927.42
1095.36 1927.90
1095.22 1928.39
1095.11 1928.89
1095.02 1929.39
1094.93 1929.90
1094.82 1930.40
1094.69 1930.89
1094.55 1931.37
1094.39 1931.85
1094.25 1932.34
1094.14 1932.83
1094.06 1933.35
1094.02 1933.87
1094.00 1934.41
1093.98 1934.94
1093.95 1935.47
1093.89 1935.99
1093.79 1936.50
1093.66 1936.99
1093.51 1937.47
1093.36 1937.95
1093.22 1938.43
1093.10 1938.93
1093.01 1939.43
1092.92 1939.94
1092.81 1940.44
1092.69 1940.93
1092.54 1941.42
1092.39 1941.90
1092.25 1942.38
1092.13 1942.88
1092.02 1943.38
1091.93 1943.88
1091.82 1944.38
1091.69 1944.87
1091.55 1945.35
1091.39 1945.84
1091.26 1946.32
1091.14 1946.82
1091.07 1947.33
1091.02 1947.86
1091.00 1948.39
1090.98 1948.93
1090.95 1949.46
1090.89 1949.98
1090.80 1950.48
1090.67 1950.97
1090.52 1951.45
1090.37 1951.93
1090.23 1952.42
1090.12 1952.92
1090.05 1953.44
1090.01 1953.96
1090.00 1954.50
1089.98 1955.04
1089.95 1955.57
1089.88 1956.08
1089.77 1956.58
1089.63 1957.07
1089.48 1957.55
1089.32 1958.03
1089.19 1958.52
1089.09 1959.02
1088.99 1959.52
1088.90 1960.03
1088.79 1960.53
1088.66 1961.01
1088.50 1961.49
1088.35 1961.97
1088.21 1962.46
1088.10 1962.96
1088.01 1963.46
1087.91 1963.97
1087.81 1964.47
1087.68 1964.96
1087.53 1965.44
1087.38 1965.92
1087.24 1966.41
1087.13 1966.91
1087.05 1967.42
1087.02 1967.95
1087.00 1968.49
1087.00 1969.03
1087.01 1969.58
1087.01 1970.12
1087.00 1970.66
1087.00 1971.20
1086.99 1971.74
1086.96 1972.28
1086.91 1972.80
1086.83 1973.31
1086.72 1973.81
1086.57 1974.29
1086.41 1974.77
1086.27 1975.25
1086.15 1975.75
1086.07 1976.26
1086.02 1976.78
1085.97 1977.30
1085.92 1977.82
1085.83 1978.33
1085.71 1978.83
1085.56 1979.31
1085.41 1979.79
1085.26 1980.27
1085.15 1980.77
1085.07 1981.28
1085.03 1981.81
1085.01 1982.34
1084.99 1982.88
1084.96 1983.41
1084.90 1983.93
1084.81 1984.44
1084.68 1984.93
1084.54 1985.41
1084.38 1985.89
1084.24 1986.38
1084.13 1986.87
1084.06 1987.39
1084.02 1987.92
1084.01 1988.45
1084.00 1989.00
1084.00 1989.54
1084.00 1990.08
1083.99 1990.62
1083.97 1991.16
1083.93 1991.68
1083.86 1992.20
1083.75 1992.70
1083.61 1993.18
1083.46 1993.67
1083.31 1994.15
1083.18 1994.64
1083.09 1995.14
1083.03 1995.66
1083.00 1996.19
1083.00 1996.74
1083.00 1997.28
1083.01 1997.83
1083.01 1998.37
1082.99 1998.91
1082.96 1999.44
1082.89 1999.95
1082.80 2000.46
1082.67 2000.95
1082.52 2001.43
1082.37 2001.91
1082.24 2002.40
1082.13 2002.90
1082.06 2003.42
1082.02 2003.94
1082.00 2004.48
1082.00 2005.02
1081.99 2005.57
1081.98 2006.10
1081.94 2006.63
1081.87 2007.14
1081.76 2007.64
1081.61 2008.13
1081.46 2008.61
1081.31 2009.09
1081.19 2009.58
1081.10 2010.09
1081.04 2010.61
1081.01 2011.14
1081.00 2011.68
1080.97 2012.21
1080.93 2012.74
1080.85 2013.25
1080.73 2013.74
1080.59 2014.23
1080.43 2014.71
1080.29 2015.19
1080.17 2015.69
1080.09 2016.20
1080.04 2016.72
1080.01 2017.25
1080.00 2017.79
1080.00 2018.33
1079.99 2018.88
1080.00 2019.42
1080.00 2019.96
1080.00 2020.51
1079.98 2021.05
1079.94 2021.57
1079.87 2022.09
1079.76 2022.59
1079.63 2023.07
1079.48 2023.55
1079.33 2024.04
1079.20 2024.53
1079.11 2025.03
1079.05 2025.55
1079.01 2026.08
1078.99 2026.62
1078.99 2027.16
1079.00 2027.71
1079.00 2028.25
1079.00 2028.79
1078.97 2029.33
1078.92 2029.85
1078.82 2030.35
1078.70 2030.84
1078.55 2031.33
1078.39 2031.81
1078.25 2032.29
1078.14 2032.79
1078.07 2033.30
1078.03 2033.83
1078.01 2034.37
1077.99 2034.90
1077.95 2035.43
1077.89 2035.95
1077.80 2036.46
1077.67 2036.95
1077.52 2037.43
1077.37 2037.91
1077.24 2038.40
1077.13 2038.90
1077.06 2039.41
1077.02 2039.94
1077.00 2040.48
1077.00 2041.02
1077.00 2041.56
1077.00 2042.11
1077.00 2042.65
1077.01 2043.19
1077.00 2043.73
1077.00 2044.27
1077.00 2044.78
1077.00 2045.27
1077.00 2045.68
1077.00 2045.99
1077.00 2046.16
689.78 1799.61
689.65 1800.08
689.50 1800.55
689.35 1801.03
689.22 1801.51
689.11 1802.00
689.04 1802.51
689.00 1803.03
688.99 1803.56
688.99 1804.10
689.00 1804.64
689.01 1805.18
689.01 1805.72
688.98 1806.24
688.93 1806.76
688.83 1807.26
688.68 1807.73
688.48 1808.19
688.24 1808.62
687.97 1809.05
687.70 1809.48
687.47 1809.91
687.28 1810.37
687.15 1810.85
687.07 1811.36
687.03 1811.88
687.01 1812.41
686.99 1812.94
686.95 1813.46
686.89 1813.97
686.80 1814.47
686.68 1814.96
686.53 1815.43
686.38 1815.91
686.22 1816.38
686.05 1816.85
685.89 1817.32
685.73 1817.79
685.57 1818.26
685.42 1818.73
685.28 1819.21
685.16 1819.70
685.06 1820.19
684.97 1820.69
684.87 1821.19
684.75 1821.68
684.61 1822.16
684.45 1822.63
684.29 1823.10
684.14 1823.57
683.99 1824.05
683.83 1824.52
683.68 1824.99
683.52 1825.46
683.37 1825.94
683.23 1826.42
683.13 1826.91
683.05 1827.42
683.02 1827.94
683.00 1828.47
683.00 1829.01
683.00 1829.54
682.98 1830.08
682.95 1830.60
682.87 1831.10
682.77 1831.60
682.63 1832.08
682.48 1832.55
682.33 1833.03
682.20 1833.51
682.11 1834.01
682.05 1834.52
682.02 1835.04
682.00 1835.58
682.00 1836.11
681.99 1836.65
681.97 1837.18
681.93 1837.69
681.86 1838.20
681.75 1838.69
681.61 1839.17
681.46 1839.65
681.31 1840.12
681.18 1840.61
681.09 1841.11
681.03 1841.62
681.01 1842.15
681.00 1842.68
681.00 1843.22
681.00 1843.75
680.97 1844.28
680.92 1844.79
680.83 1845.29
680.71 1845.78
680.56 1846.26
680.41 1846.73
680.28 1847.21
680.16 1847.70
680.06 1848.20
679.97 1848.70
679.87 1849.19
679.74 1849.68
679.59 1850.15
679.41 1850.61
679.21 1851.07
679.00 1851.52
678.77 1851.96
678.55 1852.40
678.32 1852.85
678.10 1853.29
677.88 1853.74
677.66 1854.18
677.44 1854.63
677.21 1855.07
676.99 1855.52
676.77 1855.96
676.56 1856.42
676.38 1856.87
676.21 1857.34
676.05 1857.81
675.90 1858.29
675.75 1858.76
675.59 1859.23
675.43 1859.70
675.27 1860.18
675.12 1860.65
674.96 1861.12
674.81 1861.60
674.65 1862.07
674.49 1862.54
674.34 1863.01
674.21 1863.50
674.12 1863.99
674.05 1864.51
674.01 1865.02
673.95 1865.54
673.88 1866.04
673.77 1866.54
673.63 1867.02
673.48 1867.49
673.34 1867.97
673.21 1868.45
673.12 1868.95
673.06 1869.46
673.01 1869.98
672.95 1870.49
672.88 1871.00
672.79 1871.50
672.66 1871.98
672.51 1872.46
672.35 1872.93
672.19 1873.40
672.04 1873.88
671.89 1874.35
671.73 1874.82
671.57 1875.29
671.42 1875.77
671.27 1876.24
671.16 1876.73
671.08 1877.24
671.03 1877.75
671.01 1878.28
670.99 1878.81
670.96 1879.34
670.91 1879.85
670.82 1880.35
670.70 1880.84
670.55 1881.32
670.40 1881.79
670.24 1882.26
670.08 1882.73
669.93 1883.21
669.78 1883.68
669.62 1884.15
669.46 1884.62
669.31 1885.10
669.19 1885.58
669.08 1886.07
668.99 1886.57
668.89 1887.07
668.78 1887.56
668.65 1888.04
668.50 1888.52
668.35 1889.00
668.22 1889.48
668.12 1889.97
668.05 1890.48
668.00 1891.00
667.95 1891.51
667.88 1892.02
667.79 1892.52
667.67 1893.01
667.52 1893.48
667.37 1893.96
667.23 1894.44
667.13 1894.93
667.05 1895.44
667.00 1895.95
666.95 1896.47
666.89 1896.98
666.80 1897.48
666.67 1897.96
666.52 1898.44
666.37 1898.91
666.23 1899.39
666.11 1899.88
666.02 1900.38
665.93 1900.88
665.83 1901.37
665.70 1901.86
665.55 1902.34
665.40 1902.81
665.26 1903.29
665.14 1903.78
665.04 1904.27
664.95 1904.77
664.85 1905.27
664.73 1905.75
664.59 1906.23
664.43 1906.71
664.29 1907.18
664.17 1907.67
664.09 1908.17
664.03 1908.69
663.98 1909.20
663.93 1909.72
663.85 1910.22
663.74 1910.71
663.60 1911.19
663.45 1911.67
663.30 1912.14
663.17 1912.63
663.07 1913.12
662.98 1913.62
662.88 1914.12
662.77 1914.61
662.63 1915.09
662.48 1915.56
662.33 1916.04
662.20 1916.52
662.09 1917.01
662.00 1917.51
661.90 1918.01
661.80 1918.50
661.67 1918.99
661.52 1919.46
661.37 1919.94
661.23 1920.42
661.13 1920.91
661.06 1921.42
661.01 1921.93
660.96 1922.45
660.90 1922.96
660.80 1923.46
660.68 1923.95
660.53 1924.42
660.37 1924.89
660.24 1925.38
660.13 1925.87
660.06 1926.37
660.01 1926.89
659.96 1927.41
659.90 1927.92
659.81 1928.42
659.68 1928.90
659.54 1929.38
659.38 1929.85
659.24 1930.33
659.13 1930.82
659.03 1931.32
658.94 1931.82
658.84 1932.32
658.72 1932.80
658.58 1933.28
658.42 1933.75
658.28 1934.23
658.16 1934.72
658.08 1935.22
658.03 1935.74
658.01 1936.27
657.99 1936.80
657.96 1937.32
657.91 1937.84
657.83 1938.34
657.71 1938.83
657.56 1939.30
657.40 1939.77
657.24 1940.24
657.09 1940.72
656.94 1941.19
656.79 1941.67
656.63 1942.14
656.47 1942.61
656.33 1943.09
656.20 1943.57
656.10 1944.07
656.04 1944.58
656.00 1945.10
655.99 1945.63
655.99 1946.17
656.00 1946.71
656.01 1947.25
656.02 1947.79
656.01 1948.33
656.00 1948.86
655.96 1949.38
655.90 1949.89
655.81 1950.39
655.68 1950.88
655.54 1951.35
655.39 1951.83
655.26 1952.31
655.15 1952.80
655.07 1953.31
655.02 1953.82
654.97 1954.34
654.91 1954.85
654.82 1955.35
654.70 1955.84
654.56 1956.32
654.41 1956.79
654.27 1957.27
654.14 1957.76
654.04 1958.25
653.95 1958.75
653.86 1959.25
653.74 1959.74
653.60 1960.22
653.44 1960.69
653.30 1961.17
653.18 1961.65
653.09 1962.16
653.04 1962.67
652.99 1963.19
652.93 1963.70
652.85 1964.20
652.73 1964.69
652.58 1965.17
652.43 1965.64
652.29 1966.12
651.19 1971.57
651.08 1972.06
650.99 1972.56
650.90 1973.06
650.79 1973.55
650.65 1974.03
650.50 1974.51
650.35 1974.98
650.22 1975.47
650.12 1975.96
650.05 1976.47
650.02 1976.99
650.00 1977.52
650.00 1978.06
650.00 1978.60
646.92 2007.93
646.82 2008.43
646.69 2008.91
646.54 2009.39
646.39 2009.86
646.25 2010.34
646.14 2010.83
646.06 2011.34
646.02 2011.86
646.00 2012.38
646.00 2012.92
646.00 2013.46
646.01 2014.00
646.01 2014.54
646.01 2015.07
646.00 2015.61
646.00 2016.14
645.99 2016.68
645.99 2017.21
645.99 2017.75
646.00 2018.29
644.55 2027.36
644.39 2027.83
644.25 2028.31
644.14 2028.80
644.07 2029.31
644.03 2029.83
644.01 2030.35
644.00 2030.89
644.00 2031.43
644.00 2031.96
644.00 2032.50
644.00 2033.04
644.00 2033.58
644.00 2034.11
644.00 2034.65
644.00 2035.19
644.00 2035.72
644.00 2036.26
644.00 2036.80
644.00 2037.33
644.00 2037.87
841.91 1864.83
841.83 1865.33
840.99 1870.27
841.00 1870.80
841.01 1871.34
841.02 1871.87
841.02 1872.40
841.00 1872.92
840.96 1873.44
840.89 1873.94
840.80 1874.43
840.68 1874.91
840.54 1875.38
840.39 1875.85
840.26 1876.32
840.15 1876.81
840.07 1877.30
840.02 1877.81
839.99 1878.33
839.98 1878.85
839.99 1879.38
840.00 1879.92
840.00 1880.45
839.99 1880.97
839.95 1881.48
839.88 1881.96
839.74 1882.40
839.54 1882.81
839.27 1883.18
838.94 1883.51
838.56 1883.83
838.14 1884.14
837.72 1884.44
837.29 1884.76
836.89 1885.10
834.00 1901.37
833.99 1902.43
829.78 1925.56
829.66 1926.04
829.51 1926.51
829.36 1926.98
829.09 1928.42
829.11 1928.91
829.19 1929.39
829.31 1929.87
829.46 1930.34
829.61 1930.81
829.77 1931.28
829.92 1931.74
830.07 1932.21
830.22 1932.68
830.38 1933.14
830.53 1933.60
830.67 1934.07
830.79 1934.55
830.88 1935.04
830.95 1935.54
830.99 1936.06
831.01 1936.58
831.02 1937.12
831.01 1937.65
830.98 1938.17
830.93 1938.67
830.84 1939.17
830.72 1939.65
830.58 1940.12
830.45 1940.59
830.32 1941.06
830.21 1941.55
830.13 1942.05
830.07 1942.55
830.03 1943.06
830.01 1943.58
829.99 1944.11
829.98 1944.63
829.97 1945.16
829.97 1945.69
829.97 1946.22
829.98 1946.75
829.99 1947.28
829.99 1947.81
830.00 1948.34
830.01 1948.88
830.02 1949.41
830.03 1949.94
830.03 1950.47
830.02 1951.00
830.01 1951.52
829.98 1952.04
829.93 1952.55
829.85 1953.05
829.75 1953.53
829.62 1954.01
829.49 1954.48
829.36 1954.96
829.24 1955.44
829.15 1955.93
829.09 1956.43
829.04 1956.95
829.02 1957.46
829.00 1957.99
828.99 1958.51
828.99 1959.04
828.98 1959.57
828.98 1960.10
828.98 1960.63
828.98 1961.15
828.99 1961.68
828.99 1962.22
828.99 1962.75
828.99 1963.28
829.00 1963.81
829.00 1964.34
829.01 1964.87
829.01 1965.40
829.01 1965.93
829.02 1966.46
829.02 1966.99
829.02 1967.52
829.01 1968.05
829.00 1968.57
828.97 1969.09
828.93 1969.60
828.86 1970.10
828.77 1970.59
828.65 1971.07
828.51 1971.54
828.37 1972.01
828.23 1972.49
828.12 1972.97
828.04 1973.47
828.00 1973.98
827.99 1974.50
827.99 1975.03
828.00 1975.57
827.99 1976.09
827.95 1976.61
827.88 1977.11
827.77 1977.59
827.63 1978.06
827.48 1978.53
827.33 1979.00
827.21 1979.47
827.11 1979.96
827.05 1980.47
827.02 1980.98
827.00 1981.51
826.98 1982.03
826.94 1982.54
826.88 1983.04
826.78 1983.53
826.66 1984.01
826.52 1984.48
826.37 1984.95
826.24 1985.42
826.12 1985.90
826.02 1986.39
825.92 1986.88
825.82 1987.37
825.70 1987.85
825.57 1988.32
825.42 1988.79
825.28 1989.26
825.16 1989.74
825.08 1990.24
825.03 1990.75
825.01 1991.27
825.00 1991.79
825.00 1992.32
825.00 1992.85
825.00 1993.38
825.00 1993.91
825.00 1994.44
825.00 1994.97
825.00 1995.50
824.99 1996.02
824.95 1996.54
824.89 1997.04
824.79 1997.53
824.66 1998.00
824.51 1998.47
824.36 1998.94
824.23 1999.41
824.12 1999.90
824.06 2000.40
824.02 2000.91
824.00 2001.43
823.98 2001.96
823.95 2002.47
823.90 2002.98
823.81 2003.47
823.68 2003.95
823.54 2004.42
823.39 2004.89
823.25 2005.36
823.13 2005.84
823.05 2006.34
823.01 2006.85
822.99 2007.37
822.99 2007.90
823.00 2008.43
823.01 2008.97
823.02 2009.50
823.00 2010.02
822.95 2010.53
822.88 2011.03
822.78 2011.52
822.66 2011.99
822.52 2012.46
822.37 2012.93
822.24 2013.41
822.13 2013.89
822.05 2014.39
822.00 2014.90
821.98 2015.42
821.98 2015.95
822.00 2016.48
822.01 2017.02
822.03 2017.55
822.03 2018.09
822.02 2018.61
821.99 2019.13
821.93 2019.63
821.85 2020.13
821.75 2020.61
821.62 2021.09
821.48 2021.56
821.34 2022.04
821.22 2022.51
821.11 2023.00
821.04 2023.50
821.00 2024.01
820.98 2024.53
820.99 2025.07
821.01 2025.60
821.02 2026.14
821.02 2026.66
820.99 2027.18
820.93 2027.69
820.85 2028.18
820.73 2028.66
820.59 2029.13
820.45 2029.61
820.32 2030.08
820.20 2030.56
820.11 2031.05
820.05 2031.55
820.01 2032.07
819.99 2032.59
819.99 2033.12
819.99 2033.65
820.00 2034.18
820.01 2034.71
820.01 2035.24
820.01 2035.77
820.01 2036.30
820.00 2036.83
820.00 2037.36
819.98 2037.88
819.95 2038.40
819.90 2038.90
819.82 2039.40
819.70 2039.88
819.57 2040.35
819.42 2040.82
819.28 2041.29
819.16 2041.77
819.07 2042.27
819.01 2042.77
818.99 2043.29
818.98 2043.81
818.99 2044.34
819.00 2044.85
819.01 2045.32
819.02 2045.73
819.02 2046.03
819.02 2046.19
308.41 1845.59
308.36 1845.73
308.26 1846.00
308.15 1846.36
308.03 1846.79
307.90 1847.25
307.76 1847.72
307.61 1848.19
307.46 1848.66
307.31 1849.14
307.19 1849.62
307.10 1850.13
307.04 1850.64
306.99 1851.15
306.93 1851.66
306.84 1852.17
306.73 1852.66
306.59 1853.14
306.45 1853.61
306.30 1854.09
306.15 1854.57
306.00 1855.04
305.84 1855.51
305.67 1855.98
305.49 1856.44
305.28 1856.89
305.07 1857.34
304.86 1857.79
304.66 1858.25
304.47 1858.70
304.30 1859.17
304.17 1859.66
304.08 1860.15
304.02 1860.67
303.99 1861.19
303.99 1861.73
304.00 1862.27
304.02 1862.82
304.03 1863.36
304.01 1863.89
303.97 1864.41
303.89 1864.91
303.78 1865.41
303.65 1865.89
303.51 1866.37
303.37 1866.85
303.24 1867.33
303.14 1867.82
303.04 1868.32
302.95 1868.82
302.85 1869.32
302.72 1869.80
302.55 1870.27
302.36 1870.73
302.16 1871.18
301.94 1871.63
301.73 1872.08
301.54 1872.54
301.37 1873.01
301.24 1873.48
301.13 1873.98
301.05 1874.48
301.00 1875.00
300.97 1875.52
300.96 1876.06
300.97 1876.60
300.99 1877.14
301.01 1877.69
301.02 1878.23
301.02 1878.77
300.99 1879.29
300.93 1879.81
300.82 1880.30
300.66 1880.77
300.45 1881.22
300.18 1881.64
299.87 1882.05
299.53 1882.45
299.16 1882.83
298.79 1883.22
298.42 1883.60
298.07 1884.00
297.77 1884.41
297.51 1884.84
297.31 1885.29
297.16 1885.76
297.04 1886.26
296.95 1886.75
296.86 1887.25
296.75 1887.74
296.61 1888.23
296.46 1888.70
296.31 1889.18
296.18 1889.66
296.08 1890.16
296.02 1890.67
295.99 1891.19
295.98 1891.73
296.00 1892.27
296.02 1892.81
296.02 1893.36
296.01 1893.89
295.97 1894.41
295.90 1894.92
295.79 1895.41
295.66 1895.89
295.52 1896.37
295.38 1896.85
295.25 1897.33
295.14 1897.83
295.07 1898.33
295.02 1898.85
295.00 1899.38
295.00 1899.92
295.00 1900.45
294.99 1900.99
294.95 1901.51
294.89 1902.02
294.79 1902.51
294.65 1903.00
294.50 1903.47
294.36 1903.95
294.23 1904.43
294.13 1904.93
294.06 1905.44
294.01 1905.95
293.96 1906.47
293.88 1906.98
293.78 1907.47
293.66 1907.96
293.52 1908.44
293.38 1908.92
293.25 1909.40
293.14 1909.89
293.06 1910.40
293.01 1910.91
292.98 1911.44
292.98 1911.97
292.99 1912.52
293.01 1913.06
293.03 1913.61
293.03 1914.15
293.03 1914.68
292.99 1915.20
292.93 1915.71
292.83 1916.21
292.71 1916.70
292.57 1917.18
292.42 1917.65
292.29 1918.14
292.17 1918.62
292.07 1919.12
291.98 1919.62
291.88 1920.12
291.74 1920.60
291.55 1921.06
291.32 1921.50
291.05 1921.92
290.77 1922.34
290.49 1922.76
290.21 1923.19
289.96 1923.62
289.72 1924.06
289.49 1924.50
289.27 1924.94
289.05 1925.39
288.83 1925.84
288.62 1926.29
288.43 1926.75
288.25 1927.21
288.09 1927.68
287.94 1928.16
287.78 1928.63
287.62 1929.10
287.47 1929.57
287.32 1930.05
287.20 1930.53
287.09 1931.03
287.00 1931.53
286.90 1932.02
286.80 1932.52
286.67 1933.00
286.52 1933.48
286.37 1933.96
286.24 1934.44
286.13 1934.93
286.06 1935.44
286.02 1935.96
286.00 1936.49
285.99 1937.02
285.99 1937.56
285.99 1938.09
285.99 1938.63
286.00 1939.17
286.01 1939.71
286.01 1940.25
286.01 1940.79
285.98 1941.31
285.91 1941.82
285.81 1942.32
285.69 1942.81
285.55 1943.28
285.40 1943.76
285.27 1944.24
285.16 1944.74
285.08 1945.24
285.03 1945.76
285.01 1946.28
285.00 1946.82
285.00 1947.35
284.99 1947.89
284.96 1948.41
284.90 1948.93
284.81 1949.43
284.69 1949.91
284.54 1950.39
284.39 1950.87
284.25 1951.35
284.14 1951.84
284.06 1952.34
284.02 1952.86
284.00 1953.39
284.00 1953.93
284.00 1954.46
283.98 1954.99
283.95 1955.52
283.89 1956.03
283.79 1956.53
283.66 1957.01
283.51 1957.49
283.36 1957.96
283.22 1958.44
283.12 1958.93
283.05 1959.44
283.01 1959.97
283.00 1960.50
282.98 1961.03
282.95 1961.55
282.88 1962.06
282.78 1962.56
282.65 1963.04
282.49 1963.51
282.34 1963.99
282.21 1964.47
282.11 1964.97
282.05 1965.48
282.02 1966.00
282.01 1966.53
282.00 1967.07
282.00 1967.61
282.00 1968.14
281.99 1968.68
281.97 1969.20
281.92 1969.72
281.85 1970.23
281.75 1970.72
281.62 1971.21
281.47 1971.69
281.33 1972.16
281.20 1972.65
281.09 1973.14
281.02 1973.65
280.98 1974.17
280.97 1974.70
280.98 1975.24
281.00 1975.79
281.01 1976.33
281.01 1976.87
280.98 1977.39
280.92 1977.90
280.82 1978.40
280.69 1978.88
280.54 1979.35
280.39 1979.83
280.25 1980.31
280.15 1980.80
280.10 1981.30
280.10 1981.80
280.17 1982.30
280.28 1982.78
280.44 1983.25
280.63 1983.71
280.84 1984.17
281.07 1984.61
281.29 1985.06
281.49 1985.52
281.64 1985.97
281.74 1986.44
281.77 1986.90
281.74 1987.38
281.66 1987.85
281.55 1988.33
281.42 1988.82
281.30 1989.30
281.19 1989.80
281.11 1990.30
281.04 1990.80
280.99 1991.32
280.97 1991.85
280.96 1992.38
280.96 1992.92
280.97 1993.46
280.98 1994.01
280.99 1994.55
281.01 1995.09
281.02 1995.63
281.02 1996.17
281.03 1996.71
281.03 1997.24
281.02 1997.78
281.02 1998.31
281.02 1998.85
281.01 1999.38
281.01 1999.92
281.00 2000.45
281.00 2000.99
281.00 2001.53
280.99 2002.06
280.99 2002.60
280.99 2003.14
280.98 2003.68
280.98 2004.22
280.98 2004.76
280.98 2005.30
280.98 2005.84
280.98 2006.38
280.98 2006.91
280.99 2007.45
280.99 2007.99
280.99 2008.53
281.00 2009.06
281.01 2009.60
281.01 2010.13
281.02 2010.67
281.02 2011.20
281.03 2011.74
281.03 2012.27
281.03 2012.80
281.03 2013.34
281.03 2013.88
281.02 2014.42
281.00 2014.96
280.99 2015.50
1415.76 1927.34
1415.39 1927.63
1415.03 1927.93
1414.69 1928.24
1414.39 1928.59
1414.12 1928.97
1413.88 1929.39
1413.67 1929.83
1413.46 1930.29
1413.27 1930.77
1413.08 1931.25
1412.89 1931.73
1412.70 1932.22
1412.52 1932.71
1412.36 1933.20
1412.23 1933.70
1412.12 1934.21
1412.04 1934.73
1411.99 1935.26
1411.95 1935.80
1411.91 1936.34
1411.86 1936.88
1411.78 1937.41
1411.67 1937.92
1411.52 1938.41
1411.34 1938.89
1411.13 1939.36
1410.90 1939.83
1410.67 1940.29
1410.45 1940.76
1410.25 1941.23
1410.06 1941.71
1409.89 1942.19
1409.73 1942.68
1409.58 1943.18
1409.45 1943.68
1409.32 1944.19
1409.22 1944.70
1409.13 1945.22
1409.05 1945.75
1408.97 1946.27
1408.88 1946.79
1408.78 1947.31
1408.66 1947.81
1408.53 1948.32
1408.40 1948.82
1408.27 1949.32
1408.17 1949.84
1408.09 1950.37
1408.05 1950.90
1408.02 1951.45
1408.01 1952.00
1407.99 1952.55
1407.96 1953.10
1407.90 1953.63
1407.82 1954.15
1407.70 1954.66
1407.57 1955.16
1407.44 1955.66
1407.31 1956.17
1407.21 1956.68
1407.13 1957.21
1407.07 1957.74
1407.02 1958.28
1406.98 1958.82
1406.92 1959.35
1406.85 1959.88
1406.76 1960.40
1406.65 1960.91
1406.53 1961.42
1406.41 1961.92
1406.29 1962.43
1406.18 1962.94
1406.09 1963.46
1406.00 1963.99
1405.92 1964.51
1405.83 1965.03
1405.72 1965.54
1405.60 1966.05
1405.48 1966.55
1405.35 1967.06
1405.24 1967.57
1405.15 1968.09
1405.08 1968.62
1405.02 1969.15
1404.98 1969.69
1404.93 1970.23
1404.88 1970.76
1404.80 1971.29
1404.70 1971.80
1404.59 1972.31
1404.45 1972.82
1404.32 1973.32
1404.18 1973.82
1404.04 1974.32
1403.91 1974.82
1403.78 1975.32
1403.65 1975.83
1403.52 1976.33
1403.40 1976.84
1403.29 1977.35
1403.19 1977.86
1403.10 1978.38
1403.02 1978.91
1402.94 1979.43
1402.85 1979.95
1402.75 1980.47
1402.63 1980.97
1402.50 1981.48
1402.37 1981.98
1402.26 1982.49
1402.16 1983.01
1402.09 1983.54
1402.03 1984.07
1401.99 1984.61
1401.95 1985.15
1401.89 1985.68
1401.81 1986.21
1401.70 1986.72
1401.57 1987.22
1401.44 1987.72
1401.31 1988.23
1401.19 1988.73
1401.10 1989.24
1401.04 1989.75
1401.01 1990.23
1400.99 1990.64
1400.98 1990.96
1400.98 1991.13
