454.95 251.00
454.95 251.00
454.61 252.00
454.61 252.00
453.78 253.00
453.78 253.00
453.28 254.00
453.28 254.00
453.02 255.00
453.02 255.00
453.02 255.00
452.98 256.00
452.98 256.00
452.98 256.00
452.98 256.00
452.95 258.00
452.95 258.00
452.49 259.00
452.49 259.00
452.16 260.00
452.16 260.00
452.01 261.00
452.01 261.00
452.00 262.00
452.00 262.00
452.00 262.00
452.00 262.00
452.00 262.00
452.00 262.00
452.00 262.00
452.00 262.00
452.00 262.00
452.00 262.00
452.00 262.00
452.00 262.00
452.00 262.00
452.00 262.00
452.00 269.00
452.00 269.00
452.00 270.00
452.00 270.00
452.00 271.00
452.00 271.00
452.00 272.00
442.89 362.00
442.89 362.00
442.56 363.00
442.56 363.00
442.21 364.00
442.21 364.00
442.03 365.00
442.03 365.00
442.00 366.00
442.00 366.00
442.00 367.00
442.00 367.00
441.91 368.00
441.91 368.00
441.64 369.00
441.64 369.00
441.27 370.00
441.02 371.00
441.02 371.00
441.01 372.00
441.01 372.00
441.00 373.00
441.00 373.00
440.98 374.00
440.98 374.00
440.98 375.00
440.98 375.00
440.98 375.00
440.98 375.00
440.94 377.00
440.94 377.00
440.48 378.00
440.48 378.00
440.16 379.00
440.16 379.00
440.02 380.00
440.02 380.00
440.00 381.00
440.00 381.00
440.00 381.00
440.00 383.00
440.00 383.00
440.00 384.00
440.00 384.00
440.00 384.00
440.00 384.00
439.87 386.00
439.87 386.00
439.55 387.00
439.55 387.00
439.20 388.00
439.20 388.00
439.03 389.00
439.03 389.00
439.00 390.00
439.00 390.00
439.00 390.00
439.00 390.00
439.00 390.00
439.00 393.00
439.00 393.00
439.00 394.00
439.00 394.00
439.00 394.00
439.00 394.00
439.00 394.00
439.00 394.00
439.00 394.00
439.00 394.00
439.00 394.00
438.99 398.00
438.99 398.00
438.87 399.00
438.55 400.00
438.55 400.00
438.20 401.00
438.20 401.00
438.03 402.00
438.03 402.00
438.00 403.00
438.00 403.00
438.00 403.00
438.00 403.00
438.00 403.00
438.00 403.00
438.00 406.00
438.00 406.00
438.00 407.00
438.00 407.00
438.00 407.00
438.00 407.00
438.00 407.00
438.00 407.00
438.00 407.00
438.00 411.00
438.00 411.00
438.00 411.00
437.53 415.00
437.53 415.00
437.19 416.00
437.19 416.00
437.02 417.00
437.02 417.00
437.00 418.00
437.00 418.00
436.99 419.00
436.99 419.00
436.90 420.00
436.61 421.00
436.61 421.00
436.25 422.00
436.25 422.00
436.04 423.00
436.04 423.00
436.00 424.00
436.00 424.00
436.00 425.00
436.00 425.00
436.00 425.00
436.00 425.00
436.00 427.00
436.00 427.00
435.93 428.00
435.93 428.00
435.67 429.00
435.67 429.00
435.15 430.00
435.15 430.00
435.02 431.00
435.00 432.00
435.00 432.00
435.00 432.00
435.00 432.00
435.00 432.00
435.00 432.00
435.00 432.00
435.00 432.00
434.99 436.00
434.99 436.00
434.99 437.00
434.99 437.00
434.99 437.00
434.99 437.00
434.99 437.00
434.99 437.00
434.93 440.00
434.93 440.00
434.68 441.00
434.16 442.00
434.16 442.00
434.02 443.00
434.02 443.00
434.00 444.00
434.00 444.00
434.00 444.00
434.00 444.00
434.00 446.00
434.00 446.00
434.00 447.00
434.00 447.00
434.00 447.00
434.00 447.00
433.86 449.00
433.86 449.00
433.55 450.00
433.55 450.00
433.20 451.00
433.20 451.00
433.02 452.00
433.00 453.00
433.00 453.00
433.00 453.00
433.00 453.00
433.00 453.00
433.00 453.00
433.00 453.00
433.00 453.00
433.00 457.00
433.00 457.00
433.00 457.00
433.00 457.00
432.99 459.00
432.99 459.00
432.88 460.00
432.88 460.00
432.57 461.00
432.57 461.00
432.21 462.00
432.04 463.00
432.04 463.00
432.01 464.00
432.01 464.00
432.00 465.00
432.00 465.00
431.98 466.00
431.98 466.00
431.98 466.00
431.98 466.00
431.98 466.00
431.98 466.00
431.90 469.00
431.90 469.00
431.60 470.00
431.60 470.00
431.24 471.00
431.24 471.00
431.05 472.00
431.05 472.00
431.00 473.00
431.00 473.00
431.00 474.00
431.00 474.00
431.00 475.00
431.00 475.00
431.00 476.00
431.00 476.00
431.00 477.00
431.00 477.00
430.99 478.00
430.99 478.00
430.92 479.00
430.92 479.00
430.67 480.00
430.67 480.00
430.15 481.00
429.99 482.00
429.99 482.00
429.98 483.00
429.98 483.00
429.98 483.00
429.98 483.00
429.98 483.00
429.98 483.00
429.98 483.00
429.98 483.00
429.98 483.00
429.98 483.00
429.98 483.00
429.98 483.00
429.98 483.00
429.98 483.00
429.99 487.00
429.99 487.00
429.93 491.00
429.67 492.00
429.67 492.00
429.15 493.00
429.15 493.00
429.02 494.00
429.02 494.00
429.00 495.00
429.00 495.00
429.00 496.00
429.00 496.00
429.00 497.00
429.00 497.00
429.00 498.00
429.00 498.00
429.00 498.00
429.00 498.00
429.00 498.00
429.00 498.00
428.94 501.00
428.94 501.00
428.52 502.00
428.18 503.00
428.18 503.00
428.02 504.00
428.02 504.00
428.00 505.00
428.00 505.00
428.00 505.00
428.00 505.00
428.00 505.00
428.00 505.00
428.00 508.00
428.00 508.00
428.00 508.00
428.00 508.00
427.99 510.00
427.99 510.00
427.87 511.00
427.87 511.00
427.56 512.00
427.56 512.00
427.20 513.00
427.20 513.00
427.02 514.00
427.02 514.00
427.00 515.00
427.00 515.00
427.00 515.00
427.00 515.00
427.00 515.00
427.00 515.00
427.00 518.00
427.00 518.00
426.98 519.00
426.98 519.00
426.98 520.00
426.98 520.00
426.98 520.00
426.98 520.00
426.98 520.00
426.88 523.00
426.88 523.00
426.55 524.00
426.55 524.00
426.21 525.00
426.21 525.00
426.03 526.00
426.03 526.00
426.00 527.00
426.00 527.00
426.00 528.00
426.00 528.00
426.00 529.00
426.00 529.00
425.99 530.00
425.99 530.00
425.91 531.00
425.91 531.00
425.63 532.00
425.63 532.00
425.26 533.00
425.26 533.00
425.04 534.00
425.04 534.00
425.00 535.00
425.00 535.00
425.00 535.00
425.00 535.00
425.00 535.00
425.00 535.00
425.00 535.00
425.00 535.00
425.00 539.00
425.00 540.00
425.00 540.00
425.00 540.00
425.00 540.00
424.92 542.00
424.92 542.00
424.65 543.00
424.65 543.00
424.14 544.00
424.14 544.00
424.01 545.00
424.01 545.00
424.00 546.00
424.00 546.00
424.00 546.00
424.00 546.00
424.00 546.00
424.00 546.00
423.99 549.00
423.99 549.00
423.98 550.00
423.98 550.00
423.98 550.00
423.98 550.00
423.98 550.00
423.98 550.00
423.93 553.00
423.93 553.00
423.66 554.00
423.66 554.00
423.15 555.00
423.15 555.00
423.02 556.00
423.02 556.00
423.00 557.00
423.00 557.00
423.00 557.00
423.00 559.00
423.00 559.00
423.00 560.00
423.00 560.00
423.00 561.00
423.00 561.00
423.00 561.00
423.00 561.00
423.00 561.00
423.00 561.00
423.00 561.00
423.00 561.00
423.00 561.00
423.00 561.00
422.93 566.00
422.93 566.00
422.68 567.00
422.68 567.00
422.16 568.00
422.02 569.00
422.02 569.00
422.00 570.00
422.00 570.00
422.00 570.00
422.00 570.00
421.99 572.00
421.99 572.00
421.87 573.00
421.87 573.00
421.87 573.00
421.56 574.00
421.56 574.00
421.74 574.00
421.74 574.00
421.74 574.00
421.74 574.00
421.74 574.00
421.74 574.00
421.56 574.00
421.56 574.00
421.56 574.00
421.56 574.00
421.35 575.00
421.35 575.00
421.35 575.00
421.35 575.00
420.93 576.00
420.93 576.00
420.51 577.00
420.51 577.00
420.07 578.00
420.07 578.00
420.00 581.00
420.00 581.00
420.00 581.00
420.00 581.00
420.00 581.00
420.00 582.00
420.00 582.00
420.00 589.00
420.00 589.00
420.00 589.00
420.00 589.00
420.00 589.00
420.00 589.00
420.00 589.00
420.00 589.00
420.00 589.00
420.00 589.00
420.00 589.00
420.00 589.00
420.00 589.00
420.00 595.00
420.00 595.00
420.00 595.00
420.00 595.00
420.00 595.00
420.00 595.00
420.00 595.00
420.00 595.00
420.00 595.00
420.00 595.00
420.00 595.00
420.00 595.00
420.00 596.00
420.00 596.00
420.00 597.00
420.00 597.00
420.00 598.00
420.00 598.00
420.00 605.00
420.00 606.00
420.00 606.00
419.99 607.00
419.99 607.00
419.99 608.00
419.99 608.00
419.99 608.00
419.99 608.00
419.99 608.00
419.99 608.00
419.99 608.00
419.99 608.00
419.90 612.00
419.90 612.00
419.60 613.00
419.60 613.00
419.24 614.00
419.24 614.00
419.04 615.00
419.04 615.00
419.00 616.00
418.94 617.00
418.94 617.00
418.51 618.00
418.51 618.00
418.17 619.00
418.17 619.00
418.02 620.00
418.02 620.00
418.00 621.00
418.00 621.00
418.00 621.00
418.00 621.00
418.00 621.00
418.00 623.00
418.00 623.00
417.99 624.00
417.99 624.00
417.99 624.00
417.99 624.00
417.99 624.00
417.86 627.00
417.86 627.00
417.56 628.00
417.56 628.00
417.21 629.00
417.21 629.00
417.09 630.00
417.09 630.00
417.09 630.00
417.01 630.00
416.97 631.00
416.97 631.00
416.97 631.00
416.97 631.00
416.97 631.00
416.97 631.00
416.97 631.00
416.97 631.00
416.97 631.00
416.97 631.00
416.97 631.00
416.98 637.00
416.98 637.00
416.98 637.00
416.98 637.00
416.98 637.00
416.98 637.00
416.98 637.00
416.98 637.00
416.98 637.00
416.98 637.00
416.98 637.00
416.98 637.00
416.99 638.00
416.99 638.00
416.99 639.00
416.99 646.00
416.99 646.00
416.99 646.00
416.99 646.00
416.99 646.00
416.99 646.00
416.91 649.00
416.91 649.00
416.63 650.00
416.63 650.00
416.27 651.00
416.27 651.00
416.05 652.00
416.05 652.00
416.00 653.00
416.00 653.00
416.00 654.00
416.00 654.00
416.00 654.00
416.00 654.00
416.00 654.00
416.00 654.00
416.00 654.00
416.00 654.00
416.00 654.00
416.00 654.00
416.00 654.00
416.00 659.00
416.00 659.00
416.00 659.00
416.00 659.00
416.00 659.00
416.00 659.00
415.91 662.00
415.64 663.00
415.64 663.00
415.27 664.00
415.27 664.00
415.04 665.00
415.04 665.00
415.01 666.00
415.01 666.00
415.01 666.00
415.01 666.00
414.99 668.00
414.99 668.00
414.99 669.00
414.99 669.00
414.99 669.00
414.99 669.00
414.94 671.00
414.94 671.00
414.67 672.00
414.67 672.00
414.16 673.00
414.16 673.00
414.02 674.00
414.02 674.00
414.00 675.00
414.00 675.00
414.00 676.00
414.00 676.00
414.00 677.00
414.00 677.00
413.99 678.00
413.99 678.00
413.99 678.00
413.99 678.00
413.99 678.00
413.99 678.00
413.99 678.00
413.99 678.00
413.99 678.00
413.99 683.00
413.99 683.00
413.99 683.00
413.99 684.00
413.99 684.00
413.99 684.00
413.99 684.00
413.92 686.00
413.92 686.00
413.67 687.00
413.67 687.00
413.16 688.00
413.05 689.00
412.99 689.00
412.97 690.00
412.97 690.00
412.97 690.00
412.97 690.00
412.97 690.00
412.97 690.00
412.97 690.00
412.97 690.00
412.97 690.00
412.97 690.00
412.97 690.00
412.97 690.00
412.97 690.00
412.97 690.00
412.98 696.00
412.98 696.00
412.98 696.00
412.98 696.00
412.98 696.00
412.98 696.00
412.98 696.00
412.98 696.00
412.98 696.00
412.98 696.00
412.98 696.00
412.98 696.00
412.90 703.00
412.90 703.00
412.62 704.00
412.62 704.00
412.25 705.00
412.25 705.00
412.04 706.00
412.04 706.00
412.00 707.00
412.00 707.00
412.00 707.00
412.00 707.00
412.00 707.00
412.00 707.00
412.00 707.00
411.99 711.00
411.99 711.00
411.99 712.00
411.99 712.00
411.99 712.00
411.99 712.00
411.91 714.00
411.91 714.00
411.64 715.00
411.64 715.00
411.27 716.00
411.27 716.00
411.01 717.00
411.01 717.00
411.00 718.00
411.00 718.00
411.00 718.00
411.00 718.00
411.00 718.00
411.00 718.00
411.00 718.00
411.00 718.00
411.00 718.00
411.00 718.00
411.00 723.00
411.00 723.00
411.00 723.00
411.00 723.00
411.00 723.00
411.00 723.00
411.00 723.00
410.99 727.00
410.99 727.00
410.91 728.00
410.91 728.00
410.63 729.00
410.63 729.00
410.27 730.00
410.27 730.00
410.05 731.00
410.05 731.00
410.05 731.00
410.00 732.00
410.00 732.00
410.00 732.00
410.00 732.00
410.00 732.00
410.00 735.00
410.00 735.00
410.00 736.00
410.00 736.00
410.00 736.00
410.00 736.00
410.00 736.00
410.00 736.00
410.00 736.00
410.00 736.00
410.00 736.00
410.00 736.00
410.00 736.00
410.00 736.00
409.99 742.00
409.99 742.00
409.90 743.00
409.90 743.00
409.61 744.00
409.61 744.00
409.25 745.00
409.25 745.00
409.12 746.00
409.04 746.00
409.00 747.00
409.00 747.00
409.00 747.00
409.00 747.00
409.00 747.00
409.00 747.00
409.00 747.00
409.00 747.00
409.00 747.00
409.00 747.00
409.00 747.00
409.00 747.00
408.99 753.00
408.98 754.00
408.98 754.00
408.98 755.00
408.98 755.00
408.98 755.00
408.98 755.00
408.98 755.00
408.98 755.00
408.98 755.00
408.98 755.00
408.98 755.00
408.98 755.00
408.98 755.00
408.87 760.00
408.87 760.00
408.56 761.00
408.21 762.00
408.21 762.00
408.02 763.00
408.02 763.00
407.99 764.00
407.99 764.00
407.99 764.00
407.99 764.00
407.99 764.00
407.99 764.00
407.99 767.00
407.99 767.00
407.99 767.00
407.99 767.00
407.99 767.00
407.90 769.00
407.61 770.00
407.61 770.00
407.42 771.00
407.42 771.00
407.42 771.00
407.25 771.00
407.25 771.00
407.25 771.00
407.12 772.00
407.12 772.00
407.04 772.00
407.01 773.00
406.99 776.00
406.99 776.00
406.99 776.00
406.99 776.00
406.99 776.00
406.99 776.00
406.99 776.00
406.99 776.00
406.99 776.00
406.99 776.00
406.99 776.00
406.99 776.00
406.99 776.00
406.99 776.00
407.00 783.00
407.00 783.00
407.00 783.00
407.00 783.00
406.99 785.00
406.99 785.00
406.88 786.00
406.88 786.00
406.57 787.00
406.57 787.00
406.22 788.00
406.10 789.00
406.10 789.00
406.03 789.00
405.99 790.00
405.99 790.00
405.99 790.00
405.99 790.00
405.99 790.00
405.99 790.00
405.99 790.00
405.99 790.00
405.99 790.00
405.99 790.00
405.99 790.00
405.99 790.00
405.99 790.00
406.00 791.00
406.00 791.00
406.00 798.00
406.00 798.00
406.00 798.00
406.00 798.00
406.00 798.00
406.00 798.00
406.00 798.00
406.00 798.00
406.00 798.00
406.00 798.00
406.00 798.00
406.00 798.00
406.00 798.00
406.00 798.00
406.00 799.00
406.00 799.00
406.00 800.00
406.00 800.00
405.92 807.00
405.67 808.00
405.67 808.00
405.15 809.00
405.15 809.00
405.15 809.00
405.01 810.00
405.01 810.00
404.89 811.00
404.89 811.00
404.59 812.00
404.59 812.00
404.59 812.00
404.41 813.00
404.41 813.00
404.41 813.00
404.32 814.00
404.28 813.00
404.25 814.00
404.25 814.00
404.25 814.00
404.25 814.00
404.25 814.00
404.25 814.00
404.25 814.00
404.25 814.00
404.25 814.00
404.25 814.00
404.66 815.00
404.66 815.00
404.93 816.00
404.93 816.00
404.99 822.00
404.99 822.00
404.99 822.00
404.95 825.00
404.95 825.00
404.56 826.00
404.56 826.00
404.21 827.00
404.21 827.00
404.01 828.00
404.01 828.00
403.97 829.00
403.97 829.00
403.97 829.00
403.97 829.00
403.97 829.00
403.97 829.00
403.97 829.00
403.97 829.00
403.97 829.00
403.97 829.00
403.97 829.00
403.97 829.00
403.97 829.00
403.97 829.00
403.88 836.00
403.88 836.00
403.57 837.00
403.57 837.00
403.21 838.00
403.21 838.00
403.03 839.00
403.03 839.00
402.93 840.00
402.93 840.00
402.67 841.00
402.67 841.00
402.67 841.00
402.67 841.00
402.67 841.00
402.67 841.00
402.67 841.00
402.67 841.00
402.67 841.00
402.48 842.00
402.48 842.00
402.48 842.00
402.48 842.00
402.30 842.00
402.30 842.00
402.30 842.00
402.06 843.00
402.06 843.00
402.14 850.00
402.05 849.00
402.01 849.00
402.00 848.00
402.00 848.00
402.00 848.00
402.00 848.00
402.00 848.00
402.00 848.00
402.01 849.00
402.01 849.00
402.14 850.00
402.14 850.00
402.25 854.00
402.25 854.00
402.25 854.00
402.25 854.00
402.25 854.00
402.25 854.00
402.25 854.00
402.25 854.00
402.29 855.00
402.29 855.00
402.29 855.00
402.60 856.00
402.60 856.00
402.90 857.00
402.90 857.00
402.63 864.00
402.63 864.00
402.26 865.00
402.26 865.00
402.26 865.00
402.05 866.00
402.05 866.00
402.00 867.00
402.00 867.00
402.00 867.00
402.00 867.00
402.00 869.00
402.00 869.00
401.99 870.00
401.99 870.00
401.99 871.00
401.99 871.00
401.99 871.00
401.99 871.00
401.99 871.00
401.99 871.00
401.99 871.00
401.99 871.00
401.99 871.00
401.99 871.00
401.99 871.00
401.99 871.00
401.99 871.00
401.99 878.00
401.99 878.00
401.99 879.00
401.99 879.00
401.99 879.00
401.99 879.00
401.99 879.00
401.99 879.00
401.99 879.00
401.99 879.00
401.87 883.00
401.87 883.00
401.55 884.00
401.55 884.00
401.20 885.00
401.20 885.00
401.03 886.00
401.03 886.00
401.00 887.00
401.00 887.00
400.92 888.00
400.92 888.00
400.65 889.00
400.65 889.00
400.14 890.00
400.14 890.00
400.01 891.00
400.01 891.00
399.99 892.00
399.99 892.00
399.87 893.00
399.87 893.00
399.57 894.00
399.57 894.00
399.57 894.00
399.21 895.00
399.21 895.00
399.01 896.00
399.01 896.00
398.99 897.00
398.99 897.00
398.99 897.00
399.01 896.00
399.09 896.00
399.09 896.00
399.09 896.00
399.09 896.00
399.09 896.00
399.09 896.00
399.01 896.00
398.99 897.00
398.97 900.00
398.90 900.00
398.90 900.00
398.79 901.00
398.79 901.00
398.79 901.00
398.79 901.00
398.79 901.00
398.79 901.00
398.79 901.00
398.79 901.00
398.44 902.00
398.44 902.00
398.13 903.00
398.13 903.00
398.01 904.00
398.01 904.00
398.00 906.00
398.00 906.00
398.00 906.00
398.00 906.00
398.00 907.00
398.00 907.00
398.00 908.00
398.00 908.00
398.00 909.00
398.00 909.00
397.98 910.00
397.98 910.00
397.82 911.00
397.82 911.00
397.47 912.00
397.47 912.00
397.05 913.00
397.05 913.00
397.01 915.00
397.01 915.00
397.01 915.00
397.00 922.00
397.00 922.00
397.00 922.00
397.00 922.00
397.00 922.00
397.00 922.00
397.00 922.00
397.00 922.00
397.00 922.00
397.00 922.00
397.00 922.00
397.00 922.00
397.00 922.00
397.00 922.00
397.00 923.00
397.00 923.00
397.00 924.00
397.00 925.00
397.00 929.00
397.00 929.00
397.00 929.00
397.00 929.00
397.00 929.00
397.00 929.00
397.00 929.00
397.00 929.00
397.00 929.00
397.00 930.00
397.00 930.00
396.93 937.00
396.93 937.00
396.50 938.00
396.50 938.00
396.31 939.00
396.31 939.00
396.31 939.00
396.31 939.00
396.31 939.00
396.50 938.00
396.68 938.00
396.68 938.00
396.83 938.00
396.83 938.00
396.93 937.00
396.93 937.00
396.98 937.00
396.83 938.00
396.83 938.00
396.31 939.00
396.31 939.00
396.03 940.00
396.03 940.00
395.79 941.00
395.79 941.00
395.42 942.00
395.42 942.00
395.00 943.00
395.00 943.00
394.37 944.00
394.37 944.00
394.09 945.00
394.09 945.00
394.00 946.00
394.00 946.00
394.00 948.00
394.00 948.00
394.00 954.00
394.00 954.00
394.00 955.00
394.00 955.00
394.00 955.00
394.00 955.00
394.00 955.00
394.00 955.00
394.06 958.00
394.06 958.00
394.45 959.00
394.45 959.00
394.80 960.00
394.80 960.00
394.99 961.00
394.99 961.00
395.02 962.00
395.02 962.00
395.02 962.00
395.02 962.00
395.02 962.00
395.02 962.00
395.02 962.00
395.02 962.00
395.12 966.00
395.12 966.00
395.41 967.00
395.24 967.00
395.24 967.00
395.24 967.00
395.12 966.00
395.12 966.00
395.05 966.00
395.00 965.00
395.00 965.00
395.00 965.00
395.05 966.00
395.05 966.00
395.24 967.00
395.24 967.00
395.60 968.00
395.60 968.00
395.89 969.00
395.64 976.00
395.64 976.00
395.64 976.00
395.27 977.00
395.27 977.00
395.05 978.00
395.05 978.00
395.00 979.00
395.00 979.00
395.00 979.00
395.00 979.00
395.00 979.00
395.00 979.00
395.00 979.00
395.00 979.00
395.00 983.00
395.00 984.00
395.00 984.00
395.00 984.00
395.00 984.00
394.92 986.00
394.92 986.00
394.66 987.00
394.66 987.00
394.15 988.00
394.15 988.00
394.01 989.00
394.01 989.00
394.00 990.00
394.00 990.00
394.00 990.00
394.00 990.00
394.00 990.00
394.00 990.00
394.00 990.00
394.00 990.00
394.00 990.00
394.00 990.00
394.00 990.00
394.00 990.00
394.00 990.00
394.00 990.00
394.00 990.00
394.00 997.00
394.00 997.00
394.00 997.00
394.00 997.00
394.00 997.00
394.00 997.00
394.00 997.00
394.00 997.00
394.00 997.00
394.00 997.00
394.00 997.00
394.00 997.00
394.00 997.00
394.00 997.00
394.00 998.00
394.00 998.00
394.00 999.00
394.00 999.00
394.00 1006.00
394.00 1006.00
394.00 1007.00
394.00 1007.00
394.00 1007.00
394.00 1007.00
394.00 1007.00
394.00 1007.00
393.95 1010.00
393.95 1010.00
393.54 1011.00
393.54 1011.00
393.19 1012.00
393.19 1012.00
393.02 1013.00
393.02 1013.00
392.99 1014.00
392.99 1014.00
392.99 1014.00
392.99 1014.00
392.99 1014.00
392.99 1014.00
392.99 1014.00
392.99 1014.00
392.99 1014.00
392.99 1019.00
392.99 1019.00
392.99 1019.00
392.98 1020.00
392.98 1020.00
392.98 1020.00
392.98 1020.00
392.98 1020.00
392.98 1020.00
392.96 1023.00
392.96 1023.00
392.53 1024.00
392.18 1025.00
392.18 1025.00
392.02 1026.00
392.02 1026.00
392.00 1027.00
392.00 1027.00
392.00 1027.00
392.00 1028.00
392.00 1028.00
392.00 1029.00
392.00 1029.00
392.00 1029.00
392.00 1029.00
392.00 1029.00
392.00 1029.00
392.00 1029.00
392.00 1029.00
392.00 1033.00
392.00 1033.00
391.99 1034.00
391.99 1034.00
391.99 1035.00
391.99 1035.00
391.99 1035.00
391.99 1035.00
391.94 1037.00
391.94 1037.00
391.53 1038.00
391.53 1038.00
391.34 1039.00
391.34 1039.00
391.34 1039.00
391.34 1039.00
391.34 1039.00
391.34 1039.00
391.34 1039.00
391.34 1039.00
391.34 1039.00
391.34 1039.00
391.34 1039.00
391.34 1039.00
391.34 1039.00
391.34 1039.00
391.34 1039.00
391.08 1040.00
391.08 1040.00
391.00 1041.00
391.00 1041.00
391.00 1042.00
391.00 1042.00
391.00 1043.00
391.00 1043.00
391.00 1044.00
391.00 1044.00
390.96 1045.00
390.96 1045.00
390.76 1046.00
390.76 1046.00
390.40 1047.00
390.40 1047.00
390.10 1048.00
390.10 1048.00
390.01 1052.00
390.01 1052.00
390.01 1052.00
390.01 1052.00
390.01 1052.00
390.01 1052.00
390.01 1052.00
390.01 1052.00
390.01 1053.00
390.01 1053.00
390.01 1054.00
390.01 1054.00
390.00 1055.00
390.00 1055.00
390.00 1056.00
390.00 1056.00
390.00 1057.00
390.00 1057.00
390.00 1064.00
390.00 1064.00
390.00 1065.00
390.00 1065.00
390.00 1066.00
390.00 1066.00
390.00 1067.00
390.00 1067.00
390.00 1068.00
390.00 1068.00
390.00 1069.00
390.00 1069.00
390.00 1070.00
390.00 1070.00
390.00 1071.00
390.00 1070.00
390.00 1066.00
390.00 1067.00
390.00 1067.00
390.00 1068.00
390.00 1068.00
390.00 1075.00
390.00 1075.00
390.00 1076.00
390.00 1076.00
390.00 1077.00
390.00 1077.00
389.99 1078.00
389.99 1078.00
389.99 1079.00
389.99 1079.00
389.99 1080.00
389.99 1080.00
389.99 1080.00
389.99 1080.00
389.99 1080.00
389.99 1080.00
389.99 1080.00
389.99 1080.00
389.93 1084.00
389.93 1084.00
389.66 1085.00
389.66 1085.00
389.15 1086.00
389.15 1086.00
389.02 1087.00
389.02 1087.00
389.00 1088.00
389.00 1088.00
389.00 1088.00
389.00 1088.00
389.00 1088.00
389.00 1088.00
389.00 1088.00
389.00 1088.00
389.00 1088.00
389.00 1088.00
389.00 1088.00
389.00 1088.00
389.00 1088.00
389.00 1088.00
389.00 1095.00
389.00 1095.00
389.00 1096.00
389.00 1096.00
389.00 1097.00
389.00 1097.00
389.00 1098.00
389.00 1098.00
389.00 1098.00
389.00 1098.00
389.00 1098.00
389.00 1098.00
389.00 1098.00
389.00 1098.00
389.00 1098.00
389.00 1098.00
389.00 1098.00
389.00 1098.00
389.00 1098.00
389.00 1098.00
389.00 1099.00
389.00 1099.00
389.00 1100.00
389.00 1100.00
389.00 1101.00
389.00 1101.00
389.00 1102.00
389.00 1102.00
389.00 1103.00
389.00 1103.00
389.00 1104.00
389.00 1104.00
389.00 1105.00
389.00 1105.00
389.00 1112.00
389.00 1112.00
389.00 1113.00
389.00 1113.00
389.00 1114.00
389.00 1114.00
389.00 1115.00
389.00 1115.00
389.00 1115.00
388.99 1117.00
388.99 1117.00
388.90 1118.00
388.90 1118.00
388.62 1119.00
388.62 1119.00
388.25 1120.00
388.25 1120.00
388.05 1121.00
388.05 1121.00
388.01 1122.00
388.01 1122.00
388.00 1123.00
388.00 1123.00
387.98 1124.00
387.98 1124.00
387.98 1124.00
387.98 1124.00
387.98 1124.00
387.98 1124.00
387.93 1127.00
387.93 1127.00
387.64 1128.00
387.64 1128.00
387.15 1129.00
387.15 1129.00
387.15 1129.00
387.02 1130.00
387.02 1130.00
386.99 1131.00
386.99 1131.00
386.99 1131.00
386.99 1131.00
386.99 1131.00
386.99 1131.00
386.99 1131.00
386.99 1131.00
386.99 1131.00
386.99 1131.00
386.99 1131.00
386.99 1131.00
386.99 1131.00
386.99 1131.00
387.00 1132.00
387.00 1132.00
387.00 1139.00
387.00 1139.00
387.00 1140.00
387.00 1140.00
387.00 1140.00
387.00 1140.00
387.00 1140.00
387.00 1140.00
387.00 1140.00
387.00 1140.00
387.00 1140.00
387.00 1140.00
387.00 1140.00
387.00 1140.00
387.00 1140.00
387.00 1140.00
387.00 1141.00
387.00 1141.00
387.00 1142.00
387.00 1143.00
387.00 1143.00
387.00 1143.00
387.00 1150.00
387.00 1150.00
387.00 1151.00
387.00 1151.00
387.00 1151.00
387.00 1151.00
387.00 1153.00
387.00 1153.00
386.93 1154.00
386.93 1154.00
386.50 1155.00
386.50 1155.00
386.17 1156.00
386.02 1157.00
386.02 1157.00
386.02 1157.00
386.00 1158.00
386.00 1158.00
386.00 1158.00
386.00 1158.00
386.00 1158.00
386.00 1158.00
386.00 1158.00
386.00 1158.00
386.00 1162.00
386.00 1162.00
386.00 1163.00
386.00 1163.00
386.00 1164.00
386.00 1164.00
386.00 1164.00
386.00 1164.00
386.00 1164.00
386.00 1164.00
386.00 1164.00
386.00 1164.00
386.00 1164.00
386.00 1164.00
386.00 1164.00
386.00 1164.00
386.00 1164.00
386.00 1164.00
386.00 1164.00
386.00 1164.00
386.00 1165.00
386.00 1165.00
386.00 1166.00
386.00 1166.00
386.00 1173.00
386.00 1173.00
385.99 1174.00
385.99 1174.00
385.99 1175.00
385.99 1175.00
385.99 1175.00
385.99 1175.00
385.99 1175.00
385.99 1175.00
385.99 1175.00
385.99 1175.00
385.87 1179.00
385.87 1179.00
385.55 1180.00
385.55 1180.00
385.20 1181.00
385.20 1181.00
385.03 1182.00
385.03 1182.00
385.00 1183.00
385.00 1183.00
385.00 1183.00
385.00 1183.00
385.00 1183.00
385.00 1183.00
385.00 1186.00
385.00 1186.00
385.00 1187.00
385.00 1187.00
385.00 1187.00
385.00 1187.00
385.00 1187.00
385.00 1187.00
385.00 1187.00
385.00 1187.00
385.00 1187.00
385.00 1187.00
385.00 1187.00
385.00 1187.00
385.00 1187.00
385.00 1187.00
385.00 1187.00
385.00 1188.00
385.00 1188.00
385.00 1195.00
385.00 1195.00
385.00 1196.00
385.00 1196.00
385.00 1196.00
385.00 1196.00
385.00 1196.00
385.00 1196.00
384.92 1199.00
384.92 1199.00
384.67 1200.00
384.67 1200.00
384.15 1201.00
384.15 1201.00
384.01 1202.00
384.01 1202.00
384.00 1203.00
384.00 1203.00
384.00 1203.00
384.00 1203.00
384.00 1203.00
384.00 1203.00
384.00 1203.00
384.00 1203.00
384.00 1203.00
384.00 1203.00
384.00 1203.00
384.00 1203.00
383.99 1209.00
383.99 1209.00
383.99 1210.00
383.99 1210.00
383.99 1210.00
383.99 1210.00
383.99 1210.00
383.99 1210.00
383.99 1210.00
383.99 1210.00
383.99 1210.00
383.99 1210.00
383.99 1210.00
383.99 1210.00
383.99 1210.00
383.99 1210.00
383.99 1211.00
383.99 1211.00
384.00 1212.00
384.00 1212.00
383.99 1219.00
383.99 1219.00
383.99 1220.00
383.99 1220.00
383.98 1221.00
383.98 1221.00
383.98 1221.00
383.98 1221.00
383.98 1221.00
383.98 1221.00
383.95 1224.00
383.95 1224.00
383.53 1225.00
383.53 1225.00
383.19 1226.00
383.19 1226.00
383.01 1227.00
383.01 1227.00
382.99 1228.00
382.99 1228.00
382.99 1228.00
382.99 1228.00
382.99 1228.00
382.99 1228.00
382.99 1231.00
382.99 1231.00
382.89 1232.00
382.89 1232.00
382.89 1232.00
382.59 1233.00
382.59 1233.00
382.40 1234.00
382.23 1234.00
382.23 1234.00
382.23 1234.00
382.23 1234.00
382.23 1234.00
382.23 1234.00
382.23 1234.00
382.23 1234.00
382.23 1234.00
382.23 1234.00
382.23 1234.00
382.23 1234.00
382.23 1234.00
382.40 1234.00
382.10 1235.00
382.10 1235.00
382.01 1237.00
382.01 1237.00
382.01 1237.00
382.01 1237.00
382.01 1238.00
382.01 1238.00
382.00 1239.00
382.00 1239.00
382.00 1246.00
382.00 1246.00
382.00 1247.00
382.00 1247.00
382.00 1248.00
382.00 1248.00
382.00 1243.00
382.00 1243.00
382.00 1244.00
382.00 1244.00
382.00 1245.00
382.00 1245.00
382.00 1246.00
382.00 1246.00
382.00 1253.00
382.00 1253.00
382.00 1254.00
382.00 1254.00
382.00 1255.00
382.00 1255.00
382.00 1256.00
382.00 1256.00
382.00 1257.00
382.00 1257.00
382.00 1258.00
382.00 1258.00
382.00 1259.00
382.00 1259.00
382.00 1260.00
382.00 1260.00
382.00 1261.00
382.00 1261.00
382.00 1262.00
382.00 1262.00
382.00 1263.00
382.00 1263.00
382.00 1263.00
382.00 1263.00
382.00 1263.00
382.00 1263.00
382.00 1263.00
382.00 1263.00
382.00 1263.00
382.00 1263.00
382.00 1263.00
382.00 1263.00
382.00 1263.00
382.00 1263.00
382.00 1264.00
382.00 1264.00
382.00 1265.00
382.00 1265.00
382.00 1266.00
382.00 1266.00
382.00 1267.00
382.00 1267.00
382.00 1268.00
382.00 1268.00
382.00 1269.00
382.00 1269.00
382.00 1270.00
382.00 1270.00
382.00 1271.00
382.00 1271.00
382.00 1272.00
382.00 1272.00
382.00 1273.00
382.00 1273.00
382.00 1274.00
382.00 1274.00
382.00 1275.00
382.00 1275.00
382.00 1276.00
382.00 1276.00
382.00 1276.00
382.00 1283.00
382.00 1284.00
382.00 1284.00
382.00 1285.00
382.00 1285.00
382.00 1286.00
382.00 1286.00
382.00 1287.00
382.00 1287.00
382.00 1288.00
382.00 1288.00
382.00 1288.00
382.00 1289.00
382.00 1289.00
382.00 1290.00
382.00 1290.00
382.00 1291.00
382.00 1292.00
382.00 1292.00
382.00 1293.00
382.00 1293.00
382.00 1294.00
382.00 1294.00
382.00 1295.00
382.00 1295.00
382.00 1295.00
382.00 1295.00
382.00 1295.00
382.00 1295.00
382.00 1295.00
382.00 1295.00
382.00 1295.00
382.00 1295.00
382.00 1295.00
382.00 1295.00
382.00 1295.00
382.00 1295.00
382.00 1296.00
382.00 1296.00
382.00 1297.00
382.00 1297.00
382.00 1298.00
382.00 1298.00
382.00 1299.00
382.00 1299.00
382.00 1306.00
382.00 1306.00
382.00 1307.00
382.00 1307.00
382.00 1307.00
382.00 1307.00
381.99 1309.00
381.99 1309.00
381.89 1310.00
381.89 1310.00
381.60 1311.00
381.60 1311.00
381.24 1312.00
381.24 1312.00
381.04 1313.00
381.04 1313.00
381.04 1313.00
380.99 1314.00
380.99 1314.00
380.99 1314.00
380.99 1314.00
380.99 1314.00
380.99 1314.00
380.99 1314.00
380.98 1318.00
380.98 1318.00
380.98 1318.00
380.98 1318.00
380.98 1318.00
380.98 1318.00
380.98 1318.00
380.98 1318.00
380.98 1318.00
380.98 1318.00
380.98 1318.00
380.98 1318.00
380.98 1318.00
380.98 1318.00
380.98 1318.00
381.01 1319.00
381.01 1319.00
381.21 1320.00
381.21 1320.00
381.19 1327.00
381.19 1327.00
381.02 1328.00
381.02 1328.00
381.00 1329.00
381.00 1329.00
381.00 1329.00
381.00 1329.00
381.00 1329.00
381.00 1329.00
381.00 1329.00
381.00 1329.00
381.00 1333.00
381.00 1333.00
381.00 1334.00
381.00 1334.00
381.00 1334.00
381.00 1334.00
381.00 1334.00
381.00 1334.00
381.00 1334.00
381.00 1334.00
381.00 1334.00
381.00 1334.00
381.00 1334.00
381.00 1334.00
380.02 1361.00
380.02 1361.00
380.00 1362.00
380.00 1362.00
380.00 1362.00
380.00 1362.00
380.00 1362.00
380.00 1362.00
380.00 1362.00
380.00 1362.00
380.00 1362.00
380.00 1362.00
380.00 1362.00
380.00 1362.00
380.00 1362.00
380.00 1362.00
379.04 1397.00
379.04 1397.00
378.99 1398.00
378.99 1398.00
378.98 1399.00
378.98 1399.00
378.98 1399.00
378.98 1399.00
378.98 1399.00
378.98 1399.00
378.98 1399.00
378.98 1399.00
378.98 1399.00
378.98 1399.00
378.98 1399.00
378.98 1399.00
378.98 1399.00
378.98 1399.00
378.98 1399.00
378.99 1400.00
378.99 1400.00
379.00 1401.00
379.00 1401.00
379.00 1408.00
379.00 1408.00
379.00 1409.00
379.00 1409.00
379.00 1409.00
379.00 1410.00
379.00 1410.00
379.00 1411.00
379.00 1411.00
379.00 1412.00
379.00 1412.00
379.00 1413.00
379.00 1413.00
379.00 1413.00
379.00 1413.00
379.00 1413.00
379.00 1413.00
379.00 1413.00
379.00 1413.00
379.00 1413.00
379.00 1413.00
379.00 1413.00
379.00 1413.00
379.00 1413.00
379.00 1413.00
379.00 1413.00
379.00 1414.00
379.00 1414.00
379.00 1415.00
379.00 1415.00
379.00 1416.00
379.00 1416.00
378.00 1457.00
378.00 1458.00
378.00 1458.00
377.87 1459.00
377.87 1459.00
377.87 1459.00
377.55 1460.00
377.55 1460.00
377.20 1461.00
377.20 1461.00
377.02 1462.00
377.02 1462.00
376.99 1463.00
376.99 1463.00
376.99 1463.00
376.99 1463.00
376.99 1463.00
376.99 1463.00
376.99 1463.00
376.99 1463.00
376.99 1463.00
376.99 1463.00
376.99 1463.00
376.99 1463.00
376.99 1463.00
376.99 1463.00
376.99 1463.00
376.99 1464.00
376.99 1464.00
377.00 1465.00
377.00 1465.00
377.00 1472.00
377.00 1472.00
377.00 1473.00
377.00 1473.00
377.00 1474.00
377.00 1474.00
377.00 1475.00
377.00 1475.00
377.00 1476.00
377.00 1476.00
377.00 1477.00
377.00 1477.00
377.00 1478.00
377.00 1478.00
377.00 1479.00
377.00 1479.00
377.00 1480.00
377.00 1480.00
377.00 1481.00
377.00 1481.00
377.00 1482.00
377.00 1482.00
377.00 1483.00
377.00 1483.00
377.00 1484.00
377.00 1484.00
377.00 1485.00
377.00 1485.00
377.00 1486.00
377.00 1486.00
377.00 1486.00
377.00 1487.00
377.00 1487.00
377.00 1488.00
377.00 1488.00
377.00 1489.00
377.00 1489.00
377.00 1490.00
377.00 1490.00
377.00 1490.00
377.00 1490.00
377.00 1490.00
377.00 1490.00
377.00 1490.00
377.00 1490.00
377.00 1490.00
377.00 1490.00
377.00 1490.00
377.00 1490.00
377.00 1490.00
377.00 1490.00
377.00 1491.00
377.00 1491.00
377.00 1492.00
377.00 1492.00
377.00 1493.00
377.00 1493.00
377.00 1494.00
377.00 1494.00
377.00 1495.00
377.00 1495.00
377.00 1495.00
377.00 1496.00
377.00 1496.00
377.00 1497.00
377.00 1497.00
377.00 1498.00
377.00 1498.00
377.00 1499.00
377.00 1499.00
377.00 1500.00
377.00 1500.00
377.00 1501.00
377.00 1501.00
377.00 1502.00
377.00 1502.00
377.00 1503.00
377.00 1503.00
377.00 1504.00
377.00 1504.00
377.00 1505.00
377.00 1505.00
377.00 1506.00
377.00 1506.00
377.00 1507.00
377.00 1507.00
377.00 1508.00
377.00 1508.00
377.00 1509.00
377.00 1509.00
377.00 1509.00
377.00 1510.00
377.00 1510.00
377.00 1511.00
377.00 1511.00
377.00 1512.00
377.00 1512.00
377.00 1513.00
377.00 1513.00
377.00 1514.00
377.00 1514.00
377.00 1523.00
377.00 1524.00
1259.41 150.00
1259.41 150.00
1259.41 150.00
1259.41 150.00
1259.06 152.00
1259.06 152.00
1258.65 153.00
1258.65 153.00
1258.25 154.00
1258.25 154.00
1258.04 155.00
1258.00 156.00
1258.00 156.00
1258.00 156.00
1258.00 157.00
1258.00 157.00
1257.92 158.00
1257.92 158.00
1257.69 159.00
1257.69 159.00
1257.49 160.00
1257.49 160.00
1257.49 160.00
1257.49 160.00
1257.49 160.00
1257.49 160.00
1257.49 160.00
1257.49 160.00
1257.49 160.00
1257.49 160.00
1257.49 160.00
1257.49 160.00
1257.49 160.00
1257.49 160.00
1257.72 161.00
1251.68 206.00
1251.21 207.00
1244.20 258.00
1244.02 259.00
1244.02 259.00
1243.92 260.00
1243.66 261.00
1243.28 262.00
1243.28 262.00
1243.01 263.00
1243.01 263.00
1243.01 263.00
1243.01 264.00
1243.01 264.00
1243.01 264.00
1243.01 264.00
1242.99 266.00
1242.99 266.00
1242.99 267.00
1242.93 268.00
1242.93 268.00
1242.67 269.00
1242.67 269.00
1242.15 270.00
1242.15 270.00
1242.02 271.00
1242.02 271.00
1242.00 272.00
1242.00 272.00
1242.00 272.00
1242.00 272.00
1242.00 274.00
1242.00 274.00
1242.00 275.00
1242.00 275.00
1242.00 276.00
1242.00 276.00
1242.00 276.00
1242.00 276.00
1241.01 284.00
1241.01 284.00
1235.59 324.00
1235.59 324.00
1235.22 325.00
1235.22 325.00
1235.03 326.00
1235.03 326.00
1234.93 327.00
1234.93 327.00
1234.67 328.00
1234.67 328.00
1234.14 329.00
1234.14 329.00
1233.91 330.00
1233.91 330.00
1233.59 331.00
1233.59 331.00
1233.22 332.00
1233.22 332.00
1233.04 333.00
1233.04 333.00
1233.00 334.00
1233.00 334.00
1232.99 335.00
1232.99 335.00
1232.92 336.00
1232.92 336.00
1232.64 337.00
1232.64 337.00
1232.13 338.00
1232.13 338.00
1232.02 339.00
1232.02 339.00
1232.01 340.00
1232.01 340.00
1232.00 341.00
1232.00 341.00
1232.00 342.00
1232.00 342.00
1231.99 343.00
1231.99 343.00
1231.93 344.00
1231.93 344.00
1231.69 345.00
1231.15 346.00
1231.15 346.00
1230.92 347.00
1230.92 347.00
1230.62 348.00
1230.62 348.00
1230.24 349.00
1230.24 349.00
1230.03 350.00
1230.03 350.00
1230.00 351.00
1230.00 351.00
1230.00 351.00
1230.00 351.00
1230.00 351.00
1230.00 351.00
1230.00 354.00
1230.00 354.00
1229.98 355.00
1229.98 355.00
1229.98 355.00
1229.98 355.00
1229.98 355.00
1229.98 355.00
1229.90 358.00
1229.90 358.00
1229.58 359.00
1229.58 359.00
1229.22 360.00
1229.05 361.00
1229.05 361.00
1229.01 362.00
1229.01 362.00
1228.99 363.00
1228.99 363.00
1228.99 364.00
1228.99 364.00
1228.99 364.00
1228.99 364.00
1228.92 366.00
1228.92 366.00
1228.62 367.00
1228.62 367.00
1228.26 368.00
1228.05 369.00
1228.05 369.00
1228.00 370.00
1228.00 370.00
1228.00 371.00
1228.00 371.00
1227.94 372.00
1227.94 372.00
1227.53 373.00
1227.53 373.00
1227.17 374.00
1227.17 374.00
1227.01 375.00
1227.01 375.00
1227.00 376.00
1227.00 376.00
1227.00 376.00
1227.00 378.00
1227.00 378.00
1226.99 379.00
1226.99 379.00
1226.99 379.00
1226.99 379.00
1226.99 379.00
1226.99 379.00
1226.99 379.00
1226.99 379.00
1226.93 383.00
1226.93 383.00
1226.51 384.00
1226.51 384.00
1226.17 385.00
1226.17 385.00
1226.02 386.00
1226.02 386.00
1226.01 387.00
1226.01 387.00
1226.01 387.00
1226.01 387.00
1226.00 389.00
1226.00 389.00
1225.99 390.00
1225.99 390.00
1225.99 391.00
1225.99 391.00
1225.94 392.00
1225.54 393.00
1225.54 393.00
1225.18 394.00
1225.18 394.00
1225.02 395.00
1225.02 395.00
1225.00 396.00
1225.00 396.00
1225.00 397.00
1225.00 397.00
1224.99 398.00
1224.99 398.00
1224.89 399.00
1224.89 399.00
1224.58 400.00
1224.58 400.00
1224.22 401.00
1224.22 401.00
1224.03 402.00
1224.03 402.00
1224.00 403.00
1224.00 403.00
1224.00 404.00
1224.00 404.00
1223.99 405.00
1223.99 405.00
1223.91 406.00
1223.91 406.00
1223.63 407.00
1223.25 408.00
1223.25 408.00
1223.05 409.00
1223.05 409.00
1223.01 410.00
1223.01 410.00
1223.01 410.00
1223.01 410.00
1223.00 412.00
1223.00 412.00
1222.99 413.00
1222.99 413.00
1222.99 414.00
1222.99 414.00
1222.99 414.00
1222.92 416.00
1222.92 416.00
1222.64 417.00
1222.64 417.00
1222.26 418.00
1222.26 418.00
1222.05 419.00
1222.05 419.00
1222.00 420.00
1222.00 420.00
1221.94 421.00
1221.94 421.00
1221.53 422.00
1221.53 422.00
1221.18 423.00
1221.18 423.00
1221.03 424.00
1221.00 425.00
1221.00 425.00
1220.99 426.00
1220.99 426.00
1220.89 427.00
1220.89 427.00
1220.59 428.00
1220.59 428.00
1220.22 429.00
1220.22 429.00
1220.03 430.00
1220.03 430.00
1219.93 431.00
1219.93 431.00
1219.69 432.00
1219.16 433.00
1219.16 433.00
1219.02 434.00
1219.02 434.00
1219.00 435.00
1219.00 435.00
1219.00 436.00
1219.00 436.00
1219.00 437.00
1219.00 437.00
1219.00 438.00
1219.00 438.00
1219.00 438.00
1219.00 438.00
1219.00 438.00
1219.00 438.00
1219.00 438.00
1219.00 438.00
1219.00 438.00
1219.00 438.00
1219.00 438.00
1219.00 438.00
1219.00 438.00
1219.00 438.00
1219.00 445.00
1219.00 445.00
1219.00 445.00
1218.99 446.00
1218.99 446.00
1218.90 447.00
1218.90 447.00
1218.62 448.00
1218.62 448.00
1218.24 449.00
1218.24 449.00
1218.04 450.00
1218.04 450.00
1218.00 451.00
1218.00 451.00
1218.00 451.00
1218.00 451.00
1218.00 451.00
1218.00 451.00
1218.00 454.00
1218.00 454.00
1217.99 455.00
1217.99 455.00
1217.99 455.00
1217.99 455.00
1217.99 455.00
1217.99 455.00
1217.90 458.00
1217.90 458.00
1217.60 459.00
1217.60 459.00
1217.60 459.00
1217.23 460.00
1217.23 460.00
1217.05 461.00
1217.05 461.00
1217.05 461.00
1217.01 462.00
1217.01 462.00
1216.99 463.00
1216.99 463.00
1216.99 464.00
1216.99 464.00
1216.99 464.00
1216.99 464.00
1216.92 466.00
1216.92 466.00
1216.63 467.00
1216.63 467.00
1216.26 468.00
1216.05 469.00
1216.05 469.00
1216.00 470.00
1216.00 470.00
1216.00 471.00
1216.00 471.00
1215.99 472.00
1215.99 472.00
1215.93 473.00
1215.93 473.00
1215.50 474.00
1215.50 474.00
1215.16 475.00
1215.16 475.00
1215.02 476.00
1215.02 476.00
1215.01 477.00
1215.01 477.00
1215.01 477.00
1215.01 477.00
1215.01 477.00
1215.01 479.00
1215.01 479.00
1215.00 480.00
1215.00 480.00
1214.98 481.00
1214.98 481.00
1214.98 482.00
1214.98 482.00
1214.98 482.00
1214.98 482.00
1214.98 482.00
1214.98 482.00
1214.93 485.00
1214.93 485.00
1214.65 486.00
1214.65 486.00
1214.14 487.00
1214.14 487.00
1214.02 488.00
1214.00 489.00
1214.00 489.00
1214.00 489.00
1214.00 489.00
1214.00 491.00
1214.00 491.00
1213.99 492.00
1213.99 492.00
1213.99 492.00
1213.99 492.00
1213.94 494.00
1213.94 494.00
1213.49 495.00
1213.49 495.00
1213.16 496.00
1213.16 496.00
1213.02 497.00
1213.01 498.00
1213.01 498.00
1213.00 499.00
1213.00 499.00
1212.99 500.00
1212.99 500.00
1212.99 500.00
1212.99 500.00
1212.99 500.00
1212.99 500.00
1212.95 503.00
1212.95 503.00
1212.52 504.00
1212.52 504.00
1212.18 505.00
1212.02 506.00
1212.02 506.00
1212.00 507.00
1212.00 507.00
1212.00 507.00
1212.00 507.00
1211.99 509.00
1211.99 509.00
1211.99 510.00
1211.99 510.00
1211.99 510.00
1211.99 510.00
1211.87 512.00
1211.87 512.00
1211.54 513.00
1211.54 513.00
1211.19 514.00
1211.03 515.00
1211.03 515.00
1211.00 516.00
1211.00 516.00
1211.00 517.00
1211.00 517.00
1211.00 517.00
1211.00 517.00
1211.00 517.00
1211.00 517.00
1210.99 520.00
1210.99 520.00
1210.99 521.00
1210.99 521.00
1210.99 521.00
1210.99 521.00
1210.86 523.00
1210.86 523.00
1210.53 524.00
1210.53 524.00
1210.19 525.00
1210.19 525.00
1210.19 525.00
1210.03 526.00
1210.03 526.00
1210.00 527.00
1210.00 528.00
1210.00 528.00
1210.00 528.00
1210.00 528.00
1210.00 530.00
1210.00 530.00
1209.99 531.00
1209.99 531.00
1209.88 532.00
1209.88 532.00
1209.57 533.00
1209.57 533.00
1209.21 534.00
1209.21 534.00
1209.03 535.00
1209.01 536.00
1209.01 536.00
1209.01 536.00
1209.01 536.00
1209.01 536.00
1209.01 536.00
1208.99 539.00
1208.99 539.00
1208.98 540.00
1208.98 540.00
1208.98 540.00
1208.98 540.00
1208.98 540.00
1208.98 540.00
1208.98 540.00
1208.98 540.00
1208.86 544.00
1208.52 545.00
1208.52 545.00
1208.18 546.00
1208.18 546.00
1208.03 547.00
1208.03 547.00
1208.00 548.00
1208.00 548.00
1208.00 548.00
1208.00 548.00
1207.99 550.00
1207.99 550.00
1207.99 551.00
1207.99 551.00
1207.99 551.00
1207.88 553.00
1207.88 553.00
1207.56 554.00
1207.56 554.00
1207.20 555.00
1207.20 555.00
1207.03 556.00
1207.03 556.00
1207.00 557.00
1207.00 557.00
1207.00 558.00
1207.00 558.00
1207.00 558.00
1207.00 558.00
1207.00 558.00
1207.00 558.00
1207.00 558.00
1207.00 558.00
1207.00 558.00
1207.00 558.00
1207.00 563.00
1207.00 563.00
1207.00 564.00
1207.00 564.00
1206.99 565.00
1206.99 565.00
1206.94 566.00
1206.94 566.00
1206.54 567.00
1206.54 567.00
1206.19 568.00
1206.19 568.00
1206.02 569.00
1206.02 569.00
1206.01 570.00
1206.01 570.00
1206.00 571.00
1206.00 571.00
1206.00 572.00
1206.00 572.00
1206.00 572.00
1206.00 572.00
1206.00 572.00
1206.00 575.00
1206.00 575.00
1206.00 576.00
1206.00 576.00
1205.95 577.00
1205.95 577.00
1205.53 578.00
1205.53 578.00
1205.18 579.00
1205.18 579.00
1205.02 580.00
1205.02 580.00
1205.00 581.00
1205.00 581.00
1205.00 581.00
1205.00 581.00
1205.00 581.00
1205.00 581.00
1204.99 584.00
1204.99 584.00
1204.99 585.00
1204.99 585.00
1204.99 585.00
1204.99 585.00
1204.99 585.00
1204.99 585.00
1204.99 585.00
1204.99 585.00
1204.99 585.00
1204.99 585.00
1204.99 585.00
1204.99 585.00
1204.99 585.00
1204.99 585.00
1204.99 586.00
1204.99 586.00
1205.00 593.00
1205.00 593.00
1205.00 593.00
1205.00 593.00
1204.99 595.00
1204.99 595.00
1204.90 596.00
1204.61 597.00
1204.61 597.00
1204.24 598.00
1204.24 598.00
1204.03 599.00
1204.03 599.00
1204.00 600.00
1204.00 600.00
1204.00 600.00
1204.00 600.00
1204.00 600.00
1204.00 600.00
1203.99 603.00
1203.99 603.00
1203.99 604.00
1203.99 604.00
1203.99 604.00
1203.90 606.00
1203.90 606.00
1203.60 607.00
1203.60 607.00
1203.23 608.00
1203.23 608.00
1203.04 609.00
1203.04 609.00
1203.00 610.00
1203.00 610.00
1202.99 611.00
1202.99 611.00
1202.93 612.00
1202.93 612.00
1202.66 613.00
1202.15 614.00
1202.15 614.00
1202.02 615.00
1202.02 615.00
1202.00 616.00
1202.00 616.00
1202.00 617.00
1202.00 617.00
1202.00 618.00
1202.00 618.00
1202.00 618.00
1202.00 618.00
1202.00 618.00
1202.00 618.00
1202.00 618.00
1202.00 618.00
1202.00 618.00
1202.00 618.00
1202.00 618.00
1202.00 618.00
1202.00 618.00
1202.00 618.00
1202.00 618.00
1202.00 625.00
1202.00 625.00
1201.99 626.00
1201.99 627.00
1201.99 627.00
1201.99 627.00
1201.99 627.00
1201.99 627.00
1201.99 627.00
1201.99 627.00
1201.99 627.00
1201.99 627.00
1201.87 631.00
1201.87 631.00
1201.55 632.00
1201.36 633.00
1201.36 633.00
1201.36 633.00
1201.19 633.00
1201.19 633.00
1201.08 634.00
1201.02 634.00
1200.99 636.00
1200.90 637.00
1200.90 637.00
1200.62 638.00
1200.62 638.00
1200.25 639.00
1200.25 639.00
1200.04 640.00
1200.04 640.00
1200.01 641.00
1200.01 641.00
1200.00 642.00
1200.00 642.00
1200.00 643.00
1200.00 643.00
1199.99 644.00
1199.99 644.00
1199.99 645.00
1199.99 645.00
1199.91 646.00
1199.91 646.00
1199.65 647.00
1199.65 647.00
1199.27 648.00
1199.04 649.00
1199.04 649.00
1199.00 650.00
1199.00 650.00
1199.00 650.00
1199.00 650.00
1199.00 650.00
1199.00 650.00
1198.99 653.00
1198.99 653.00
1198.98 654.00
1198.98 654.00
1198.98 654.00
1198.98 654.00
1198.92 656.00
1198.63 657.00
1198.63 657.00
1198.26 658.00
1198.26 658.00
1198.05 659.00
1198.05 659.00
1198.00 660.00
1198.00 660.00
1198.00 661.00
1198.00 661.00
1198.00 662.00
1198.00 662.00
1198.00 663.00
1198.00 663.00
1198.00 663.00
1198.00 663.00
1198.00 663.00
1198.00 663.00
1198.00 663.00
1198.00 663.00
1198.00 663.00
1197.99 668.00
1197.99 668.00
1197.90 669.00
1197.90 669.00
1197.62 670.00
1197.62 670.00
1197.24 671.00
1197.24 671.00
1197.04 672.00
1197.04 672.00
1197.00 673.00
1197.00 673.00
1197.00 673.00
1197.00 673.00
1197.00 673.00
1197.00 673.00
1197.00 676.00
1197.00 676.00
1196.99 677.00
1196.99 677.00
1196.99 677.00
1196.99 677.00
1196.99 677.00
1196.99 677.00
1196.90 680.00
1196.90 680.00
1196.60 681.00
1196.60 681.00
1196.23 682.00
1196.23 682.00
1196.04 683.00
1196.04 683.00
1196.00 684.00
1196.00 684.00
1196.00 685.00
1196.00 685.00
1195.99 686.00
1195.92 687.00
1195.92 687.00
1195.66 688.00
1195.66 688.00
1195.28 689.00
1195.28 689.00
1195.28 689.00
1195.14 689.00
1195.14 689.00
1195.05 690.00
1194.96 691.00
1194.88 691.00
1194.88 691.00
1194.75 692.00
1194.75 692.00
1194.75 692.00
1194.75 692.00
1194.88 691.00
1194.88 691.00
1194.96 691.00
1194.96 691.00
1194.96 691.00
1194.75 692.00
1194.75 692.00
1194.38 693.00
1194.38 693.00
1194.08 694.00
1194.08 694.00
1194.02 696.00
1194.02 696.00
1194.02 696.00
1194.02 697.00
1194.02 697.00
1194.00 700.00
1194.00 700.00
1194.00 700.00
1194.00 700.00
1193.96 701.00
1193.88 701.00
1193.88 701.00
1193.74 702.00
1193.74 702.00
1193.55 702.00
1193.36 703.00
1193.36 703.00
1193.09 704.00
1193.01 705.00
1193.01 705.00
1193.00 706.00
1193.00 706.00
1193.00 710.00
1193.00 710.00
1193.00 713.00
1192.94 714.00
1192.86 715.00
1192.86 715.00
1192.86 715.00
1192.72 715.00
1192.86 715.00
1192.86 715.00
1192.94 714.00
1193.00 712.00
1193.00 713.00
1193.00 713.00
1192.98 714.00
1192.98 714.00
1192.98 714.00
1192.86 715.00
1192.86 715.00
1192.34 716.00
1192.34 716.00
1192.08 717.00
1192.08 717.00
1192.01 719.00
1192.01 719.00
1192.01 719.00
1192.01 719.00
1192.00 720.00
1192.00 720.00
1192.00 724.00
1192.00 724.00
1192.00 724.00
1192.00 724.00
1192.00 724.00
1192.00 724.00
1192.00 724.00
1192.00 724.00
1192.00 725.00
1192.00 725.00
1192.00 726.00
1192.00 726.00
1191.98 727.00
1191.98 727.00
1191.84 728.00
1191.84 728.00
1191.50 729.00
1191.50 729.00
1191.07 730.00
1191.01 731.00
1191.01 731.00
1191.00 732.00
1191.00 732.00
1191.00 738.00
1191.00 738.00
1191.00 738.00
1191.00 738.00
1191.00 738.00
1191.00 738.00
1191.00 738.00
1191.00 738.00
1191.00 738.00
1191.00 738.00
1191.00 738.00
1191.00 738.00
1191.00 739.00
1191.00 739.00
1191.00 744.00
1191.00 744.00
1191.00 744.00
1191.00 744.00
1191.00 744.00
1191.00 744.00
1191.00 744.00
1191.00 744.00
1191.00 744.00
1191.00 744.00
1191.00 745.00
1191.00 746.00
1191.00 746.00
1191.00 747.00
1191.00 747.00
1190.98 748.00
1190.98 748.00
1190.86 749.00
1190.86 749.00
1190.36 750.00
1190.36 750.00
1190.08 751.00
1190.08 751.00
1190.01 753.00
1190.01 753.00
1190.01 753.00
1190.01 753.00
1190.00 758.00
1190.00 758.00
1190.00 758.00
1190.00 758.00
1190.00 758.00
1190.00 758.00
1190.00 758.00
1190.00 758.00
1190.00 758.00
1190.00 759.00
1190.00 759.00
1190.00 761.00
1189.92 763.00
1189.92 763.00
1189.82 764.00
1189.82 764.00
1189.82 764.00
1189.82 764.00
1189.82 764.00
1189.82 764.00
1189.82 764.00
1189.49 765.00
1189.49 765.00
1189.05 766.00
1189.05 766.00
1189.01 768.00
1189.01 768.00
1189.01 768.00
1189.01 768.00
1189.01 769.00
1189.01 773.00
1189.01 773.00
1189.01 773.00
1189.01 773.00
1189.01 773.00
1189.01 773.00
1189.01 773.00
1189.01 773.00
1188.99 775.00
1188.91 776.00
1188.91 776.00
1188.79 777.00
1188.79 777.00
1188.63 777.00
1188.63 777.00
1188.44 778.00
1188.44 778.00
1188.12 779.00
1188.12 779.00
1188.01 780.00
1188.01 780.00
1188.00 781.00
1188.00 781.00
1188.00 782.00
1188.00 785.00
1188.00 785.00
1188.00 785.00
1188.00 785.00
1188.00 785.00
1188.00 785.00
1188.00 785.00
1188.00 786.00
1188.00 787.00
1188.00 787.00
1188.00 788.00
1188.00 788.00
1188.00 788.00
1188.00 789.00
1188.00 789.00
1188.00 790.00
1188.00 790.00
1188.00 791.00
1188.00 791.00
1188.00 792.00
1188.00 792.00
1188.00 799.00
1188.00 799.00
1188.00 800.00
1188.00 800.00
1188.00 801.00
1188.00 801.00
1188.00 802.00
1188.00 802.00
1188.00 803.00
1188.00 803.00
1188.00 804.00
1188.00 804.00
1188.00 805.00
1188.00 805.00
1188.00 805.00
1188.00 805.00
1188.00 805.00
1188.00 805.00
1188.00 805.00
1188.00 805.00
1188.00 805.00
1188.00 805.00
1188.00 805.00
1188.00 805.00
1188.00 805.00
1188.00 812.00
1188.00 812.00
1187.99 813.00
1187.99 813.00
1187.90 814.00
1187.90 814.00
1187.61 815.00
1187.61 815.00
1187.25 816.00
1187.25 816.00
1187.05 817.00
1187.05 817.00
1187.00 818.00
1187.00 818.00
1187.00 819.00
1187.00 819.00
1186.93 820.00
1186.93 820.00
1186.67 821.00
1186.67 821.00
1186.15 822.00
1186.15 822.00
1186.02 823.00
1186.02 823.00
1186.00 824.00
1186.00 824.00
1186.00 824.00
1186.00 824.00
1186.00 824.00
1186.00 824.00
1186.00 824.00
1186.00 824.00
1186.00 824.00
1186.00 824.00
1186.00 824.00
1186.00 824.00
1186.00 824.00
1186.00 824.00
1186.00 825.00
1186.00 825.00
1186.00 827.00
1186.00 827.00
1186.00 827.00
1186.01 828.00
1186.01 828.00
1186.00 835.00
1186.00 835.00
1186.00 836.00
1186.00 836.00
1186.00 836.00
1186.00 836.00
1186.00 836.00
1186.00 836.00
1186.00 836.00
1186.00 836.00
1186.00 836.00
1186.00 836.00
1186.00 836.00
1186.00 836.00
1186.00 836.00
1186.00 836.00
1186.00 836.00
1186.00 837.00
1186.00 837.00
1186.02 838.00
1186.02 838.00
1186.00 845.00
1186.00 845.00
1185.93 846.00
1185.93 846.00
1185.68 847.00
1185.68 847.00
1185.15 848.00
1185.15 848.00
1184.92 849.00
1184.92 849.00
1184.61 850.00
1184.61 850.00
1184.23 851.00
1184.23 851.00
1183.98 852.00
1183.98 852.00
1183.53 853.00
1183.53 853.00
1183.34 854.00
1183.34 854.00
1183.18 854.00
1183.07 855.00
1183.02 855.00
1182.99 857.00
1182.99 857.00
1182.99 857.00
1182.89 858.00
1182.89 858.00
1182.62 859.00
1182.62 859.00
1182.26 860.00
1182.26 860.00
1182.04 861.00
1181.98 862.00
1181.98 862.00
1181.98 863.00
1181.98 863.00
1181.98 863.00
1181.98 863.00
1181.98 863.00
1181.99 865.00
1182.12 861.00
1182.26 860.00
1182.43 860.00
1182.43 860.00
1182.12 861.00
1182.12 861.00
1182.00 868.00
1182.00 868.00
1182.00 869.00
1182.00 869.00
1182.00 869.00
1182.00 870.00
1182.00 870.00
1182.00 871.00
1182.00 871.00
1182.01 872.00
1182.01 872.00
1182.01 873.00
1182.01 873.00
1182.01 873.00
1182.01 874.00
1182.01 874.00
1182.01 875.00
1182.01 875.00
1182.01 875.00
1182.01 875.00
1182.01 875.00
1182.01 875.00
1182.01 875.00
1182.01 875.00
1182.01 875.00
1182.01 875.00
1182.01 875.00
1182.01 875.00
1182.01 875.00
1182.01 875.00
1182.01 875.00
1182.01 875.00
1182.01 875.00
1182.01 875.00
1182.01 875.00
1182.01 875.00
1182.01 875.00
1182.01 876.00
1182.01 876.00
1182.01 876.00
1182.01 877.00
1182.01 877.00
1182.01 878.00
1182.01 879.00
1182.01 879.00
1182.01 880.00
1182.01 880.00
1182.01 880.00
1182.00 881.00
1182.00 881.00
1182.00 882.00
1182.00 882.00
1182.00 883.00
1182.00 883.00
1182.00 884.00
1182.00 884.00
1182.00 885.00
1182.01 892.00
1182.01 892.00
1182.02 893.00
1182.02 893.00
1182.02 893.00
1182.02 893.00
1182.02 893.00
1182.02 893.00
1182.02 893.00
1182.02 893.00
1182.02 893.00
1182.02 893.00
1182.02 893.00
1182.02 893.00
1182.02 893.00
1182.02 893.00
1182.02 893.00
1181.99 894.00
1181.99 894.00
1181.77 895.00
1181.77 895.00
1181.39 896.00
1181.39 896.00
1181.11 897.00
1181.11 897.00
1181.01 898.00
1181.01 898.00
1181.01 900.00
1181.01 900.00
1181.01 900.00
1181.01 900.00
1181.00 905.00
1181.00 905.00
1181.00 905.00
1181.00 905.00
1181.00 905.00
1181.00 905.00
1181.00 905.00
1181.00 905.00
1181.00 905.00
1181.00 905.00
1180.96 906.00
1180.96 906.00
1180.76 907.00
1180.76 907.00
1180.39 908.00
1180.39 908.00
1180.10 909.00
1180.10 909.00
1180.01 910.00
1180.01 910.00
1180.00 911.00
1180.00 912.00
1180.00 912.00
1179.97 913.00
1179.97 913.00
1179.80 914.00
1179.80 914.00
1179.43 915.00
1179.43 915.00
1179.12 916.00
1179.12 916.00
1179.01 917.00
1179.01 917.00
1179.00 918.00
1179.00 918.00
1179.00 919.00
1179.00 919.00
1179.00 920.00
1179.00 920.00
1179.00 927.00
1179.00 927.00
1179.00 928.00
1179.00 928.00
1179.00 929.00
1179.00 929.00
1179.00 930.00
1179.00 930.00
1179.00 931.00
1179.00 931.00
1179.00 932.00
1179.00 932.00
1179.00 932.00
1179.00 932.00
1179.00 932.00
1179.00 932.00
1179.00 932.00
1179.00 932.00
1179.00 932.00
1179.00 932.00
1179.00 932.00
1179.00 932.00
1179.00 932.00
1179.00 932.00
1179.00 933.00
1179.00 933.00
1179.00 934.00
1179.00 934.00
1179.00 935.00
1179.00 935.00
1179.01 942.00
1179.01 942.00
1179.01 943.00
1179.01 943.00
1179.01 943.00
1179.01 943.00
1179.01 943.00
1179.01 943.00
1179.01 943.00
1179.01 943.00
1179.01 943.00
1179.01 943.00
1179.01 943.00
1179.01 943.00
1179.01 943.00
1179.01 943.00
1179.00 944.00
1178.95 944.00
1178.86 945.00
1178.86 945.00
1178.75 951.00
1178.75 951.00
1178.57 951.00
1178.57 951.00
1178.57 951.00
1178.57 951.00
1178.57 951.00
1178.57 951.00
1178.75 951.00
1178.75 951.00
1178.75 951.00
1178.75 951.00
1178.89 952.00
1178.89 952.00
1178.99 954.00
1178.99 954.00
1178.99 954.00
1178.99 955.00
1178.99 955.00
1178.99 959.00
1178.99 959.00
1178.98 963.00
1178.98 963.00
1178.86 964.00
1178.86 964.00
1178.60 965.00
1178.60 965.00
1178.47 966.00
1178.47 966.00
1178.47 966.00
1178.26 968.00
1178.26 968.00
1178.05 969.00
1178.05 969.00
1178.00 970.00
1178.00 970.00
1178.00 971.00
1178.00 971.00
1178.00 971.00
1178.00 971.00
1178.00 971.00
1178.00 971.00
1178.00 974.00
1178.00 974.00
1177.99 975.00
1177.99 975.00
1177.99 976.00
1177.91 977.00
1177.91 977.00
1177.63 978.00
1177.63 978.00
1177.26 979.00
1177.26 979.00
1177.04 980.00
1177.04 980.00
1176.99 981.00
1176.99 981.00
1176.99 981.00
1176.99 981.00
1176.99 981.00
1176.99 981.00
1176.99 981.00
1176.99 981.00
1176.99 981.00
1176.99 981.00
1177.04 980.00
1177.12 980.00
1177.12 980.00
1177.12 980.00
1177.01 983.00
1177.01 983.00
1177.01 983.00
1177.01 983.00
1177.01 983.00
1177.01 983.00
1177.01 983.00
1177.01 984.00
1177.01 984.00
1177.00 985.00
1177.00 985.00
1177.00 986.00
1177.00 986.00
1176.99 988.00
1176.99 988.00
1176.99 988.00
1176.99 988.00
1176.99 988.00
1176.96 989.00
1176.96 989.00
1176.78 990.00
1176.78 990.00
1176.41 991.00
1176.41 991.00
1176.11 992.00
1176.11 992.00
1176.01 993.00
1176.01 993.00
1176.01 994.00
1176.01 994.00
1176.00 998.00
1176.00 998.00
1176.00 998.00
1176.00 998.00
1176.00 998.00
1176.00 998.00
1176.00 998.00
1176.00 999.00
1176.00 999.00
1176.00 1000.00
1176.00 1000.00
1175.96 1001.00
1175.96 1001.00
1175.77 1002.00
1175.77 1002.00
1175.40 1003.00
1175.40 1003.00
1175.10 1004.00
1175.10 1004.00
1175.01 1005.00
1175.01 1005.00
1175.01 1005.00
1175.00 1006.00
1175.00 1006.00
1174.99 1013.00
1174.99 1013.00
1174.99 1013.00
1174.99 1013.00
1174.99 1013.00
1174.99 1013.00
1174.99 1013.00
1174.99 1013.00
1174.99 1013.00
1174.99 1013.00
1174.99 1013.00
1174.99 1013.00
1174.99 1013.00
1174.97 1014.00
1174.97 1014.00
1174.82 1015.00
1174.82 1015.00
1174.47 1016.00
1174.47 1016.00
1174.47 1016.00
1174.06 1017.00
1174.06 1017.00
1174.01 1018.00
1174.01 1018.00
1174.00 1019.00
1174.00 1019.00
1174.00 1026.00
1174.00 1026.00
1174.00 1027.00
1174.00 1027.00
1174.00 1027.00
1174.00 1027.00
1174.00 1027.00
1174.00 1027.00
1174.00 1027.00
1174.00 1027.00
1174.00 1027.00
1174.00 1027.00
1174.00 1027.00
1174.00 1027.00
1174.00 1027.00
1174.00 1028.00
1174.00 1028.00
1174.00 1029.00
1173.99 1030.00
1173.88 1031.00
1173.88 1031.00
1173.75 1032.00
1173.75 1032.00
1173.57 1032.00
1173.52 1036.00
1173.52 1036.00
1173.44 1035.00
1173.39 1037.00
1173.39 1037.00
1173.39 1037.00
1173.39 1037.00
1173.39 1037.00
1173.39 1037.00
1173.39 1037.00
1173.13 1038.00
1173.13 1038.00
1173.01 1039.00
1173.01 1039.00
1173.00 1041.00
1173.00 1041.00
1173.00 1041.00
1173.00 1041.00
1173.00 1042.00
1173.00 1042.00
1173.00 1043.00
1173.00 1048.00
1173.00 1048.00
1173.00 1048.00
1173.00 1048.00
1173.00 1048.00
1173.00 1048.00
1173.00 1048.00
1173.00 1048.00
1173.00 1048.00
1173.00 1048.00
1173.00 1048.00
1173.00 1049.00
1173.00 1049.00
1173.00 1050.00
1173.00 1050.00
1173.00 1051.00
1173.00 1051.00
1173.00 1052.00
1173.00 1052.00
1173.00 1053.00
1173.00 1053.00
1173.00 1054.00
1173.00 1055.00
1173.00 1055.00
1173.00 1056.00
1173.00 1056.00
1173.00 1063.00
1173.00 1063.00
1173.00 1064.00
1173.00 1064.00
1173.00 1064.00
1173.00 1065.00
1173.00 1065.00
1173.00 1066.00
1173.00 1066.00
1173.00 1067.00
1173.00 1067.00
1173.00 1068.00
1173.00 1068.00
1173.00 1068.00
1173.00 1068.00
1172.99 1070.00
1172.99 1070.00
1172.92 1071.00
1172.92 1071.00
1172.65 1072.00
1172.65 1072.00
1172.27 1073.00
1172.04 1074.00
1172.04 1074.00
1172.01 1075.00
1172.04 1074.00
1172.04 1074.00
1172.13 1074.00
1172.13 1074.00
1172.13 1074.00
1172.13 1074.00
1172.13 1074.00
1172.04 1074.00
1172.00 1078.00
1171.99 1080.00
1171.99 1080.00
1171.92 1081.00
1171.92 1081.00
1171.65 1082.00
1171.65 1082.00
1171.46 1083.00
1171.46 1083.00
1171.46 1083.00
1171.28 1083.00
1171.28 1083.00
1171.28 1083.00
1171.13 1084.00
1171.13 1084.00
1171.13 1084.00
1171.13 1084.00
1171.13 1084.00
1171.13 1084.00
1171.28 1083.00
1171.28 1083.00
1171.13 1084.00
1171.13 1084.00
1171.01 1087.00
1171.01 1087.00
1171.01 1087.00
1171.01 1087.00
1170.97 1091.00
1170.92 1091.00
1170.82 1092.00
1170.82 1092.00
1170.67 1092.00
1170.67 1092.00
1170.67 1092.00
1170.49 1093.00
1170.49 1093.00
1170.49 1093.00
1170.49 1093.00
1170.49 1093.00
1170.49 1093.00
1170.04 1094.00
1170.04 1094.00
1170.02 1097.00
1170.02 1097.00
1170.02 1097.00
1170.02 1097.00
1170.02 1097.00
1170.02 1097.00
1170.02 1098.00
1170.02 1098.00
1170.01 1099.00
1170.01 1099.00
1170.00 1106.00
1170.00 1106.00
1170.01 1107.00
1170.01 1107.00
1170.01 1108.00
1170.01 1108.00
1170.01 1109.00
1170.01 1109.00
1170.01 1110.00
1170.01 1110.00
1170.01 1110.00
1170.01 1110.00
1170.01 1110.00
1170.00 1112.00
1169.99 1113.00
1169.99 1113.00
1169.98 1114.00
1169.98 1114.00
1169.98 1115.00
1169.98 1115.00
1169.98 1115.00
1169.98 1115.00
1169.98 1115.00
1169.98 1115.00
1169.90 1118.00
1169.90 1118.00
1169.77 1119.00
1169.77 1119.00
1169.77 1119.00
1169.59 1119.00
1169.59 1119.00
1169.59 1119.00
1169.40 1120.00
1169.40 1120.00
1169.40 1120.00
1169.23 1120.00
1169.23 1120.00
1169.23 1120.00
1169.23 1120.00
1169.40 1120.00
1169.40 1120.00
1169.40 1120.00
1169.11 1121.00
1169.11 1121.00
1169.01 1122.00
1169.01 1122.00
1169.01 1124.00
1169.01 1130.00
1169.01 1130.00
1169.01 1131.00
1169.01 1131.00
1169.01 1131.00
1169.01 1131.00
1169.01 1131.00
1169.01 1131.00
1169.01 1131.00
1169.01 1131.00
1169.01 1131.00
1169.01 1131.00
1169.01 1131.00
1169.01 1136.00
1169.01 1136.00
1168.94 1137.00
1168.94 1137.00
1168.82 1138.00
1168.82 1138.00
1168.82 1138.00
1168.82 1138.00
1168.82 1138.00
1168.82 1138.00
1168.94 1137.00
1168.94 1137.00
1168.94 1137.00
1168.94 1137.00
1168.94 1137.00
1168.82 1138.00
1168.82 1138.00
1168.47 1139.00
1168.47 1139.00
1168.47 1139.00
1168.06 1140.00
1168.06 1140.00
1168.00 1142.00
1168.00 1142.00
1168.00 1142.00
1168.00 1142.00
1168.00 1143.00
1168.00 1144.00
1168.00 1144.00
1168.00 1151.00
1168.00 1151.00
1168.00 1151.00
1168.00 1151.00
1168.00 1151.00
1168.00 1151.00
1168.00 1151.00
1168.00 1151.00
1168.00 1151.00
1168.00 1151.00
1168.00 1151.00
1168.00 1151.00
1168.00 1151.00
1168.00 1151.00
1168.00 1152.00
1168.00 1152.00
1168.00 1153.00
1168.00 1153.00
1167.99 1154.00
1167.99 1154.00
1167.95 1155.00
1167.95 1155.00
1167.90 1161.00
1167.90 1161.00
1167.87 1161.00
1167.87 1161.00
1167.87 1161.00
1167.90 1161.00
1167.90 1161.00
1167.90 1161.00
1167.90 1161.00
1167.90 1161.00
1167.90 1161.00
1167.90 1161.00
1167.77 1162.00
1167.77 1162.00
1167.41 1163.00
1167.41 1163.00
1167.11 1164.00
1167.11 1164.00
1167.01 1165.00
1167.01 1172.00
1167.01 1172.00
1167.11 1173.00
1167.11 1173.00
1167.11 1173.00
1167.11 1173.00
1167.04 1173.00
1167.00 1169.00
1167.00 1172.00
1167.00 1172.00
1167.00 1172.00
1167.00 1172.00
1167.00 1172.00
1167.00 1172.00
1167.04 1173.00
1167.04 1173.00
1167.24 1174.00
1167.24 1174.00
1167.60 1175.00
1167.60 1175.00
1167.90 1176.00
1167.90 1176.00
1167.90 1176.00
1167.89 1183.00
1167.89 1183.00
1167.60 1184.00
1167.60 1184.00
1167.77 1184.00
1167.77 1184.00
1167.60 1184.00
1167.60 1184.00
1167.60 1184.00
1167.60 1184.00
1167.41 1185.00
1167.41 1185.00
1167.41 1185.00
1167.60 1184.00
1167.60 1184.00
1167.60 1184.00
1167.41 1185.00
1167.41 1185.00
1167.10 1186.00
1167.10 1186.00
1167.01 1188.00
1167.01 1188.00
1167.01 1188.00
1167.01 1188.00
1167.01 1189.00
1167.01 1189.00
1167.01 1196.00
1167.01 1196.00
1167.01 1196.00
1167.01 1196.00
1167.01 1196.00
1167.01 1196.00
1167.01 1196.00
1167.01 1196.00
1167.01 1196.00
1167.01 1196.00
1167.01 1196.00
1167.01 1196.00
1167.01 1196.00
1166.99 1200.00
1166.92 1203.00
1166.92 1203.00
1166.81 1204.00
1166.65 1204.00
1166.65 1204.00
1166.65 1204.00
1166.65 1204.00
1166.65 1204.00
1166.65 1204.00
1166.65 1204.00
1166.81 1204.00
1166.81 1204.00
1166.81 1204.00
1166.81 1204.00
1166.65 1204.00
1166.65 1204.00
1166.47 1205.00
1166.13 1206.00
1166.13 1206.00
1166.02 1209.00
1166.02 1209.00
1166.02 1209.00
1166.02 1209.00
1166.02 1209.00
1166.02 1209.00
1166.02 1210.00
1166.02 1210.00
1166.01 1217.00
1166.01 1217.00
1166.01 1218.00
1166.01 1218.00
1166.01 1218.00
1166.01 1218.00
1166.01 1218.00
1166.01 1218.00
1166.01 1218.00
1166.01 1218.00
1165.98 1222.00
1165.98 1222.00
1165.98 1222.00
1165.98 1222.00
1165.94 1224.00
1165.94 1224.00
1165.98 1222.00
1166.01 1219.00
1166.00 1223.00
1166.00 1223.00
1166.00 1223.00
1165.94 1224.00
1165.94 1224.00
1165.83 1225.00
1165.83 1225.00
1165.67 1225.00
1165.67 1225.00
1165.67 1225.00
1165.67 1225.00
1165.67 1225.00
1165.48 1226.00
1165.48 1226.00
1165.06 1227.00
1165.06 1227.00
1165.01 1228.00
1165.01 1228.00
1165.00 1229.00
1165.00 1229.00
1165.00 1236.00
1165.00 1236.00
1165.00 1237.00
1165.00 1237.00
1165.00 1238.00
1165.00 1238.00
1165.00 1238.00
1165.00 1238.00
1165.00 1238.00
1165.00 1238.00
1165.00 1238.00
1165.00 1238.00
1165.00 1238.00
1165.00 1238.00
1165.00 1238.00
1165.00 1238.00
1165.00 1238.00
1165.00 1238.00
1165.00 1239.00
1165.00 1239.00
1165.00 1240.00
1165.00 1240.00
1165.00 1241.00
1165.00 1241.00
1165.00 1242.00
1165.00 1242.00
1165.00 1243.00
1165.00 1243.00
1165.00 1250.00
1165.00 1250.00
1165.00 1251.00
1165.00 1251.00
1165.00 1252.00
1165.00 1252.00
1165.00 1253.00
1165.00 1253.00
1165.00 1254.00
1165.00 1254.00
1165.00 1254.00
1165.00 1254.00
1165.00 1254.00
1165.00 1254.00
1165.00 1254.00
1165.00 1257.00
1164.94 1258.00
1164.94 1258.00
1164.72 1259.00
1164.72 1259.00
1164.72 1259.00
1164.54 1259.00
1164.54 1259.00
1164.54 1259.00
1164.35 1260.00
1164.35 1260.00
1164.35 1260.00
1164.35 1260.00
1164.35 1260.00
1164.35 1260.00
1164.54 1259.00
1164.35 1260.00
1164.35 1260.00
1164.08 1261.00
1164.08 1261.00
1164.01 1262.00
1164.01 1262.00
1164.00 1263.00
1164.00 1263.00
1164.00 1264.00
1164.00 1264.00
1164.00 1269.00
1164.00 1271.00
1164.00 1271.00
1164.00 1271.00
1164.00 1271.00
1164.00 1271.00
1164.00 1271.00
1164.00 1271.00
1164.00 1271.00
1164.00 1271.00
1164.00 1271.00
1164.00 1271.00
1164.00 1271.00
1164.00 1271.00
1164.00 1272.00
1164.00 1272.00
1164.00 1273.00
1164.00 1273.00
1164.00 1274.00
1164.00 1274.00
1164.00 1275.00
1164.00 1275.00
1164.00 1276.00
1164.00 1276.00
1164.00 1277.00
1164.00 1277.00
1164.00 1277.00
1164.00 1278.00
1164.00 1278.00
1164.00 1279.00
1164.00 1286.00
1164.00 1286.00
1164.00 1287.00
1164.00 1287.00
1164.00 1288.00
1164.00 1288.00
1164.00 1289.00
1164.00 1289.00
1164.00 1289.00
1164.00 1290.00
1164.00 1290.00
1164.00 1291.00
1164.00 1291.00
1164.00 1292.00
1164.00 1293.00
1164.00 1293.00
1164.00 1294.00
1164.00 1294.00
1164.00 1295.00
1164.00 1295.00
1164.00 1296.00
1164.00 1296.00
1164.00 1297.00
1164.00 1297.00
1164.00 1297.00
1164.00 1297.00
1164.00 1297.00
1164.00 1297.00
1164.00 1297.00
1164.00 1297.00
1164.00 1297.00
1164.00 1297.00
1164.00 1297.00
1164.00 1297.00
1164.00 1297.00
1164.00 1297.00
1164.00 1298.00
1164.00 1298.00
1164.00 1299.00
1164.00 1299.00
1164.00 1300.00
1164.00 1300.00
1164.00 1301.00
1164.00 1301.00
1164.00 1302.00
1164.00 1302.00
1164.00 1303.00
1164.00 1303.00
1164.00 1310.00
1164.00 1310.00
1164.00 1311.00
1164.00 1311.00
1164.00 1311.00
1163.99 1312.00
1163.99 1312.00
1163.99 1312.00
1163.92 1313.00
1163.92 1313.00
1163.92 1313.00
1163.92 1313.00
1163.92 1313.00
1163.92 1313.00
1163.92 1313.00
1163.92 1313.00
1163.82 1314.00
1163.82 1314.00
1163.67 1314.00
1163.67 1314.00
1163.48 1315.00
1163.48 1315.00
1163.48 1315.00
1163.29 1315.00
1163.29 1315.00
1163.29 1315.00
1163.14 1315.00
1163.05 1316.00
1163.05 1316.00
1163.00 1320.00
1162.99 1321.00
1162.99 1321.00
1162.99 1321.00
1162.99 1321.00
1162.99 1321.00
1162.99 1321.00
1162.99 1321.00
1162.99 1321.00
1162.99 1321.00
1162.99 1322.00
1162.99 1322.00
1162.99 1323.00
1163.00 1324.00
1163.00 1324.00
1163.00 1331.00
1163.00 1331.00
1163.00 1332.00
1163.00 1332.00
1163.00 1333.00
1163.00 1333.00
1163.00 1334.00
1163.00 1334.00
1163.00 1335.00
1163.00 1335.00
1163.00 1335.00
1163.00 1335.00
1163.00 1335.00
1163.00 1335.00
1163.00 1335.00
1163.00 1335.00
1163.00 1335.00
1163.00 1335.00
1163.00 1335.00
1163.00 1335.00
1163.00 1335.00
1163.00 1340.00
1163.00 1340.00
1163.00 1341.00
1163.00 1341.00
1163.00 1342.00
1163.00 1342.00
1163.00 1342.00
1163.00 1342.00
1163.00 1342.00
1163.00 1342.00
1163.00 1342.00
1163.00 1342.00
1163.00 1342.00
1163.00 1342.00
1163.00 1342.00
1163.00 1342.00
1163.00 1342.00
1163.00 1342.00
1163.00 1342.00
1163.00 1343.00
1163.00 1343.00
1163.00 1344.00
1163.00 1351.00
1163.00 1351.00
1163.01 1352.00
1163.01 1352.00
1163.01 1353.00
1163.01 1353.00
1163.01 1353.00
1163.01 1353.00
1163.01 1353.00
1163.01 1353.00
1163.01 1353.00
1163.01 1353.00
1163.01 1353.00
1163.01 1353.00
1163.01 1353.00
1163.01 1353.00
1163.01 1353.00
1163.01 1353.00
1163.01 1353.00
1163.01 1354.00
1163.01 1354.00
1163.00 1357.00
1163.00 1357.00
1163.00 1357.00
1163.00 1357.00
1163.00 1357.00
1163.00 1358.00
1163.00 1358.00
1162.95 1365.00
1162.95 1365.00
1163.00 1366.00
1163.00 1366.00
1162.95 1365.00
1162.87 1365.00
1162.87 1365.00
1162.73 1364.00
1162.73 1364.00
1162.55 1364.00
1162.55 1364.00
1162.55 1364.00
1162.87 1365.00
1162.87 1365.00
1162.98 1366.00
1163.00 1367.00
1163.00 1367.00
1163.00 1368.00
1163.00 1368.00
1163.00 1368.00
1163.00 1375.00
1163.00 1375.00
1163.00 1376.00
1163.00 1376.00
1163.00 1377.00
1163.00 1377.00
1163.00 1377.00
1163.00 1377.00
1163.00 1377.00
1163.00 1377.00
1163.00 1377.00
1163.00 1377.00
1163.00 1377.00
1163.00 1377.00
1163.00 1377.00
1163.00 1377.00
1163.00 1383.00
1163.00 1383.00
1162.99 1384.00
1162.99 1384.00
1162.92 1385.00
1162.65 1386.00
1162.65 1386.00
1162.14 1387.00
1162.14 1387.00
1162.02 1388.00
1162.02 1388.00
1162.01 1389.00
1162.01 1389.00
1162.02 1388.00
1162.05 1388.00
1162.05 1388.00
1162.05 1388.00
1162.05 1388.00
1162.05 1388.00
1162.14 1387.00
1162.14 1387.00
1162.14 1387.00
1162.05 1388.00
1162.05 1388.00
1162.01 1389.00
1162.01 1389.00
1162.01 1390.00
1162.01 1390.00
1162.01 1391.00
1162.01 1391.00
1162.00 1398.00
1162.00 1398.00
1162.01 1399.00
1162.01 1399.00
1162.01 1400.00
1162.01 1400.00
1162.01 1400.00
1162.01 1400.00
1162.01 1400.00
1162.01 1400.00
1162.01 1400.00
1162.01 1400.00
1162.01 1400.00
1162.01 1400.00
1162.01 1400.00
1162.01 1400.00
1162.01 1400.00
1162.01 1400.00
1162.01 1401.00
1162.01 1401.00
1162.01 1406.00
1162.01 1406.00
1162.01 1406.00
1162.01 1406.00
1162.01 1406.00
1162.01 1406.00
1162.01 1406.00
1162.01 1406.00
1162.01 1406.00
1162.01 1406.00
1162.01 1406.00
1161.99 1407.00
1161.99 1407.00
1161.83 1408.00
1161.83 1408.00
1161.47 1409.00
1161.47 1409.00
1161.06 1410.00
1161.01 1411.00
1161.01 1411.00
1161.00 1412.00
1161.00 1412.00
1161.00 1413.00
1161.00 1413.00
1161.00 1414.00
1161.00 1414.00
1161.00 1414.00
1160.98 1415.00
1160.98 1415.00
1160.86 1416.00
1160.86 1416.00
1160.35 1417.00
1160.07 1418.00
1160.07 1418.00
1160.00 1419.00
1160.00 1419.00
1159.98 1420.00
1159.98 1420.00
1159.77 1421.00
1159.77 1421.00
1159.40 1422.00
1159.40 1422.00
1159.11 1423.00
1159.11 1423.00
1159.01 1424.00
1159.01 1424.00
1159.01 1425.00
1159.01 1425.00
1159.00 1426.00
1159.00 1426.00
1159.01 1433.00
1159.01 1433.00
1159.01 1434.00
1159.01 1434.00
1159.01 1435.00
1159.01 1435.00
1159.01 1436.00
1159.01 1436.00
1159.01 1436.00
1159.01 1436.00
1159.01 1436.00
1159.01 1436.00
1159.01 1436.00
1159.01 1436.00
1159.01 1436.00
1159.08 1441.00
1159.08 1441.00
1159.37 1442.00
1159.37 1442.00
1159.74 1443.00
1159.74 1443.00
1159.95 1444.00
1159.95 1444.00
1160.00 1445.00
1160.00 1445.00
1160.00 1446.00
1160.00 1446.00
1160.06 1447.00
1160.06 1447.00
1160.48 1448.00
1160.48 1448.00
1160.48 1448.00
1160.48 1448.00
1160.48 1448.00
1160.48 1448.00
1160.67 1449.00
1160.67 1449.00
1160.48 1448.00
1160.48 1448.00
1160.48 1448.00
1160.48 1448.00
1160.29 1448.00
1160.29 1448.00
1160.67 1449.00
1160.67 1449.00
1160.93 1450.00
1160.93 1450.00
1160.99 1451.00
1160.99 1451.00
1161.00 1452.00
1161.00 1452.00
1161.00 1456.00
1161.00 1456.00
1161.00 1456.00
1161.00 1456.00
1161.00 1456.00
1161.00 1456.00
1161.00 1462.00
1161.00 1462.00
1161.00 1462.00
1161.00 1462.00
1161.00 1462.00
1161.00 1462.00
1161.00 1462.00
1161.00 1462.00
1161.00 1462.00
1161.00 1462.00
1161.00 1462.00
1161.00 1462.00
1161.00 1467.00
1161.00 1467.00
1160.98 1468.00
1160.98 1468.00
1160.86 1469.00
1160.60 1470.00
1160.60 1470.00
1160.47 1471.00
1160.47 1471.00
1160.47 1471.00
1160.47 1471.00
1160.26 1473.00
1160.26 1473.00
1160.04 1474.00
1160.04 1474.00
1160.00 1475.00
1160.00 1475.00
1160.00 1475.00
1160.00 1475.00
1160.00 1475.00
1160.00 1475.00
1160.00 1475.00
1160.00 1475.00
1160.00 1479.00
1160.00 1479.00
1159.99 1480.00
1159.99 1480.00
1159.99 1480.00
1159.99 1480.00
1159.99 1480.00
1159.99 1480.00
1159.99 1480.00
1159.99 1480.00
1160.01 1477.00
1160.01 1478.00
1160.01 1478.00
1160.01 1478.00
1160.01 1485.00
1160.01 1485.00
1160.01 1485.00
1160.01 1485.00
1160.01 1485.00
1160.01 1485.00
1160.01 1485.00
1160.01 1485.00
1160.01 1485.00
1160.01 1485.00
1160.01 1485.00
1160.01 1485.00
1160.01 1485.00
1160.01 1485.00
1160.01 1486.00
1160.01 1486.00
1160.01 1493.00
1160.01 1493.00
1160.01 1494.00
1160.01 1494.00
1160.01 1494.00
1160.01 1494.00
1160.01 1494.00
1160.01 1494.00
1160.01 1494.00
1160.10 1497.00
1160.10 1497.00
1160.40 1498.00
1160.40 1498.00
1160.76 1499.00
1160.76 1499.00
1160.90 1500.00
1160.90 1500.00
1160.90 1500.00
1160.90 1500.00
1160.90 1500.00
1160.90 1500.00
1160.90 1500.00
1160.90 1500.00
1160.90 1500.00
1160.90 1500.00
1160.90 1500.00
1160.90 1500.00
1160.90 1500.00
1160.90 1500.00
1160.84 1501.00
1160.84 1501.00
1160.35 1502.00
1160.35 1502.00
1160.06 1503.00
1160.06 1503.00
1160.02 1506.00
1160.02 1506.00
1160.02 1506.00
1160.02 1506.00
1160.02 1506.00
1160.02 1507.00
1160.02 1507.00
1160.00 1508.00
1160.00 1508.00
1160.00 1515.00
1160.00 1515.00
1160.00 1516.00
1160.00 1516.00
1160.00 1514.00
1159.99 1511.00
1160.00 1518.00
1160.00 1518.00
1160.00 1519.00
1160.00 1519.00
1160.00 1519.00
1160.00 1519.00
1160.00 1519.00
1160.00 1519.00
1160.00 1517.00
1160.00 1516.00
1160.00 1523.00
1160.00 1523.00
1160.00 1524.00
1160.00 1524.00
1160.00 1525.00
1160.00 1525.00
1160.00 1526.00
1160.00 1526.00
1160.00 1527.00
1160.00 1527.00
1160.00 1528.00
1160.00 1528.00
1160.00 1529.00
1160.00 1529.00
1160.00 1529.00
1160.00 1529.00
1160.00 1529.00
1160.00 1529.00
1160.00 1529.00
1160.00 1529.00
1160.00 1529.00
1160.00 1529.00
1160.00 1529.00
1160.00 1529.00
1160.00 1529.00
1160.00 1529.00
1160.00 1530.00
1160.00 1530.00
1160.00 1531.00
1160.00 1531.00
1160.00 1532.00
1160.00 1532.00
1160.00 1533.00
1160.00 1533.00
1160.00 1534.00
1160.00 1534.00
1160.00 1535.00
1160.00 1535.00
1160.00 1538.00
1160.02 1539.00
1160.07 1539.00
1160.16 1540.00
1160.31 1540.00
1160.31 1540.00
1160.50 1541.00
1160.50 1541.00
1160.50 1541.00
1160.50 1541.00
1160.50 1541.00
1160.69 1541.00
1160.69 1541.00
1160.69 1541.00
1160.95 1542.00
1160.95 1542.00
1160.99 1544.00
1160.99 1544.00
1160.99 1544.00
1160.99 1545.00
1160.99 1545.00
1160.99 1546.00
1160.99 1546.00
1160.99 1546.00
1160.99 1553.00
1160.99 1553.00
1160.99 1554.00
1160.99 1554.00
1160.99 1554.00
1160.99 1554.00
1160.99 1554.00
1160.99 1554.00
1160.99 1554.00
1160.99 1554.00
1160.99 1554.00
1160.99 1554.00
1160.99 1554.00
1160.99 1554.00
1160.99 1554.00
1160.99 1554.00
1161.00 1555.00
1161.00 1555.00
1161.00 1556.00
1161.00 1556.00
1161.00 1563.00
1161.00 1563.00
1161.00 1564.00
1161.00 1564.00
1161.00 1565.00
1161.00 1565.00
1161.00 1565.00
1161.00 1565.00
1161.00 1565.00
1161.00 1565.00
1161.00 1565.00
1161.00 1565.00
1161.00 1565.00
1160.99 1570.00
1160.99 1570.00
1160.88 1571.00
1160.88 1571.00
1160.57 1572.00
1160.57 1572.00
1160.21 1573.00
1160.21 1573.00
1160.04 1574.00
1160.04 1574.00
1160.09 1574.00
1160.09 1574.00
1160.09 1574.00
1160.08 1576.00
1160.09 1574.00
1160.09 1574.00
1160.20 1577.00
1160.21 1573.00
1160.21 1573.00
1160.21 1573.00
1160.21 1573.00
1160.20 1577.00
1160.20 1577.00
1160.20 1577.00
1160.20 1577.00
1160.20 1577.00
1160.20 1577.00
1160.20 1577.00
1160.36 1577.00
1160.56 1578.00
1160.56 1578.00
1160.87 1579.00
1160.87 1579.00
1160.98 1580.00
1160.98 1580.00
1161.00 1584.00
1161.00 1584.00
1161.00 1584.00
1161.00 1584.00
1161.00 1584.00
1161.00 1584.00
1161.00 1584.00
1161.00 1584.00
1161.00 1585.00
1161.00 1585.00
1161.00 1586.00
1161.00 1586.00
1161.02 1593.00
1161.02 1593.00
1161.00 1594.00
1161.00 1594.00
1161.00 1594.00
1161.00 1594.00
1161.00 1594.00
1161.00 1594.00
1160.99 1597.00
1160.99 1597.00
1160.99 1598.00
1160.99 1598.00
1160.99 1598.00
1160.99 1598.00
1160.99 1598.00
1160.99 1598.00
1160.99 1598.00
1160.99 1598.00
1160.99 1598.00
1160.99 1598.00
1160.99 1598.00
1160.99 1598.00
1160.99 1598.00
1160.99 1598.00
1160.99 1598.00
1161.00 1599.00
1161.00 1599.00
1161.00 1602.00
1161.00 1602.00
1161.00 1602.00
1161.00 1602.00
1161.00 1602.00
1161.00 1602.00
1161.00 1602.00
1161.01 1603.00
1161.01 1603.00
1161.15 1604.00
1161.15 1604.00
1161.48 1609.00
1161.48 1609.00
1161.48 1609.00
1161.48 1609.00
1161.48 1609.00
1161.15 1613.00
1161.15 1613.00
1161.00 1614.00
1161.00 1614.00
1160.99 1615.00
1161.05 1614.00
1161.15 1613.00
1161.31 1613.00
1161.31 1613.00
1161.49 1613.00
1161.49 1613.00
1161.68 1612.00
1161.68 1612.00
1161.49 1613.00
1161.49 1613.00
1161.05 1614.00
1161.05 1614.00
1161.02 1617.00
1161.02 1617.00
1161.02 1617.00
1161.02 1617.00
1161.02 1617.00
1161.02 1617.00
1161.02 1617.00
1161.09 1624.00
1161.09 1624.00
1161.35 1625.00
1161.35 1625.00
1161.73 1626.00
1161.87 1627.00
1161.73 1626.00
1161.73 1626.00
1161.54 1626.00
1161.54 1626.00
1161.54 1626.00
1161.35 1625.00
1161.35 1625.00
1161.35 1625.00
1161.19 1625.00
1161.54 1626.00
1161.54 1626.00
1161.87 1627.00
1161.87 1627.00
1161.98 1629.00
1161.98 1629.00
1161.98 1629.00
1161.99 1630.00
1161.99 1630.00
1162.00 1637.00
1162.00 1637.00
1162.00 1638.00
1162.00 1638.00
1162.00 1638.00
1162.00 1638.00
1162.00 1638.00
1162.00 1638.00
1162.00 1638.00
1162.00 1638.00
1162.00 1638.00
1162.00 1638.00
1162.00 1638.00
1162.00 1638.00
1162.00 1638.00
1162.00 1638.00
1162.00 1639.00
1162.00 1639.00
1162.00 1639.00
1162.00 1640.00
1162.00 1640.00
1162.00 1641.00
1162.00 1648.00
1162.00 1648.00
1162.00 1649.00
1162.00 1649.00
1161.99 1650.00
1161.99 1650.00
1161.88 1651.00
1161.88 1651.00
1161.63 1652.00
1161.63 1652.00
1161.48 1653.00
1161.48 1653.00
1161.48 1653.00
1161.48 1653.00
1161.48 1653.00
1161.48 1653.00
1161.14 1656.00
1161.14 1656.00
1161.14 1656.00
1161.02 1657.00
1161.02 1657.00
1161.00 1658.00
1161.00 1658.00
1161.00 1659.00
1161.00 1659.00
1160.99 1660.00
1160.99 1660.00
1160.94 1661.00
1160.94 1661.00
1160.51 1662.00
1160.70 1662.00
1160.70 1662.00
1160.70 1662.00
1160.51 1662.00
1160.51 1662.00
1160.51 1662.00
1160.51 1662.00
1160.51 1662.00
1160.51 1662.00
1160.66 1665.00
1160.66 1665.00
1160.70 1662.00
1160.66 1665.00
1160.66 1665.00
1160.66 1665.00
1160.42 1664.00
1160.42 1664.00
1160.66 1665.00
1160.66 1665.00
1161.69 1666.00
1161.69 1666.00
1162.62 1667.00
1162.62 1667.00
1162.93 1668.00
1162.93 1668.00
1162.99 1671.00
1162.99 1671.00
1162.99 1671.00
1162.99 1671.00
1162.99 1671.00
1162.99 1671.00
1162.99 1672.00
1162.99 1672.00
1163.00 1679.00
1163.00 1679.00
1162.99 1680.00
1162.99 1680.00
1162.99 1681.00
1162.99 1681.00
1162.99 1681.00
1162.99 1681.00
1162.99 1681.00
1162.99 1681.00
1162.99 1681.00
1162.99 1681.00
1162.99 1681.00
1162.99 1681.00
1162.99 1681.00
1162.99 1681.00
1162.99 1681.00
1162.99 1681.00
1162.99 1681.00
1162.99 1682.00
1162.99 1682.00
1163.00 1683.00
1163.00 1683.00
1163.00 1684.00
1163.00 1684.00
1163.00 1685.00
1163.00 1685.00
1163.00 1686.00
1163.00 1686.00
1163.00 1687.00
1163.00 1687.00
1163.00 1694.00
1163.00 1694.00
1163.00 1694.00
1163.00 1695.00
1163.00 1695.00
1163.00 1696.00
1163.00 1696.00
1162.99 1697.00
1162.99 1697.00
1162.99 1698.00
1162.99 1698.00
1162.99 1699.00
1162.99 1699.00
1162.99 1699.00
1162.99 1699.00
1162.99 1699.00
1162.99 1699.00
1162.99 1699.00
1162.99 1699.00
1162.99 1699.00
1162.99 1699.00
1162.99 1699.00
1162.99 1699.00
1162.99 1699.00
1162.99 1699.00
1162.99 1699.00
1162.99 1699.00
1162.99 1700.00
1162.92 1707.00
1162.92 1707.00
1162.63 1708.00
1162.63 1708.00
1162.44 1709.00
1162.27 1709.00
1162.27 1709.00
1162.27 1709.00
1162.14 1709.00
1162.06 1710.00
1162.03 1710.00
1162.03 1710.00
1162.03 1710.00
1162.03 1710.00
1162.03 1710.00
1162.03 1710.00
1162.03 1710.00
1162.03 1710.00
1162.03 1710.00
1162.05 1711.00
1162.05 1711.00
1162.26 1712.00
1162.26 1712.00
1162.63 1713.00
1162.63 1713.00
1162.91 1714.00
1162.91 1714.00
1162.99 1715.00
1162.99 1715.00
1162.99 1716.00
1162.99 1716.00
1163.00 1717.00
1163.00 1717.00
1163.00 1718.00
1163.00 1718.00
1162.99 1725.00
1162.99 1725.00
1162.99 1725.00
1162.99 1726.00
1162.99 1726.00
1162.99 1727.00
1162.99 1727.00
1162.99 1727.00
1162.99 1727.00
1162.99 1727.00
1162.99 1727.00
1162.99 1727.00
1162.99 1727.00
1162.99 1727.00
1162.99 1727.00
1162.99 1727.00
1162.99 1727.00
1162.99 1727.00
1162.99 1727.00
1162.98 1734.00
1162.98 1734.00
1162.98 1734.00
1162.98 1734.00
1162.98 1734.00
1162.98 1734.00
1162.98 1734.00
1162.98 1734.00
1162.98 1734.00
1162.98 1734.00
1162.98 1734.00
1162.98 1734.00
1162.98 1734.00
1162.98 1734.00
1163.03 1735.00
1163.28 1736.00
1163.28 1736.00
1163.80 1737.00
1163.80 1737.00
346.14 616.00
346.14 616.00
346.02 617.00
346.02 617.00
346.00 618.00
346.00 618.00
346.00 618.00
345.01 630.00
345.00 631.00
343.03 662.00
343.03 662.00
343.00 663.00
343.00 663.00
342.99 664.00
342.99 664.00
342.90 665.00
342.90 665.00
342.63 666.00
342.63 666.00
342.26 667.00
342.26 667.00
342.04 668.00
342.04 668.00
341.99 669.00
341.99 669.00
341.99 669.00
341.99 669.00
341.99 669.00
341.99 669.00
341.99 669.00
341.99 669.00
341.99 669.00
341.99 669.00
341.99 669.00
341.99 669.00
341.99 669.00
341.99 670.00
341.99 670.00
341.99 677.00
341.99 677.00
341.18 686.00
341.18 686.00
341.02 687.00
341.02 687.00
341.00 688.00
341.00 688.00
341.00 689.00
340.53 697.00
340.53 697.00
340.18 698.00
340.18 698.00
340.02 699.00
340.02 699.00
340.00 700.00
340.00 700.00
340.00 700.00
340.00 700.00
340.00 700.00
340.00 700.00
340.00 700.00
340.00 700.00
340.00 700.00
340.00 700.00
340.00 700.00
340.00 706.00
340.00 706.00
339.99 707.00
339.99 707.00
339.98 708.00
339.98 708.00
339.63 715.00
339.63 715.00
339.28 716.00
339.28 716.00
339.04 717.00
339.04 717.00
338.98 718.00
338.98 718.00
338.98 718.00
338.98 718.00
338.98 718.00
338.98 718.00
338.98 718.00
338.98 718.00
338.98 718.00
338.98 718.00
338.98 718.00
338.61 729.00
338.61 729.00
338.25 730.00
338.25 730.00
338.04 731.00
338.04 731.00
338.00 732.00
338.00 732.00
338.00 733.00
338.00 733.00
338.00 734.00
338.00 734.00
337.99 735.00
337.99 735.00
337.92 736.00
337.92 736.00
337.66 737.00
337.66 737.00
337.15 738.00
337.15 738.00
337.02 739.00
337.02 739.00
337.00 740.00
337.00 740.00
337.00 741.00
337.00 741.00
337.00 742.00
337.00 742.00
337.00 743.00
337.00 743.00
337.00 743.00
337.00 743.00
337.00 743.00
337.00 743.00
337.00 743.00
337.00 743.00
337.00 743.00
337.00 743.00
337.00 743.00
337.00 743.00
337.00 743.00
336.99 750.00
336.99 750.00
336.99 751.00
336.99 751.00
336.99 751.00
336.99 751.00
336.99 751.00
336.99 751.00
336.89 754.00
336.89 754.00
336.58 755.00
336.58 755.00
336.22 756.00
336.22 756.00
336.04 757.00
336.04 757.00
336.00 758.00
336.00 758.00
336.00 758.00
336.00 758.00
336.00 758.00
336.00 758.00
336.00 761.00
336.00 761.00
336.00 762.00
336.00 762.00
336.00 763.00
336.00 763.00
336.00 764.00
336.00 764.00
336.00 764.00
336.00 764.00
336.00 764.00
336.00 764.00
336.00 764.00
336.00 764.00
336.00 764.00
336.00 764.00
336.00 764.00
336.00 764.00
336.00 764.00
336.00 764.00
335.94 771.00
335.94 771.00
335.53 772.00
335.53 772.00
335.18 773.00
335.18 773.00
335.02 774.00
335.02 774.00
335.00 775.00
335.00 775.00
334.99 776.00
334.99 776.00
334.89 777.00
334.89 777.00
334.62 778.00
334.62 778.00
334.26 779.00
334.26 779.00
334.02 780.00
333.97 781.00
333.97 781.00
333.97 781.00
333.97 781.00
333.97 781.00
333.97 781.00
333.97 781.00
333.97 781.00
333.97 781.00
333.97 781.00
333.97 781.00
333.97 781.00
333.97 781.00
333.97 781.00
333.97 781.00
333.97 782.00
333.98 789.00
333.98 789.00
333.98 789.00
333.98 789.00
333.98 789.00
333.98 789.00
333.98 789.00
333.98 789.00
333.87 793.00
333.87 793.00
333.54 794.00
333.54 794.00
333.19 795.00
333.19 795.00
333.03 796.00
333.03 796.00
333.00 797.00
333.00 797.00
333.00 797.00
333.00 797.00
333.00 799.00
333.00 799.00
333.00 800.00
333.00 800.00
333.00 800.00
333.00 800.00
333.00 800.00
333.00 800.00
333.00 800.00
333.00 800.00
333.00 800.00
333.00 800.00
333.00 805.00
333.00 805.00
332.94 806.00
332.94 806.00
332.53 807.00
332.53 807.00
332.18 808.00
332.18 808.00
332.02 809.00
332.02 809.00
331.99 810.00
331.99 810.00
331.91 811.00
331.91 811.00
331.64 812.00
331.64 812.00
331.28 813.00
331.28 813.00
331.04 814.00
331.04 814.00
331.04 814.00
331.04 814.00
331.04 814.00
330.98 815.00
330.96 816.00
330.96 816.00
330.96 816.00
330.96 816.00
330.96 816.00
330.96 816.00
330.96 816.00
330.96 816.00
330.96 816.00
330.96 816.00
330.96 816.00
330.96 816.00
330.98 817.00
330.98 817.00
331.00 824.00
331.00 824.00
330.99 825.00
330.99 825.00
330.99 826.00
330.99 826.00
330.99 827.00
330.99 827.00
330.99 827.00
330.99 827.00
330.99 827.00
330.99 827.00
330.99 827.00
330.99 827.00
330.99 827.00
330.99 827.00
330.99 827.00
330.99 827.00
330.99 827.00
330.99 828.00
330.99 828.00
330.99 829.00
330.99 829.00
330.99 830.00
330.99 830.00
331.00 837.00
331.00 837.00
330.99 838.00
330.99 838.00
330.98 839.00
330.98 839.00
330.98 839.00
330.98 839.00
330.98 839.00
330.88 842.00
330.88 842.00
330.57 843.00
330.57 843.00
330.22 844.00
330.22 844.00
330.02 845.00
330.02 845.00
329.99 846.00
329.99 846.00
329.99 846.00
329.99 846.00
329.99 846.00
329.99 846.00
329.99 849.00
329.99 849.00
329.99 849.00
329.99 849.00
329.99 849.00
329.99 849.00
329.99 849.00
329.99 849.00
329.98 853.00
329.98 853.00
329.98 854.00
329.98 854.00
329.98 854.00
329.98 854.00
329.98 854.00
329.98 854.00
329.95 857.00
329.95 857.00
329.50 858.00
329.50 858.00
329.18 859.00
329.18 859.00
329.02 860.00
329.02 860.00
328.99 861.00
328.99 861.00
328.99 861.00
328.99 861.00
328.99 861.00
328.99 861.00
328.99 861.00
328.99 861.00
328.99 861.00
328.99 861.00
328.99 866.00
328.99 866.00
328.98 867.00
328.98 867.00
328.98 868.00
328.98 868.00
328.98 868.00
328.98 868.00
328.95 870.00
328.95 870.00
328.50 871.00
328.50 871.00
328.17 872.00
328.17 872.00
328.02 873.00
328.02 873.00
328.00 874.00
328.00 874.00
328.00 874.00
328.00 874.00
328.00 874.00
328.00 874.00
328.00 877.00
328.00 877.00
328.00 878.00
328.00 878.00
328.00 878.00
328.00 878.00
328.00 878.00
327.95 880.00
327.95 880.00
327.55 881.00
327.37 882.00
327.37 882.00
327.20 882.00
327.20 882.00
327.20 882.00
327.09 883.00
327.09 883.00
327.09 883.00
327.09 883.00
327.09 883.00
327.09 883.00
327.09 883.00
327.09 883.00
327.09 883.00
327.09 883.00
327.02 883.00
326.99 886.00
326.98 884.00
326.98 885.00
326.98 885.00
326.99 886.00
326.99 886.00
327.00 887.00
327.00 887.00
327.00 888.00
327.00 888.00
327.00 895.00
327.00 895.00
327.00 896.00
327.00 896.00
326.99 897.00
326.99 897.00
326.98 898.00
326.98 898.00
326.98 899.00
326.98 900.00
326.98 900.00
326.98 900.00
326.98 900.00
326.98 900.00
326.98 900.00
326.98 900.00
326.98 900.00
326.98 900.00
326.98 900.00
326.98 900.00
326.98 900.00
326.98 900.00
326.98 900.00
326.98 900.00
326.94 907.00
326.94 907.00
326.50 908.00
326.18 909.00
326.18 909.00
326.03 910.00
326.03 910.00
326.03 910.00
326.00 911.00
326.00 911.00
326.00 912.00
326.00 912.00
326.00 913.00
326.00 913.00
325.99 914.00
325.99 914.00
325.99 914.00
325.99 914.00
325.99 914.00
325.99 914.00
325.99 914.00
325.99 918.00
325.99 918.00
325.99 919.00
325.99 919.00
325.99 919.00
325.99 919.00
325.94 921.00
325.94 921.00
325.51 922.00
325.51 922.00
325.17 923.00
325.17 923.00
325.02 924.00
325.02 924.00
325.01 925.00
325.01 925.00
325.01 926.00
325.01 926.00
325.00 927.00
325.00 927.00
324.99 928.00
324.99 928.00
324.99 928.00
324.99 928.00
324.99 928.00
324.99 928.00
324.99 928.00
324.99 928.00
324.99 928.00
324.99 928.00
324.99 928.00
324.99 928.00
324.99 928.00
324.99 928.00
324.99 929.00
324.99 929.00
325.00 930.00
325.00 930.00
325.00 931.00
325.00 931.00
325.00 938.00
325.00 938.00
325.00 939.00
325.00 939.00
325.00 940.00
325.00 940.00
325.00 940.00
325.00 940.00
324.99 942.00
324.99 942.00
324.88 943.00
324.88 943.00
324.58 944.00
324.58 944.00
324.22 945.00
324.22 945.00
324.03 946.00
324.03 946.00
324.00 947.00
324.00 947.00
324.00 947.00
324.00 947.00
324.00 947.00
324.00 947.00
324.00 947.00
324.00 947.00
324.00 947.00
324.00 947.00
324.00 947.00
324.00 947.00
324.00 947.00
324.00 953.00
324.00 953.00
324.00 953.00
324.00 953.00
324.00 953.00
324.00 953.00
324.00 953.00
324.00 953.00
324.00 953.00
324.00 953.00
324.00 953.00
324.00 953.00
324.00 953.00
324.00 953.00
324.00 954.00
324.00 954.00
324.00 955.00
324.00 955.00
324.00 962.00
324.00 962.00
323.99 963.00
323.99 963.00
323.92 964.00
323.92 964.00
323.65 965.00
323.65 965.00
323.14 966.00
323.14 966.00
323.01 967.00
323.01 967.00
323.00 968.00
323.00 968.00
323.00 969.00
323.00 969.00
323.00 969.00
323.00 969.00
323.00 969.00
323.00 969.00
323.00 969.00
323.00 969.00
323.00 973.00
323.00 973.00
323.00 973.00
323.00 973.00
323.00 973.00
323.00 973.00
323.00 973.00
323.00 973.00
323.00 973.00
323.00 973.00
322.99 978.00
322.99 978.00
322.90 979.00
322.90 979.00
322.61 980.00
322.61 980.00
322.24 981.00
322.24 981.00
322.04 982.00
322.04 982.00
322.00 983.00
322.00 983.00
322.00 983.00
322.00 983.00
322.00 983.00
322.00 983.00
322.00 983.00
322.00 983.00
322.00 983.00
322.00 983.00
322.00 983.00
322.00 983.00
322.00 983.00
322.00 983.00
321.99 990.00
321.99 990.00
321.99 991.00
321.99 991.00
321.99 992.00
321.99 992.00
321.99 992.00
321.99 992.00
321.99 992.00
321.99 992.00
321.99 992.00
321.99 992.00
321.99 992.00
321.99 992.00
321.95 997.00
321.95 997.00
321.52 998.00
321.52 998.00
321.18 999.00
321.18 999.00
321.18 999.00
321.08 1000.00
321.02 1000.00
321.00 1001.00
321.00 1001.00
321.00 1001.00
321.00 1003.00
321.00 1003.00
321.00 1004.00
321.00 1004.00
321.00 1004.00
321.00 1004.00
321.00 1004.00
321.00 1004.00
321.00 1004.00
321.00 1004.00
321.00 1004.00
321.00 1004.00
321.00 1009.00
321.00 1009.00
321.00 1010.00
321.00 1010.00
320.94 1011.00
320.94 1011.00
320.51 1012.00
320.32 1013.00
320.32 1013.00
320.32 1013.00
320.32 1013.00
320.17 1013.00
320.17 1013.00
320.17 1013.00
320.17 1013.00
320.17 1013.00
320.17 1013.00
320.17 1013.00
320.17 1013.00
320.17 1013.00
320.17 1013.00
320.07 1014.00
320.07 1014.00
320.00 1016.00
320.00 1019.00
320.00 1019.00
320.00 1019.00
320.00 1019.00
320.00 1019.00
320.00 1019.00
320.00 1019.00
320.00 1019.00
320.00 1019.00
320.00 1020.00
320.00 1020.00
320.00 1021.00
320.00 1021.00
320.00 1022.00
320.00 1022.00
320.00 1029.00
320.00 1029.00
320.00 1030.00
320.00 1030.00
320.00 1030.00
320.00 1030.00
319.99 1032.00
319.99 1032.00
319.88 1033.00
319.88 1033.00
319.57 1034.00
319.57 1034.00
319.57 1034.00
319.38 1035.00
319.38 1035.00
319.38 1035.00
319.38 1035.00
319.38 1035.00
319.21 1035.00
319.21 1035.00
319.38 1035.00
319.38 1035.00
319.38 1035.00
319.38 1035.00
319.21 1035.00
319.21 1035.00
319.21 1035.00
319.10 1036.00
319.10 1036.00
319.01 1037.00
319.01 1037.00
319.00 1038.00
319.00 1038.00
319.00 1040.00
319.00 1040.00
319.00 1040.00
319.00 1040.00
319.00 1040.00
318.97 1041.00
318.97 1041.00
318.78 1042.00
318.78 1042.00
318.42 1043.00
318.42 1043.00
318.12 1044.00
318.12 1044.00
318.01 1045.00
318.01 1045.00
318.00 1051.00
318.00 1051.00
318.00 1051.00
318.00 1051.00
318.00 1051.00
318.00 1051.00
318.00 1051.00
318.00 1051.00
318.00 1051.00
318.00 1051.00
318.00 1051.00
318.00 1051.00
318.00 1052.00
318.00 1052.00
318.00 1053.00
318.00 1053.00
318.00 1055.00
318.00 1055.00
318.00 1055.00
318.00 1055.00
318.00 1056.00
318.00 1056.00
317.95 1057.00
317.95 1057.00
317.75 1058.00
317.75 1058.00
317.38 1059.00
317.38 1059.00
317.09 1060.00
317.09 1060.00
317.01 1062.00
317.01 1062.00
317.01 1062.00
317.01 1068.00
317.01 1068.00
317.01 1068.00
317.01 1068.00
317.01 1068.00
317.01 1068.00
317.01 1068.00
317.01 1068.00
317.01 1068.00
317.01 1068.00
317.01 1068.00
317.01 1068.00
317.00 1069.00
317.00 1069.00
317.00 1070.00
317.00 1070.00
317.00 1073.00
317.00 1073.00
317.00 1073.00
317.00 1073.00
317.00 1073.00
317.00 1073.00
317.00 1073.00
316.98 1074.00
316.98 1074.00
316.84 1075.00
316.84 1075.00
316.31 1076.00
316.31 1076.00
316.07 1077.00
316.07 1077.00
316.01 1078.00
316.01 1078.00
316.00 1083.00
316.00 1083.00
316.00 1083.00
316.00 1083.00
316.00 1083.00
316.00 1083.00
316.00 1083.00
316.00 1083.00
316.00 1083.00
316.00 1083.00
316.01 1090.00
316.01 1090.00
316.01 1091.00
316.01 1092.00
316.01 1092.00
316.01 1092.00
316.01 1092.00
316.01 1092.00
316.01 1092.00
316.01 1092.00
316.01 1092.00
316.01 1092.00
316.01 1092.00
316.01 1092.00
316.01 1092.00
316.01 1092.00
316.01 1092.00
316.01 1097.00
316.01 1097.00
316.01 1097.00
316.01 1097.00
316.01 1097.00
316.01 1097.00
316.01 1097.00
316.01 1097.00
316.01 1097.00
316.01 1097.00
316.00 1098.00
316.00 1098.00
316.00 1098.00
315.86 1099.00
315.86 1099.00
315.34 1100.00
315.34 1100.00
315.08 1101.00
315.01 1102.00
315.01 1102.00
315.00 1103.00
315.00 1103.00
315.00 1109.00
315.00 1109.00
315.00 1109.00
315.00 1109.00
315.00 1109.00
315.00 1109.00
315.00 1109.00
315.00 1109.00
315.00 1109.00
315.00 1109.00
315.00 1109.00
315.00 1109.00
315.00 1110.00
315.00 1110.00
315.00 1111.00
315.00 1111.00
315.00 1118.00
315.00 1118.00
315.00 1119.00
315.00 1119.00
315.00 1120.00
315.00 1120.00
315.00 1120.00
315.00 1120.00
315.00 1120.00
315.00 1120.00
315.00 1120.00
315.00 1120.00
315.00 1120.00
315.00 1120.00
315.00 1120.00
315.00 1120.00
315.00 1126.00
315.00 1126.00
315.00 1126.00
315.00 1126.00
315.00 1126.00
315.00 1126.00
315.00 1126.00
315.00 1126.00
315.00 1126.00
315.00 1126.00
315.00 1126.00
315.00 1126.00
315.00 1126.00
315.00 1126.00
315.00 1126.00
315.00 1127.00
315.00 1127.00
315.00 1128.00
315.00 1128.00
315.00 1129.00
315.00 1129.00
314.98 1130.00
314.98 1130.00
314.82 1131.00
314.82 1131.00
314.48 1132.00
314.48 1132.00
314.05 1133.00
314.05 1133.00
314.01 1138.00
314.01 1138.00
314.01 1138.00
314.01 1138.00
314.01 1138.00
314.01 1138.00
314.01 1138.00
314.01 1138.00
314.01 1138.00
314.01 1138.00
314.01 1139.00
314.01 1139.00
314.00 1140.00
314.00 1140.00
314.00 1145.00
314.00 1145.00
314.00 1145.00
314.00 1145.00
314.00 1145.00
314.00 1145.00
314.00 1145.00
314.00 1145.00
314.00 1145.00
314.00 1145.00
313.97 1146.00
313.97 1146.00
313.78 1147.00
313.78 1147.00
313.42 1148.00
313.42 1148.00
313.52 1155.00
313.52 1155.00
313.52 1155.00
313.52 1155.00
313.52 1155.00
313.52 1155.00
313.52 1155.00
313.52 1155.00
313.52 1155.00
313.52 1155.00
313.52 1155.00
313.52 1155.00
313.52 1155.00
313.52 1155.00
313.40 1156.00
313.40 1156.00
313.13 1157.00
313.13 1157.00
313.01 1158.00
313.01 1158.00
313.01 1159.00
313.01 1159.00
313.00 1165.00
313.00 1165.00
313.00 1165.00
313.00 1165.00
313.00 1165.00
313.00 1165.00
313.00 1165.00
313.00 1165.00
313.00 1165.00
313.00 1165.00
313.00 1165.00
313.00 1165.00
313.00 1166.00
313.00 1166.00
313.00 1167.00
313.00 1167.00
313.00 1168.00
313.00 1168.00
313.00 1169.00
313.00 1169.00
313.00 1176.00
313.00 1176.00
313.00 1177.00
313.00 1177.00
313.01 1178.00
313.01 1178.00
313.01 1178.00
313.01 1178.00
313.01 1180.00
313.01 1180.00
313.09 1181.00
313.09 1181.00
313.38 1182.00
313.38 1182.00
313.38 1182.00
313.21 1182.00
313.21 1182.00
313.21 1182.00
313.21 1185.00
313.09 1181.00
313.03 1186.00
313.01 1180.00
313.03 1181.00
313.03 1181.00
313.03 1187.00
313.03 1187.00
313.03 1187.00
313.03 1187.00
313.03 1187.00
313.03 1187.00
313.03 1187.00
313.03 1187.00
313.03 1187.00
313.03 1187.00
313.03 1187.00
313.18 1188.00
313.18 1188.00
313.52 1189.00
313.52 1189.00
313.49 1196.00
313.49 1196.00
313.49 1196.00
313.16 1197.00
313.16 1197.00
312.94 1198.00
312.94 1198.00
312.61 1199.00
312.61 1199.00
312.61 1199.00
312.61 1199.00
312.61 1199.00
312.61 1199.00
312.61 1199.00
312.61 1199.00
312.80 1199.00
312.80 1199.00
312.94 1198.00
313.05 1198.00
313.05 1198.00
313.05 1198.00
313.05 1198.00
312.80 1199.00
312.80 1199.00
312.80 1199.00
312.34 1200.00
312.34 1200.00
311.44 1201.00
311.44 1201.00
311.10 1202.00
311.10 1202.00
311.01 1208.00
311.01 1208.00
311.01 1208.00
311.01 1208.00
311.01 1208.00
311.01 1208.00
311.01 1208.00
311.01 1208.00
311.01 1208.00
311.01 1208.00
311.01 1208.00
311.01 1209.00
311.01 1209.00
311.01 1210.00
311.01 1210.00
311.00 1211.00
311.00 1211.00
311.00 1212.00
311.00 1212.00
311.00 1213.00
311.00 1213.00
311.00 1220.00
311.00 1220.00
311.00 1221.00
311.00 1221.00
311.00 1222.00
311.00 1223.00
311.00 1223.00
311.00 1224.00
311.00 1224.00
311.00 1225.00
311.00 1225.00
311.00 1226.00
311.00 1226.00
311.00 1226.00
311.00 1226.00
311.00 1226.00
311.00 1226.00
311.00 1226.00
311.00 1226.00
311.00 1226.00
311.00 1226.00
311.00 1226.00
311.00 1226.00
311.00 1226.00
311.00 1226.00
311.00 1227.00
311.00 1227.00
311.00 1228.00
311.00 1228.00
311.00 1229.00
311.00 1229.00
311.00 1230.00
311.00 1230.00
311.00 1231.00
311.00 1231.00
311.00 1232.00
311.00 1232.00
311.00 1233.00
311.00 1233.00
311.00 1240.00
311.00 1240.00
311.00 1241.00
311.00 1241.00
311.00 1242.00
311.00 1242.00
311.00 1243.00
311.00 1243.00
311.00 1244.00
311.00 1244.00
311.00 1239.00
311.00 1239.00
311.00 1240.00
311.00 1240.00
311.00 1241.00
311.00 1241.00
311.00 1242.00
311.00 1242.00
311.00 1249.00
311.00 1249.00
311.00 1250.00
311.00 1250.00
310.99 1251.00
310.99 1251.00
310.91 1252.00
310.91 1252.00
310.63 1253.00
310.63 1253.00
310.63 1253.00
310.63 1253.00
310.63 1253.00
310.63 1253.00
310.63 1253.00
310.63 1253.00
310.63 1253.00
310.63 1253.00
310.63 1253.00
310.80 1253.00
310.80 1253.00
310.80 1253.00
310.80 1253.00
310.44 1254.00
310.44 1254.00
310.13 1255.00
310.13 1255.00
310.01 1256.00
310.01 1256.00
310.00 1258.00
310.00 1258.00
310.00 1258.00
310.00 1258.00
310.00 1259.00
310.00 1259.00
310.00 1266.00
310.00 1266.00
310.01 1267.00
310.01 1267.00
310.01 1268.00
310.01 1268.00
310.01 1268.00
310.01 1268.00
310.01 1268.00
310.01 1268.00
310.01 1268.00
310.01 1268.00
310.01 1268.00
310.01 1268.00
310.01 1268.00
310.01 1268.00
310.01 1268.00
310.01 1268.00
310.01 1268.00
310.01 1275.00
310.01 1275.00
310.01 1275.00
310.01 1275.00
310.01 1275.00
310.01 1275.00
310.01 1275.00
310.01 1275.00
310.01 1275.00
310.01 1275.00
310.01 1275.00
310.01 1275.00
310.01 1275.00
310.01 1275.00
309.98 1276.00
309.98 1276.00
309.82 1277.00
309.82 1277.00
309.47 1278.00
309.47 1278.00
309.06 1279.00
309.06 1279.00
309.00 1282.00
309.00 1282.00
309.00 1282.00
309.00 1282.00
309.00 1282.00
309.00 1282.00
309.00 1283.00
309.00 1283.00
309.00 1284.00
309.00 1284.00
309.00 1285.00
309.00 1285.00
309.00 1286.00
309.00 1286.00
309.00 1287.00
309.00 1287.00
309.00 1294.00
309.00 1294.00
309.00 1295.00
309.00 1295.00
309.00 1295.00
309.00 1296.00
309.00 1296.00
309.00 1297.00
309.00 1297.00
309.00 1298.00
309.00 1298.00
309.00 1299.00
309.00 1299.00
309.00 1300.00
309.00 1300.00
309.00 1300.00
309.00 1300.00
309.00 1300.00
309.00 1300.00
309.00 1300.00
309.00 1300.00
309.00 1300.00
309.00 1300.00
309.00 1300.00
309.00 1300.00
309.00 1300.00
309.00 1300.00
309.00 1301.00
309.00 1301.00
309.00 1302.00
309.00 1302.00
309.00 1303.00
309.00 1303.00
309.00 1308.00
309.00 1308.00
309.00 1308.00
309.00 1308.00
309.00 1308.00
309.00 1308.00
309.00 1308.00
309.00 1308.00
309.00 1308.00
309.00 1308.00
309.00 1309.00
309.00 1309.00
309.00 1310.00
309.00 1310.00
309.00 1311.00
309.00 1311.00
309.00 1311.00
308.95 1312.00
308.95 1312.00
308.74 1313.00
308.74 1313.00
308.37 1314.00
308.09 1315.00
308.09 1315.00
308.09 1315.00
308.01 1320.00
308.01 1320.00
308.01 1320.00
308.01 1320.00
308.01 1320.00
308.01 1320.00
308.01 1320.00
308.01 1320.00
308.01 1320.00
308.01 1320.00
308.01 1321.00
308.01 1321.00
308.00 1328.00
308.00 1328.00
308.00 1329.00
308.00 1329.00
308.00 1329.00
308.00 1329.00
308.00 1329.00
308.00 1329.00
308.00 1329.00
308.00 1329.00
308.00 1329.00
308.00 1329.00
308.01 1334.00
308.01 1334.00
308.11 1335.00
308.11 1335.00
308.37 1336.00
308.37 1336.00
308.52 1337.00
308.52 1337.00
308.52 1337.00
308.52 1337.00
308.52 1337.00
308.52 1337.00
308.52 1337.00
308.52 1337.00
308.52 1337.00
308.52 1337.00
308.52 1337.00
308.52 1337.00
308.52 1337.00
308.52 1337.00
308.48 1337.00
308.35 1338.00
308.35 1338.00
308.09 1339.00
308.09 1339.00
308.01 1341.00
308.01 1341.00
308.01 1341.00
308.01 1341.00
308.00 1346.00
308.00 1346.00
308.00 1346.00
308.00 1346.00
308.00 1346.00
308.00 1346.00
308.00 1346.00
308.00 1346.00
308.00 1346.00
308.00 1346.00
308.00 1347.00
308.00 1347.00
308.00 1354.00
308.00 1354.00
308.00 1355.00
308.00 1355.00
308.00 1355.00
308.00 1355.00
308.00 1355.00
308.00 1355.00
308.00 1355.00
308.00 1355.00
308.00 1355.00
308.00 1355.00
308.00 1355.00
308.00 1355.00
308.00 1355.00
308.00 1355.00
308.00 1355.00
308.00 1356.00
308.00 1356.00
308.01 1363.00
308.01 1363.00
308.01 1364.00
308.01 1364.00
308.01 1365.00
308.01 1365.00
308.01 1365.00
308.01 1365.00
308.01 1365.00
308.01 1365.00
308.01 1365.00
308.00 1366.00
308.00 1366.00
308.01 1364.00
308.01 1365.00
308.01 1365.00
308.01 1365.00
308.01 1365.00
307.99 1367.00
307.98 1368.00
307.92 1371.00
307.92 1371.00
307.79 1372.00
307.79 1372.00
307.79 1372.00
307.79 1372.00
307.79 1372.00
307.79 1372.00
307.79 1372.00
307.79 1372.00
307.79 1372.00
307.79 1372.00
307.43 1373.00
307.43 1373.00
307.13 1374.00
307.13 1374.00
307.01 1375.00
307.01 1375.00
307.01 1375.00
307.00 1377.00
307.00 1377.00
307.00 1377.00
307.00 1377.00
307.00 1382.00
307.00 1382.00
307.00 1382.00
307.00 1382.00
307.00 1382.00
307.00 1382.00
307.00 1382.00
307.00 1382.00
307.00 1382.00
307.00 1382.00
307.00 1383.00
307.00 1383.00
307.00 1384.00
307.00 1384.00
307.00 1391.00
307.00 1391.00
307.00 1392.00
307.00 1392.00
307.00 1393.00
307.00 1393.00
307.00 1394.00
307.00 1394.00
307.00 1394.00
307.00 1394.00
307.00 1394.00
307.00 1394.00
307.00 1394.00
307.00 1394.00
307.00 1394.00
307.00 1394.00
307.00 1394.00
307.00 1394.00
307.00 1394.00
307.00 1394.00
307.00 1394.00
307.00 1394.00
307.00 1395.00
307.00 1395.00
307.00 1396.00
307.00 1396.00
307.00 1397.00
307.00 1397.00
307.00 1398.00
307.00 1398.00
307.00 1405.00
307.00 1405.00
307.00 1406.00
307.00 1406.00
307.00 1407.00
307.00 1407.00
307.00 1407.00
307.00 1407.00
307.00 1407.00
307.00 1407.00
307.00 1407.00
307.00 1407.00
307.00 1407.00
307.00 1407.00
307.00 1407.00
307.00 1407.00
307.00 1407.00
307.00 1407.00
307.00 1408.00
307.00 1408.00
307.00 1409.00
307.00 1409.00
307.00 1411.00
307.00 1411.00
307.00 1411.00
307.00 1411.00
306.97 1412.00
306.97 1412.00
306.97 1412.00
306.81 1413.00
306.81 1413.00
306.45 1414.00
306.45 1414.00
306.13 1415.00
306.13 1415.00
306.00 1419.00
306.00 1419.00
306.00 1419.00
306.00 1419.00
306.00 1419.00
306.00 1419.00
306.00 1419.00
306.00 1419.00
306.00 1420.00
306.00 1420.00
306.00 1421.00
306.00 1421.00
306.00 1422.00
306.00 1422.00
306.00 1422.00
306.00 1423.00
306.00 1423.00
306.00 1424.00
306.00 1424.00
306.00 1425.00
306.00 1425.00
306.00 1426.00
306.00 1426.00
306.00 1427.00
306.00 1427.00
306.00 1428.00
306.00 1428.00
306.00 1429.00
306.00 1429.00
306.00 1430.00
306.00 1430.00
306.00 1431.00
306.00 1431.00
306.00 1432.00
306.00 1432.00
306.00 1433.00
306.00 1433.00
306.00 1434.00
306.00 1434.00
306.00 1435.00
306.00 1435.00
306.00 1436.00
306.00 1436.00
306.00 1437.00
306.00 1437.00
306.00 1438.00
306.00 1438.00
306.00 1439.00
306.00 1439.00
306.00 1439.00
306.00 1440.00
306.00 1440.00
306.00 1441.00
306.00 1441.00
306.00 1448.00
306.00 1448.00
306.00 1449.00
306.00 1449.00
306.00 1450.00
306.00 1450.00
306.00 1451.00
306.00 1451.00
306.00 1452.00
306.00 1452.00
306.00 1453.00
306.00 1453.00
306.00 1454.00
306.00 1454.00
306.00 1455.00
306.00 1455.00
306.00 1456.00
306.00 1456.00
306.00 1457.00
306.00 1457.00
306.00 1458.00
306.00 1458.00
306.00 1459.00
306.00 1459.00
306.00 1460.00
306.00 1460.00
306.00 1460.00
306.00 1461.00
306.00 1461.00
306.00 1462.00
306.00 1462.00
306.00 1463.00
306.00 1463.00
306.00 1464.00
306.00 1464.00
306.00 1465.00
306.00 1465.00
306.00 1466.00
306.00 1466.00
306.00 1467.00
306.00 1467.00
306.00 1468.00
306.00 1468.00
306.00 1469.00
306.00 1469.00
306.00 1470.00
306.00 1470.00
306.00 1471.00
306.00 1471.00
306.00 1472.00
306.00 1472.00
306.00 1472.00
306.00 1472.00
306.00 1472.00
306.00 1472.00
306.00 1472.00
306.00 1472.00
306.00 1472.00
306.00 1472.00
306.00 1472.00
306.00 1472.00
306.00 1472.00
306.00 1472.00
306.00 1472.00
306.00 1473.00
306.00 1473.00
306.00 1474.00
306.00 1474.00
306.00 1475.00
306.00 1475.00
306.00 1476.00
306.00 1476.00
306.00 1477.00
306.00 1477.00
306.00 1478.00
306.00 1478.00
306.00 1478.00
306.00 1479.00
306.00 1479.00
306.00 1480.00
306.00 1480.00
306.00 1481.00
306.00 1481.00
306.00 1482.00
306.00 1482.00
306.00 1483.00
306.00 1483.00
306.00 1490.00
306.00 1490.00
306.00 1491.00
306.00 1491.00
306.01 1492.00
306.01 1492.00
306.01 1493.00
306.01 1493.00
306.01 1493.00
306.01 1494.00
306.01 1494.00
306.01 1494.00
306.01 1494.00
306.01 1494.00
306.01 1494.00
306.07 1497.00
306.07 1497.00
306.34 1498.00
306.34 1498.00
306.34 1498.00
306.18 1498.00
306.18 1498.00
306.18 1498.00
306.18 1498.00
306.07 1497.00
306.07 1497.00
306.04 1502.00
306.00 1503.00
306.00 1503.00
306.00 1504.00
306.01 1503.00
306.04 1502.00
306.04 1502.00
306.11 1502.00
306.11 1502.00
306.11 1502.00
306.11 1502.00
306.11 1502.00
306.11 1502.00
306.11 1502.00
306.01 1503.00
306.01 1503.00
306.01 1509.00
306.01 1509.00
306.01 1509.00
306.01 1509.00
306.01 1509.00
306.01 1509.00
306.01 1509.00
306.01 1509.00
306.01 1509.00
306.01 1509.00
306.01 1509.00
306.01 1509.00
306.01 1509.00
306.01 1510.00
306.01 1510.00
306.00 1511.00
306.00 1511.00
306.00 1512.00
306.00 1512.00
306.01 1519.00
306.01 1519.00
306.02 1520.00
306.02 1520.00
306.02 1521.00
306.02 1521.00
306.02 1521.00
306.02 1521.00
306.02 1521.00
306.02 1521.00
306.09 1524.00
306.09 1524.00
306.09 1524.00
306.21 1525.00
306.21 1525.00
306.21 1525.00
306.21 1525.00
306.21 1525.00
306.21 1525.00
306.21 1525.00
306.21 1525.00
306.21 1525.00
306.21 1525.00
306.21 1525.00
306.21 1525.00
306.21 1525.00
306.21 1525.00
306.58 1526.00
306.58 1526.00
306.88 1527.00
306.88 1527.00
306.99 1528.00
306.99 1528.00
306.99 1529.00
306.99 1529.00
307.00 1530.00
307.00 1530.00
307.00 1537.00
307.00 1537.00
307.00 1538.00
307.00 1538.00
307.00 1538.00
307.00 1539.00
307.00 1539.00
307.00 1540.00
307.00 1540.00
307.00 1541.00
307.00 1541.00
307.00 1541.00
307.00 1541.00
307.00 1541.00
307.00 1541.00
307.00 1541.00
307.00 1541.00
307.00 1541.00
307.00 1541.00
307.00 1541.00
307.00 1541.00
307.00 1541.00
307.00 1541.00
307.00 1541.00
307.00 1542.00
307.00 1542.00
307.00 1543.00
307.00 1543.00
307.00 1544.00
307.00 1544.00
307.00 1545.00
307.00 1545.00
307.00 1546.00
307.00 1546.00
307.00 1547.00
307.00 1547.00
307.00 1548.00
307.00 1548.00
307.00 1548.00
307.00 1549.00
307.00 1549.00
307.00 1550.00
307.00 1550.00
307.00 1557.00
307.00 1557.00
307.00 1558.00
307.00 1558.00
307.00 1559.00
307.00 1559.00
307.00 1560.00
307.00 1560.00
307.00 1561.00
307.00 1561.00
307.00 1562.00
307.00 1562.00
307.00 1563.00
307.00 1563.00
307.00 1564.00
307.00 1564.00
307.00 1564.00
307.00 1565.00
307.00 1565.00
307.00 1565.00
307.00 1565.00
307.00 1565.00
307.00 1565.00
307.00 1565.00
307.00 1565.00
307.00 1565.00
307.00 1565.00
307.00 1565.00
307.00 1565.00
307.00 1565.00
307.00 1565.00
307.00 1566.00
307.00 1566.00
307.00 1567.00
307.00 1567.00
307.00 1567.00
307.00 1568.00
307.00 1568.00
307.00 1569.00
307.00 1569.00
307.00 1570.00
307.00 1570.00
307.00 1577.00
307.00 1577.00
307.00 1578.00
307.00 1578.00
307.00 1578.00
307.00 1579.00
307.00 1579.00
307.00 1580.00
307.00 1580.00
307.00 1580.00
307.00 1580.00
307.00 1580.00
307.00 1580.00
307.00 1580.00
307.00 1580.00
307.00 1580.00
307.00 1580.00
307.00 1580.00
307.00 1580.00
307.00 1580.00
307.00 1580.00
307.00 1581.00
307.00 1581.00
307.00 1582.00
307.00 1582.00
307.00 1589.00
307.00 1589.00
307.00 1590.00
307.00 1590.00
307.00 1590.00
307.00 1590.00
307.00 1590.00
307.00 1590.00
307.00 1590.00
307.00 1590.00
307.00 1590.00
307.00 1590.00
307.00 1590.00
307.00 1590.00
307.00 1590.00
307.00 1590.00
307.00 1590.00
307.00 1591.00
307.00 1591.00
307.00 1592.00
307.00 1592.00
307.00 1592.00
617.96 159.00
617.68 160.00
617.68 160.00
617.15 161.00
617.01 162.00
617.01 162.00
617.00 163.00
617.00 163.00
616.99 164.00
616.99 164.00
616.87 165.00
616.87 165.00
616.58 166.00
616.58 166.00
616.21 167.00
616.21 167.00
616.02 168.00
616.02 168.00
616.00 169.00
616.00 169.00
616.00 169.00
616.00 169.00
616.00 169.00
616.00 169.00
615.98 172.00
615.98 172.00
615.98 172.00
615.57 176.00
615.22 177.00
615.22 177.00
615.04 178.00
615.04 178.00
615.00 179.00
615.00 179.00
614.93 180.00
614.93 180.00
614.67 181.00
614.67 181.00
614.05 182.00
614.05 182.00
613.64 183.00
613.64 183.00
613.25 184.00
613.25 184.00
613.04 185.00
613.00 186.00
613.00 186.00
613.00 187.00
613.00 187.00
612.92 188.00
612.92 188.00
612.57 189.00
612.57 189.00
612.48 190.00
612.48 190.00
612.43 191.00
612.43 191.00
611.65 192.00
611.65 192.00
611.19 193.00
611.01 194.00
611.01 194.00
611.00 195.00
611.00 195.00
610.91 196.00
610.91 196.00
610.61 197.00
610.61 197.00
610.25 198.00
610.25 198.00
610.25 198.00
610.12 199.00
610.05 199.00
610.01 200.00
610.00 201.00
610.00 201.00
610.00 202.00
609.99 203.00
609.99 203.00
609.93 204.00
609.93 204.00
609.68 205.00
609.68 205.00
609.50 206.00
609.31 206.00
609.31 206.00
609.31 206.00
609.16 206.00
609.06 207.00
609.00 209.00
609.00 209.00
608.99 210.00
608.99 210.00
608.99 210.00
608.99 210.00
608.99 210.00
608.99 210.00
608.99 210.00
608.99 210.00
608.99 210.00
608.99 210.00
608.99 215.00
608.99 215.00
608.98 216.00
608.98 216.00
608.98 217.00
608.98 217.00
608.98 217.00
608.98 217.00
608.98 217.00
608.98 217.00
608.91 220.00
608.91 220.00
608.60 221.00
608.60 221.00
608.25 222.00
608.25 222.00
608.05 223.00
608.00 224.00
608.00 224.00
608.00 225.00
608.00 225.00
608.00 226.00
608.00 226.00
607.93 227.00
607.93 227.00
607.51 228.00
607.51 228.00
607.16 229.00
607.16 229.00
607.01 230.00
607.01 230.00
606.90 231.00
606.90 231.00
606.61 232.00
606.23 233.00
606.23 233.00
606.04 234.00
606.04 234.00
605.94 235.00
605.94 235.00
605.51 236.00
605.51 236.00
605.17 237.00
605.17 237.00
605.02 238.00
605.02 238.00
604.99 239.00
604.99 239.00
604.99 240.00
604.89 241.00
604.89 241.00
604.58 242.00
604.58 242.00
604.39 243.00
604.39 243.00
604.39 243.00
604.22 243.00
604.22 243.00
604.11 244.00
604.00 245.00
604.00 246.00
603.93 247.00
603.93 247.00
603.67 248.00
603.67 248.00
603.29 249.00
603.29 249.00
603.15 249.00
603.15 249.00
603.06 250.00
603.01 250.00
602.99 252.00
602.99 252.00
602.86 253.00
602.86 253.00
602.74 254.00
602.74 254.00
602.60 254.00
602.60 254.00
602.50 255.00
602.47 255.00
602.40 257.00
602.40 257.00
602.27 257.00
602.27 257.00
602.14 258.00
602.14 258.00
602.06 258.00
602.00 261.00
602.00 261.00
601.94 262.00
601.94 262.00
601.70 263.00
601.70 263.00
601.52 263.00
601.33 264.00
601.33 264.00
601.17 264.00
601.02 265.00
601.00 266.00
601.00 267.00
601.00 267.00
600.99 268.00
600.99 268.00
600.89 269.00
600.89 269.00
600.59 270.00
600.40 271.00
600.40 271.00
600.40 271.00
600.23 271.00
600.23 271.00
600.10 272.00
600.10 272.00
600.03 272.00
600.00 275.00
600.00 275.00
599.99 276.00
599.99 276.00
599.91 277.00
599.91 277.00
599.63 278.00
599.63 278.00
599.44 279.00
599.44 279.00
599.44 279.00
599.44 279.00
599.26 279.00
599.26 279.00
599.13 280.00
599.13 280.00
599.05 280.00
599.01 281.00
599.00 284.00
598.99 285.00
598.99 285.00
598.93 286.00
598.93 286.00
598.68 287.00
598.68 287.00
598.49 288.00
598.49 288.00
598.49 288.00
598.30 288.00
598.30 288.00
598.30 288.00
598.15 288.00
598.15 288.00
598.01 289.00
597.99 293.00
597.99 293.00
597.95 294.00
597.95 294.00
597.53 295.00
597.53 295.00
597.18 296.00
597.18 296.00
597.08 297.00
597.08 297.00
597.01 298.00
597.00 298.00
597.00 298.00
597.00 298.00
597.00 300.00
597.00 300.00
597.00 301.00
597.00 301.00
596.99 302.00
596.88 303.00
596.88 303.00
596.58 304.00
596.58 304.00
596.22 305.00
596.22 305.00
596.10 306.00
596.10 306.00
596.03 306.00
596.00 307.00
596.00 308.00
596.00 308.00
595.92 309.00
595.92 309.00
595.64 310.00
595.64 310.00
595.64 310.00
595.45 311.00
595.45 311.00
595.45 311.00
595.27 311.00
595.27 311.00
595.27 311.00
595.13 311.00
595.13 311.00
595.05 312.00
595.00 315.00
594.99 317.00
594.99 317.00
594.93 318.00
594.93 318.00
594.69 319.00
594.69 319.00
594.69 319.00
594.50 320.00
594.50 320.00
594.50 320.00
594.31 320.00
594.31 320.00
594.31 320.00
594.16 320.00
594.16 320.00
594.06 321.00
594.02 321.00
594.00 324.00
594.00 324.00
593.94 327.00
593.94 327.00
593.73 328.00
593.73 328.00
593.55 328.00
593.55 328.00
593.55 328.00
593.36 329.00
593.36 329.00
593.36 329.00
593.36 329.00
593.19 329.00
593.19 329.00
593.07 330.00
593.07 330.00
593.00 331.00
592.99 335.00
592.99 336.00
592.88 337.00
592.88 337.00
592.74 338.00
592.74 338.00
592.56 338.00
592.56 338.00
592.56 338.00
592.37 339.00
592.37 339.00
592.37 339.00
592.20 339.00
592.20 339.00
592.09 340.00
592.03 340.00
592.00 344.00
592.00 344.00
591.99 345.00
591.99 345.00
591.90 346.00
591.90 346.00
591.61 347.00
591.61 347.00
591.24 348.00
591.24 348.00
591.04 349.00
591.04 349.00
591.01 350.00
591.01 350.00
591.00 351.00
590.99 352.00
590.99 352.00
590.99 352.00
590.99 352.00
590.92 354.00
590.92 354.00
590.64 355.00
590.64 355.00
590.27 356.00
590.14 356.00
590.14 356.00
590.06 357.00
590.01 358.00
590.01 358.00
589.99 359.00
589.99 359.00
589.99 360.00
589.99 360.00
589.99 360.00
589.95 362.00
589.95 362.00
589.50 363.00
589.50 363.00
589.31 364.00
589.31 364.00
589.31 364.00
589.17 364.00
589.17 364.00
589.07 365.00
589.02 365.00
589.00 367.00
589.00 368.00
588.99 369.00
588.99 369.00
588.88 370.00
588.88 370.00
588.57 371.00
588.57 371.00
588.57 371.00
588.38 372.00
588.38 372.00
588.38 372.00
588.38 372.00
588.21 372.00
588.21 372.00
588.09 373.00
588.09 373.00
588.01 374.00
587.98 377.00
587.98 377.00
587.98 377.00
587.98 377.00
587.98 377.00
587.89 380.00
587.89 380.00
587.58 381.00
587.58 381.00
587.39 382.00
587.39 382.00
587.39 382.00
587.22 382.00
587.22 382.00
587.10 383.00
587.10 383.00
587.03 383.00
587.00 386.00
586.99 387.00
586.99 387.00
586.99 387.00
586.99 387.00
586.99 387.00
586.99 387.00
586.99 387.00
586.99 387.00
586.99 391.00
586.99 391.00
586.89 392.00
586.89 392.00
586.60 393.00
586.23 394.00
586.23 394.00
586.04 395.00
586.04 395.00
586.00 396.00
586.00 396.00
586.00 397.00
586.00 397.00
585.99 398.00
585.99 398.00
585.92 399.00
585.92 399.00
585.66 400.00
585.66 400.00
585.29 401.00
585.29 401.00
585.29 401.00
585.14 401.00
585.14 401.00
585.05 402.00
585.01 404.00
585.00 405.00
585.00 405.00
584.99 406.00
584.99 406.00
584.99 406.00
584.99 406.00
584.94 408.00
584.94 408.00
584.49 409.00
584.49 409.00
584.49 409.00
584.31 410.00
584.31 410.00
584.16 410.00
584.16 410.00
584.07 411.00
584.07 411.00
584.00 414.00
584.00 414.00
584.00 415.00
584.00 415.00
584.00 415.00
584.00 415.00
584.00 417.00
584.00 417.00
583.94 418.00
583.94 418.00
583.54 419.00
583.35 420.00
583.35 420.00
583.19 420.00
583.19 420.00
583.19 420.00
583.07 421.00
583.02 423.00
583.00 422.00
583.00 424.00
583.00 424.00
582.98 425.00
582.98 425.00
582.98 425.00
582.98 425.00
582.98 425.00
582.87 428.00
582.87 428.00
582.54 429.00
582.54 429.00
582.35 430.00
582.19 430.00
582.19 430.00
582.09 431.00
582.03 431.00
582.00 432.00
582.00 432.00
582.00 432.00
582.00 434.00
582.00 434.00
582.00 435.00
582.00 435.00
581.99 436.00
581.89 437.00
581.89 437.00
581.60 438.00
581.60 438.00
581.23 439.00
581.23 439.00
581.23 439.00
581.11 440.00
581.11 440.00
581.01 441.00
581.00 442.00
581.00 442.00
581.00 443.00
581.00 443.00
581.00 443.00
581.00 443.00
581.00 443.00
581.00 443.00
581.00 443.00
580.99 447.00
580.99 447.00
580.90 448.00
580.90 448.00
580.62 449.00
580.62 449.00
580.43 450.00
580.43 450.00
580.43 450.00
580.43 450.00
580.43 450.00
580.43 450.00
580.25 450.00
580.25 450.00
580.25 450.00
580.11 451.00
580.11 451.00
580.01 453.00
579.99 455.00
579.99 455.00
579.99 455.00
579.99 455.00
579.99 458.00
579.99 458.00
579.90 459.00
579.63 460.00
579.63 460.00
579.44 461.00
579.44 461.00
579.26 461.00
579.26 461.00
579.26 461.00
579.12 462.00
579.12 462.00
579.04 462.00
579.00 463.00
579.00 463.00
578.99 466.00
578.99 466.00
578.99 467.00
578.99 467.00
578.99 467.00
578.99 467.00
578.99 467.00
578.99 467.00
578.99 467.00
578.99 467.00
578.99 467.00
578.99 467.00
578.99 467.00
578.99 473.00
578.99 473.00
578.89 474.00
578.89 474.00
578.60 475.00
578.60 475.00
578.23 476.00
578.02 477.00
578.02 477.00
578.00 478.00
578.00 478.00
577.93 479.00
577.93 479.00
577.66 480.00
577.66 480.00
577.29 481.00
577.15 481.00
577.15 481.00
577.06 482.00
577.06 482.00
577.00 483.00
577.00 483.00
577.00 483.00
577.00 485.00
577.00 486.00
577.00 486.00
577.00 487.00
577.00 487.00
577.00 487.00
577.00 487.00
577.00 487.00
577.00 487.00
577.00 487.00
577.00 487.00
577.00 491.00
577.00 491.00
576.99 492.00
576.99 492.00
576.92 493.00
576.92 493.00
576.65 494.00
576.65 494.00
576.14 495.00
576.14 495.00
576.05 496.00
576.05 496.00
576.02 496.00
576.00 497.00
576.00 498.00
576.00 498.00
576.00 498.00
576.00 498.00
576.00 498.00
576.00 501.00
576.00 501.00
575.99 502.00
575.99 502.00
575.99 502.00
575.99 502.00
575.93 504.00
575.93 504.00
575.65 505.00
575.65 505.00
575.14 506.00
575.14 506.00
575.02 507.00
575.02 507.00
575.00 508.00
575.00 508.00
575.00 508.00
575.00 508.00
575.00 508.00
575.00 511.00
575.00 511.00
575.00 512.00
575.00 512.00
574.99 513.00
574.99 513.00
574.99 513.00
574.99 513.00
574.99 513.00
574.99 513.00
574.92 516.00
574.92 516.00
574.67 517.00
574.15 518.00
574.15 518.00
574.00 519.00
574.00 519.00
573.99 520.00
573.99 520.00
573.99 520.00
573.99 520.00
573.99 520.00
573.99 520.00
573.99 520.00
573.99 520.00
573.98 524.00
573.98 524.00
573.98 525.00
573.98 525.00
573.98 525.00
573.94 527.00
573.94 527.00
573.66 528.00
573.66 528.00
573.15 529.00
573.15 529.00
573.02 530.00
573.02 530.00
572.99 531.00
572.99 531.00
572.99 531.00
572.99 531.00
572.99 531.00
572.99 531.00
572.99 531.00
572.99 531.00
572.99 531.00
572.99 531.00
572.99 536.00
572.99 536.00
572.98 537.00
572.98 537.00
572.98 537.00
572.98 537.00
572.98 537.00
572.98 537.00
572.93 540.00
572.64 541.00
572.64 541.00
572.14 542.00
572.14 542.00
572.02 543.00
572.02 543.00
571.99 544.00
571.99 544.00
571.99 545.00
571.99 545.00
571.99 545.00
571.99 545.00
571.95 547.00
571.95 547.00
571.53 548.00
571.53 548.00
571.18 549.00
571.02 550.00
571.02 550.00
571.00 551.00
571.00 551.00
571.00 551.00
571.00 551.00
571.00 551.00
571.00 551.00
571.00 554.00
571.00 554.00
570.99 555.00
570.99 555.00
570.99 555.00
570.99 555.00
570.99 557.00
570.99 557.00
570.87 558.00
570.87 558.00
570.55 559.00
570.55 559.00
570.20 560.00
570.20 560.00
570.20 560.00
570.08 561.00
570.02 561.00
570.00 562.00
570.00 562.00
570.00 562.00
570.00 562.00
569.99 565.00
569.99 565.00
569.99 566.00
569.99 566.00
569.99 566.00
569.99 566.00
569.99 566.00
569.88 568.00
569.88 568.00
569.75 569.00
569.75 569.00
569.75 569.00
569.57 569.00
569.57 569.00
569.57 569.00
569.37 570.00
569.37 570.00
569.37 570.00
569.21 570.00
569.21 570.00
569.21 570.00
569.10 571.00
569.03 571.00
569.00 576.00
568.99 577.00
568.99 577.00
568.90 578.00
568.90 578.00
568.78 579.00
568.61 579.00
568.61 579.00
568.61 579.00
568.42 580.00
568.42 580.00
568.42 580.00
568.24 580.00
568.24 580.00
568.24 580.00
568.24 580.00
568.24 580.00
568.24 580.00
568.24 580.00
568.24 580.00
568.11 581.00
568.11 581.00
568.01 583.00
568.01 583.00
568.01 583.00
568.01 583.00
568.01 584.00
567.99 589.00
567.90 590.00
567.90 590.00
567.78 591.00
567.78 591.00
567.78 591.00
567.61 591.00
567.61 591.00
567.61 591.00
567.41 592.00
567.41 592.00
567.41 592.00
567.41 592.00
567.24 592.00
567.24 592.00
567.41 592.00
567.11 593.00
567.11 593.00
567.01 594.00
567.01 594.00
567.00 595.00
567.00 595.00
567.00 597.00
567.00 597.00
567.00 597.00
567.00 597.00
566.98 598.00
566.98 598.00
566.81 599.00
566.81 599.00
566.46 600.00
566.46 600.00
566.05 601.00
566.05 601.00
566.01 602.00
566.01 602.00
566.01 603.00
566.01 603.00
566.00 604.00
566.00 604.00
566.00 606.00
566.00 606.00
566.00 606.00
566.00 606.00
566.00 606.00
565.99 607.00
565.84 608.00
565.84 608.00
565.31 609.00
565.31 609.00
565.07 610.00
565.07 610.00
565.00 611.00
565.00 611.00
565.00 612.00
565.00 612.00
565.00 613.00
565.00 613.00
564.95 614.00
564.95 614.00
564.89 618.00
564.89 618.00
564.90 622.00
564.90 622.00
564.90 622.00
564.90 622.00
564.90 622.00
564.90 622.00
564.90 622.00
564.90 622.00
564.90 622.00
564.90 622.00
564.90 622.00
564.90 622.00
564.90 622.00
564.90 622.00
564.83 623.00
564.83 623.00
564.32 624.00
564.32 624.00
564.07 625.00
564.07 625.00
564.01 626.00
564.01 626.00
564.00 627.00
564.00 627.00
564.00 628.00
564.00 628.00
563.96 629.00
563.96 629.00
563.74 630.00
563.74 630.00
563.37 631.00
563.37 631.00
563.09 632.00
563.09 632.00
563.09 632.00
563.01 633.00
563.01 633.00
562.97 634.00
562.82 635.00
562.82 635.00
562.47 636.00
562.47 636.00
562.06 637.00
562.06 637.00
562.00 638.00
562.00 638.00
562.00 639.00
562.00 639.00
562.00 645.00
562.00 645.00
562.00 645.00
562.00 645.00
562.00 645.00
562.00 645.00
562.00 645.00
562.00 645.00
562.00 645.00
562.00 645.00
562.00 645.00
562.00 646.00
562.00 646.00
562.00 653.00
562.00 653.00
562.00 654.00
562.00 654.00
562.00 655.00
562.00 655.00
562.00 655.00
562.00 655.00
562.00 655.00
562.00 655.00
562.00 655.00
562.00 655.00
562.00 655.00
562.00 655.00
562.00 655.00
562.00 655.00
562.00 655.00
562.00 656.00
562.00 656.00
562.00 657.00
562.00 657.00
562.00 661.00
562.00 661.00
562.00 661.00
562.00 661.00
562.00 661.00
562.00 661.00
562.00 661.00
561.98 662.00
561.98 662.00
561.81 663.00
561.81 663.00
561.46 664.00
561.46 664.00
561.05 665.00
561.05 665.00
561.01 668.00
561.01 668.00
561.01 668.00
561.01 668.00
561.01 668.00
561.01 674.00
561.01 674.00
561.01 674.00
561.01 674.00
561.01 674.00
561.01 674.00
561.01 674.00
561.01 674.00
561.01 674.00
561.01 674.00
561.01 674.00
561.01 674.00
561.00 675.00
561.00 675.00
561.00 675.00
561.00 677.00
561.00 677.00
561.00 677.00
561.00 677.00
560.97 678.00
560.97 678.00
560.76 679.00
560.76 679.00
560.39 680.00
560.39 680.00
560.09 681.00
559.86 682.00
559.86 682.00
559.33 683.00
559.33 683.00
559.08 684.00
559.08 684.00
559.01 685.00
559.01 685.00
559.00 686.00
559.00 686.00
559.00 692.00
559.00 692.00
559.00 692.00
559.00 692.00
559.00 692.00
559.00 692.00
559.00 692.00
559.00 692.00
559.00 692.00
559.00 692.00
559.00 692.00
559.00 693.00
559.00 693.00
559.00 694.00
559.00 694.00
559.00 695.00
559.00 695.00
559.00 702.00
559.00 702.00
559.00 703.00
559.00 703.00
559.00 704.00
559.00 705.00
559.00 705.00
559.00 706.00
559.00 706.00
559.00 701.00
559.00 701.00
559.00 702.00
559.00 702.00
559.00 709.00
559.00 709.00
559.00 710.00
559.00 710.00
559.00 711.00
559.00 711.00
559.00 712.00
559.00 713.00
559.00 713.00
559.00 714.00
559.00 714.00
559.00 715.00
559.00 715.00
559.00 716.00
559.00 716.00
559.00 716.00
559.00 716.00
558.99 718.00
558.99 718.00
558.88 719.00
558.88 719.00
558.57 720.00
558.57 720.00
558.22 721.00
558.22 721.00
558.04 722.00
558.04 722.00
558.00 723.00
558.00 723.00
557.99 724.00
557.99 724.00
557.99 724.00
557.99 724.00
557.92 726.00
557.92 726.00
557.63 727.00
557.63 727.00
557.44 728.00
557.44 728.00
557.44 728.00
557.44 728.00
557.44 728.00
557.44 728.00
557.44 728.00
557.26 728.00
557.26 728.00
557.26 728.00
557.13 729.00
557.13 729.00
557.13 729.00
557.13 729.00
557.13 729.00
557.13 729.00
557.01 730.00
557.01 730.00
557.00 731.00
557.00 731.00
557.00 732.00
557.00 732.00
557.00 735.00
556.97 738.00
556.91 738.00
556.80 739.00
556.80 739.00
556.80 739.00
556.64 739.00
556.64 739.00
556.64 739.00
556.45 740.00
556.45 740.00
556.45 740.00
556.27 740.00
556.27 740.00
556.27 740.00
556.13 741.00
556.13 741.00
556.01 742.00
556.00 745.00
556.00 745.00
556.00 745.00
556.00 745.00
555.99 751.00
555.99 751.00
555.99 752.00
555.99 752.00
555.99 752.00
555.99 752.00
555.99 752.00
555.99 752.00
555.99 752.00
555.99 752.00
555.99 752.00
555.99 752.00
555.99 752.00
555.99 752.00
555.99 752.00
555.99 759.00
555.99 759.00
555.98 760.00
555.98 760.00
555.98 760.00
555.98 760.00
555.98 760.00
555.98 760.00
555.93 763.00
555.93 763.00
555.65 764.00
555.65 764.00
555.14 765.00
555.14 765.00
555.02 766.00
555.02 766.00
555.00 767.00
555.00 767.00
555.00 767.00
555.00 767.00
555.00 767.00
555.00 767.00
555.00 770.00
555.00 770.00
555.00 771.00
555.00 771.00
555.00 772.00
555.00 773.00
555.00 773.00
555.00 773.00
555.00 773.00
555.00 773.00
555.00 773.00
555.00 773.00
555.00 773.00
555.00 773.00
555.00 773.00
555.00 773.00
555.00 773.00
555.00 773.00
555.00 773.00
555.00 774.00
555.00 774.00
555.00 775.00
555.00 776.00
555.00 776.00
555.00 783.00
555.00 783.00
555.00 784.00
555.00 784.00
555.00 785.00
555.00 785.00
554.99 786.00
554.99 786.00
554.99 787.00
554.99 787.00
554.99 787.00
554.99 787.00
554.99 787.00
554.99 787.00
554.99 787.00
554.63 793.00
554.63 793.00
554.02 794.00
554.02 794.00
553.60 795.00
553.60 795.00
553.60 795.00
553.22 796.00
553.22 796.00
553.03 797.00
553.03 797.00
553.00 798.00
553.00 798.00
553.00 798.00
552.93 799.00
552.93 799.00
552.67 800.00
552.67 800.00
552.30 801.00
552.30 801.00
552.30 801.00
552.15 801.00
552.15 801.00
552.15 801.00
552.15 801.00
552.30 801.00
552.30 801.00
552.30 801.00
552.30 801.00
552.30 801.00
552.30 801.00
552.30 801.00
552.06 802.00
552.06 802.00
552.01 803.00
552.01 803.00
552.00 804.00
552.00 804.00
551.95 805.00
551.95 805.00
551.95 805.00
551.74 806.00
551.74 806.00
551.38 807.00
551.38 807.00
551.08 808.00
551.08 808.00
551.08 808.00
551.02 810.00
551.02 810.00
551.02 810.00
551.02 810.00
551.01 811.00
551.00 818.00
551.00 818.00
550.99 813.00
550.99 813.00
550.99 814.00
550.99 814.00
550.99 815.00
550.99 815.00
551.00 816.00
551.00 816.00
551.00 817.00
551.00 817.00
551.00 824.00
551.00 824.00
551.00 825.00
551.00 825.00
551.00 826.00
551.00 826.00
551.00 827.00
551.00 827.00
551.00 828.00
551.00 828.00
551.00 828.00
551.00 828.00
551.00 828.00
551.00 828.00
551.00 828.00
551.00 828.00
551.00 828.00
551.00 828.00
551.00 828.00
551.00 828.00
551.00 828.00
551.00 829.00
551.00 829.00
551.00 830.00
551.00 830.00
551.00 837.00
551.00 837.00
550.93 838.00
550.93 838.00
550.67 839.00
550.67 839.00
550.15 840.00
550.15 840.00
550.02 841.00
550.02 841.00
550.01 842.00
550.01 842.00
550.01 842.00
550.01 842.00
550.00 844.00
550.00 844.00
549.99 845.00
549.99 845.00
549.99 845.00
549.99 845.00
549.95 847.00
549.51 848.00
549.51 848.00
549.16 849.00
549.16 849.00
549.16 849.00
548.93 850.00
548.93 850.00
548.93 850.00
548.93 850.00
549.04 850.00
549.04 850.00
549.04 850.00
549.04 850.00
549.16 849.00
549.04 850.00
549.04 850.00
549.04 850.00
548.93 850.00
548.93 850.00
548.80 851.00
548.80 851.00
548.44 852.00
548.44 852.00
548.13 853.00
548.13 853.00
548.01 854.00
548.01 854.00
548.00 858.00
548.00 858.00
548.00 858.00
548.00 858.00
548.00 858.00
548.00 858.00
548.00 858.00
548.00 858.00
548.00 859.00
548.00 859.00
548.00 861.00
548.00 861.00
548.00 861.00
548.00 861.00
547.97 862.00
547.97 862.00
547.80 863.00
547.80 863.00
547.44 864.00
547.44 864.00
547.13 865.00
547.13 865.00
547.01 866.00
547.01 866.00
547.00 869.00
547.00 869.00
547.00 869.00
547.00 869.00
547.00 869.00
547.00 870.00
547.00 870.00
547.00 871.00
547.00 871.00
547.00 872.00
547.00 872.00
547.00 873.00
547.00 873.00
547.00 874.00
547.00 874.00
546.97 875.00
546.97 875.00
546.80 876.00
546.80 876.00
546.44 877.00
546.44 877.00
546.32 884.00
546.32 884.00
546.85 885.00
546.85 885.00
546.98 886.00
546.98 886.00
546.99 887.00
546.99 887.00
546.99 888.00
546.98 886.00
546.95 889.00
546.94 886.00
546.95 889.00
546.98 886.00
546.99 888.00
546.99 888.00
546.99 888.00
546.99 888.00
546.99 893.00
546.93 893.00
546.87 889.00
546.83 892.00
546.74 890.00
546.68 892.00
546.68 892.00
546.55 892.00
546.55 892.00
546.55 892.00
546.55 892.00
546.93 893.00
546.93 893.00
546.99 895.00
546.99 895.00
546.94 901.00
546.94 901.00
546.54 902.00
546.54 902.00
546.18 903.00
546.01 904.00
546.01 904.00
546.00 905.00
546.00 905.00
546.00 905.00
546.00 905.00
546.00 905.00
546.00 905.00
545.99 908.00
545.99 908.00
545.99 909.00
545.99 909.00
545.99 909.00
545.99 909.00
545.99 909.00
545.99 909.00
545.99 909.00
545.99 909.00
545.99 909.00
545.99 909.00
545.99 909.00
545.99 909.00
545.99 909.00
546.00 915.00
546.00 915.00
546.00 915.00
546.00 915.00
546.00 915.00
546.00 915.00
546.00 915.00
546.00 915.00
546.00 915.00
546.00 915.00
545.99 921.00
545.99 921.00
545.90 922.00
545.90 922.00
545.61 923.00
545.61 923.00
545.24 924.00
545.24 924.00
545.03 925.00
545.03 925.00
545.00 926.00
545.00 926.00
545.00 926.00
545.00 926.00
545.00 928.00
545.00 928.00
544.99 929.00
544.99 929.00
544.92 930.00
544.92 930.00
544.65 931.00
544.65 931.00
544.14 932.00
544.14 932.00
544.14 932.00
544.14 932.00
544.14 932.00
544.05 933.00
544.01 935.00
544.01 933.00
544.01 933.00
544.01 936.00
544.05 933.00
544.05 933.00
544.14 932.00
544.05 933.00
544.05 933.00
544.01 936.00
543.99 938.00
543.93 940.00
543.83 941.00
543.83 941.00
543.83 941.00
543.83 941.00
543.83 941.00
543.83 941.00
543.83 941.00
543.83 941.00
543.83 941.00
543.83 941.00
543.83 941.00
543.83 941.00
543.67 941.00
543.67 941.00
543.48 942.00
543.48 942.00
543.06 943.00
543.06 943.00
543.00 944.00
543.00 944.00
543.00 945.00
543.00 945.00
543.00 950.00
543.00 950.00
543.00 950.00
543.00 950.00
543.00 950.00
543.00 950.00
543.00 950.00
543.00 950.00
543.00 956.00
543.00 956.00
543.00 956.00
543.00 956.00
543.00 956.00
543.00 958.00
542.99 959.00
542.99 959.00
542.89 960.00
542.76 961.00
542.59 961.00
542.59 961.00
542.59 961.00
542.59 961.00
542.40 962.00
542.40 962.00
542.40 962.00
542.23 962.00
542.23 962.00
542.23 962.00
542.23 962.00
542.23 962.00
542.23 962.00
542.23 962.00
542.23 962.00
542.10 963.00
542.10 963.00
542.01 969.00
542.01 969.00
542.01 969.00
542.01 969.00
542.01 969.00
541.99 966.00
542.00 973.00
542.00 973.00
542.00 974.00
542.00 974.00
542.00 975.00
541.99 976.00
541.99 976.00
541.99 977.00
541.99 977.00
541.99 977.00
541.99 977.00
541.99 977.00
541.99 977.00
541.99 977.00
541.99 977.00
541.99 977.00
541.99 977.00
541.99 977.00
541.99 977.00
541.99 977.00
541.99 977.00
541.99 978.00
541.99 978.00
542.00 979.00
542.00 979.00
542.00 986.00
542.00 986.00
541.99 987.00
541.99 987.00
541.88 988.00
541.88 988.00
541.57 989.00
541.57 989.00
541.21 990.00
541.04 991.00
541.04 991.00
541.00 992.00
541.00 992.00
541.00 992.00
541.00 993.00
541.00 993.00
541.00 994.00
541.00 994.00
540.99 995.00
540.99 995.00
540.99 995.00
540.99 995.00
540.99 995.00
540.99 995.00
540.99 995.00
540.99 995.00
540.99 995.00
540.99 995.00
540.99 995.00
540.99 995.00
540.99 995.00
540.99 996.00
540.99 996.00
541.00 997.00
541.00 997.00
541.00 998.00
541.00 998.00
541.00 1005.00
541.00 1005.00
540.99 1006.00
540.99 1006.00
540.98 1007.00
540.98 1007.00
540.98 1007.00
540.98 1007.00
540.98 1007.00
540.98 1007.00
540.92 1010.00
540.92 1010.00
540.62 1011.00
540.62 1011.00
540.25 1012.00
540.25 1012.00
540.05 1013.00
540.05 1013.00
540.00 1014.00
540.00 1014.00
540.00 1015.00
540.00 1015.00
540.00 1016.00
540.00 1016.00
539.93 1017.00
539.93 1017.00
539.51 1018.00
539.51 1018.00
539.51 1018.00
539.51 1018.00
539.51 1018.00
539.51 1018.00
539.51 1018.00
539.51 1018.00
539.70 1018.00
539.70 1018.00
539.70 1018.00
539.70 1018.00
539.70 1018.00
539.70 1018.00
539.70 1018.00
539.32 1019.00
539.32 1019.00
539.07 1020.00
539.07 1020.00
539.00 1021.00
539.00 1021.00
539.00 1022.00
539.00 1022.00
538.96 1023.00
538.96 1023.00
538.76 1024.00
538.76 1024.00
538.39 1025.00
538.39 1025.00
538.10 1026.00
538.10 1026.00
538.01 1027.00
538.01 1027.00
538.00 1028.00
538.00 1028.00
538.00 1028.00
538.00 1029.00
538.00 1029.00
538.00 1030.00
538.00 1030.00
538.00 1031.00
538.00 1031.00
537.97 1032.00
537.97 1032.00
537.79 1033.00
537.79 1033.00
537.44 1034.00
537.44 1034.00
537.12 1035.00
537.01 1036.00
537.01 1036.00
537.09 1043.00
537.09 1043.00
537.36 1044.00
537.36 1044.00
537.73 1045.00
537.73 1045.00
537.96 1046.00
537.96 1046.00
538.00 1047.00
538.00 1047.00
538.00 1047.00
538.00 1047.00
538.00 1049.00
538.00 1049.00
538.01 1050.00
538.01 1050.00
538.01 1050.00
538.00 1047.00
537.96 1046.00
537.87 1046.00
537.99 1048.00
537.99 1048.00
537.99 1048.00
537.99 1048.00
537.99 1049.00
537.99 1049.00
538.00 1051.00
538.00 1051.00
538.00 1051.00
538.02 1052.00
538.02 1052.00
538.17 1053.00
538.17 1053.00
538.51 1054.00
538.51 1054.00
538.95 1055.00
538.95 1055.00
538.99 1057.00
538.99 1057.00
538.99 1057.00
538.99 1057.00
538.99 1057.00
538.99 1058.00
538.99 1058.00
539.00 1059.00
539.00 1059.00
539.00 1059.00
537.90 1069.00
537.90 1069.00
537.17 1070.00
537.17 1070.00
537.17 1070.00
536.92 1071.00
536.92 1071.00
536.92 1071.00
536.66 1072.00
536.66 1072.00
536.48 1073.00
536.48 1073.00
536.48 1073.00
536.54 1073.00
536.66 1072.00
536.66 1072.00
536.78 1074.00
536.79 1072.00
536.79 1072.00
536.90 1075.00
536.90 1075.00
536.90 1075.00
536.97 1075.00
536.97 1075.00
536.97 1079.00
536.97 1075.00
536.92 1079.00
536.90 1075.00
536.80 1080.00
536.80 1080.00
536.80 1080.00
536.64 1080.00
536.64 1080.00
536.64 1080.00
536.45 1081.00
536.45 1081.00
536.45 1081.00
536.27 1081.00
536.27 1081.00
536.27 1081.00
536.27 1081.00
536.13 1082.00
536.13 1082.00
536.13 1082.00
536.01 1085.00
536.01 1085.00
536.01 1085.00
536.01 1085.00
536.01 1085.00
536.01 1085.00
536.01 1086.00
536.01 1086.00
536.00 1087.00
536.00 1087.00
536.00 1091.00
536.00 1091.00
536.00 1091.00
536.00 1091.00
536.00 1091.00
536.00 1091.00
536.00 1091.00
536.00 1091.00
535.99 1092.00
535.97 1093.00
535.90 1093.00
535.79 1094.00
535.79 1094.00
535.43 1095.00
535.43 1095.00
535.12 1096.00
535.12 1096.00
535.01 1100.00
535.01 1100.00
535.01 1100.00
535.01 1100.00
535.01 1100.00
535.01 1100.00
535.01 1100.00
535.01 1100.00
535.01 1101.00
534.99 1105.00
534.88 1108.00
534.88 1108.00
534.75 1109.00
534.75 1109.00
534.75 1109.00
534.75 1109.00
534.83 1111.00
534.88 1108.00
534.96 1108.00
535.06 1112.00
535.19 1113.00
535.19 1113.00
535.19 1113.00
535.19 1113.00
535.19 1113.00
535.19 1113.00
535.06 1112.00
535.06 1112.00
534.97 1117.00
534.95 1112.00
534.85 1118.00
534.85 1118.00
534.70 1118.00
534.70 1118.00
534.70 1118.00
534.70 1118.00
534.70 1118.00
534.70 1118.00
534.70 1118.00
534.70 1118.00
534.85 1118.00
534.85 1118.00
534.85 1118.00
534.85 1118.00
534.52 1119.00
534.52 1119.00
534.06 1120.00
534.06 1120.00
534.02 1122.00
534.02 1122.00
534.02 1122.00
534.02 1122.00
534.01 1123.00
534.01 1123.00
534.00 1130.00
534.00 1130.00
534.00 1130.00
534.00 1131.00
534.00 1131.00
534.00 1132.00
534.00 1132.00
534.00 1132.00
534.00 1132.00
534.00 1132.00
534.00 1132.00
534.00 1132.00
534.00 1132.00
534.00 1132.00
534.00 1132.00
534.00 1132.00
534.00 1132.00
534.00 1132.00
534.00 1133.00
534.00 1133.00
534.00 1140.00
534.00 1140.00
534.00 1141.00
534.00 1141.00
534.00 1141.00
534.00 1141.00
534.00 1141.00
534.00 1141.00
534.00 1141.00
534.00 1141.00
534.00 1141.00
534.00 1141.00
534.00 1141.00
534.00 1141.00
534.00 1141.00
534.00 1142.00
534.00 1142.00
534.00 1143.00
534.00 1150.00
534.00 1150.00
534.00 1151.00
534.00 1151.00
534.00 1151.00
534.00 1151.00
533.99 1153.00
533.99 1153.00
533.88 1154.00
533.88 1154.00
533.57 1155.00
533.57 1155.00
533.21 1156.00
533.21 1156.00
533.03 1157.00
533.03 1157.00
533.00 1158.00
533.00 1158.00
532.92 1159.00
532.92 1159.00
532.65 1160.00
532.65 1160.00
532.28 1161.00
532.14 1161.00
532.14 1161.00
532.14 1161.00
532.06 1162.00
532.14 1161.00
532.14 1161.00
532.28 1161.00
532.28 1161.00
532.46 1161.00
532.46 1161.00
532.65 1160.00
532.65 1160.00
532.46 1161.00
532.46 1161.00
532.06 1168.00
532.06 1168.00
532.49 1169.00
532.30 1169.00
532.30 1169.00
532.30 1169.00
532.16 1169.00
532.16 1169.00
532.06 1168.00
532.02 1168.00
532.00 1167.00
532.00 1167.00
532.02 1168.00
532.02 1168.00
532.16 1169.00
532.68 1170.00
532.68 1170.00
532.94 1171.00
532.94 1171.00
532.99 1175.00
532.99 1175.00
532.99 1175.00
532.99 1175.00
532.99 1175.00
532.99 1175.00
532.99 1175.00
532.99 1175.00
532.99 1176.00
532.99 1176.00
532.99 1177.00
532.99 1177.00
533.00 1184.00
533.00 1184.00
533.00 1184.00
533.00 1184.00
532.99 1186.00
532.99 1186.00
532.90 1187.00
532.90 1187.00
532.60 1188.00
532.60 1188.00
532.19 1189.00
532.19 1189.00
531.56 1190.00
531.56 1190.00
531.19 1191.00
531.19 1191.00
530.95 1192.00
530.95 1192.00
530.95 1192.00
530.95 1192.00
531.06 1192.00
531.06 1192.00
531.19 1191.00
531.19 1191.00
531.36 1191.00
531.36 1191.00
531.56 1190.00
531.36 1191.00
531.36 1191.00
531.36 1191.00
531.06 1192.00
531.06 1192.00
531.00 1199.00
531.00 1199.00
531.00 1199.00
531.00 1199.00
531.00 1199.00
531.00 1199.00
531.00 1199.00
531.00 1199.00
531.00 1199.00
531.00 1199.00
531.00 1199.00
531.00 1199.00
531.00 1199.00
531.00 1205.00
531.00 1205.00
531.00 1206.00
531.00 1206.00
531.00 1207.00
531.00 1207.00
531.00 1207.00
531.00 1207.00
531.00 1207.00
531.00 1207.00
531.00 1206.00
531.00 1204.00
531.00 1211.00
531.00 1211.00
531.00 1212.00
531.00 1212.00
531.00 1213.00
531.00 1207.00
531.00 1208.00
531.00 1214.00
531.00 1215.00
531.00 1215.00
531.00 1216.00
531.00 1216.00
531.00 1216.00
531.00 1216.00
531.00 1216.00
531.00 1216.00
531.00 1216.00
531.00 1216.00
531.00 1216.00
531.00 1216.00
531.00 1216.00
531.00 1216.00
531.00 1216.00
531.00 1217.00
531.00 1217.00
531.00 1218.00
531.00 1218.00
531.00 1219.00
531.00 1219.00
531.00 1220.00
531.00 1220.00
531.00 1227.00
531.00 1227.00
531.00 1228.00
531.00 1228.00
531.00 1229.00
531.00 1229.00
531.00 1230.00
531.00 1230.00
530.99 1231.00
530.99 1231.00
530.92 1232.00
530.92 1232.00
530.66 1233.00
530.66 1233.00
530.14 1234.00
530.14 1234.00
530.01 1235.00
530.01 1235.00
530.00 1236.00
530.00 1236.00
530.00 1236.00
530.00 1236.00
530.00 1236.00
530.00 1236.00
529.99 1239.00
529.99 1239.00
529.99 1240.00
529.99 1240.00
529.99 1240.00
529.99 1240.00
529.99 1240.00
529.99 1240.00
529.99 1240.00
529.99 1240.00
529.99 1240.00
529.99 1240.00
529.99 1240.00
529.99 1240.00
529.99 1240.00
529.99 1240.00
529.90 1247.00
529.90 1247.00
529.61 1248.00
529.61 1248.00
529.42 1249.00
529.24 1249.00
529.24 1249.00
529.24 1249.00
529.24 1249.00
529.24 1249.00
529.24 1249.00
529.42 1249.00
529.42 1249.00
529.42 1249.00
529.42 1249.00
529.42 1249.00
529.61 1248.00
529.42 1249.00
529.42 1249.00
529.10 1250.00
529.10 1250.00
528.87 1251.00
528.87 1251.00
528.87 1251.00
528.35 1252.00
528.35 1252.00
528.08 1253.00
528.08 1253.00
528.01 1254.00
528.01 1254.00
528.00 1255.00
528.00 1255.00
528.00 1256.00
528.00 1256.00
528.00 1256.00
527.96 1257.00
527.96 1257.00
527.78 1258.00
527.78 1258.00
527.01 1267.00
527.01 1267.00
527.01 1267.00
527.01 1267.00
527.01 1267.00
527.01 1267.00
527.01 1268.00
527.01 1268.00
527.01 1269.00
527.01 1270.00
527.01 1270.00
527.00 1271.00
527.00 1271.00
527.00 1272.00
527.00 1272.00
527.00 1273.00
527.00 1273.00
527.00 1280.00
527.00 1280.00
527.00 1281.00
527.00 1281.00
527.00 1282.00
527.00 1282.00
527.00 1283.00
527.00 1283.00
527.01 1284.00
527.01 1285.00
527.01 1285.00
527.01 1285.00
527.01 1285.00
527.01 1285.00
527.01 1285.00
527.01 1285.00
527.01 1285.00
527.01 1285.00
527.01 1285.00
527.01 1285.00
527.01 1285.00
527.01 1285.00
527.01 1285.00
527.01 1286.00
527.01 1286.00
527.00 1287.00
527.00 1287.00
527.00 1287.00
527.02 1294.00
527.02 1294.00
527.02 1295.00
527.02 1295.00
527.02 1295.00
527.02 1295.00
527.09 1297.00
527.39 1298.00
527.39 1298.00
527.75 1299.00
527.75 1299.00
527.75 1299.00
527.95 1300.00
527.95 1300.00
527.97 1301.00
527.97 1301.00
527.97 1301.00
527.97 1301.00
527.97 1301.00
527.97 1301.00
527.94 1301.00
527.88 1300.00
527.86 1302.00
527.72 1302.00
527.72 1302.00
527.72 1302.00
527.72 1302.00
527.86 1302.00
527.86 1302.00
527.86 1302.00
527.35 1303.00
527.35 1303.00
527.08 1304.00
527.00 1305.00
527.00 1305.00
527.00 1307.00
527.00 1307.00
527.00 1307.00
527.00 1307.00
527.00 1307.00
527.00 1308.00
527.00 1308.00
527.00 1309.00
527.00 1309.00
527.00 1310.00
527.00 1310.00
527.00 1311.00
527.00 1312.00
527.00 1312.00
527.00 1313.00
527.00 1313.00
527.00 1313.00
527.00 1314.00
527.00 1314.00
527.00 1315.00
527.00 1315.00
527.00 1316.00
527.00 1316.00
527.00 1317.00
527.00 1318.00
527.00 1318.00
527.00 1319.00
527.00 1319.00
527.00 1320.00
527.00 1320.00
527.00 1320.00
527.00 1321.00
527.00 1321.00
527.00 1322.00
527.00 1322.00
527.00 1329.00
527.00 1329.00
527.00 1330.00
527.00 1331.00
527.00 1331.00
527.00 1326.00
527.00 1326.00
527.00 1327.00
527.00 1327.00
527.00 1328.00
527.00 1328.00
527.00 1329.00
527.00 1329.00
527.00 1330.00
527.00 1330.00
527.00 1331.00
527.00 1331.00
527.00 1332.00
527.00 1332.00
527.00 1333.00
527.00 1333.00
527.00 1334.00
527.00 1334.00
527.00 1335.00
527.00 1335.00
527.00 1336.00
527.00 1336.00
527.00 1343.00
527.00 1343.00
527.00 1344.00
527.00 1344.00
527.00 1345.00
527.00 1345.00
527.00 1346.00
527.00 1346.00
527.00 1347.00
527.00 1347.00
527.00 1348.00
527.00 1348.00
527.00 1348.00
527.00 1348.00
526.99 1350.00
526.99 1350.00
526.91 1351.00
526.91 1351.00
526.64 1352.00
526.64 1352.00
526.27 1353.00
526.27 1353.00
526.12 1354.00
526.12 1354.00
526.12 1354.00
526.12 1354.00
526.12 1354.00
526.12 1354.00
526.27 1353.00
526.27 1353.00
526.12 1354.00
526.12 1354.00
526.12 1354.00
526.27 1353.00
526.27 1353.00
526.12 1354.00
526.12 1354.00
526.01 1356.00
526.01 1356.00
526.01 1356.00
526.01 1356.00
526.01 1357.00
526.01 1362.00
526.00 1358.00
525.99 1359.00
525.99 1359.00
525.99 1360.00
525.99 1360.00
526.00 1367.00
526.00 1367.00
526.00 1367.00
526.00 1367.00
526.00 1367.00
526.00 1367.00
526.00 1367.00
526.00 1367.00
526.00 1367.00
526.00 1367.00
526.00 1367.00
526.00 1367.00
526.00 1367.00
526.00 1367.00
526.00 1368.00
526.00 1368.00
526.00 1375.00
526.00 1375.00
526.00 1376.00
526.00 1376.00
525.99 1377.00
525.99 1377.00
525.91 1378.00
525.91 1378.00
525.63 1379.00
525.63 1379.00
525.44 1380.00
525.44 1380.00
525.44 1380.00
525.44 1380.00
525.44 1380.00
525.44 1380.00
525.44 1380.00
525.44 1380.00
525.44 1380.00
525.44 1380.00
525.44 1380.00
525.44 1380.00
525.44 1380.00
525.44 1380.00
525.44 1380.00
525.13 1381.00
525.13 1381.00
525.01 1382.00
525.01 1382.00
525.00 1383.00
525.00 1383.00
525.00 1384.00
525.00 1384.00
525.00 1391.00
525.00 1391.00
525.00 1392.00
525.00 1392.00
525.00 1393.00
525.00 1393.00
525.00 1394.00
525.00 1394.00
525.00 1395.00
525.00 1395.00
525.00 1395.00
525.00 1395.00
525.00 1395.00
525.00 1395.00
525.00 1395.00
525.00 1395.00
525.00 1395.00
525.00 1395.00
525.00 1395.00
525.00 1395.00
525.00 1395.00
525.00 1395.00
525.00 1396.00
525.00 1396.00
525.00 1397.00
525.00 1397.00
525.00 1398.00
525.00 1398.00
525.00 1399.00
525.00 1399.00
525.00 1400.00
525.00 1400.00
525.00 1401.00
525.00 1401.00
525.00 1402.00
525.00 1402.00
525.00 1409.00
525.00 1409.00
525.00 1410.00
525.00 1410.00
525.00 1411.00
525.00 1411.00
525.00 1412.00
525.00 1412.00
525.00 1413.00
525.00 1413.00
525.01 1414.00
525.01 1414.00
525.01 1415.00
525.01 1415.00
525.00 1410.00
525.00 1410.00
525.00 1411.00
525.00 1411.00
525.00 1412.00
525.00 1412.00
525.00 1413.00
525.00 1413.00
525.00 1420.00
525.00 1420.00
524.99 1421.00
524.99 1421.00
524.99 1422.00
524.99 1422.00
524.98 1423.00
524.98 1423.00
524.98 1424.00
524.98 1424.00
524.98 1424.00
524.98 1424.00
524.98 1424.00
524.98 1424.00
524.87 1427.00
524.87 1427.00
524.72 1428.00
524.72 1428.00
524.72 1428.00
524.72 1428.00
524.72 1428.00
524.72 1428.00
524.87 1427.00
524.87 1427.00
524.72 1428.00
524.72 1428.00
524.72 1428.00
524.72 1428.00
524.87 1427.00
524.72 1428.00
524.72 1428.00
524.34 1429.00
524.34 1429.00
524.08 1430.00
524.08 1430.00
524.01 1431.00
524.01 1431.00
524.00 1432.00
524.00 1432.00
524.00 1433.00
524.00 1433.00
524.00 1434.00
524.00 1434.00
524.00 1441.00
524.00 1441.00
524.00 1441.00
524.00 1441.00
524.00 1441.00
524.00 1441.00
524.00 1441.00
524.00 1441.00
524.00 1441.00
524.00 1441.00
524.00 1441.00
524.00 1441.00
524.00 1441.00
524.00 1441.00
524.00 1442.00
524.00 1442.00
524.00 1443.00
524.00 1443.00
524.00 1444.00
524.00 1444.00
524.00 1445.00
524.00 1445.00
524.00 1452.00
524.00 1452.00
524.00 1453.00
524.00 1453.00
524.00 1454.00
524.00 1454.00
524.00 1455.00
524.00 1455.00
524.00 1456.00
524.00 1456.00
524.00 1456.00
524.00 1456.00
524.00 1456.00
524.00 1456.00
524.00 1456.00
524.00 1456.00
524.00 1456.00
524.00 1456.00
524.00 1456.00
524.00 1456.00
524.00 1456.00
524.00 1456.00
524.00 1457.00
524.00 1457.00
524.00 1458.00
524.00 1458.00
524.00 1459.00
524.00 1459.00
524.00 1460.00
524.00 1460.00
524.00 1461.00
524.00 1461.00
524.00 1461.00
524.00 1462.00
524.00 1462.00
524.00 1463.00
524.00 1463.00
524.00 1464.00
524.00 1464.00
524.00 1471.00
524.00 1471.00
524.00 1472.00
524.00 1472.00
524.00 1473.00
524.00 1473.00
524.00 1474.00
524.00 1474.00
524.00 1475.00
524.00 1475.00
524.00 1476.00
524.00 1476.00
524.00 1477.00
524.00 1477.00
524.00 1478.00
524.00 1478.00
524.00 1479.00
524.00 1479.00
524.00 1480.00
524.00 1480.00
524.00 1480.00
524.00 1480.00
524.00 1480.00
524.00 1480.00
524.00 1480.00
524.00 1480.00
524.00 1480.00
524.00 1480.00
524.00 1480.00
524.00 1480.00
524.00 1480.00
524.00 1480.00
524.00 1481.00
524.00 1481.00
524.00 1481.00
524.00 1482.00
524.00 1482.00
524.00 1483.00
524.00 1484.00
524.00 1484.00
524.00 1484.00
524.00 1485.00
524.00 1485.00
524.00 1486.00
524.00 1486.00
524.00 1487.00
524.00 1487.00
524.00 1494.00
524.00 1494.00
524.00 1495.00
524.00 1491.00
524.00 1491.00
524.00 1491.00
524.00 1491.00
524.00 1491.00
524.00 1498.00
524.00 1498.00
524.00 1499.00
524.00 1499.00
524.00 1494.00
524.00 1494.00
524.00 1501.00
524.00 1501.00
524.00 1502.00
524.00 1502.00
524.00 1503.00
524.00 1503.00
523.99 1504.00
523.99 1504.00
523.92 1505.00
523.92 1505.00
523.82 1506.00
523.82 1506.00
523.82 1506.00
523.82 1506.00
523.82 1506.00
523.82 1506.00
523.82 1506.00
523.82 1506.00
523.82 1506.00
523.82 1506.00
523.82 1506.00
523.82 1506.00
523.82 1506.00
523.66 1506.00
523.47 1507.00
523.47 1507.00
523.06 1508.00
523.06 1508.00
523.00 1509.00
523.00 1509.00
523.00 1510.00
523.00 1510.00
523.00 1511.00
523.00 1511.00
523.00 1512.00
523.00 1512.00
523.00 1519.00
523.00 1519.00
523.00 1520.00
523.00 1520.00
523.00 1521.00
523.00 1521.00
523.00 1522.00
523.00 1522.00
523.00 1523.00
523.00 1523.00
523.00 1524.00
523.00 1524.00
523.00 1525.00
523.00 1525.00
523.00 1525.00
523.00 1526.00
523.00 1526.00
523.00 1527.00
523.00 1528.00
523.00 1528.00
523.00 1529.00
523.00 1529.00
523.00 1529.00
523.00 1529.00
523.00 1529.00
523.00 1529.00
523.00 1529.00
523.00 1529.00
523.00 1529.00
523.00 1529.00
523.00 1529.00
523.00 1529.00
523.00 1529.00
523.00 1529.00
523.00 1529.00
523.00 1530.00
523.00 1530.00
523.00 1531.00
523.00 1531.00
523.00 1532.00
523.00 1532.00
523.00 1533.00
523.00 1533.00
523.00 1534.00
523.00 1534.00
523.00 1535.00
523.00 1535.00
523.00 1536.00
523.00 1536.00
523.00 1537.00
523.00 1537.00
523.00 1538.00
523.00 1538.00
523.00 1539.00
523.00 1539.00
523.00 1540.00
523.00 1540.00
523.00 1541.00
523.00 1541.00
523.00 1542.00
523.00 1542.00
523.00 1543.00
523.00 1543.00
523.00 1544.00
523.00 1544.00
523.00 1545.00
523.00 1545.00
523.00 1552.00
523.00 1552.00
523.00 1553.00
523.00 1553.00
523.00 1554.00
523.00 1554.00
523.00 1555.00
523.00 1555.00
523.00 1556.00
523.00 1556.00
523.00 1556.00
523.00 1557.00
523.00 1557.00
523.00 1558.00
523.00 1558.00
523.00 1559.00
523.00 1559.00
523.00 1560.00
523.00 1560.00
523.00 1561.00
523.00 1561.00
523.00 1562.00
523.00 1562.00
523.00 1563.00
523.00 1563.00
523.00 1564.00
523.00 1564.00
523.00 1565.00
523.00 1565.00
523.00 1566.00
523.00 1566.00
523.00 1567.00
523.00 1567.00
523.00 1568.00
523.00 1568.00
523.00 1569.00
523.00 1569.00
523.00 1570.00
523.00 1570.00
523.00 1571.00
523.00 1571.00
523.00 1572.00
523.00 1572.00
523.00 1572.00
523.00 1572.00
523.00 1572.00
523.00 1572.00
523.00 1572.00
523.00 1572.00
523.00 1572.00
523.00 1572.00
523.00 1572.00
523.00 1572.00
523.00 1572.00
523.00 1572.00
523.00 1572.00
523.00 1573.00
523.00 1573.00
523.00 1574.00
523.00 1574.00
523.00 1575.00
523.00 1575.00
523.00 1576.00
523.00 1576.00
523.00 1577.00
523.00 1577.00
523.00 1578.00
523.00 1578.00
523.00 1579.00
523.00 1579.00
523.00 1580.00
523.00 1580.00
523.00 1581.00
523.00 1581.00
523.00 1582.00
523.00 1582.00
523.00 1582.00
523.00 1583.00
523.00 1583.00
523.00 1584.00
523.00 1584.00
523.00 1585.00
523.00 1585.00
523.00 1586.00
523.00 1586.00
523.00 1587.00
523.00 1587.00
523.00 1594.00
523.00 1595.00
523.00 1595.00
523.00 1596.00
523.00 1596.00
523.00 1596.00
523.00 1597.00
523.00 1597.00
523.00 1598.00
523.00 1598.00
523.00 1599.00
523.00 1599.00
523.00 1600.00
523.00 1600.00
523.00 1601.00
523.00 1601.00
523.00 1602.00
523.00 1602.00
523.00 1603.00
523.00 1603.00
523.00 1604.00
523.00 1604.00
523.00 1604.00
523.00 1604.00
523.00 1604.00
523.00 1604.00
523.00 1604.00
523.00 1604.00
523.00 1604.00
523.00 1604.00
523.00 1604.00
523.00 1604.00
523.00 1604.00
523.00 1604.00
523.00 1605.00
523.00 1605.00
523.00 1605.00
523.00 1606.00
523.00 1607.00
523.00 1607.00
523.00 1609.00
523.00 1609.00
523.00 1609.00
523.00 1609.00
523.00 1609.00
523.00 1610.00
523.00 1610.00
523.00 1617.00
523.00 1617.00
523.00 1617.00
523.00 1617.00
523.00 1617.00
523.00 1617.00
523.00 1620.00
523.00 1620.00
523.00 1621.00
523.00 1621.00
523.01 1622.00
523.01 1622.00
523.12 1623.00
523.12 1623.00
523.24 1624.00
523.24 1624.00
523.24 1624.00
523.38 1624.00
523.32 1626.00
523.38 1624.00
523.38 1624.00
523.38 1624.00
523.38 1624.00
523.32 1626.00
523.38 1624.00
523.38 1624.00
523.45 1625.00
523.49 1625.00
523.52 1625.00
523.52 1625.00
523.52 1625.00
523.32 1626.00
523.32 1626.00
523.08 1627.00
523.08 1627.00
523.08 1627.00
523.01 1628.00
523.01 1628.00
523.01 1628.00
523.00 1629.00
523.00 1629.00
523.00 1630.00
523.00 1630.00
523.00 1631.00
523.00 1631.00
523.00 1632.00
523.00 1632.00
523.00 1633.00
523.00 1633.00
523.00 1634.00
523.00 1634.00
523.00 1641.00
523.00 1641.00
523.00 1642.00
523.00 1642.00
523.00 1642.00
523.00 1643.00
523.00 1643.00
523.00 1643.00
523.00 1643.00
523.00 1650.00
523.00 1650.00
523.00 1651.00
523.00 1651.00
523.00 1652.00
523.00 1652.00
523.00 1653.00
523.00 1653.00
523.00 1654.00
523.00 1654.00
523.00 1655.00
523.00 1655.00
523.00 1656.00
523.00 1656.00
523.00 1657.00
523.00 1657.00
523.00 1658.00
523.00 1658.00
523.00 1658.00
523.00 1658.00
523.00 1658.00
523.00 1658.00
523.00 1658.00
523.00 1658.00
523.00 1658.00
523.00 1658.00
523.00 1658.00
523.00 1658.00
523.00 1658.00
523.00 1659.00
523.00 1659.00
523.00 1660.00
523.00 1660.00
523.00 1661.00
523.00 1661.00
523.00 1662.00
523.00 1662.00
523.00 1663.00
523.00 1663.00
523.00 1664.00
523.00 1664.00
523.00 1665.00
523.00 1665.00
523.00 1666.00
523.00 1666.00
523.00 1667.00
523.00 1667.00
523.00 1668.00
523.00 1668.00
523.00 1669.00
523.00 1669.00
523.00 1670.00
523.00 1670.00
523.00 1671.00
523.00 1671.00
523.00 1672.00
523.00 1672.00
523.00 1679.00
523.00 1679.00
523.00 1680.00
523.00 1680.00
523.00 1681.00
523.00 1681.00
523.00 1682.00
523.00 1682.00
523.00 1683.00
523.00 1683.00
523.00 1683.00
523.00 1684.00
523.00 1684.00
523.00 1685.00
523.00 1685.00
523.01 1686.00
523.01 1686.00
523.01 1687.00
523.01 1687.00
523.01 1688.00
523.01 1688.00
523.02 1689.00
523.02 1689.00
523.02 1689.00
523.02 1689.00
523.02 1689.00
523.02 1689.00
523.02 1689.00
523.02 1689.00
523.02 1689.00
523.02 1689.00
523.02 1689.00
523.02 1689.00
523.02 1689.00
523.02 1689.00
523.01 1690.00
523.01 1690.00
523.01 1690.00
522.96 1691.00
522.96 1691.00
522.96 1691.00
522.75 1698.00
522.75 1698.00
522.96 1699.00
522.96 1699.00
523.00 1700.00
523.00 1700.00
523.00 1700.00
523.00 1700.00
523.00 1700.00
523.00 1700.00
523.00 1700.00
523.00 1703.00
523.01 1704.00
523.01 1704.00
523.01 1705.00
523.01 1705.00
523.01 1705.00
523.09 1706.00
523.09 1706.00
523.35 1707.00
523.35 1707.00
523.73 1708.00
523.73 1708.00
523.95 1709.00
523.95 1709.00
524.00 1710.00
524.00 1710.00
524.00 1711.00
524.00 1711.00
524.06 1712.00
524.06 1712.00
524.46 1713.00
524.46 1713.00
524.82 1714.00
524.82 1714.00
524.82 1714.00
524.93 1715.00
524.93 1715.00
524.93 1715.00
524.82 1714.00
524.82 1714.00
524.82 1714.00
524.65 1714.00
524.65 1714.00
524.65 1714.00
524.65 1714.00
524.65 1714.00
524.93 1715.00
524.93 1715.00
524.98 1717.00
524.98 1717.00
524.98 1717.00
524.98 1717.00
524.98 1718.00
524.98 1718.00
524.99 1719.00
524.99 1719.00
524.99 1719.00
525.00 1726.00
525.00 1726.00
525.00 1727.00
525.00 1727.00
525.01 1722.00
525.01 1722.00
525.01 1723.00
525.01 1723.00
525.01 1723.00
525.01 1724.00
525.01 1724.00
525.01 1725.00
525.01 1725.00
525.00 1726.00
525.00 1726.00
525.00 1727.00
525.00 1727.00
525.00 1728.00
525.00 1728.00
525.00 1729.00
525.00 1729.00
525.00 1730.00
525.00 1730.00
525.00 1730.00
525.00 1731.00
525.00 1731.00
525.00 1732.00
525.00 1732.00
525.00 1733.00
525.00 1733.00
525.00 1734.00
525.00 1734.00
525.00 1735.00
525.00 1735.00
525.00 1736.00
525.00 1736.00
525.00 1737.00
525.00 1737.00
525.00 1744.00
525.00 1744.00
525.00 1745.00
525.00 1745.00
525.00 1746.00
525.00 1746.00
525.00 1747.00
525.00 1747.00
525.00 1748.00
525.00 1748.00
525.00 1749.00
525.00 1749.00
525.00 1750.00
525.00 1750.00
525.00 1751.00
525.00 1751.00
525.00 1752.00
525.00 1752.00
525.00 1752.00
525.01 1753.00
525.01 1753.00
525.01 1754.00
525.01 1754.00
525.01 1755.00
525.01 1755.00
525.01 1756.00
525.01 1756.00
525.01 1756.00
525.01 1756.00
525.01 1756.00
525.01 1756.00
525.01 1756.00
525.01 1756.00
525.01 1756.00
525.01 1756.00
525.01 1756.00
525.01 1756.00
525.01 1756.00
525.01 1756.00
525.01 1756.00
525.01 1757.00
525.01 1757.00
525.01 1758.00
525.01 1758.00
525.01 1759.00
525.01 1759.00
525.14 1766.00
525.14 1766.00
525.46 1767.00
525.46 1767.00
525.80 1768.00
525.80 1768.00
525.97 1769.00
525.97 1769.00
525.97 1769.00
526.00 1770.00
526.00 1770.00
526.00 1771.00
526.00 1771.00
526.00 1771.00
526.00 1771.00
526.00 1771.00
526.00 1771.00
526.00 1771.00
526.00 1771.00
526.00 1775.00
526.00 1775.00
526.01 1776.00
526.01 1776.00
526.01 1776.00
526.01 1776.00
526.01 1776.00
526.01 1776.00
526.01 1776.00
526.01 1776.00
526.01 1776.00
526.01 1776.00
526.01 1776.00
526.01 1776.00
526.01 1776.00
526.01 1782.00
526.01 1782.00
526.01 1782.00
526.01 1782.00
526.06 1784.00
526.06 1784.00
526.33 1785.00
526.33 1785.00
526.85 1786.00
526.85 1786.00
526.98 1787.00
526.98 1787.00
527.00 1788.00
527.00 1788.00
527.00 1789.00
527.00 1789.00
527.00 1789.00
527.00 1789.00
527.00 1789.00
527.00 1789.00
527.00 1792.00
527.00 1792.00
527.00 1793.00
527.00 1793.00
527.00 1794.00
527.00 1794.00
527.00 1794.00
527.07 1795.00
527.07 1795.00
527.31 1796.00
527.31 1796.00
527.49 1796.00
527.49 1796.00
527.49 1796.00
527.49 1796.00
527.64 1799.00
527.64 1799.00
527.64 1799.00
527.68 1797.00
527.68 1797.00
527.78 1799.00
527.82 1797.00
527.88 1798.00
527.89 1798.00
527.89 1798.00
527.89 1798.00
527.89 1798.00
527.89 1798.00
527.98 1805.00
527.98 1805.00
527.98 1805.00
528.00 1806.00
528.00 1806.00
528.00 1807.00
528.00 1807.00
528.00 1808.00
528.00 1808.00
528.00 1809.00
528.00 1809.00
528.00 1809.00
528.00 1809.00
528.00 1809.00
528.00 1809.00
528.00 1809.00
528.00 1809.00
528.00 1809.00
528.00 1809.00
528.00 1809.00
528.00 1809.00
528.00 1809.00
528.00 1809.00
528.00 1809.00
528.00 1816.00
528.00 1816.00
528.01 1817.00
528.01 1817.00
528.01 1818.00
528.01 1818.00
528.01 1819.00
528.01 1819.00
528.01 1819.00
528.01 1819.00
528.01 1819.00
528.01 1819.00
528.01 1819.00
528.01 1819.00
528.01 1819.00
528.01 1819.00
528.01 1819.00
528.01 1819.00
528.06 1825.00
528.06 1825.00
528.51 1826.00
528.51 1826.00
528.51 1826.00
528.84 1827.00
528.84 1827.00
528.84 1827.00
528.84 1827.00
528.84 1827.00
528.84 1827.00
528.84 1827.00
528.84 1827.00
528.69 1827.00
528.69 1827.00
528.69 1827.00
528.84 1827.00
528.84 1827.00
528.84 1827.00
528.93 1828.00
528.93 1828.00
529.00 1829.00
529.00 1829.00
529.00 1832.00
529.00 1832.00
529.00 1832.00
529.00 1832.00
529.00 1832.00
529.00 1832.00
529.00 1832.00
529.00 1832.00
529.00 1832.00
529.00 1832.00
529.00 1833.00
529.00 1833.00
529.00 1833.00
529.00 1840.00
529.00 1840.00
529.00 1840.00
529.00 1841.00
529.00 1841.00
529.00 1842.00
529.00 1842.00
529.00 1842.00
529.00 1842.00
529.00 1842.00
529.00 1842.00
529.00 1842.00
529.00 1842.00
529.00 1842.00
529.00 1842.00
529.00 1842.00
529.00 1842.00
529.00 1842.00
529.00 1842.00
529.00 1843.00
529.00 1843.00
529.00 1844.00
529.00 1844.00
529.00 1845.00
529.00 1845.00
529.00 1846.00
529.00 1846.00
529.00 1847.00
529.00 1847.00
529.00 1848.00
529.00 1848.00
529.00 1849.00
529.00 1849.00
529.00 1856.00
529.00 1856.00
529.00 1857.00
529.00 1857.00
529.00 1858.00
529.00 1858.00
529.00 1859.00
529.00 1859.00
529.00 1860.00
529.00 1860.00
529.00 1861.00
529.00 1861.00
529.00 1862.00
529.00 1863.00
529.00 1863.00
529.00 1864.00
529.00 1864.00
529.00 1864.00
529.00 1864.00
529.00 1864.00
529.00 1866.00
529.00 1867.00
529.00 1867.00
529.00 1868.00
529.00 1868.00
528.99 1869.00
528.99 1869.00
529.00 1864.00
529.00 1864.00
529.00 1864.00
529.00 1864.00
529.00 1865.00
529.00 1865.00
529.00 1865.00
529.00 1866.00
529.00 1866.00
529.01 1873.00
529.01 1873.00
529.02 1874.00
529.02 1874.00
529.02 1874.00
529.02 1874.00
529.02 1874.00
529.02 1874.00
529.02 1874.00
529.12 1877.00
529.12 1877.00
529.44 1878.00
529.44 1878.00
529.79 1879.00
529.79 1879.00
529.97 1880.00
529.97 1880.00
530.00 1881.00
530.00 1881.00
530.00 1882.00
530.00 1882.00
530.00 1883.00
530.00 1883.00
530.00 1884.00
530.00 1884.00
530.00 1885.00
530.00 1885.00
530.00 1885.00
530.00 1885.00
530.00 1885.00
530.00 1885.00
530.00 1885.00
530.00 1885.00
530.00 1885.00
530.00 1885.00
530.00 1885.00
530.00 1885.00
530.00 1885.00
530.00 1885.00
530.00 1885.00
530.00 1886.00
530.00 1886.00
530.00 1893.00
530.00 1893.00
530.00 1894.00
530.00 1894.00
530.00 1894.00
530.00 1894.00
530.00 1894.00
530.00 1894.00
530.00 1894.00
530.00 1894.00
530.00 1894.00
530.00 1894.00
530.00 1894.00
530.00 1894.00
530.00 1894.00
530.00 1894.00
530.00 1895.00
530.00 1895.00
530.00 1897.00
530.00 1897.00
530.00 1897.00
530.00 1897.00
530.00 1897.00
529.97 1898.00
529.97 1898.00
529.81 1899.00
529.81 1899.00
529.47 1900.00
529.47 1900.00
529.04 1901.00
529.04 1901.00
529.01 1904.00
529.01 1904.00
529.01 1904.00
529.01 1904.00
529.01 1904.00
529.01 1904.00
529.01 1910.00
529.01 1910.00
529.01 1910.00
529.01 1910.00
529.01 1910.00
529.01 1910.00
529.01 1910.00
529.01 1910.00
529.01 1910.00
529.01 1910.00
529.01 1910.00
529.01 1910.00
529.01 1911.00
529.01 1911.00
529.00 1912.00
529.00 1912.00
529.00 1913.00
529.00 1913.00
529.00 1920.00
529.00 1920.00
529.00 1920.00
529.00 1920.00
529.00 1920.00
529.00 1920.00
529.00 1920.00
529.00 1920.00
529.00 1920.00
529.00 1920.00
529.01 1925.00
529.01 1925.00
529.09 1926.00
529.09 1926.00
529.35 1927.00
529.35 1927.00
529.72 1928.00
529.72 1928.00
529.96 1929.00
529.96 1929.00
530.01 1930.00
530.01 1930.00
530.01 1930.00
530.01 1930.00
530.01 1930.00
530.01 1930.00
530.01 1930.00
530.01 1930.00
530.01 1930.00
530.01 1930.00
530.01 1930.00
530.01 1930.00
530.01 1930.00
530.01 1930.00
530.01 1931.00
530.01 1931.00
530.01 1938.00
530.01 1938.00
530.01 1939.00
530.01 1939.00
530.01 1940.00
530.01 1940.00
530.01 1939.00
529.99 1935.00
529.99 1936.00
529.99 1936.00
530.00 1943.00
530.00 1943.00
529.98 1944.00
529.98 1944.00
529.98 1945.00
529.98 1945.00
529.98 1946.00
529.98 1946.00
529.98 1946.00
529.98 1946.00
529.98 1946.00
529.98 1946.00
529.94 1949.00
529.94 1949.00
529.48 1950.00
529.48 1950.00
529.48 1950.00
529.30 1951.00
529.30 1951.00
529.30 1951.00
529.30 1951.00
529.30 1951.00
529.48 1950.00
529.48 1950.00
529.48 1950.00
529.48 1950.00
529.30 1951.00
529.30 1951.00
529.30 1951.00
529.30 1951.00
529.07 1952.00
529.07 1952.00
529.01 1957.00
529.01 1957.00
529.01 1957.00
529.01 1957.00
529.01 1957.00
529.01 1957.00
529.01 1957.00
529.01 1957.00
529.01 1957.00
529.01 1957.00
529.01 1958.00
529.01 1958.00
529.01 1965.00
529.01 1965.00
529.01 1966.00
529.01 1966.00
529.01 1966.00
529.01 1966.00
529.01 1966.00
529.01 1966.00
529.01 1966.00
529.01 1966.00
529.01 1966.00
529.01 1966.00
529.01 1966.00
529.01 1966.00
529.01 1966.00
529.01 1966.00
528.97 1967.00
528.97 1967.00
528.78 1968.00
528.78 1968.00
528.43 1969.00
528.43 1969.00
528.12 1970.00
528.12 1970.00
528.01 1971.00
528.01 1971.00
528.00 1972.00
528.00 1972.00
528.00 1973.00
528.00 1973.00
528.00 1974.00
528.00 1974.00
528.00 1975.00
528.00 1975.00
528.00 1976.00
528.00 1976.00
527.98 1977.00
527.98 1977.00
527.98 1977.00
527.80 1978.00
527.80 1978.00
527.44 1979.00
527.44 1979.00
527.13 1980.00
527.13 1980.00
527.00 1981.00
527.00 1981.00
527.00 1984.00
527.00 1984.00
527.00 1984.00
527.00 1984.00
527.00 1984.00
527.00 1984.00
527.00 1985.00
527.00 1985.00
527.00 1986.00
527.00 1986.00
527.00 1987.00
527.00 1987.00
527.00 1988.00
527.00 1988.00
527.00 1995.00
527.00 1995.00
527.00 1996.00
527.00 1996.00
527.00 1997.00
527.00 1997.00
527.00 1997.00
527.00 1997.00
527.00 1997.00
527.00 1997.00
527.00 1997.00
527.00 1997.00
527.00 1997.00
527.00 1997.00
527.00 1997.00
527.00 1997.00
527.00 1997.00
527.00 1997.00
527.00 1998.00
527.00 1998.00
527.00 2002.00
527.00 2002.00
527.00 2002.00
527.00 2002.00
527.00 2002.00
527.00 2002.00
527.00 2002.00
527.00 2002.00
527.00 2003.00
527.00 2003.00
526.97 2004.00
526.97 2004.00
526.80 2005.00
526.80 2005.00
526.45 2006.00
526.45 2006.00
526.13 2007.00
526.13 2007.00
526.01 2012.00
526.01 2012.00
526.01 2012.00
526.01 2012.00
526.01 2012.00
526.01 2012.00
526.01 2012.00
526.01 2012.00
526.02 2018.00
526.02 2018.00
526.02 2018.00
526.02 2018.00
526.00 2020.00
525.99 2016.00
525.99 2016.00
525.99 2016.00
525.99 2016.00
693.67 144.00
693.67 144.00
693.67 144.00
693.67 144.00
693.67 144.00
693.67 144.00
693.67 144.00
693.67 144.00
693.67 144.00
693.67 144.00
693.67 144.00
693.65 150.00
693.65 150.00
693.14 151.00
693.14 151.00
693.01 152.00
693.01 152.00
693.00 153.00
693.00 153.00
693.00 153.00
693.00 155.00
693.00 155.00
693.00 156.00
693.00 156.00
692.99 157.00
692.99 157.00
692.93 158.00
692.93 158.00
692.50 159.00
692.50 159.00
692.15 160.00
692.15 160.00
691.93 161.00
691.93 161.00
691.63 162.00
691.63 162.00
691.26 163.00
691.26 163.00
691.04 164.00
691.04 164.00
691.00 165.00
691.00 165.00
691.00 165.00
691.00 165.00
691.00 167.00
691.00 167.00
690.99 168.00
690.99 168.00
690.93 169.00
690.67 170.00
690.67 170.00
690.15 171.00
690.15 171.00
690.02 172.00
690.02 172.00
690.00 173.00
690.00 173.00
689.99 174.00
689.99 174.00
689.87 175.00
689.87 175.00
689.55 176.00
689.55 176.00
689.20 177.00
689.20 177.00
689.03 178.00
689.00 179.00
689.00 179.00
689.00 180.00
689.00 180.00
688.99 181.00
688.99 181.00
688.99 181.00
688.90 182.00
688.90 182.00
688.63 183.00
688.63 183.00
688.25 184.00
688.25 184.00
688.04 185.00
687.94 186.00
687.94 186.00
687.52 187.00
687.52 187.00
687.18 188.00
687.18 188.00
687.02 189.00
687.02 189.00
686.99 190.00
686.99 190.00
686.90 191.00
686.90 191.00
686.64 192.00
686.64 192.00
686.47 193.00
686.47 193.00
686.47 193.00
686.32 195.00
686.18 195.00
686.18 195.00
686.07 196.00
686.01 196.00
685.97 197.00
685.90 197.00
685.90 197.00
685.78 198.00
685.78 198.00
685.64 198.00
685.64 198.00
685.53 200.00
685.52 199.00
685.45 200.00
685.45 200.00
685.32 201.00
685.32 201.00
685.18 201.00
685.18 201.00
685.08 202.00
685.02 202.00
684.96 205.00
684.89 205.00
684.77 206.00
684.59 206.00
684.40 207.00
684.40 207.00
684.23 207.00
684.10 208.00
684.10 208.00
684.03 208.00
683.99 209.00
683.94 209.00
683.84 210.00
683.84 210.00
683.69 210.00
683.69 210.00
683.69 210.00
683.50 210.00
683.50 210.00
683.50 210.00
683.31 211.00
683.31 211.00
683.31 211.00
683.07 212.00
682.97 213.00
682.97 213.00
682.78 214.00
682.78 214.00
682.41 215.00
682.41 215.00
682.11 216.00
682.11 216.00
682.01 217.00
682.01 217.00
682.01 218.00
682.01 218.00
682.00 219.00
682.00 219.00
682.00 222.00
682.00 222.00
682.00 222.00
682.00 222.00
682.00 222.00
681.97 223.00
681.97 223.00
681.80 224.00
681.80 224.00
681.45 225.00
681.45 225.00
681.12 226.00
681.12 226.00
681.00 227.00
681.00 227.00
680.99 228.00
680.99 228.00
680.86 229.00
680.33 230.00
680.33 230.00
680.07 231.00
680.07 231.00
680.01 233.00
680.01 233.00
680.01 233.00
680.01 233.00
680.00 234.00
680.00 234.00
680.00 236.00
680.00 236.00
680.00 236.00
680.00 236.00
679.96 237.00
679.96 237.00
679.74 238.00
679.74 238.00
679.37 239.00
679.37 239.00
679.09 240.00
679.09 240.00
679.01 242.00
679.01 242.00
679.01 242.00
679.01 242.00
679.01 246.00
679.01 246.00
679.01 246.00
679.01 246.00
679.01 246.00
679.01 246.00
679.01 246.00
678.97 247.00
678.90 247.00
678.76 248.00
678.76 248.00
678.40 249.00
678.40 249.00
678.10 250.00
678.10 250.00
678.10 250.00
678.01 251.00
677.98 253.00
677.92 253.00
677.83 254.00
677.83 254.00
677.67 254.00
677.67 254.00
677.48 255.00
677.48 255.00
677.06 256.00
677.06 256.00
677.01 258.00
677.01 258.00
677.01 258.00
677.01 258.00
677.00 259.00
677.00 259.00
677.00 260.00
676.99 260.00
676.94 262.00
676.85 263.00
676.85 263.00
676.70 263.00
676.70 263.00
676.33 264.00
676.33 264.00
676.07 265.00
676.07 265.00
676.00 266.00
676.00 266.00
675.96 267.00
675.96 267.00
675.89 271.00
675.89 271.00
675.89 271.00
675.89 271.00
675.89 271.00
675.89 271.00
675.88 271.00
675.82 272.00
675.68 272.00
675.49 273.00
675.49 273.00
675.05 274.00
675.05 274.00
675.01 276.00
675.01 276.00
675.01 276.00
675.01 276.00
675.00 277.00
675.00 277.00
674.98 278.00
674.98 278.00
674.74 279.00
674.74 279.00
674.37 280.00
674.37 280.00
674.08 281.00
674.08 281.00
674.01 283.00
674.01 283.00
674.01 283.00
674.01 283.00
673.97 284.00
673.90 284.00
673.79 285.00
673.44 286.00
673.44 286.00
673.12 287.00
673.12 287.00
673.01 289.00
673.01 289.00
673.01 289.00
673.01 289.00
673.01 290.00
673.01 290.00
673.00 293.00
673.00 293.00
673.00 293.00
673.00 293.00
672.99 294.00
672.91 295.00
672.91 295.00
672.80 296.00
672.65 296.00
672.65 296.00
672.46 297.00
672.46 297.00
672.27 297.00
672.13 298.00
672.01 300.00
671.93 304.00
671.82 305.00
671.82 305.00
671.66 305.00
671.66 305.00
671.66 305.00
671.66 305.00
671.47 306.00
671.47 306.00
671.47 306.00
671.29 306.00
671.29 306.00
671.29 306.00
671.15 306.00
671.15 306.00
671.06 307.00
670.99 310.00
670.95 313.00
670.85 314.00
670.85 314.00
670.70 314.00
670.70 314.00
670.70 314.00
670.51 314.00
670.51 314.00
670.51 314.00
670.51 314.00
670.32 315.00
670.32 315.00
670.32 315.00
670.17 315.00
670.17 315.00
670.07 316.00
670.02 316.00
669.98 317.00
669.91 317.00
669.91 317.00
669.79 318.00
669.42 319.00
669.42 319.00
669.12 320.00
669.12 320.00
669.01 321.00
669.01 321.00
669.00 322.00
669.00 322.00
668.98 323.00
668.98 323.00
668.85 324.00
668.85 324.00
668.34 325.00
668.34 325.00
668.06 326.00
668.06 326.00
668.02 329.00
668.02 329.00
668.02 329.00
668.02 329.00
668.02 329.00
668.02 330.00
668.02 330.00
668.01 337.00
668.01 337.00
668.01 337.00
668.01 337.00
668.01 337.00
668.01 337.00
668.01 337.00
668.01 337.00
667.97 339.00
667.91 339.00
667.81 340.00
667.65 340.00
667.65 340.00
667.46 341.00
667.28 341.00
667.28 341.00
667.14 341.00
667.01 342.00
667.00 346.00
667.00 346.00
667.00 347.00
667.00 347.00
667.00 347.00
667.00 347.00
667.00 347.00
667.00 347.00
667.00 347.00
667.00 347.00
666.99 351.00
666.99 351.00
666.91 352.00
666.91 352.00
666.64 353.00
666.64 353.00
666.64 353.00
666.44 354.00
666.44 354.00
666.44 354.00
666.26 354.00
666.26 354.00
666.26 354.00
666.13 355.00
666.13 355.00
666.05 355.00
666.00 357.00
665.93 359.00
665.84 360.00
665.84 360.00
665.84 360.00
665.69 360.00
665.69 360.00
665.69 360.00
665.50 360.00
665.50 360.00
665.50 360.00
665.29 361.00
665.29 361.00
665.29 361.00
665.29 361.00
665.08 361.00
664.87 362.00
664.87 362.00
664.45 363.00
664.45 363.00
664.12 364.00
664.12 364.00
663.74 365.00
663.74 365.00
663.37 366.00
663.37 366.00
663.07 367.00
662.84 368.00
662.84 368.00
662.49 369.00
662.49 369.00
662.06 370.00
662.06 370.00
662.01 371.00
662.01 371.00
662.00 375.00
662.00 375.00
662.00 375.00
662.00 375.00
662.00 375.00
662.00 375.00
662.00 375.00
662.00 376.00
662.00 376.00
662.00 378.00
662.00 378.00
662.00 378.00
662.00 378.00
661.98 379.00
661.98 379.00
661.83 380.00
661.83 380.00
661.49 381.00
661.49 381.00
661.06 382.00
661.06 382.00
661.01 384.00
661.01 384.00
661.01 384.00
661.01 384.00
661.01 385.00
661.01 385.00
661.01 386.00
661.01 386.00
661.00 387.00
661.00 387.00
661.00 389.00
661.00 389.00
661.00 389.00
661.00 389.00
660.98 390.00
660.98 390.00
660.84 391.00
660.84 391.00
660.51 392.00
660.51 392.00
660.06 393.00
660.06 393.00
660.01 395.00
660.01 395.00
660.01 395.00
660.01 395.00
660.00 396.00
660.00 396.00
659.95 397.00
659.95 397.00
659.75 398.00
659.75 398.00
659.75 398.00
659.39 399.00
659.39 399.00
659.09 400.00
659.09 400.00
659.01 402.00
659.01 402.00
659.01 402.00
659.01 402.00
659.01 403.00
659.01 403.00
659.00 404.00
659.00 404.00
658.96 405.00
658.96 405.00
658.79 406.00
658.79 406.00
658.44 407.00
658.44 407.00
658.12 408.00
658.02 411.00
658.02 411.00
658.02 411.00
658.02 411.00
658.02 411.00
658.02 411.00
658.01 412.00
658.01 412.00
658.00 415.00
658.00 415.00
658.00 415.00
658.00 415.00
658.00 415.00
657.98 416.00
657.98 416.00
657.90 421.00
657.90 421.00
657.90 421.00
657.90 421.00
657.90 421.00
657.90 421.00
657.90 421.00
657.90 421.00
657.90 421.00
657.90 421.00
657.82 422.00
657.82 422.00
657.49 423.00
657.49 423.00
657.06 424.00
657.06 424.00
657.01 425.00
657.01 425.00
657.00 426.00
657.00 426.00
657.00 427.00
657.00 427.00
657.00 428.00
657.00 428.00
656.98 429.00
656.98 429.00
656.86 430.00
656.36 431.00
656.36 431.00
656.08 432.00
656.08 432.00
656.01 434.00
656.01 434.00
656.01 434.00
656.01 434.00
656.00 437.00
656.00 437.00
656.00 437.00
656.00 437.00
656.00 437.00
656.00 437.00
656.00 438.00
656.00 438.00
656.00 439.00
655.95 440.00
655.95 440.00
655.73 441.00
655.73 441.00
655.36 442.00
655.36 442.00
655.08 443.00
655.08 443.00
655.01 445.00
655.01 445.00
655.01 445.00
655.01 445.00
655.01 450.00
655.01 450.00
655.01 450.00
655.01 450.00
655.01 450.00
655.01 450.00
655.01 450.00
655.01 450.00
655.01 450.00
655.01 450.00
655.01 451.00
655.01 451.00
655.00 452.00
655.00 452.00
655.00 454.00
655.00 454.00
655.00 454.00
654.99 455.00
654.99 455.00
654.85 456.00
654.85 456.00
654.32 457.00
654.32 457.00
654.07 458.00
654.07 458.00
654.01 460.00
654.01 460.00
654.01 460.00
654.01 460.00
654.00 461.00
654.00 461.00
654.00 465.00
654.00 465.00
654.00 465.00
654.00 465.00
654.00 465.00
654.00 465.00
654.00 465.00
654.00 465.00
654.00 466.00
654.00 466.00
653.98 467.00
653.98 467.00
653.85 468.00
653.85 468.00
653.33 469.00
653.33 469.00
653.07 470.00
653.07 470.00
653.01 475.00
653.01 475.00
653.01 475.00
653.01 475.00
653.01 475.00
653.01 475.00
653.01 475.00
653.01 475.00
653.01 475.00
653.01 475.00
653.01 476.00
653.01 476.00
653.00 478.00
653.00 478.00
653.00 478.00
652.99 479.00
652.99 479.00
652.85 480.00
652.85 480.00
652.32 481.00
652.32 481.00
652.32 481.00
652.07 482.00
652.07 482.00
652.01 483.00
652.01 484.00
652.01 484.00
652.00 487.00
652.00 487.00
652.00 487.00
652.00 487.00
652.00 487.00
652.00 487.00
651.96 488.00
651.96 488.00
651.72 489.00
651.72 489.00
651.35 490.00
651.35 490.00
651.09 491.00
651.09 491.00
651.01 492.00
651.01 492.00
651.00 493.00
651.00 493.00
650.97 494.00
650.97 494.00
650.80 495.00
650.80 495.00
650.44 496.00
650.44 496.00
650.12 497.00
650.12 497.00
650.00 498.00
650.00 498.00
649.87 499.00
649.36 500.00
649.36 500.00
649.08 501.00
649.08 501.00
649.01 507.00
649.01 507.00
649.01 507.00
649.01 507.00
649.01 507.00
649.01 507.00
649.01 507.00
649.01 507.00
649.01 507.00
649.01 507.00
649.01 507.00
649.01 507.00
649.01 508.00
649.01 509.00
649.01 509.00
649.01 510.00
649.01 510.00
649.00 511.00
649.00 511.00
649.00 512.00
649.00 512.00
649.00 519.00
649.00 519.00
649.00 520.00
649.00 520.00
649.00 521.00
649.00 521.00
649.00 521.00
649.00 521.00
649.00 521.00
649.00 521.00
649.00 521.00
649.00 521.00
649.00 521.00
649.00 521.00
649.00 521.00
649.00 521.00
649.00 521.00
649.00 522.00
649.00 522.00
649.00 523.00
649.00 523.00
649.00 524.00
649.00 524.00
649.00 525.00
648.98 526.00
648.94 526.00
648.86 527.00
648.86 527.00
648.34 528.00
648.34 528.00
648.08 529.00
648.08 529.00
648.01 530.00
648.01 530.00
648.00 531.00
648.00 531.00
648.00 533.00
648.00 533.00
648.00 533.00
648.00 533.00
648.00 534.00
647.95 535.00
647.95 535.00
647.74 536.00
647.74 536.00
647.37 537.00
647.37 537.00
647.09 538.00
647.09 538.00
647.01 539.00
647.01 539.00
647.00 540.00
647.00 540.00
647.00 541.00
647.00 541.00
647.00 548.00
647.00 548.00
647.00 549.00
647.00 550.00
647.00 545.00
647.00 545.00
647.00 545.00
647.00 546.00
647.00 546.00
647.00 553.00
647.00 553.00
647.00 554.00
647.00 554.00
646.99 555.00
646.99 555.00
646.92 556.00
646.92 556.00
646.65 557.00
646.65 557.00
646.65 557.00
646.65 557.00
646.46 558.00
646.46 558.00
646.46 558.00
646.46 558.00
646.27 558.00
646.27 558.00
646.27 558.00
646.13 559.00
646.13 559.00
646.05 559.00
645.99 562.00
645.94 563.00
645.85 564.00
645.85 564.00
645.71 564.00
645.71 564.00
645.71 564.00
645.53 564.00
645.53 564.00
645.53 564.00
645.34 565.00
645.34 565.00
645.34 565.00
645.17 565.00
645.17 565.00
645.07 566.00
645.07 566.00
645.01 568.00
645.01 568.00
645.01 568.00
645.01 568.00
645.01 574.00
645.01 574.00
645.01 574.00
645.01 574.00
645.01 574.00
645.01 574.00
645.00 578.00
644.99 577.00
644.93 579.00
644.93 579.00
644.81 580.00
644.64 580.00
644.64 580.00
644.64 580.00
644.45 581.00
644.45 581.00
644.45 581.00
644.45 581.00
644.27 581.00
644.27 581.00
644.13 581.00
644.13 581.00
644.05 582.00
644.02 585.00
643.99 587.00
643.98 588.00
643.98 588.00
643.98 588.00
643.98 588.00
643.98 588.00
643.98 588.00
643.98 588.00
643.98 588.00
643.92 592.00
643.92 592.00
643.79 593.00
643.79 593.00
643.79 593.00
643.79 593.00
643.62 593.00
643.62 593.00
643.62 593.00
643.43 594.00
643.43 594.00
643.43 594.00
643.26 594.00
643.26 594.00
643.26 594.00
643.13 595.00
643.13 595.00
643.05 595.00
643.00 601.00
643.00 602.00
643.00 602.00
643.00 603.00
643.00 603.00
643.00 603.00
643.00 603.00
643.00 603.00
643.00 603.00
643.00 603.00
643.00 603.00
643.00 603.00
643.00 603.00
643.00 603.00
643.00 603.00
643.00 603.00
643.00 604.00
643.00 604.00
643.00 605.00
643.00 605.00
643.00 606.00
643.00 606.00
643.00 607.00
643.00 607.00
643.00 607.00
643.00 614.00
643.00 614.00
643.00 615.00
643.00 615.00
643.00 616.00
643.00 616.00
643.00 617.00
643.00 617.00
643.00 618.00
643.00 618.00
643.00 618.00
642.99 620.00
642.99 620.00
642.90 621.00
642.90 621.00
642.62 622.00
642.62 622.00
642.25 623.00
642.25 623.00
642.04 624.00
642.04 624.00
642.00 625.00
642.00 625.00
642.00 625.00
642.00 625.00
642.00 625.00
642.00 628.00
642.00 628.00
641.99 629.00
641.99 629.00
641.99 630.00
641.99 630.00
641.99 630.00
641.99 630.00
641.99 630.00
641.99 630.00
641.99 630.00
641.99 630.00
641.99 630.00
641.99 630.00
641.99 630.00
641.99 630.00
641.99 630.00
641.99 631.00
641.99 631.00
641.99 638.00
641.99 638.00
641.15 645.00
641.15 645.00
641.02 646.00
641.02 646.00
641.02 646.00
641.00 647.00
641.00 647.00
641.00 648.00
641.00 648.00
640.99 649.00
640.99 649.00
640.87 650.00
640.87 650.00
640.57 651.00
640.20 652.00
640.20 652.00
640.02 653.00
640.02 653.00
640.00 654.00
640.00 654.00
640.00 655.00
640.00 655.00
640.00 655.00
639.91 656.00
639.91 656.00
639.64 657.00
639.64 657.00
639.27 658.00
639.27 658.00
639.04 659.00
639.04 659.00
639.00 660.00
639.00 660.00
639.00 660.00
639.00 660.00
639.00 662.00
639.00 662.00
638.99 663.00
638.99 663.00
638.93 664.00
638.68 665.00
638.68 665.00
638.16 666.00
638.16 666.00
638.02 667.00
638.02 667.00
638.02 667.00
637.99 668.00
637.99 668.00
637.88 669.00
637.88 669.00
637.58 670.00
637.58 670.00
637.58 670.00
637.39 671.00
637.39 671.00
637.39 671.00
637.22 671.00
637.22 671.00
637.22 671.00
637.10 672.00
637.04 672.00
637.00 676.00
637.00 676.00
637.00 677.00
637.00 677.00
637.00 678.00
637.00 678.00
637.00 679.00
637.00 679.00
637.00 677.00
637.00 680.00
637.00 681.00
637.00 681.00
637.00 681.00
637.00 681.00
637.00 681.00
637.00 681.00
637.00 681.00
637.00 681.00
637.00 681.00
637.00 681.00
637.00 681.00
637.00 681.00
637.00 681.00
637.00 681.00
637.00 682.00
637.00 682.00
637.00 683.00
637.00 683.00
637.00 684.00
637.00 684.00
637.00 685.00
637.00 685.00
637.00 686.00
637.00 686.00
637.00 693.00
637.00 694.00
637.00 694.00
637.00 695.00
637.00 695.00
636.99 696.00
636.99 696.00
636.99 697.00
636.99 697.00
636.99 698.00
636.99 698.00
636.99 698.00
636.99 698.00
636.99 698.00
636.99 698.00
636.99 698.00
636.99 698.00
636.99 698.00
636.99 698.00
636.93 703.00
636.93 703.00
636.68 704.00
636.68 704.00
636.16 705.00
636.16 705.00
636.00 706.00
636.00 706.00
635.99 707.00
635.99 707.00
635.99 707.00
635.99 707.00
635.99 707.00
635.99 710.00
635.99 710.00
635.98 711.00
635.98 711.00
635.98 711.00
635.98 711.00
635.95 713.00
635.95 713.00
635.50 714.00
635.50 714.00
635.17 715.00
635.17 715.00
635.02 716.00
635.02 716.00
635.00 717.00
635.00 717.00
635.00 718.00
635.00 718.00
635.00 718.00
635.00 719.00
635.00 719.00
634.99 720.00
634.99 720.00
634.99 721.00
634.99 721.00
634.87 722.00
634.87 722.00
634.55 723.00
634.20 724.00
634.20 724.00
634.03 725.00
634.03 725.00
634.00 726.00
634.00 726.00
633.99 727.00
633.99 727.00
633.99 727.00
633.91 728.00
633.91 728.00
633.62 729.00
633.25 730.00
633.25 730.00
633.12 731.00
633.05 731.00
633.01 732.00
633.00 732.00
632.95 733.00
632.95 733.00
632.86 734.00
632.71 734.00
632.71 734.00
632.71 734.00
632.71 734.00
632.71 734.00
632.71 734.00
632.86 734.00
632.86 734.00
632.86 734.00
632.86 734.00
632.86 734.00
632.95 733.00
632.86 734.00
632.86 734.00
632.34 735.00
632.34 735.00
632.08 736.00
632.08 736.00
632.01 737.00
632.00 738.00
632.00 738.00
632.00 739.00
632.00 739.00
632.00 742.00
632.00 742.00
632.00 742.00
632.00 742.00
632.00 742.00
632.00 742.00
631.95 743.00
631.95 743.00
631.75 744.00
631.75 744.00
631.38 745.00
631.38 745.00
631.08 746.00
631.02 749.00
631.02 749.00
631.02 749.00
631.02 749.00
631.02 749.00
631.02 749.00
631.01 750.00
631.01 750.00
631.01 757.00
631.01 757.00
631.01 758.00
631.01 758.00
631.01 758.00
631.01 758.00
630.99 754.00
630.99 754.00
631.00 755.00
631.00 762.00
631.00 762.00
631.00 763.00
631.00 763.00
630.99 764.00
630.99 764.00
630.99 765.00
630.99 765.00
630.99 765.00
630.99 765.00
630.99 765.00
630.99 765.00
630.99 765.00
630.99 765.00
630.99 765.00
630.99 765.00
630.99 765.00
630.99 765.00
630.99 765.00
630.99 772.00
630.99 772.00
630.99 772.00
630.99 772.00
630.94 774.00
630.94 774.00
630.50 775.00
630.50 775.00
630.16 776.00
630.16 776.00
630.02 777.00
630.02 777.00
630.00 778.00
630.00 778.00
630.00 778.00
630.00 778.00
630.00 778.00
630.00 778.00
630.00 778.00
630.00 778.00
630.00 778.00
630.00 778.00
630.00 778.00
629.99 783.00
629.99 784.00
629.99 784.00
629.99 784.00
629.99 784.00
629.99 784.00
629.94 786.00
629.94 786.00
629.52 787.00
629.52 787.00
629.17 788.00
629.17 788.00
629.01 789.00
629.01 789.00
629.00 790.00
629.00 790.00
629.00 790.00
629.00 790.00
629.00 790.00
629.00 790.00
629.00 790.00
628.99 793.00
628.99 793.00
628.99 794.00
628.99 794.00
628.99 795.00
628.99 795.00
628.99 795.00
628.99 795.00
628.99 795.00
628.99 795.00
628.99 795.00
628.99 795.00
628.99 795.00
628.99 795.00
628.99 795.00
628.92 801.00
628.92 801.00
628.67 802.00
628.67 802.00
628.14 803.00
628.14 803.00
628.01 804.00
628.01 804.00
628.00 805.00
628.00 805.00
628.00 806.00
628.00 806.00
627.95 807.00
627.87 807.00
627.87 807.00
627.74 808.00
627.74 808.00
627.74 808.00
627.57 808.00
627.57 808.00
627.57 808.00
627.57 808.00
627.57 808.00
627.57 808.00
627.57 808.00
627.57 808.00
627.57 808.00
627.57 808.00
627.38 809.00
627.38 809.00
627.08 810.00
627.08 810.00
627.02 813.00
627.02 813.00
627.02 813.00
627.02 813.00
627.02 813.00
627.01 814.00
627.01 814.00
626.99 817.00
626.99 817.00
626.99 817.00
626.99 817.00
626.99 817.00
626.99 817.00
626.99 818.00
626.99 818.00
626.99 819.00
626.99 819.00
626.99 826.00
626.91 827.00
626.91 827.00
626.65 828.00
626.65 828.00
626.65 828.00
626.46 829.00
626.46 829.00
626.46 829.00
626.46 829.00
626.27 829.00
626.27 829.00
626.27 829.00
626.13 830.00
626.13 830.00
626.13 830.00
626.04 830.00
625.99 835.00
625.99 835.00
625.99 835.00
625.99 835.00
625.93 837.00
625.93 837.00
625.82 838.00
625.82 838.00
625.82 838.00
625.82 838.00
625.82 838.00
625.82 838.00
625.82 838.00
625.82 838.00
625.66 838.00
625.66 838.00
625.66 838.00
625.47 839.00
625.47 839.00
625.47 839.00
625.47 839.00
625.47 839.00
625.05 840.00
625.05 840.00
625.00 841.00
625.00 841.00
625.00 842.00
625.00 842.00
624.99 843.00
624.99 843.00
624.73 844.00
624.73 844.00
624.36 845.00
624.36 845.00
624.09 846.00
624.09 846.00
624.01 847.00
624.01 847.00
624.00 848.00
624.00 848.00
624.00 855.00
624.00 855.00
624.00 855.00
624.00 855.00
624.00 855.00
624.00 855.00
624.00 855.00
624.00 855.00
624.00 855.00
624.00 855.00
624.00 855.00
624.00 855.00
624.00 855.00
624.00 855.00
624.00 856.00
624.00 857.00
624.00 857.00
624.00 858.00
624.00 858.00
624.00 865.00
624.00 865.00
624.00 866.00
624.00 866.00
624.00 867.00
624.00 862.00
624.00 862.00
624.00 862.00
624.00 863.00
624.00 863.00
624.00 864.00
624.00 867.00
624.00 867.00
624.00 867.00
623.98 872.00
623.94 872.00
623.85 873.00
623.85 873.00
623.71 873.00
623.71 873.00
623.71 873.00
623.52 873.00
623.52 873.00
623.52 873.00
623.52 873.00
623.33 874.00
623.33 874.00
623.33 874.00
623.33 874.00
623.33 874.00
623.33 874.00
623.33 874.00
623.07 875.00
623.07 875.00
623.01 876.00
623.01 876.00
623.00 877.00
623.00 877.00
623.00 878.00
623.00 878.00
623.00 879.00
623.00 879.00
623.00 880.00
623.00 880.00
622.95 881.00
622.95 881.00
622.75 882.00
622.75 882.00
622.38 883.00
622.38 883.00
622.08 884.00
622.08 884.00
622.02 887.00
622.02 887.00
622.02 887.00
622.02 887.00
622.02 887.00
622.01 894.00
622.01 894.00
622.01 895.00
622.01 895.00
622.01 895.00
622.01 895.00
622.01 895.00
622.01 895.00
622.01 895.00
622.01 895.00
622.01 895.00
622.01 895.00
622.01 895.00
622.01 895.00
622.01 895.00
622.01 895.00
622.01 900.00
622.01 900.00
622.01 900.00
622.01 900.00
622.01 900.00
622.00 899.00
621.92 901.00
621.92 901.00
621.80 902.00
621.80 902.00
621.80 902.00
621.64 902.00
621.64 902.00
621.45 903.00
621.45 903.00
621.05 904.00
621.05 904.00
621.01 906.00
621.01 906.00
621.01 906.00
621.01 906.00
621.01 907.00
621.01 907.00
620.99 909.00
620.99 909.00
620.99 909.00
620.99 916.00
620.99 916.00
620.99 916.00
620.99 916.00
620.99 916.00
620.99 916.00
620.99 916.00
620.99 916.00
620.99 916.00
620.99 916.00
620.99 916.00
620.99 916.00
620.99 916.00
620.99 922.00
620.99 923.00
620.99 923.00
620.99 923.00
620.99 923.00
620.94 925.00
620.94 925.00
620.67 926.00
620.67 926.00
620.30 927.00
620.48 927.00
620.48 927.00
620.48 927.00
620.48 927.00
620.48 927.00
620.48 927.00
620.67 926.00
620.67 926.00
620.67 926.00
620.67 926.00
620.67 926.00
620.67 926.00
620.48 927.00
620.48 927.00
620.07 928.00
620.07 928.00
620.00 929.00
620.00 929.00
619.96 930.00
619.96 930.00
619.77 931.00
619.77 931.00
619.40 932.00
619.40 932.00
619.10 933.00
619.10 933.00
619.01 937.00
619.01 937.00
619.01 937.00
619.01 937.00
619.01 937.00
619.01 937.00
619.01 937.00
619.01 938.00
619.01 938.00
619.01 939.00
619.01 939.00
619.00 946.00
619.00 946.00
619.00 947.00
619.00 947.00
619.00 947.00
619.00 947.00
619.00 947.00
619.00 947.00
619.00 947.00
619.00 947.00
619.00 947.00
619.00 951.00
618.99 952.00
618.99 952.00
618.97 953.00
618.99 952.00
619.00 948.00
619.00 948.00
619.00 949.00
619.00 949.00
618.97 953.00
618.91 953.00
618.91 953.00
618.81 954.00
618.81 954.00
618.81 954.00
618.81 954.00
618.81 954.00
618.81 954.00
618.81 954.00
618.46 955.00
618.46 955.00
618.13 956.00
618.13 956.00
618.01 961.00
618.01 961.00
618.01 961.00
618.01 961.00
618.01 961.00
618.01 961.00
618.01 961.00
618.01 961.00
618.01 961.00
618.01 962.00
618.01 962.00
618.00 963.00
618.00 963.00
618.00 964.00
617.99 967.00
617.99 967.00
617.99 967.00
617.99 967.00
617.99 967.00
617.99 967.00
617.99 967.00
617.99 968.00
618.00 969.00
618.00 969.00
618.00 970.00
618.00 970.00
618.00 971.00
618.00 971.00
618.00 972.00
618.00 972.00
618.00 973.00
618.00 973.00
618.00 980.00
618.00 980.00
618.00 981.00
618.00 981.00
618.00 982.00
618.00 982.00
618.00 983.00
618.00 983.00
618.00 983.00
618.00 983.00
618.00 983.00
618.00 983.00
618.00 983.00
618.00 983.00
618.00 983.00
618.00 983.00
618.00 983.00
618.00 983.00
618.00 989.00
618.00 989.00
617.99 990.00
617.99 990.00
617.93 991.00
617.93 991.00
617.69 992.00
617.69 992.00
617.16 993.00
617.16 993.00
617.01 994.00
617.01 994.00
616.90 995.00
616.90 995.00
616.59 996.00
616.59 996.00
616.59 996.00
616.59 996.00
616.59 996.00
616.40 997.00
616.40 997.00
616.40 997.00
616.23 997.00
616.23 997.00
616.23 997.00
616.11 998.00
616.04 998.00
616.00 1002.00
616.00 1003.00
615.99 1004.00
615.99 1004.00
615.99 1005.00
615.99 1005.00
615.99 1005.00
615.99 1005.00
615.99 1005.00
615.99 1005.00
615.99 1005.00
615.99 1005.00
615.99 1005.00
615.99 1005.00
615.99 1005.00
615.99 1005.00
615.99 1005.00
615.99 1005.00
615.99 1012.00
615.99 1012.00
615.98 1013.00
615.98 1013.00
615.98 1013.00
615.98 1013.00
615.98 1013.00
615.98 1013.00
615.94 1016.00
615.94 1016.00
615.65 1017.00
615.65 1017.00
615.14 1018.00
615.14 1018.00
615.02 1019.00
615.02 1019.00
615.02 1019.00
615.02 1019.00
615.02 1019.00
615.02 1019.00
614.92 1019.00
614.92 1019.00
615.02 1019.00
615.02 1019.00
615.14 1018.00
615.14 1018.00
615.28 1018.00
615.02 1019.00
615.02 1019.00
614.79 1020.00
614.79 1020.00
614.43 1021.00
614.43 1021.00
614.12 1022.00
614.12 1022.00
614.01 1029.00
614.01 1029.00
614.01 1029.00
614.01 1029.00
614.01 1029.00
614.01 1029.00
614.01 1029.00
614.01 1029.00
614.01 1029.00
614.01 1029.00
614.01 1029.00
614.01 1029.00
614.01 1029.00
614.01 1030.00
614.01 1030.00
614.01 1031.00
614.01 1031.00
614.00 1032.00
614.00 1032.00
614.00 1033.00
614.00 1033.00
614.00 1040.00
614.00 1040.00
614.00 1041.00
614.00 1041.00
614.01 1042.00
614.01 1042.00
614.01 1043.00
614.01 1043.00
614.01 1043.00
614.01 1043.00
613.99 1039.00
613.99 1039.00
613.98 1046.00
613.98 1047.00
613.98 1047.00
613.98 1047.00
613.98 1047.00
613.98 1047.00
613.98 1047.00
613.87 1050.00
613.87 1050.00
613.87 1050.00
613.72 1051.00
613.72 1051.00
613.72 1051.00
613.72 1051.00
613.54 1051.00
613.54 1051.00
613.54 1051.00
613.35 1052.00
613.35 1052.00
613.35 1052.00
613.19 1052.00
613.19 1052.00
613.08 1053.00
613.08 1053.00
613.02 1053.00
612.99 1057.00
612.99 1057.00
612.99 1057.00
612.99 1057.00
612.99 1057.00
612.99 1057.00
612.99 1057.00
612.99 1057.00
612.99 1057.00
612.99 1057.00
612.94 1064.00
612.94 1064.00
612.85 1065.00
612.94 1064.00
613.00 1061.00
613.01 1060.00
613.00 1061.00
613.00 1061.00
613.00 1062.00
612.98 1064.00
612.94 1064.00
612.85 1065.00
612.85 1065.00
612.85 1065.00
612.85 1065.00
612.85 1065.00
612.85 1065.00
612.30 1066.00
612.30 1066.00
612.30 1066.00
611.89 1067.00
611.89 1067.00
611.47 1068.00
611.47 1068.00
611.47 1068.00
611.06 1069.00
611.06 1069.00
611.00 1070.00
611.00 1071.00
611.00 1071.00
611.00 1072.00
611.00 1072.00
610.98 1073.00
610.98 1073.00
610.86 1074.00
610.86 1074.00
610.35 1075.00
610.35 1075.00
610.07 1076.00
610.07 1076.00
610.01 1078.00
610.01 1078.00
610.01 1078.00
610.01 1078.00
610.01 1079.00
610.01 1086.00
610.01 1086.00
610.01 1086.00
610.01 1086.00
610.01 1086.00
610.01 1086.00
610.01 1086.00
610.01 1086.00
610.01 1086.00
610.01 1086.00
610.01 1086.00
610.01 1086.00
610.01 1086.00
610.01 1086.00
610.01 1087.00
610.00 1088.00
610.00 1088.00
610.00 1092.00
610.00 1092.00
610.00 1092.00
610.00 1092.00
610.00 1092.00
610.00 1092.00
610.00 1092.00
610.00 1092.00
609.97 1093.00
609.97 1093.00
609.97 1093.00
609.78 1094.00
609.78 1094.00
609.78 1094.00
609.30 1095.00
608.77 1115.00
608.77 1115.00
608.98 1116.00
608.98 1116.00
609.00 1117.00
609.00 1117.00
609.00 1117.00
609.00 1117.00
609.00 1117.00
609.00 1120.00
609.00 1120.00
609.01 1121.00
609.01 1121.00
609.01 1122.00
609.01 1122.00
609.01 1122.00
609.01 1122.00
609.01 1122.00
609.01 1122.00
609.01 1122.00
609.01 1122.00
609.01 1122.00
609.01 1122.00
609.01 1122.00
609.01 1122.00
609.01 1122.00
609.01 1123.00
609.01 1123.00
609.01 1130.00
609.01 1130.00
609.01 1131.00
609.01 1131.00
609.01 1131.00
609.01 1131.00
609.01 1131.00
609.01 1131.00
609.07 1134.00
609.07 1134.00
609.36 1135.00
609.36 1135.00
609.18 1135.00
609.18 1135.00
609.07 1134.00
609.07 1134.00
609.07 1134.00
609.07 1134.00
609.07 1134.00
609.18 1135.00
609.18 1135.00
609.36 1135.00
609.36 1135.00
609.62 1136.00
609.62 1136.00
609.62 1136.00
609.62 1136.00
610.53 1137.00
610.53 1137.00
610.53 1137.00
610.89 1138.00
610.89 1138.00
610.89 1138.00
610.99 1139.00
610.99 1139.00
610.99 1139.00
610.99 1140.00
610.99 1140.00
610.99 1141.00
610.99 1141.00
610.98 1150.00
610.98 1150.00
610.98 1150.00
610.98 1150.00
610.98 1150.00
610.98 1150.00
610.98 1150.00
610.98 1150.00
610.92 1157.00
610.92 1157.00
610.64 1158.00
610.64 1158.00
610.15 1159.00
610.15 1159.00
610.01 1160.00
610.01 1160.00
609.89 1161.00
609.89 1161.00
609.59 1162.00
609.59 1162.00
609.22 1163.00
609.22 1163.00
609.03 1164.00
609.03 1164.00
609.00 1165.00
609.00 1165.00
609.00 1165.00
609.00 1165.00
609.00 1167.00
609.00 1167.00
609.00 1168.00
609.00 1168.00
609.00 1168.00
608.99 1169.00
608.99 1169.00
608.91 1170.00
608.91 1170.00
608.63 1171.00
608.63 1171.00
608.26 1172.00
608.26 1172.00
608.10 1173.00
608.10 1173.00
608.10 1173.00
608.10 1173.00
608.10 1173.00
608.10 1173.00
608.10 1173.00
608.10 1173.00
608.10 1173.00
608.10 1173.00
608.02 1178.00
608.02 1178.00
608.00 1179.00
608.00 1179.00
608.00 1180.00
608.00 1180.00
608.00 1181.00
608.00 1181.00
608.00 1182.00
608.00 1182.00
607.95 1183.00
607.95 1183.00
607.55 1184.00
607.55 1184.00
607.55 1184.00
607.55 1184.00
607.36 1185.00
607.36 1185.00
607.36 1185.00
607.36 1185.00
607.55 1184.00
607.55 1184.00
607.55 1184.00
607.55 1184.00
607.55 1184.00
607.36 1185.00
607.36 1185.00
607.36 1185.00
607.08 1186.00
607.08 1186.00
607.01 1190.00
607.01 1190.00
607.01 1190.00
607.01 1190.00
607.01 1190.00
607.01 1190.00
607.01 1190.00
607.01 1190.00
607.01 1191.00
607.01 1191.00
607.01 1192.00
607.01 1192.00
607.01 1199.00
606.99 1196.00
606.99 1196.00
606.99 1196.00
606.92 1201.00
606.98 1201.00
606.99 1196.00
607.01 1200.00
607.01 1200.00
607.00 1200.00
606.98 1201.00
606.92 1201.00
606.82 1202.00
606.82 1202.00
606.82 1202.00
606.66 1202.00
606.66 1202.00
606.66 1202.00
606.48 1203.00
606.48 1203.00
606.48 1203.00
606.48 1203.00
606.04 1204.00
606.04 1204.00
606.02 1207.00
606.02 1207.00
606.02 1207.00
606.02 1207.00
606.02 1207.00
606.02 1207.00
606.02 1208.00
606.02 1208.00
606.01 1215.00
606.01 1216.00
606.01 1216.00
606.01 1216.00
606.01 1216.00
606.01 1216.00
606.01 1216.00
606.01 1216.00
606.01 1216.00
606.01 1216.00
606.01 1216.00
606.01 1216.00
606.01 1216.00
606.01 1216.00
606.01 1216.00
606.00 1219.00
606.00 1222.00
605.98 1224.00
605.98 1224.00
606.00 1218.00
606.00 1219.00
606.00 1219.00
606.00 1223.00
606.00 1223.00
606.00 1223.00
605.98 1224.00
605.94 1224.00
605.94 1224.00
605.94 1224.00
605.98 1224.00
605.98 1224.00
605.98 1224.00
605.85 1225.00
605.85 1225.00
605.33 1226.00
605.33 1226.00
605.07 1227.00
605.07 1227.00
605.01 1230.00
605.01 1230.00
605.01 1230.00
605.01 1230.00
605.01 1230.00
605.01 1230.00
605.01 1231.00
605.01 1231.00
605.01 1232.00
605.01 1232.00
605.00 1233.00
605.00 1233.00
605.00 1234.00
605.00 1234.00
605.00 1235.00
605.00 1235.00
605.00 1236.00
605.00 1236.00
605.00 1237.00
605.00 1237.00
605.00 1244.00
605.00 1244.00
605.00 1245.00
605.00 1245.00
605.00 1246.00
605.00 1246.00
605.00 1247.00
605.00 1247.00
605.00 1248.00
605.00 1248.00
605.00 1249.00
605.00 1249.00
605.01 1250.00
605.01 1250.00
605.01 1251.00
605.01 1251.00
605.01 1252.00
605.01 1252.00
605.01 1252.00
605.01 1252.00
605.01 1252.00
605.01 1252.00
605.01 1252.00
605.00 1255.00
605.00 1256.00
604.99 1257.00
604.99 1257.00
604.99 1258.00
604.99 1258.00
604.98 1259.00
604.98 1259.00
604.98 1260.00
604.98 1260.00
604.98 1260.00
604.98 1260.00
604.98 1260.00
604.98 1260.00
604.87 1263.00
604.87 1263.00
604.54 1264.00
604.54 1264.00
604.54 1264.00
604.35 1265.00
604.35 1265.00
604.35 1265.00
604.35 1265.00
604.35 1265.00
604.35 1265.00
604.54 1264.00
604.54 1264.00
604.54 1264.00
604.35 1265.00
604.35 1265.00
604.35 1265.00
604.35 1265.00
604.09 1266.00
604.09 1266.00
604.01 1267.00
604.01 1267.00
604.00 1269.00
604.00 1269.00
604.00 1269.00
604.00 1269.00
604.00 1269.00
604.00 1270.00
604.00 1270.00
604.00 1271.00
604.00 1271.00
604.00 1272.00
604.00 1272.00
604.00 1279.00
604.00 1279.00
604.00 1280.00
604.00 1280.00
604.00 1281.00
604.00 1281.00
604.00 1282.00
604.00 1282.00
604.00 1283.00
604.00 1283.00
604.00 1284.00
604.00 1284.00
604.00 1285.00
604.00 1285.00
604.00 1285.00
604.00 1285.00
604.00 1285.00
604.00 1285.00
604.00 1284.00
604.00 1288.00
604.00 1289.00
604.00 1289.00
604.00 1290.00
604.00 1291.00
604.00 1291.00
603.99 1292.00
603.99 1292.00
603.99 1293.00
603.99 1293.00
603.99 1293.00
603.99 1293.00
603.99 1293.00
603.99 1293.00
603.99 1293.00
603.99 1293.00
603.99 1293.00
603.99 1293.00
603.92 1298.00
603.92 1298.00
603.65 1299.00
603.65 1299.00
603.28 1300.00
603.28 1300.00
603.00 1301.00
603.00 1301.00
603.00 1302.00
603.00 1301.00
603.02 1303.00
603.04 1301.00
603.13 1301.00
603.13 1301.00
603.13 1301.00
603.13 1301.00
603.13 1301.00
603.13 1301.00
603.13 1301.00
603.13 1301.00
603.02 1304.00
603.02 1304.00
603.02 1304.00
603.02 1304.00
603.02 1304.00
603.02 1304.00
603.02 1304.00
603.00 1305.00
603.00 1305.00
603.00 1307.00
603.00 1307.00
603.00 1307.00
603.00 1307.00
602.99 1308.00
602.99 1308.00
603.00 1315.00
603.00 1315.00
603.00 1315.00
602.97 1314.00
602.90 1314.00
602.90 1314.00
602.76 1313.00
602.76 1313.00
602.76 1313.00
602.90 1314.00
602.90 1314.00
602.90 1314.00
602.99 1316.00
602.99 1316.00
602.99 1316.00
602.99 1316.00
602.99 1317.00
602.99 1317.00
602.99 1322.00
602.99 1322.00
602.99 1322.00
602.99 1322.00
602.99 1322.00
602.99 1322.00
602.99 1322.00
602.99 1322.00
602.99 1322.00
602.99 1322.00
602.99 1329.00
602.99 1329.00
602.93 1330.00
602.93 1330.00
602.51 1331.00
602.32 1332.00
602.32 1332.00
602.32 1332.00
602.17 1332.00
602.17 1332.00
602.32 1332.00
602.32 1332.00
602.32 1332.00
602.32 1332.00
602.32 1332.00
602.32 1332.00
602.32 1332.00
602.17 1332.00
602.17 1332.00
602.07 1333.00
602.07 1333.00
602.00 1334.00
602.00 1334.00
602.00 1334.00
602.00 1335.00
602.00 1335.00
602.00 1336.00
602.00 1336.00
602.00 1337.00
602.00 1337.00
602.00 1338.00
602.00 1343.00
602.00 1343.00
602.00 1343.00
602.00 1343.00
602.00 1343.00
602.00 1347.00
602.00 1347.00
602.00 1348.00
602.00 1348.00
602.00 1343.00
602.00 1343.00
602.00 1344.00
602.00 1344.00
602.00 1345.00
602.00 1345.00
602.00 1346.00
602.00 1347.00
602.00 1347.00
602.00 1348.00
602.00 1348.00
602.00 1348.00
602.00 1355.00
602.00 1355.00
602.00 1356.00
602.00 1356.00
602.00 1357.00
602.00 1357.00
601.99 1358.00
601.99 1358.00
601.93 1359.00
601.93 1359.00
601.68 1360.00
601.68 1360.00
601.49 1361.00
601.49 1361.00
601.49 1361.00
601.49 1361.00
601.49 1361.00
601.49 1361.00
601.30 1361.00
601.30 1361.00
601.30 1361.00
601.30 1361.00
601.30 1361.00
601.30 1361.00
601.30 1361.00
601.49 1361.00
601.06 1362.00
601.06 1362.00
601.01 1369.00
601.01 1369.00
601.01 1369.00
601.01 1369.00
601.01 1369.00
601.01 1369.00
601.08 1372.00
601.08 1372.00
601.33 1373.00
601.33 1373.00
601.33 1373.00
601.33 1373.00
601.24 1375.00
601.24 1375.00
601.24 1375.00
601.24 1375.00
601.33 1373.00
601.33 1373.00
601.33 1373.00
601.33 1373.00
601.33 1373.00
601.24 1375.00
601.24 1375.00
601.12 1376.00
601.12 1376.00
601.05 1376.00
601.00 1380.00
601.00 1380.00
601.00 1380.00
601.00 1380.00
601.00 1380.00
601.00 1380.00
601.00 1380.00
601.00 1380.00
601.00 1380.00
601.00 1380.00
601.00 1381.00
601.00 1381.00
601.00 1382.00
601.00 1382.00
601.00 1383.00
601.00 1383.00
601.00 1384.00
601.00 1384.00
601.00 1391.00
601.00 1391.00
601.00 1392.00
601.00 1392.00
601.00 1393.00
601.00 1393.00
601.00 1394.00
601.00 1394.00
601.00 1395.00
601.00 1395.00
601.00 1396.00
601.00 1396.00
601.00 1397.00
601.00 1397.00
601.00 1398.00
601.00 1398.00
601.00 1399.00
601.00 1399.00
601.00 1399.00
601.00 1399.00
601.00 1399.00
601.00 1399.00
601.00 1399.00
601.00 1399.00
601.00 1399.00
601.00 1399.00
601.00 1399.00
601.00 1399.00
601.00 1399.00
601.00 1399.00
601.00 1400.00
601.00 1400.00
601.00 1401.00
601.00 1401.00
601.00 1401.00
601.00 1402.00
601.00 1402.00
601.00 1403.00
601.00 1403.00
601.00 1404.00
601.00 1404.00
601.00 1405.00
601.00 1406.00
601.00 1406.00
601.00 1413.00
601.00 1413.00
601.00 1414.00
601.00 1414.00
601.00 1415.00
601.00 1415.00
601.00 1416.00
601.00 1416.00
600.99 1417.00
600.99 1417.00
600.88 1418.00
600.88 1418.00
600.57 1419.00
600.57 1419.00
600.21 1420.00
600.21 1420.00
600.04 1421.00
600.04 1421.00
600.01 1422.00
600.01 1422.00
600.04 1421.00
600.04 1421.00
600.01 1422.00
600.01 1422.00
600.01 1422.00
600.01 1422.00
600.01 1422.00
600.01 1422.00
600.01 1422.00
600.01 1422.00
600.00 1428.00
600.00 1428.00
600.00 1429.00
600.00 1429.00
600.00 1430.00
600.00 1430.00
600.00 1431.00
600.00 1431.00
600.00 1432.00
600.00 1432.00
600.00 1432.00
600.00 1432.00
600.00 1432.00
600.00 1432.00
600.00 1432.00
600.00 1432.00
600.00 1432.00
600.00 1432.00
600.00 1432.00
600.00 1432.00
600.00 1432.00
600.00 1432.00
600.00 1433.00
600.00 1433.00
600.00 1434.00
600.00 1434.00
600.00 1434.00
600.00 1435.00
600.00 1435.00
600.00 1436.00
600.00 1436.00
600.00 1443.00
600.00 1443.00
600.00 1444.00
600.00 1444.00
600.00 1445.00
600.00 1445.00
600.00 1445.00
600.00 1445.00
600.00 1445.00
600.00 1445.00
600.00 1445.00
600.00 1445.00
600.00 1445.00
600.00 1445.00
600.00 1445.00
600.00 1445.00
600.00 1445.00
600.00 1445.00
600.00 1452.00
599.94 1453.00
599.94 1453.00
599.53 1454.00
599.53 1454.00
599.17 1455.00
599.17 1455.00
599.00 1456.00
599.00 1456.00
599.00 1456.00
598.98 1457.00
598.98 1457.00
598.98 1457.00
598.98 1457.00
598.98 1457.00
598.98 1457.00
598.98 1457.00
598.98 1457.00
598.98 1457.00
598.98 1457.00
598.98 1457.00
598.98 1457.00
598.98 1457.00
598.98 1457.00
598.99 1463.00
598.99 1463.00
598.99 1463.00
598.99 1463.00
598.99 1463.00
598.99 1463.00
598.99 1463.00
598.99 1463.00
598.99 1463.00
598.99 1463.00
598.99 1463.00
598.99 1463.00
598.99 1464.00
598.99 1464.00
599.00 1465.00
599.00 1465.00
599.00 1472.00
599.00 1472.00
599.00 1473.00
599.00 1473.00
599.00 1474.00
599.00 1474.00
599.00 1475.00
599.00 1475.00
599.00 1476.00
599.00 1476.00
599.00 1477.00
599.00 1477.00
599.00 1478.00
599.00 1478.00
599.00 1479.00
599.00 1479.00
599.00 1480.00
599.00 1480.00
599.00 1480.00
599.00 1481.00
599.00 1481.00
599.00 1482.00
599.00 1482.00
599.00 1482.00
599.00 1482.00
599.00 1482.00
599.00 1482.00
599.00 1482.00
599.00 1482.00
599.00 1482.00
599.00 1482.00
599.00 1482.00
599.00 1482.00
599.00 1482.00
599.00 1482.00
599.00 1483.00
599.00 1483.00
599.00 1484.00
599.00 1484.00
599.00 1485.00
599.00 1485.00
599.00 1486.00
599.00 1486.00
599.00 1486.00
599.00 1487.00
599.00 1487.00
599.00 1488.00
599.00 1488.00
599.00 1489.00
599.00 1489.00
599.00 1490.00
599.00 1491.00
599.00 1491.00
599.00 1492.00
599.00 1492.00
599.00 1492.00
599.00 1493.00
599.00 1493.00
599.00 1494.00
599.00 1494.00
599.00 1495.00
599.00 1495.00
599.00 1502.00
599.00 1502.00
599.00 1503.00
599.00 1503.00
599.00 1504.00
599.00 1504.00
599.00 1505.00
599.00 1505.00
599.00 1506.00
599.00 1506.00
599.00 1507.00
599.00 1507.00
599.00 1508.00
599.00 1508.00
598.99 1509.00
598.99 1509.00
598.99 1510.00
598.99 1510.00
598.99 1511.00
598.99 1511.00
598.98 1512.00
598.98 1512.00
598.98 1512.00
598.98 1512.00
598.98 1512.00
598.98 1512.00
598.98 1512.00
598.98 1512.00
598.91 1516.00
598.91 1516.00
598.61 1517.00
598.61 1517.00
598.41 1518.00
598.41 1518.00
598.41 1518.00
598.61 1517.00
598.61 1517.00
598.61 1517.00
598.61 1517.00
598.61 1517.00
598.61 1517.00
598.61 1517.00
598.61 1517.00
598.61 1517.00
598.61 1517.00
598.41 1518.00
598.41 1518.00
598.12 1519.00
598.12 1519.00
598.01 1520.00
598.01 1520.00
598.00 1527.00
598.00 1527.00
598.01 1528.00
598.01 1528.00
598.01 1529.00
598.01 1529.00
598.01 1529.00
598.01 1529.00
598.01 1529.00
598.01 1529.00
598.01 1529.00
598.01 1529.00
598.01 1529.00
598.01 1529.00
598.01 1529.00
598.01 1529.00
598.01 1529.00
598.01 1529.00
598.01 1530.00
598.01 1530.00
598.00 1531.00
598.00 1531.00
598.00 1532.00
598.00 1532.00
598.00 1533.00
598.00 1533.00
598.00 1534.00
598.00 1534.00
598.00 1541.00
598.00 1541.00
598.01 1542.00
598.01 1542.00
598.02 1543.00
598.02 1543.00
598.02 1544.00
598.02 1544.00
598.02 1544.00
598.02 1544.00
598.02 1544.00
598.02 1544.00
598.02 1544.00
598.02 1544.00
598.13 1548.00
598.13 1548.00
598.28 1549.00
598.28 1549.00
598.28 1549.00
598.46 1549.00
598.46 1549.00
598.46 1549.00
598.46 1549.00
598.28 1549.00
598.28 1549.00
598.28 1549.00
598.16 1553.00
598.13 1548.00
598.05 1554.00
598.05 1554.00
598.05 1554.00
598.05 1554.00
598.16 1553.00
598.16 1553.00
598.16 1553.00
598.16 1553.00
598.16 1553.00
598.05 1554.00
598.05 1554.00
598.00 1556.00
597.98 1555.00
597.98 1555.00
597.98 1555.00
598.00 1562.00
598.00 1562.00
598.00 1562.00
598.02 1559.00
598.02 1559.00
598.00 1562.00
597.99 1565.00
597.99 1565.00
597.99 1566.00
597.99 1566.00
597.99 1566.00
597.99 1566.00
597.99 1566.00
597.99 1566.00
597.99 1566.00
597.99 1566.00
597.99 1566.00
597.99 1566.00
597.99 1566.00
597.99 1566.00
597.99 1566.00
597.99 1566.00
597.99 1567.00
597.99 1567.00
597.99 1568.00
597.99 1568.00
598.00 1569.00
598.00 1569.00
598.00 1570.00
598.00 1570.00
598.00 1571.00
598.00 1571.00
598.00 1572.00
598.00 1572.00
598.00 1573.00
598.00 1573.00
598.00 1574.00
598.00 1574.00
598.00 1575.00
598.00 1575.00
598.00 1575.00
598.00 1582.00
598.00 1582.00
598.00 1583.00
598.00 1583.00
598.00 1584.00
598.00 1584.00
598.00 1585.00
598.00 1585.00
598.00 1586.00
598.00 1586.00
598.00 1587.00
598.00 1587.00
598.00 1588.00
598.00 1588.00
598.00 1589.00
598.00 1589.00
598.00 1590.00
598.00 1590.00
598.00 1585.00
598.00 1585.00
598.00 1586.00
598.00 1586.00
598.00 1587.00
598.00 1593.00
598.00 1594.00
598.00 1594.00
598.00 1595.00
598.00 1595.00
598.00 1596.00
598.00 1590.00
598.00 1591.00
598.00 1591.00
598.00 1596.00
598.00 1596.00
598.00 1596.00
598.00 1596.00
598.00 1596.00
598.00 1596.00
598.00 1596.00
598.00 1596.00
598.00 1596.00
598.00 1596.00
598.00 1596.00
598.00 1597.00
598.00 1597.00
598.00 1598.00
598.00 1598.00
598.00 1599.00
598.00 1599.00
598.00 1600.00
598.00 1600.00
598.00 1601.00
598.00 1601.00
598.00 1602.00
598.00 1602.00
598.00 1603.00
598.00 1603.00
598.00 1604.00
598.01 1609.00
598.01 1609.00
598.01 1609.00
598.00 1612.00
598.00 1612.00
598.00 1613.00
598.00 1613.00
597.99 1614.00
597.99 1614.00
597.99 1615.00
597.99 1615.00
597.98 1616.00
597.98 1616.00
597.98 1617.00
597.98 1617.00
597.98 1617.00
597.98 1617.00
597.98 1617.00
597.98 1617.00
597.96 1620.00
597.96 1620.00
597.85 1621.00
597.85 1621.00
597.96 1620.00
598.01 1620.00
598.02 1619.00
598.02 1619.00
598.02 1619.00
598.02 1619.00
598.02 1619.00
598.02 1619.00
598.02 1619.00
598.02 1619.00
598.02 1619.00
598.01 1620.00
598.01 1620.00
598.01 1620.00
597.85 1621.00
597.85 1621.00
597.32 1622.00
597.32 1622.00
597.07 1623.00
597.07 1623.00
597.01 1624.00
597.01 1624.00
597.00 1625.00
597.00 1625.00
597.00 1626.00
597.00 1626.00
597.00 1633.00
597.00 1633.00
597.00 1633.00
597.00 1633.00
597.00 1633.00
597.00 1633.00
597.00 1633.00
597.00 1633.00
597.00 1633.00
597.00 1633.00
597.00 1638.00
597.00 1638.00
597.00 1639.00
597.00 1639.00
597.01 1640.00
597.01 1640.00
597.10 1641.00
597.10 1641.00
597.39 1642.00
597.39 1642.00
597.76 1643.00
597.76 1643.00
597.97 1644.00
597.97 1644.00
598.00 1645.00
598.00 1645.00
598.00 1645.00
598.00 1645.00
598.00 1645.00
598.00 1645.00
598.00 1645.00
598.00 1645.00
598.00 1645.00
598.00 1645.00
597.97 1644.00
597.89 1644.00
597.99 1647.00
597.99 1647.00
597.99 1647.00
597.99 1647.00
597.99 1647.00
598.00 1653.00
598.00 1653.00
598.00 1654.00
598.00 1654.00
598.00 1655.00
598.00 1655.00
598.00 1656.00
598.00 1656.00
598.00 1657.00
598.00 1657.00
598.00 1657.00
598.00 1657.00
598.00 1653.00
598.00 1653.00
598.00 1654.00
598.00 1654.00
598.00 1661.00
598.00 1661.00
598.00 1662.00
598.00 1657.00
598.00 1657.00
598.00 1657.00
598.00 1657.00
598.00 1658.00
598.00 1658.00
598.00 1659.00
598.00 1659.00
598.00 1660.00
598.00 1660.00
598.00 1661.00
598.00 1661.00
598.00 1662.00
598.00 1669.00
598.00 1669.00
598.00 1670.00
598.00 1670.00
598.00 1664.00
598.00 1665.00
598.00 1665.00
598.00 1666.00
598.00 1666.00
598.00 1666.00
598.00 1667.00
598.00 1667.00
598.00 1668.00
598.00 1668.00
598.00 1668.00
598.00 1669.00
598.00 1669.00
598.00 1670.00
598.00 1670.00
598.00 1671.00
598.00 1671.00
598.00 1672.00
598.00 1673.00
598.00 1673.00
598.00 1674.00
598.00 1674.00
598.00 1675.00
598.00 1675.00
598.00 1676.00
598.00 1676.00
598.00 1677.00
598.00 1677.00
598.00 1684.00
598.00 1684.00
598.00 1685.00
598.00 1685.00
598.00 1686.00
598.00 1686.00
598.00 1687.00
598.00 1687.00
598.00 1688.00
598.00 1688.00
598.00 1689.00
598.00 1689.00
598.00 1690.00
598.00 1690.00
598.00 1691.00
598.00 1691.00
598.00 1692.00
598.00 1692.00
598.00 1693.00
598.00 1693.00
598.00 1694.00
598.00 1694.00
598.00 1695.00
598.00 1695.00
598.00 1696.00
598.00 1696.00
598.00 1697.00
598.00 1697.00
598.00 1698.00
598.00 1698.00
598.00 1699.00
598.00 1699.00
598.00 1700.00
598.00 1700.00
598.00 1700.00
598.00 1701.00
598.00 1701.00
598.00 1702.00
598.00 1702.00
598.00 1703.00
598.00 1703.00
598.00 1704.00
598.00 1704.00
598.00 1705.00
598.00 1705.00
598.00 1705.00
598.00 1705.00
598.00 1705.00
598.00 1705.00
598.00 1705.00
598.00 1705.00
598.00 1705.00
598.00 1705.00
598.00 1705.00
598.00 1705.00
598.00 1705.00
598.00 1705.00
598.00 1705.00
598.00 1706.00
598.00 1706.00
598.00 1707.00
598.00 1707.00
598.00 1708.00
598.00 1708.00
598.00 1709.00
598.00 1709.00
598.00 1710.00
598.00 1710.00
598.00 1711.00
598.00 1712.00
598.00 1712.00
598.00 1713.00
598.00 1713.00
598.00 1713.00
598.00 1714.00
598.00 1714.00
598.00 1715.00
598.00 1715.00
598.00 1716.00
598.00 1716.00
598.00 1723.00
598.00 1723.00
598.01 1724.00
598.01 1724.00
598.02 1725.00
598.02 1725.00
598.02 1725.00
598.02 1725.00
598.02 1725.00
598.02 1725.00
598.10 1728.00
598.10 1728.00
598.41 1729.00
598.41 1729.00
598.60 1730.00
598.60 1730.00
598.60 1730.00
598.60 1730.00
598.60 1730.00
598.60 1730.00
598.60 1730.00
598.60 1730.00
598.60 1730.00
598.60 1730.00
598.60 1730.00
598.60 1730.00
598.60 1730.00
598.60 1730.00
598.60 1730.00
598.89 1731.00
598.89 1731.00
598.99 1732.00
598.99 1732.00
599.00 1733.00
599.00 1733.00
599.00 1740.00
599.00 1740.00
599.00 1741.00
599.00 1741.00
599.00 1741.00
599.00 1741.00
599.00 1741.00
599.00 1741.00
599.00 1741.00
599.00 1741.00
599.00 1741.00
599.00 1741.00
599.00 1741.00
599.00 1741.00
599.00 1741.00
599.00 1741.00
599.00 1741.00
599.00 1748.00
599.00 1748.00
598.99 1749.00
598.99 1749.00
598.92 1750.00
598.92 1750.00
598.82 1751.00
598.82 1751.00
598.92 1750.00
598.92 1750.00
598.97 1750.00
598.97 1750.00
599.00 1748.00
599.00 1748.00
599.00 1748.00
599.00 1749.00
599.00 1749.00
598.97 1750.00
598.97 1750.00
598.82 1751.00
598.82 1751.00
598.99 1758.00
598.99 1758.00
599.02 1759.00
599.02 1759.00
599.02 1759.00
599.02 1759.00
599.02 1759.00
599.02 1759.00
599.02 1759.00
599.02 1759.00
599.02 1759.00
599.02 1759.00
599.02 1759.00
599.02 1759.00
599.02 1759.00
599.02 1759.00
599.02 1759.00
599.02 1765.00
599.02 1765.00
599.02 1765.00
599.02 1765.00
599.12 1768.00
599.12 1768.00
599.44 1769.00
599.44 1769.00
599.63 1770.00
599.63 1770.00
599.63 1770.00
599.80 1770.00
599.80 1770.00
599.80 1770.00
599.80 1770.00
599.80 1770.00
599.80 1770.00
599.80 1770.00
599.63 1770.00
599.63 1770.00
599.63 1770.00
599.63 1770.00
599.92 1771.00
599.92 1771.00
599.98 1774.00
599.98 1774.00
599.98 1774.00
599.98 1774.00
599.98 1774.00
599.98 1774.00
599.98 1774.00
599.99 1775.00
599.99 1775.00
600.00 1782.00
600.00 1782.00
600.00 1783.00
600.00 1783.00
600.00 1784.00
600.00 1784.00
600.00 1784.00
600.00 1784.00
600.00 1784.00
600.00 1784.00
600.00 1784.00
600.00 1784.00
600.00 1784.00
600.00 1784.00
600.00 1784.00
600.00 1784.00
600.00 1784.00
600.00 1784.00
600.00 1785.00
600.00 1785.00
600.00 1786.00
600.00 1786.00
600.00 1787.00
600.00 1787.00
600.00 1788.00
600.00 1788.00
600.00 1788.00
600.00 1788.00
600.00 1795.00
600.00 1792.00
600.00 1792.00
600.00 1792.00
600.00 1792.00
600.00 1792.00
600.00 1792.00
600.00 1792.00
600.00 1792.00
600.01 1799.00
600.01 1799.00
600.01 1799.00
600.08 1800.00
600.08 1800.00
600.31 1801.00
600.31 1801.00
600.31 1801.00
600.31 1801.00
600.31 1801.00
600.41 1803.00
600.41 1803.00
600.41 1803.00
600.45 1804.00
600.45 1804.00
600.50 1802.00
600.52 1802.00
600.56 1807.00
600.56 1807.00
600.63 1805.00
600.63 1805.00
600.69 1807.00
600.69 1807.00
600.75 1809.00
600.75 1809.00
600.79 1805.00
600.82 1807.00
600.82 1807.00
600.87 1810.00
600.89 1806.00
600.96 1810.00
600.96 1810.00
600.96 1810.00
600.96 1810.00
600.96 1810.00
600.96 1810.00
600.96 1810.00
600.96 1810.00
600.99 1811.00
601.02 1816.00
601.02 1816.00
601.02 1816.00
601.01 1817.00
600.98 1818.00
600.98 1818.00
600.98 1818.00
600.98 1818.00
600.98 1818.00
600.98 1818.00
600.98 1818.00
600.98 1818.00
600.98 1818.00
600.98 1818.00
600.98 1818.00
601.01 1819.00
601.01 1819.00
601.22 1820.00
601.22 1820.00
601.59 1821.00
601.59 1821.00
601.88 1822.00
601.88 1822.00
601.99 1823.00
601.99 1823.00
602.00 1824.00
602.00 1824.00
602.00 1824.00
601.68 1831.00
601.68 1831.00
601.28 1832.00
601.28 1832.00
601.28 1832.00
601.43 1832.00
601.51 1833.00
601.68 1831.00
601.69 1834.00
601.84 1834.00
601.84 1834.00
601.93 1835.00
602.00 1831.00
602.00 1831.00
602.00 1837.00
602.31 1831.00
602.31 1831.00
602.00 1838.00
602.00 1838.00
602.00 1839.00
602.00 1839.00
602.00 1839.00
602.00 1839.00
602.00 1839.00
602.00 1839.00
602.00 1839.00
602.00 1837.00
602.00 1837.00
602.00 1844.00
602.00 1844.00
602.00 1845.00
602.00 1845.00
602.00 1846.00
602.00 1846.00
602.00 1847.00
602.00 1847.00
602.00 1847.00
602.00 1847.00
602.00 1847.00
602.00 1847.00
602.00 1847.00
602.00 1847.00
602.00 1847.00
602.00 1847.00
602.00 1847.00
602.00 1847.00
602.00 1847.00
602.00 1847.00
602.00 1847.00
602.00 1848.00
602.00 1848.00
602.00 1849.00
602.00 1850.00
602.00 1850.00
602.00 1851.00
602.00 1851.00
602.00 1851.00
602.00 1852.00
602.00 1852.00
602.00 1853.00
602.00 1853.00
602.00 1854.00
602.00 1854.00
602.00 1855.00
602.00 1855.00
602.00 1856.00
602.00 1856.00
602.00 1863.00
602.00 1863.00
602.00 1864.00
602.00 1864.00
602.00 1865.00
602.00 1865.00
602.00 1866.00
602.00 1866.00
602.00 1867.00
602.00 1867.00
601.99 1868.00
601.99 1868.00
601.99 1869.00
601.99 1869.00
601.99 1869.00
601.99 1869.00
601.99 1869.00
601.99 1869.00
601.99 1869.00
601.99 1869.00
601.99 1869.00
601.99 1869.00
601.99 1869.00
601.99 1869.00
601.99 1869.00
601.99 1869.00
601.99 1869.00
601.99 1870.00
601.99 1870.00
601.99 1871.00
601.99 1871.00
602.00 1874.00
602.00 1874.00
602.00 1874.00
602.00 1874.00
602.00 1874.00
602.00 1874.00
602.01 1875.00
602.17 1876.00
602.17 1876.00
602.52 1877.00
602.52 1877.00
602.94 1878.00
602.94 1878.00
602.99 1880.00
602.99 1880.00
602.99 1880.00
602.99 1880.00
602.99 1881.00
602.99 1881.00
603.00 1882.00
603.00 1882.00
603.00 1889.00
603.00 1890.00
603.00 1890.00
603.00 1891.00
603.00 1891.00
603.00 1892.00
603.00 1892.00
603.00 1892.00
603.00 1892.00
603.00 1892.00
603.00 1894.00
603.00 1894.00
603.00 1894.00
603.00 1895.00
603.00 1895.00
603.00 1895.00
603.00 1895.00
603.00 1896.00
603.00 1896.00
603.00 1896.00
603.00 1896.00
603.00 1903.00
603.00 1903.00
602.99 1904.00
602.99 1904.00
602.99 1904.00
602.99 1905.00
602.99 1905.00
602.90 1906.00
602.90 1906.00
602.90 1906.00
602.97 1906.00
602.99 1905.00
602.99 1905.00
602.99 1905.00
602.97 1906.00
602.97 1906.00
602.99 1905.00
603.00 1905.00
603.00 1905.00
603.00 1905.00
602.98 1912.00
602.98 1912.00
603.00 1913.00
602.98 1912.00
602.94 1912.00
602.85 1911.00
602.85 1911.00
602.71 1911.00
602.71 1911.00
602.71 1911.00
602.71 1911.00
602.71 1911.00
602.94 1912.00
602.94 1912.00
602.99 1914.00
602.99 1914.00
602.99 1914.00
602.99 1914.00
602.99 1915.00
602.99 1915.00
603.00 1916.00
603.00 1916.00
603.00 1923.00
603.00 1923.00
603.00 1924.00
603.00 1924.00
603.00 1924.00
603.00 1924.00
603.00 1924.00
603.00 1924.00
603.00 1924.00
603.00 1924.00
603.00 1924.00
603.00 1924.00
603.00 1924.00
603.00 1924.00
603.00 1924.00
603.00 1924.00
603.00 1924.00
603.00 1925.00
603.00 1925.00
603.00 1926.00
603.00 1926.00
603.00 1927.00
603.00 1927.00
603.00 1934.00
603.00 1934.00
603.00 1935.00
603.00 1935.00
603.00 1935.00
603.00 1935.00
602.99 1937.00
602.99 1937.00
602.91 1938.00
602.91 1938.00
602.81 1939.00
602.67 1939.00
602.67 1939.00
602.67 1939.00
602.67 1939.00
602.67 1939.00
602.77 1941.00
602.77 1941.00
602.77 1941.00
602.77 1941.00
602.77 1941.00
602.67 1939.00
602.62 1941.00
602.54 1940.00
602.51 1940.00
602.47 1940.00
602.62 1941.00
602.62 1941.00
602.89 1942.00
602.89 1942.00
602.63 1949.00
602.63 1949.00
602.26 1950.00
602.26 1950.00
602.26 1950.00
602.26 1950.00
602.26 1950.00
602.26 1950.00
602.26 1950.00
602.26 1950.00
602.13 1951.00
602.13 1951.00
602.05 1951.00
602.00 1952.00
602.00 1956.00
602.00 1956.00
602.00 1956.00
602.00 1956.00
602.01 1952.00
602.01 1952.00
602.00 1953.00
602.00 1953.00
602.00 1954.00
602.00 1956.00
602.00 1956.00
602.00 1956.00
602.00 1956.00
602.00 1956.00
602.00 1957.00
602.00 1957.00
602.00 1958.00
602.00 1958.00
602.00 1965.00
602.00 1965.00
602.00 1966.00
602.00 1966.00
602.00 1967.00
602.00 1967.00
602.00 1968.00
602.00 1968.00
602.00 1969.00
602.00 1969.00
602.00 1969.00
602.00 1969.00
602.00 1969.00
602.00 1969.00
602.00 1969.00
602.00 1969.00
602.00 1969.00
602.00 1969.00
602.00 1969.00
602.00 1969.00
602.00 1969.00
602.00 1969.00
602.00 1970.00
602.00 1970.00
602.00 1971.00
602.00 1971.00
602.00 1978.00
602.00 1978.00
602.00 1978.00
601.99 1980.00
601.99 1980.00
601.88 1981.00
601.88 1981.00
601.57 1982.00
601.57 1982.00
601.57 1982.00
601.21 1983.00
601.21 1983.00
601.02 1984.00
601.02 1984.00
601.00 1985.00
601.00 1985.00
601.00 1985.00
601.00 1985.00
601.00 1985.00
601.00 1985.00
600.99 1988.00
600.99 1988.00
600.99 1989.00
600.99 1989.00
600.99 1989.00
600.99 1989.00
600.99 1989.00
600.99 1989.00
600.99 1989.00
600.99 1989.00
600.99 1993.00
600.99 1993.00
600.99 1993.00
600.99 1993.00
600.95 1995.00
600.95 1995.00
600.86 1996.00
600.86 1996.00
600.86 1996.00
600.86 1996.00
600.86 1996.00
600.86 1996.00
600.86 1996.00
600.86 1996.00
600.71 1996.00
600.71 1996.00
600.71 1996.00
600.52 1996.00
600.52 1996.00
600.52 1996.00
600.33 1997.00
600.33 1997.00
600.08 1998.00
600.08 1998.00
600.01 1999.00
600.00 2000.00
600.00 2000.00
600.00 2006.00
600.00 2002.00
600.00 2002.00
600.00 2002.00
600.00 2009.00
600.00 2009.00
600.00 2010.00
600.00 2010.00
600.00 2009.00
599.99 2011.00
599.99 2011.00
599.92 2012.00
599.92 2012.00
599.92 2012.00
599.92 2012.00
599.92 2012.00
599.92 2012.00
599.92 2012.00
599.97 2012.00
599.97 2012.00
599.92 2012.00
599.92 2012.00
599.82 2013.00
599.82 2013.00
599.82 2013.00
599.66 2013.00
599.47 2014.00
599.47 2014.00
599.06 2015.00
599.06 2015.00
599.06 2015.00
599.01 2016.00
599.01 2016.00
599.00 2017.00
599.00 2017.00
599.00 2018.00
599.00 2018.00
599.00 2025.00
599.00 2025.00
599.00 2026.00
599.00 2026.00
599.00 2027.00
599.00 2027.00
599.00 2028.00
599.00 2028.00
599.00 2028.00
599.00 2028.00
599.00 2028.00
599.00 2028.00
599.00 2028.00
599.00 2028.00
599.00 2028.00
599.00 2028.00
599.00 2028.00
599.00 2028.00
599.00 2028.00
599.00 2029.00
599.00 2035.00
599.00 2036.00
599.00 2036.00
599.00 2037.00
599.00 2037.00
599.00 2038.00
599.00 2038.00
599.00 2039.00
599.00 2039.00
599.00 2040.00
599.00 2040.00
599.00 2040.00
599.00 2040.00
599.00 2040.00
599.00 2040.00
599.00 2040.00
599.00 2040.00
599.00 2040.00
599.00 2040.00
599.00 2040.00
599.00 2040.00
599.00 2040.00
599.00 2041.00
599.00 2041.00
599.00 2042.00
599.00 2042.00
599.00 2043.00
599.00 2043.00
599.00 2043.00
771.01 145.00
771.01 145.00
771.01 145.00
771.01 145.00
771.01 145.00
770.94 147.00
770.70 148.00
770.70 148.00
770.52 148.00
770.33 149.00
770.33 149.00
770.17 149.00
770.17 149.00
770.07 150.00
770.02 150.00
769.99 151.00
769.89 152.00
769.89 152.00
769.77 153.00
769.77 153.00
769.63 153.00
769.63 153.00
769.52 155.00
769.52 155.00
769.47 154.00
769.44 156.00
769.31 156.00
769.31 156.00
769.18 156.00
769.18 156.00
769.08 157.00
769.02 157.00
768.97 158.00
768.90 158.00
768.90 158.00
768.79 159.00
768.79 159.00
768.63 159.00
768.63 159.00
768.45 160.00
768.27 160.00
768.12 161.00
768.02 164.00
767.99 162.00
767.92 167.00
767.92 167.00
767.82 168.00
767.82 168.00
767.82 168.00
767.82 168.00
767.65 168.00
767.65 168.00
767.46 169.00
767.28 169.00
767.28 169.00
767.14 169.00
767.00 170.00
766.88 171.00
766.75 172.00
766.57 172.00
766.36 173.00
766.36 173.00
766.14 173.00
766.14 173.00
766.14 173.00
765.93 174.00
765.93 174.00
765.93 174.00
765.74 176.00
765.74 176.00
765.70 177.00
765.69 176.00
765.58 176.00
765.57 177.00
765.49 175.00
765.38 178.00
765.38 178.00
765.38 178.00
765.17 178.00
765.17 178.00
764.95 179.00
764.95 179.00
764.34 180.00
764.34 180.00
764.08 181.00
764.08 181.00
764.01 187.00
764.01 187.00
764.01 187.00
764.01 187.00
764.01 187.00
764.01 187.00
764.01 187.00
763.96 188.00
763.87 188.00
763.72 189.00
763.72 189.00
763.54 189.00
763.54 189.00
763.36 190.00
763.36 190.00
763.36 190.00
763.20 190.00
763.20 190.00
763.09 191.00
763.09 191.00
763.01 193.00
763.00 196.00
763.00 196.00
763.00 196.00
763.00 196.00
763.00 196.00
763.00 196.00
763.00 196.00
763.00 196.00
762.94 203.00
762.94 203.00
762.53 204.00
762.53 204.00
762.34 205.00
762.18 205.00
762.18 205.00
762.07 206.00
762.02 206.00
762.00 207.00
762.00 207.00
762.00 207.00
762.00 207.00
762.00 207.00
762.00 207.00
762.00 207.00
762.00 207.00
762.00 207.00
761.99 212.00
761.99 212.00
761.99 212.00
761.99 212.00
761.99 212.00
761.99 212.00
761.99 212.00
761.99 212.00
761.94 216.00
761.94 216.00
761.52 217.00
761.52 217.00
761.17 218.00
761.17 218.00
761.01 219.00
761.01 219.00
760.90 220.00
760.90 220.00
760.62 221.00
760.25 222.00
760.25 222.00
760.25 222.00
760.04 223.00
760.04 223.00
760.00 224.00
760.00 224.00
759.94 225.00
759.94 225.00
759.53 226.00
759.53 226.00
759.18 227.00
759.18 227.00
759.01 228.00
759.01 228.00
758.99 229.00
758.99 229.00
758.99 229.00
758.99 229.00
758.99 229.00
758.99 229.00
758.98 232.00
758.98 232.00
758.98 232.00
758.98 232.00
758.98 232.00
758.98 232.00
758.86 235.00
758.86 235.00
758.53 236.00
758.53 236.00
758.19 237.00
758.19 237.00
758.02 238.00
758.02 238.00
757.92 239.00
757.92 239.00
757.66 240.00
757.66 240.00
757.66 240.00
757.15 241.00
757.15 241.00
757.00 242.00
757.00 242.00
757.00 242.00
756.98 243.00
756.98 243.00
756.98 243.00
756.98 243.00
756.98 243.00
756.98 243.00
756.98 243.00
756.98 243.00
756.98 243.00
756.98 243.00
756.98 243.00
756.98 243.00
756.98 243.00
756.98 243.00
756.99 244.00
756.99 245.00
756.99 245.00
757.00 246.00
757.00 246.00
757.00 253.00
757.00 253.00
757.00 254.00
757.00 254.00
756.99 255.00
756.99 255.00
756.99 256.00
756.99 256.00
756.99 256.00
756.99 256.00
756.99 256.00
756.99 256.00
756.99 256.00
756.99 256.00
756.99 256.00
756.99 256.00
756.99 256.00
756.99 256.00
756.99 256.00
754.68 277.00
754.68 277.00
754.14 278.00
754.14 278.00
754.01 279.00
754.01 279.00
753.88 280.00
753.56 281.00
753.56 281.00
753.20 282.00
753.20 282.00
752.96 283.00
752.96 283.00
752.70 284.00
752.70 284.00
752.17 285.00
752.17 285.00
752.01 286.00
752.01 286.00
751.99 287.00
751.99 287.00
751.89 288.00
751.89 288.00
751.58 289.00
751.58 289.00
751.22 290.00
751.22 290.00
751.04 291.00
751.00 292.00
751.00 292.00
751.00 293.00
751.00 293.00
751.00 294.00
751.00 294.00
750.92 295.00
750.92 295.00
750.65 296.00
750.65 296.00
750.14 297.00
750.14 297.00
750.02 298.00
750.02 298.00
749.99 299.00
749.99 299.00
749.99 300.00
749.99 300.00
749.99 300.00
749.99 300.00
749.99 300.00
749.95 302.00
749.95 302.00
749.52 303.00
749.52 303.00
749.18 304.00
749.18 304.00
749.02 305.00
749.02 305.00
749.00 306.00
749.00 306.00
749.00 307.00
749.00 307.00
748.99 308.00
748.89 309.00
748.89 309.00
748.60 310.00
748.60 310.00
748.23 311.00
748.23 311.00
748.04 312.00
748.04 312.00
748.00 313.00
748.00 313.00
748.00 314.00
748.00 314.00
747.93 315.00
747.93 315.00
747.67 316.00
747.67 316.00
747.30 317.00
747.30 317.00
747.15 317.00
747.15 317.00
747.06 318.00
747.02 318.00
747.00 319.00
746.99 321.00
746.99 321.00
746.86 322.00
746.86 322.00
746.73 323.00
746.55 323.00
746.55 323.00
746.55 323.00
746.34 324.00
746.34 324.00
746.34 324.00
746.34 324.00
746.13 324.00
746.13 324.00
746.13 324.00
746.13 324.00
745.92 325.00
745.92 325.00
745.92 325.00
745.92 325.00
745.92 325.00
745.49 326.00
745.49 326.00
745.49 326.00
745.06 327.00
745.06 327.00
745.00 330.00
745.00 330.00
745.00 330.00
745.00 330.00
745.00 330.00
745.00 330.00
745.00 331.00
745.00 331.00
745.00 332.00
745.00 335.00
745.00 335.00
745.00 335.00
745.00 335.00
745.00 335.00
745.00 335.00
744.98 336.00
744.98 336.00
744.83 337.00
744.83 337.00
744.49 338.00
744.49 338.00
744.06 339.00
744.06 339.00
744.01 341.00
744.01 341.00
744.02 347.00
744.02 347.00
744.02 347.00
744.02 347.00
743.94 348.00
743.83 349.00
743.83 349.00
743.83 349.00
743.94 348.00
743.94 348.00
743.94 348.00
743.94 348.00
743.83 349.00
743.83 349.00
743.67 349.00
743.48 349.00
743.30 350.00
743.16 350.00
743.16 350.00
743.07 351.00
742.99 354.00
742.95 355.00
742.95 355.00
742.95 355.00
742.95 355.00
742.95 355.00
742.95 355.00
742.88 355.00
742.88 355.00
742.74 356.00
742.74 356.00
742.74 356.00
742.74 356.00
742.74 356.00
742.74 356.00
742.38 357.00
742.38 357.00
742.09 358.00
742.09 358.00
742.01 359.00
742.01 359.00
742.01 359.00
742.00 360.00
742.00 360.00
742.00 362.00
742.00 362.00
742.00 362.00
742.00 362.00
741.97 363.00
741.97 363.00
741.79 364.00
741.79 364.00
741.45 365.00
741.45 365.00
741.12 366.00
741.12 366.00
741.02 369.00
741.02 369.00
741.02 369.00
741.02 369.00
741.02 369.00
741.00 370.00
741.00 370.00
741.00 370.00
740.92 372.00
740.67 373.00
740.67 373.00
740.49 374.00
740.49 374.00
740.31 374.00
740.31 374.00
740.31 374.00
740.05 375.00
740.05 375.00
740.02 378.00
740.02 378.00
739.98 381.00
739.93 381.00
739.85 382.00
739.85 382.00
739.71 382.00
739.71 382.00
739.71 382.00
739.54 382.00
739.54 382.00
739.54 382.00
739.35 383.00
739.35 383.00
739.35 383.00
739.07 384.00
739.07 384.00
739.02 387.00
739.02 387.00
738.99 389.00
738.95 391.00
738.87 392.00
738.87 392.00
738.73 392.00
738.73 392.00
738.55 392.00
738.55 392.00
738.55 392.00
738.55 392.00
738.36 393.00
738.36 393.00
738.36 393.00
738.19 393.00
738.19 393.00
738.08 394.00
738.08 394.00
738.00 400.00
737.99 398.00
737.99 398.00
737.99 398.00
737.99 398.00
737.94 404.00
737.94 404.00
737.54 405.00
737.54 405.00
737.54 405.00
737.35 406.00
737.35 406.00
737.35 406.00
737.19 406.00
737.19 406.00
737.08 407.00
737.08 407.00
737.01 409.00
737.00 410.00
736.99 411.00
736.99 411.00
736.99 412.00
736.99 412.00
736.99 412.00
736.99 412.00
736.99 412.00
736.87 415.00
736.87 415.00
736.56 416.00
736.56 416.00
736.21 417.00
736.21 417.00
736.09 418.00
736.09 418.00
736.02 418.00
735.99 419.00
735.99 419.00
735.99 419.00
735.99 419.00
735.99 419.00
735.98 422.00
735.98 422.00
735.98 422.00
735.98 422.00
735.98 422.00
735.88 425.00
735.88 425.00
735.56 426.00
735.56 426.00
735.22 427.00
735.22 427.00
735.04 428.00
735.04 428.00
735.00 429.00
735.00 429.00
735.00 429.00
735.00 429.00
735.00 431.00
735.00 431.00
735.00 432.00
735.00 432.00
735.00 432.00
735.00 432.00
735.00 434.00
735.00 434.00
734.99 435.00
734.90 436.00
734.90 436.00
734.60 437.00
734.60 437.00
734.24 438.00
734.24 438.00
734.03 439.00
734.03 439.00
734.00 440.00
734.00 440.00
734.00 440.00
734.00 440.00
734.00 442.00
734.00 442.00
733.99 443.00
733.99 443.00
733.99 443.00
733.99 443.00
733.99 443.00
733.99 443.00
733.99 443.00
733.99 443.00
733.99 443.00
733.98 448.00
733.98 448.00
733.98 449.00
733.98 449.00
733.98 449.00
733.98 449.00
733.98 449.00
733.98 449.00
733.87 452.00
733.87 452.00
733.54 453.00
733.54 453.00
733.20 454.00
733.20 454.00
733.03 455.00
733.03 455.00
733.00 456.00
733.00 456.00
733.00 457.00
733.00 457.00
732.99 458.00
732.99 458.00
732.90 459.00
732.90 459.00
732.62 460.00
732.62 460.00
732.26 461.00
732.26 461.00
732.04 462.00
732.04 462.00
732.00 463.00
732.00 463.00
731.94 464.00
731.94 464.00
731.52 465.00
731.52 465.00
731.34 466.00
731.34 466.00
731.34 466.00
731.18 466.00
731.18 466.00
731.07 467.00
731.07 467.00
731.00 468.00
731.00 468.00
731.00 471.00
731.00 471.00
730.99 472.00
730.99 472.00
730.99 473.00
730.99 473.00
730.99 473.00
730.99 473.00
730.99 473.00
730.99 473.00
730.99 473.00
730.99 473.00
730.99 473.00
730.99 473.00
730.99 473.00
730.99 473.00
730.99 473.00
730.99 474.00
730.99 474.00
731.00 475.00
731.00 475.00
731.00 476.00
731.00 476.00
731.00 483.00
731.00 483.00
731.00 484.00
731.00 484.00
731.00 485.00
731.00 485.00
730.99 486.00
730.99 487.00
730.99 487.00
730.99 487.00
730.99 487.00
730.99 487.00
730.99 487.00
730.87 490.00
730.87 490.00
730.55 491.00
730.55 491.00
730.19 492.00
730.19 492.00
730.02 493.00
730.02 493.00
729.92 494.00
729.92 494.00
729.65 495.00
729.65 495.00
729.14 496.00
729.14 496.00
729.00 497.00
729.00 497.00
728.87 498.00
728.87 498.00
728.56 499.00
728.56 499.00
728.21 500.00
728.21 500.00
728.21 500.00
728.09 501.00
728.09 501.00
728.02 501.00
728.01 503.00
728.00 503.00
728.02 501.00
728.09 501.00
728.09 501.00
728.21 500.00
728.21 500.00
728.21 500.00
728.09 501.00
728.09 501.00
728.01 503.00
727.99 504.00
727.92 504.00
727.92 504.00
727.79 505.00
727.79 505.00
727.62 505.00
727.62 505.00
727.44 506.00
727.44 506.00
727.13 507.00
727.13 507.00
727.00 508.00
727.00 510.00
727.00 510.00
727.00 510.00
727.00 510.00
726.98 511.00
726.98 511.00
726.85 512.00
726.85 512.00
726.33 513.00
726.33 513.00
726.07 514.00
726.07 514.00
726.00 515.00
726.00 515.00
726.00 516.00
726.00 516.00
726.00 517.00
726.00 517.00
726.00 521.00
726.00 521.00
726.00 521.00
726.00 521.00
726.00 521.00
726.00 521.00
726.00 521.00
726.00 521.00
725.99 522.00
725.99 522.00
725.86 523.00
725.86 523.00
725.35 524.00
725.35 524.00
725.08 525.00
725.08 525.00
725.00 526.00
725.00 526.00
725.00 527.00
725.00 527.00
725.00 528.00
725.00 528.00
724.96 529.00
724.96 529.00
724.77 530.00
724.77 530.00
724.41 531.00
724.41 531.00
724.11 532.00
724.11 532.00
724.01 533.00
724.01 533.00
724.00 534.00
724.00 534.00
724.00 535.00
724.00 535.00
724.00 536.00
723.97 537.00
723.97 537.00
723.82 538.00
723.82 538.00
723.82 538.00
723.47 539.00
723.47 539.00
723.05 540.00
723.05 540.00
723.00 541.00
723.00 541.00
723.00 542.00
723.00 542.00
723.00 543.00
723.00 543.00
723.00 544.00
723.00 544.00
722.98 545.00
722.98 545.00
722.85 546.00
722.85 546.00
722.33 547.00
720.01 570.00
720.01 571.00
720.01 571.00
720.00 577.00
720.00 577.00
720.00 577.00
720.00 577.00
720.00 577.00
720.00 577.00
720.00 577.00
720.00 577.00
720.00 577.00
720.00 577.00
720.00 577.00
719.96 578.00
719.96 578.00
719.75 579.00
719.75 579.00
719.38 580.00
719.38 580.00
719.01 590.00
719.01 590.00
719.01 590.00
719.01 590.00
719.01 590.00
719.01 590.00
719.01 590.00
719.01 590.00
719.01 590.00
719.01 590.00
719.01 590.00
719.01 590.00
718.96 591.00
718.96 591.00
718.74 592.00
718.74 592.00
718.37 593.00
718.09 594.00
718.09 594.00
718.00 597.00
718.00 597.00
718.00 597.00
718.00 597.00
718.00 597.00
718.00 597.00
718.00 598.00
718.00 598.00
718.00 605.00
718.00 605.00
718.00 606.00
718.00 606.00
718.00 607.00
718.00 607.00
718.00 607.00
718.00 607.00
718.00 607.00
718.00 607.00
718.00 607.00
718.00 607.00
718.00 607.00
718.00 607.00
718.00 607.00
718.00 607.00
718.00 607.00
718.00 614.00
718.00 614.00
718.00 615.00
718.00 615.00
718.00 615.00
718.00 615.00
718.00 615.00
718.00 615.00
718.00 615.00
718.00 615.00
718.00 615.00
718.00 615.00
718.00 615.00
718.00 615.00
718.00 615.00
718.00 615.00
717.96 616.00
717.96 616.00
717.78 617.00
717.78 617.00
717.42 618.00
717.42 618.00
717.11 619.00
717.11 619.00
717.01 622.00
717.01 622.00
717.01 622.00
717.01 622.00
717.01 622.00
717.01 622.00
717.01 623.00
717.00 624.00
717.00 624.00
717.00 631.00
717.00 631.00
717.00 632.00
717.00 632.00
717.00 633.00
717.00 633.00
717.00 634.00
717.00 634.00
717.00 634.00
717.00 634.00
717.00 634.00
717.00 634.00
717.00 634.00
717.00 634.00
717.00 634.00
717.00 634.00
717.00 634.00
717.00 634.00
717.00 634.00
717.00 635.00
717.00 635.00
716.99 640.00
716.99 640.00
716.90 643.00
716.90 643.00
716.78 644.00
716.62 644.00
716.62 644.00
716.62 644.00
716.62 644.00
716.42 645.00
716.42 645.00
716.42 645.00
716.42 645.00
716.42 645.00
716.62 644.00
716.62 644.00
716.62 644.00
716.62 644.00
716.42 645.00
716.42 645.00
716.12 646.00
716.12 646.00
716.01 649.00
716.01 649.00
716.01 649.00
716.01 649.00
716.01 649.00
716.01 649.00
716.01 650.00
715.97 655.00
715.90 655.00
715.90 655.00
715.90 655.00
715.90 655.00
715.90 655.00
715.90 655.00
715.97 655.00
716.00 654.00
715.97 655.00
715.97 655.00
715.79 656.00
715.79 656.00
715.43 657.00
715.43 657.00
715.12 658.00
715.12 658.00
715.01 661.00
715.01 661.00
715.01 661.00
715.01 661.00
715.01 661.00
715.01 661.00
715.01 662.00
715.00 667.00
715.00 667.00
715.00 667.00
715.00 667.00
715.00 667.00
714.99 668.00
714.96 669.00
714.96 669.00
714.96 669.00
714.99 668.00
715.00 668.00
715.00 668.00
714.96 669.00
714.96 669.00
714.96 669.00
714.77 670.00
714.41 671.00
714.41 671.00
714.11 672.00
714.11 672.00
714.01 673.00
714.01 673.00
714.00 675.00
714.00 675.00
714.00 675.00
714.00 675.00
714.00 680.00
714.00 680.00
714.00 680.00
714.00 680.00
714.00 680.00
714.00 680.00
714.00 680.00
714.00 680.00
713.95 685.00
713.87 685.00
713.87 685.00
713.74 686.00
713.74 686.00
713.74 686.00
713.56 686.00
713.56 686.00
713.56 686.00
713.37 687.00
713.37 687.00
713.37 687.00
713.20 687.00
713.20 687.00
713.09 688.00
713.09 688.00
713.02 688.00
712.99 694.00
712.99 694.00
712.99 696.00
712.99 696.00
712.87 697.00
712.87 697.00
712.87 697.00
712.87 697.00
712.87 697.00
712.95 697.00
712.95 697.00
712.95 697.00
712.95 697.00
712.87 697.00
712.87 697.00
712.74 698.00
712.74 698.00
712.56 698.00
712.56 698.00
712.56 698.00
712.37 699.00
712.37 699.00
712.09 700.00
712.01 703.00
712.01 703.00
712.01 703.00
712.01 703.00
712.01 703.00
712.01 703.00
711.99 707.00
711.99 707.00
711.99 707.00
711.99 707.00
711.99 707.00
711.99 707.00
711.99 707.00
711.99 707.00
712.00 714.00
712.00 714.00
712.00 714.00
712.00 714.00
711.93 716.00
711.93 716.00
711.82 717.00
711.67 717.00
711.67 717.00
711.67 717.00
711.48 718.00
711.48 718.00
711.48 718.00
711.48 718.00
711.30 718.00
711.30 718.00
711.30 718.00
711.15 718.00
711.15 718.00
711.15 718.00
711.15 718.00
711.30 718.00
711.06 719.00
711.06 719.00
711.00 720.00
711.00 720.00
711.00 721.00
711.00 721.00
710.95 722.00
710.95 722.00
710.74 723.00
710.74 723.00
710.37 724.00
710.37 724.00
710.09 725.00
710.09 725.00
710.01 726.00
710.01 726.00
710.00 729.00
710.00 729.00
710.00 729.00
710.00 729.00
710.00 729.00
710.00 729.00
710.00 730.00
710.00 730.00
710.00 732.00
710.00 732.00
710.00 732.00
710.00 732.00
709.96 733.00
709.96 733.00
709.75 734.00
709.75 734.00
709.38 735.00
709.38 735.00
709.10 736.00
709.10 736.00
709.01 737.00
709.01 737.00
708.98 738.00
708.98 738.00
708.82 739.00
708.82 739.00
708.48 740.00
708.48 740.00
708.06 741.00
708.06 741.00
708.01 743.00
708.01 743.00
708.01 743.00
708.01 743.00
708.00 748.00
708.00 748.00
708.00 748.00
708.00 748.00
708.00 748.00
708.00 748.00
708.00 748.00
708.00 748.00
708.00 748.00
708.00 748.00
708.00 749.00
708.00 749.00
708.00 750.00
708.00 750.00
708.00 751.00
708.00 751.00
707.97 752.00
707.97 752.00
707.80 753.00
707.45 754.00
707.45 754.00
707.14 755.00
707.14 755.00
707.02 759.00
707.02 759.00
707.02 759.00
707.02 759.00
707.02 759.00
707.02 759.00
707.02 759.00
707.02 759.00
707.00 760.00
707.00 760.00
706.83 761.00
706.83 761.00
706.31 762.00
706.31 762.00
706.07 763.00
706.07 763.00
706.00 766.00
706.00 766.00
706.00 766.00
706.00 766.00
706.00 766.00
706.00 767.00
706.00 767.00
706.00 768.00
706.00 768.00
706.00 769.00
706.00 769.00
706.00 770.00
706.00 770.00
706.00 777.00
706.00 777.00
706.00 778.00
706.00 778.00
706.00 779.00
706.00 779.00
706.00 780.00
706.00 780.00
706.00 781.00
706.00 781.00
706.00 781.00
706.00 781.00
706.00 781.00
706.00 781.00
706.00 781.00
706.00 781.00
706.00 781.00
706.00 781.00
706.00 781.00
706.00 781.00
706.00 781.00
706.00 781.00
706.00 782.00
706.00 782.00
706.00 783.00
706.00 784.00
706.00 784.00
706.00 788.00
706.00 788.00
706.00 788.00
706.00 788.00
706.00 788.00
706.00 788.00
706.00 788.00
706.00 788.00
705.98 789.00
705.98 789.00
705.84 790.00
705.84 790.00
705.50 791.00
705.50 791.00
705.07 792.00
705.07 792.00
705.00 793.00
705.00 793.00
705.00 794.00
705.00 794.00
705.00 795.00
705.00 795.00
705.00 796.00
705.00 796.00
705.00 797.00
705.00 797.00
704.99 798.00
704.99 798.00
704.86 799.00
704.86 799.00
704.75 806.00
704.75 806.00
704.95 807.00
704.95 807.00
705.00 808.00
705.00 808.00
705.00 808.00
705.00 808.00
705.00 808.00
705.00 808.00
705.00 808.00
705.00 808.00
705.00 808.00
705.00 808.00
705.00 808.00
705.00 808.00
705.00 808.00
705.00 808.00
704.99 809.00
704.99 809.00
704.84 810.00
704.32 811.00
704.32 811.00
704.07 812.00
704.07 812.00
704.01 815.00
704.01 815.00
704.01 815.00
704.01 815.00
704.01 815.00
704.01 815.00
704.01 816.00
704.01 816.00
704.00 821.00
704.00 821.00
704.00 821.00
704.00 821.00
704.00 821.00
704.00 821.00
704.00 821.00
704.00 821.00
704.00 821.00
704.00 821.00
703.99 822.00
703.99 822.00
703.99 822.00
703.85 823.00
703.85 823.00
703.32 824.00
703.32 824.00
703.07 825.00
703.07 825.00
702.97 826.00
702.97 826.00
702.79 827.00
702.79 827.00
702.43 828.00
702.43 828.00
702.12 829.00
702.12 829.00
702.01 831.00
702.01 831.00
702.01 831.00
702.01 831.00
702.01 832.00
702.01 832.00
702.01 836.00
702.01 836.00
702.01 836.00
702.01 836.00
702.01 836.00
702.01 836.00
702.01 836.00
702.00 837.00
702.00 837.00
702.00 840.00
702.00 840.00
702.00 840.00
702.00 840.00
702.00 840.00
702.00 840.00
701.96 841.00
701.96 841.00
701.76 842.00
701.76 842.00
701.39 843.00
701.39 843.00
701.11 844.00
701.11 844.00
701.01 845.00
701.01 845.00
701.00 847.00
701.00 847.00
701.00 847.00
701.00 847.00
701.00 847.00
700.98 848.00
700.98 848.00
700.00 863.00
700.00 863.00
700.00 863.00
700.00 863.00
700.00 863.00
700.00 863.00
700.00 863.00
700.00 863.00
700.00 863.00
700.00 863.00
700.00 864.00
700.00 864.00
700.00 870.00
700.00 870.00
700.00 870.00
700.00 870.00
700.00 870.00
700.00 870.00
700.00 870.00
700.00 870.00
700.00 870.00
700.00 870.00
700.00 870.00
700.00 870.00
700.00 870.00
700.00 871.00
700.00 871.00
700.00 874.00
700.00 874.00
700.00 874.00
700.00 874.00
700.00 874.00
699.98 875.00
699.98 875.00
699.81 876.00
699.81 876.00
699.85 883.00
699.85 883.00
699.98 884.00
699.98 884.00
700.00 885.00
700.00 885.00
700.00 886.00
700.00 886.00
700.00 887.00
700.00 887.00
700.00 888.00
700.00 888.00
700.00 888.00
700.00 888.00
700.00 888.00
700.00 888.00
700.00 888.00
700.00 888.00
700.00 888.00
700.00 888.00
700.00 888.00
700.00 888.00
700.00 888.00
700.00 889.00
700.00 889.00
700.00 891.00
700.00 891.00
700.00 891.00
700.00 891.00
699.98 892.00
699.98 892.00
699.84 893.00
699.84 893.00
699.50 894.00
699.50 894.00
699.50 894.00
699.06 895.00
699.06 895.00
699.01 896.00
699.01 896.00
698.97 897.00
698.97 897.00
698.75 898.00
698.75 898.00
698.38 899.00
698.38 899.00
698.10 900.00
698.10 900.00
698.01 901.00
698.01 901.00
698.00 902.00
698.00 902.00
698.00 903.00
698.00 903.00
697.97 904.00
697.97 904.00
697.81 905.00
697.81 905.00
697.00 915.00
697.00 915.00
697.00 915.00
697.00 915.00
697.00 916.00
697.00 917.00
697.00 917.00
697.00 922.00
697.00 922.00
697.00 922.00
697.00 922.00
697.00 922.00
697.00 922.00
697.00 922.00
697.00 922.00
697.00 922.00
697.00 922.00
697.00 923.00
697.00 923.00
697.00 923.00
696.95 924.00
696.95 924.00
696.74 925.00
696.74 925.00
696.01 940.00
696.01 941.00
696.01 941.00
696.01 942.00
696.01 942.00
696.01 942.00
696.01 942.00
696.01 942.00
696.01 942.00
696.01 942.00
696.01 942.00
696.01 942.00
696.01 942.00
696.01 942.00
696.01 942.00
696.01 942.00
696.01 942.00
696.01 947.00
696.01 947.00
696.01 947.00
696.01 947.00
696.01 947.00
696.01 947.00
696.01 947.00
696.01 947.00
696.01 947.00
696.01 947.00
695.98 948.00
695.98 948.00
695.77 949.00
695.77 949.00
695.41 950.00
695.41 950.00
695.11 951.00
695.11 951.00
695.01 952.00
695.01 952.00
695.01 953.00
695.01 953.00
695.00 958.00
695.00 958.00
695.00 958.00
695.00 958.00
695.00 958.00
695.00 958.00
695.00 958.00
695.00 958.00
695.00 958.00
695.00 958.00
695.00 959.00
695.00 959.00
695.00 960.00
695.00 960.00
695.00 966.00
695.00 966.00
695.00 966.00
695.00 966.00
695.00 966.00
695.00 966.00
695.00 966.00
695.00 966.00
695.00 966.00
695.00 966.00
695.00 966.00
695.00 966.00
695.00 967.00
695.00 967.00
695.00 969.00
695.00 969.00
695.00 969.00
695.00 969.00
694.98 970.00
694.98 970.00
694.83 971.00
694.83 971.00
694.49 972.00
694.49 972.00
694.00 979.00
694.00 979.00
694.00 979.00
694.00 979.00
694.00 979.00
694.00 979.00
694.00 979.00
694.00 979.00
694.00 979.00
694.00 980.00
694.00 980.00
694.00 981.00
694.00 981.00
694.00 988.00
694.00 988.00
694.00 989.00
694.00 989.00
694.00 990.00
694.00 990.00
694.00 990.00
694.00 990.00
694.00 990.00
694.00 990.00
694.00 990.00
694.00 990.00
694.00 990.00
694.00 990.00
694.00 990.00
694.00 990.00
694.00 990.00
694.00 990.00
694.00 991.00
694.00 991.00
694.00 992.00
694.00 992.00
694.00 996.00
694.00 996.00
694.00 996.00
694.00 996.00
694.00 996.00
694.00 996.00
694.00 996.00
694.00 996.00
693.98 997.00
693.84 998.00
693.84 998.00
693.84 998.00
693.50 999.00
693.50 999.00
693.07 1000.00
693.07 1000.00
693.00 1003.00
693.00 1003.00
693.00 1003.00
693.00 1003.00
693.00 1003.00
693.00 1003.00
692.96 1004.00
692.96 1004.00
692.73 1005.00
692.73 1005.00
691.00 1031.00
691.00 1031.00
691.00 1032.00
691.00 1032.00
691.00 1032.00
691.00 1032.00
691.00 1032.00
691.00 1032.00
691.00 1032.00
691.00 1032.00
691.00 1032.00
691.00 1032.00
691.00 1032.00
691.00 1032.00
691.00 1032.00
691.00 1032.00
691.00 1033.00
691.00 1037.00
691.00 1037.00
691.00 1037.00
691.00 1037.00
691.00 1037.00
691.00 1037.00
691.00 1037.00
691.00 1037.00
690.97 1038.00
690.97 1038.00
690.80 1039.00
690.80 1039.00
690.80 1039.00
690.80 1039.00
690.44 1040.00
689.98 1074.00
689.98 1074.00
690.01 1075.00
690.01 1075.00
690.13 1076.00
690.13 1076.00
690.44 1077.00
690.44 1077.00
690.80 1078.00
690.80 1078.00
690.97 1079.00
690.97 1079.00
691.00 1080.00
691.00 1080.00
691.00 1080.00
691.00 1080.00
691.00 1082.00
691.00 1082.00
691.00 1083.00
691.00 1083.00
691.00 1083.00
691.00 1083.00
691.00 1083.00
691.00 1083.00
690.99 1080.00
691.00 1087.00
691.00 1087.00
691.00 1088.00
691.00 1088.00
691.00 1088.00
691.00 1088.00
691.00 1088.00
691.00 1088.00
691.00 1088.00
691.00 1088.00
691.00 1088.00
691.00 1088.00
691.00 1088.00
691.00 1088.00
691.00 1088.00
691.00 1088.00
691.00 1089.00
691.00 1089.00
691.00 1090.00
691.00 1090.00
691.00 1091.00
691.00 1091.00
691.00 1092.00
691.00 1092.00
691.00 1099.00
691.00 1099.00
691.00 1100.00
691.00 1100.00
690.99 1101.00
690.99 1101.00
690.99 1102.00
690.99 1102.00
690.99 1103.00
690.99 1103.00
690.99 1103.00
690.99 1103.00
690.99 1103.00
690.99 1103.00
690.99 1103.00
690.99 1103.00
690.99 1103.00
690.99 1103.00
690.99 1103.00
690.99 1103.00
690.93 1109.00
690.93 1109.00
690.67 1110.00
690.67 1110.00
690.16 1111.00
690.16 1111.00
690.02 1112.00
690.02 1112.00
690.00 1113.00
690.00 1113.00
690.00 1113.00
690.00 1115.00
690.00 1115.00
690.00 1116.00
690.00 1116.00
690.00 1116.00
690.00 1117.00
690.00 1117.00
690.00 1117.00
690.00 1117.00
690.00 1117.00
690.00 1117.00
690.00 1117.00
690.00 1117.00
690.00 1117.00
690.00 1117.00
690.00 1117.00
690.00 1117.00
690.00 1117.00
690.00 1118.00
690.00 1118.00
690.00 1123.00
690.00 1123.00
690.00 1123.00
690.00 1123.00
690.00 1123.00
690.00 1123.00
690.00 1123.00
690.00 1123.00
690.00 1123.00
690.00 1123.00
690.00 1130.00
690.00 1130.00
690.00 1130.00
690.00 1130.00
690.00 1132.00
690.00 1132.00
689.86 1133.00
689.86 1133.00
689.55 1134.00
689.55 1134.00
689.20 1135.00
689.20 1135.00
689.20 1135.00
689.03 1136.00
689.03 1136.00
689.00 1137.00
689.00 1137.00
689.00 1137.00
689.00 1137.00
689.00 1137.00
689.00 1137.00
689.00 1140.00
689.00 1140.00
689.00 1141.00
689.00 1141.00
689.00 1141.00
689.00 1141.00
689.00 1141.00
689.00 1141.00
688.99 1144.00
688.99 1144.00
688.86 1145.00
688.86 1145.00
688.55 1146.00
688.55 1146.00
688.13 1147.00
688.34 1147.00
688.34 1147.00
688.34 1147.00
688.34 1147.00
688.34 1147.00
688.34 1147.00
688.34 1147.00
688.34 1147.00
688.34 1147.00
688.55 1146.00
688.55 1146.00
688.34 1147.00
688.34 1147.00
688.34 1147.00
687.91 1148.00
687.91 1148.00
687.49 1149.00
687.49 1149.00
687.03 1150.00
687.03 1150.00
687.03 1150.00
686.79 1151.00
686.79 1151.00
544.02 158.00
544.02 158.00
538.80 190.00
538.80 190.00
538.00 191.00
538.00 191.00
537.63 192.00
537.63 192.00
537.47 193.00
537.47 193.00
537.47 193.00
537.47 193.00
536.75 195.00
536.75 195.00
536.25 196.00
536.25 196.00
535.97 197.00
535.97 197.00
535.86 198.00
535.86 198.00
535.73 198.00
535.73 198.00
535.59 198.00
535.59 198.00
535.51 200.00
535.38 201.00
535.24 201.00
535.11 202.00
534.99 202.00
534.99 202.00
534.87 203.00
534.72 203.00
534.72 203.00
534.53 203.00
534.53 203.00
534.53 203.00
534.53 203.00
534.32 204.00
534.32 204.00
534.11 204.00
534.11 204.00
533.90 205.00
533.90 205.00
533.69 205.00
533.69 205.00
533.47 206.00
533.25 206.00
533.25 206.00
532.83 207.00
532.83 207.00
532.42 208.00
532.42 208.00
532.10 209.00
532.10 209.00
532.02 212.00
532.02 212.00
532.02 212.00
532.02 212.00
532.02 212.00
532.02 212.00
532.01 213.00
532.01 213.00
532.00 220.00
532.00 220.00
532.01 221.00
531.99 215.00
531.99 216.00
531.99 216.00
531.99 217.00
531.99 217.00
532.01 222.00
532.01 222.00
532.01 222.00
532.01 222.00
532.00 226.00
532.00 226.00
532.00 227.00
532.00 227.00
531.99 228.00
531.99 228.00
531.99 229.00
531.99 229.00
531.99 230.00
531.99 230.00
531.99 230.00
531.99 230.00
531.99 230.00
531.99 230.00
531.99 230.00
531.99 230.00
531.99 230.00
531.99 230.00
531.99 230.00
531.99 230.00
531.99 230.00
531.99 230.00
531.99 231.00
532.00 232.00
532.00 232.00
531.98 239.00
531.98 239.00
531.98 240.00
531.98 240.00
531.98 240.00
531.98 240.00
531.98 240.00
531.98 240.00
531.98 240.00
531.90 243.00
531.90 243.00
531.59 244.00
531.59 244.00
531.24 245.00
531.24 245.00
531.04 246.00
531.04 246.00
531.00 247.00
531.00 247.00
531.00 248.00
531.00 248.00
530.93 249.00
530.93 249.00
530.68 250.00
530.68 250.00
530.15 251.00
530.15 251.00
529.91 252.00
529.60 253.00
529.60 253.00
529.24 254.00
529.24 254.00
529.04 255.00
529.04 255.00
529.00 256.00
529.00 256.00
528.93 257.00
528.93 257.00
528.68 258.00
528.68 258.00
528.15 259.00
528.15 259.00
528.02 260.00
528.02 260.00
528.00 261.00
528.00 261.00
528.00 261.00
528.00 261.00
528.00 263.00
528.00 263.00
528.00 264.00
528.00 264.00
527.99 265.00
527.99 265.00
527.99 265.00
527.99 265.00
527.94 267.00
527.94 267.00
527.50 268.00
527.50 268.00
527.17 269.00
527.02 270.00
527.02 270.00
527.00 271.00
527.00 271.00
526.99 272.00
526.99 272.00
526.99 273.00
526.99 273.00
526.88 274.00
526.88 274.00
526.55 275.00
526.55 275.00
526.20 276.00
526.20 276.00
526.03 277.00
526.03 277.00
526.01 278.00
526.01 278.00
526.00 279.00
526.00 279.00
525.99 280.00
525.99 280.00
525.99 281.00
525.99 281.00
525.99 281.00
525.99 281.00
525.89 283.00
525.89 283.00
525.57 284.00
525.57 284.00
525.22 285.00
525.22 285.00
525.04 286.00
525.04 286.00
525.00 287.00
525.00 287.00
525.00 287.00
525.00 287.00
524.92 289.00
524.92 289.00
524.65 290.00
524.65 290.00
524.14 291.00
524.14 291.00
524.02 292.00
524.02 292.00
524.00 293.00
524.00 293.00
524.00 294.00
524.00 294.00
523.94 295.00
523.94 295.00
523.54 296.00
523.54 296.00
523.19 297.00
523.19 297.00
523.19 297.00
523.02 298.00
523.02 298.00
523.00 299.00
523.00 299.00
523.00 300.00
523.00 300.00
522.99 301.00
522.99 301.00
522.89 302.00
522.89 302.00
522.59 303.00
522.59 303.00
522.22 304.00
522.22 304.00
522.03 305.00
522.03 305.00
521.94 306.00
521.94 306.00
521.69 307.00
521.16 308.00
521.16 308.00
521.02 309.00
521.02 309.00
521.00 310.00
521.00 310.00
521.00 311.00
521.00 311.00
521.00 312.00
521.00 312.00
520.99 313.00
520.99 313.00
520.95 314.00
520.95 314.00
520.55 315.00
520.55 315.00
520.19 316.00
520.19 316.00
520.02 317.00
520.00 318.00
520.00 318.00
520.00 318.00
520.00 318.00
520.00 320.00
520.00 320.00
519.99 321.00
519.99 321.00
519.99 321.00
519.99 321.00
519.99 321.00
519.99 321.00
519.99 321.00
519.99 321.00
519.99 321.00
519.99 321.00
519.99 321.00
519.99 321.00
519.94 327.00
519.52 328.00
519.52 328.00
519.17 329.00
519.17 329.00
519.01 330.00
519.01 330.00
519.00 331.00
519.00 331.00
519.00 331.00
519.00 331.00
518.99 333.00
518.99 333.00
518.99 334.00
518.99 334.00
518.99 334.00
518.99 334.00
518.95 336.00
518.53 337.00
518.53 337.00
518.18 338.00
518.18 338.00
518.02 339.00
518.02 339.00
518.00 340.00
518.00 340.00
518.00 341.00
518.00 341.00
518.00 342.00
518.00 342.00
517.99 343.00
517.99 343.00
517.89 344.00
517.89 344.00
517.59 345.00
517.59 345.00
517.22 346.00
517.22 346.00
517.03 347.00
517.03 347.00
517.01 348.00
517.01 348.00
517.01 348.00
517.01 348.00
517.00 350.00
517.00 350.00
516.99 351.00
516.99 351.00
516.90 352.00
516.90 352.00
516.62 353.00
516.62 353.00
516.25 354.00
516.04 355.00
516.04 355.00
516.01 356.00
516.01 356.00
516.00 357.00
516.00 357.00
515.99 358.00
515.99 358.00
515.99 358.00
515.99 358.00
515.92 360.00
515.92 360.00
515.65 361.00
515.65 361.00
515.14 362.00
515.14 362.00
515.02 363.00
515.00 364.00
515.00 364.00
515.00 365.00
515.00 365.00
515.00 366.00
515.00 366.00
515.00 367.00
515.00 367.00
515.00 368.00
515.00 368.00
514.99 369.00
514.99 369.00
514.93 370.00
514.93 370.00
514.67 371.00
514.67 371.00
514.15 372.00
514.15 372.00
514.02 373.00
514.00 374.00
514.00 374.00
513.99 375.00
513.99 375.00
513.87 376.00
513.87 376.00
513.54 377.00
513.54 377.00
513.19 378.00
513.19 378.00
513.03 379.00
513.03 379.00
513.00 380.00
513.00 380.00
513.00 381.00
513.00 381.00
513.00 382.00
513.00 382.00
512.99 383.00
512.89 384.00
512.89 384.00
512.60 385.00
512.60 385.00
512.23 386.00
512.23 386.00
512.10 387.00
512.10 387.00
512.03 387.00
512.00 388.00
512.00 388.00
512.00 388.00
512.00 390.00
512.00 390.00
512.00 391.00
512.00 391.00
512.00 391.00
511.99 393.00
511.99 393.00
511.90 394.00
511.90 394.00
511.61 395.00
511.61 395.00
511.24 396.00
511.24 396.00
511.11 397.00
511.03 397.00
511.00 398.00
511.00 398.00
511.00 398.00
511.00 398.00
511.00 398.00
511.00 398.00
511.00 398.00
511.00 398.00
510.99 402.00
510.99 403.00
510.99 403.00
510.99 404.00
510.99 404.00
510.90 405.00
510.90 405.00
510.61 406.00
510.61 406.00
510.24 407.00
510.24 407.00
510.03 408.00
510.03 408.00
510.00 409.00
510.00 409.00
510.00 409.00
510.00 409.00
510.00 409.00
510.00 409.00
509.99 412.00
509.99 413.00
509.99 413.00
509.99 413.00
509.99 413.00
509.99 413.00
509.99 413.00
509.99 413.00
509.99 413.00
509.99 413.00
509.99 413.00
509.99 413.00
509.99 413.00
509.87 419.00
509.87 419.00
509.55 420.00
509.55 420.00
509.20 421.00
509.03 422.00
509.03 422.00
509.00 423.00
509.00 423.00
509.00 424.00
509.00 424.00
509.00 425.00
509.00 425.00
509.00 426.00
509.00 426.00
509.00 427.00
509.00 427.00
508.99 428.00
508.99 428.00
508.88 429.00
508.88 429.00
508.58 430.00
508.58 430.00
508.22 431.00
508.03 432.00
508.03 432.00
508.00 433.00
508.00 433.00
508.00 434.00
508.00 434.00
507.99 435.00
507.99 435.00
507.91 436.00
507.91 436.00
507.62 437.00
507.62 437.00
507.25 438.00
507.25 438.00
507.05 439.00
507.05 439.00
507.00 440.00
507.00 440.00
506.99 441.00
506.99 441.00
506.99 441.00
506.93 443.00
506.93 443.00
506.67 444.00
506.67 444.00
506.15 445.00
506.15 445.00
506.07 446.00
506.07 446.00
506.07 446.00
506.15 445.00
506.15 445.00
506.15 445.00
506.07 446.00
506.07 446.00
505.99 447.00
505.96 449.00
505.87 449.00
505.87 449.00
505.73 450.00
505.73 450.00
505.73 450.00
505.55 450.00
505.55 450.00
505.55 450.00
505.36 451.00
505.36 451.00
505.36 451.00
505.20 451.00
505.20 451.00
505.20 451.00
505.09 452.00
505.01 453.00
505.00 455.00
504.96 456.00
504.90 456.00
504.78 457.00
504.78 457.00
504.78 457.00
504.62 457.00
504.62 457.00
504.62 457.00
504.42 458.00
504.42 458.00
504.12 459.00
504.12 459.00
504.01 460.00
504.01 460.00
504.00 461.00
504.00 461.00
504.00 464.00
504.00 466.00
503.96 467.00
503.90 467.00
503.79 468.00
503.79 468.00
503.79 468.00
503.62 468.00
503.62 468.00
503.62 468.00
503.43 469.00
503.43 469.00
503.43 469.00
503.25 469.00
503.25 469.00
503.12 470.00
503.12 470.00
503.01 471.00
503.01 472.00
503.00 475.00
502.92 476.00
502.92 476.00
502.80 477.00
502.80 477.00
502.64 477.00
502.64 477.00
502.64 477.00
502.64 477.00
502.45 478.00
502.45 478.00
502.45 478.00
502.27 478.00
502.13 479.00
502.13 479.00
502.01 480.00
502.01 480.00
502.00 484.00
502.00 484.00
501.99 488.00
501.90 489.00
501.90 489.00
501.90 489.00
501.90 489.00
501.90 489.00
501.97 489.00
501.97 489.00
501.97 489.00
501.97 489.00
501.90 489.00
501.90 489.00
501.79 490.00
501.79 490.00
501.62 490.00
501.62 490.00
501.62 490.00
501.43 491.00
501.43 491.00
501.25 491.00
501.12 492.00
501.12 492.00
501.01 493.00
501.01 493.00
501.00 494.00
501.00 494.00
501.00 496.00
501.00 496.00
500.99 498.00
500.91 499.00
500.91 499.00
500.79 500.00
500.79 500.00
500.79 500.00
500.63 500.00
500.63 500.00
500.63 500.00
500.44 501.00
500.44 501.00
500.44 501.00
500.12 502.00
500.12 502.00
500.01 504.00
500.01 504.00
500.01 504.00
500.01 505.00
500.00 506.00
499.99 507.00
499.99 507.00
499.99 507.00
499.99 507.00
499.99 508.00
499.99 508.00
500.00 514.00
500.00 514.00
500.00 514.00
500.00 514.00
499.94 517.00
499.94 517.00
499.53 518.00
499.53 518.00
499.18 519.00
499.07 520.00
499.07 520.00
499.00 521.00
499.00 521.00
499.00 521.00
499.00 521.00
499.00 523.00
499.00 523.00
499.00 524.00
499.00 524.00
499.00 524.00
499.00 524.00
499.00 524.00
499.00 524.00
499.00 524.00
499.00 524.00
499.00 524.00
499.00 524.00
498.99 529.00
498.93 530.00
498.93 530.00
498.68 531.00
498.68 531.00
498.16 532.00
498.16 532.00
498.02 533.00
498.02 533.00
498.00 534.00
498.00 534.00
498.00 534.00
498.00 534.00
498.00 534.00
498.00 534.00
498.00 534.00
498.00 534.00
497.99 538.00
497.99 538.00
497.99 538.00
497.99 538.00
497.94 540.00
497.94 540.00
497.50 541.00
497.50 541.00
497.32 542.00
497.17 542.00
497.17 542.00
497.07 543.00
497.02 543.00
497.00 544.00
497.00 544.00
497.00 544.00
497.00 546.00
497.00 547.00
497.00 547.00
497.00 547.00
497.00 547.00
497.00 547.00
497.00 547.00
496.94 550.00
496.94 550.00
496.54 551.00
496.54 551.00
496.19 552.00
496.19 552.00
496.07 553.00
496.00 553.00
495.98 554.00
495.98 554.00
495.98 554.00
495.98 554.00
495.98 554.00
495.98 554.00
495.98 554.00
495.98 554.00
495.98 554.00
495.98 554.00
495.98 554.00
495.98 554.00
495.98 554.00
495.98 554.00
495.94 561.00
495.94 561.00
495.55 562.00
495.55 562.00
495.55 562.00
495.35 563.00
495.35 563.00
495.35 563.00
495.35 563.00
495.19 563.00
495.19 563.00
495.07 564.00
495.07 564.00
495.02 566.00
495.01 567.00
495.02 567.00
495.02 566.00
495.07 564.00
495.07 564.00
495.02 566.00
495.02 566.00
494.98 571.00
494.86 572.00
494.86 572.00
494.73 572.00
494.73 572.00
494.67 574.00
494.67 574.00
494.67 574.00
494.67 574.00
494.67 574.00
494.60 575.00
494.57 574.00
494.49 573.00
494.42 576.00
494.42 576.00
494.25 576.00
494.25 576.00
494.25 576.00
494.11 577.00
494.11 577.00
494.03 577.00
494.00 582.00
493.99 581.00
493.99 581.00
493.99 581.00
493.99 581.00
493.99 581.00
493.99 585.00
493.99 585.00
493.99 585.00
493.99 585.00
493.89 587.00
493.89 587.00
493.89 587.00
493.89 587.00
493.89 587.00
493.89 587.00
493.89 587.00
493.96 587.00
493.96 587.00
493.96 587.00
493.89 587.00
493.89 587.00
493.89 587.00
493.75 588.00
493.75 588.00
493.57 588.00
493.38 589.00
493.38 589.00
493.08 590.00
493.08 590.00
492.84 591.00
492.84 591.00
492.28 592.00
492.28 592.00
491.86 593.00
491.86 593.00
491.44 594.00
491.44 594.00
491.12 595.00
491.01 598.00
491.01 598.00
491.01 598.00
491.01 598.00
491.01 598.00
491.01 598.00
491.01 599.00
491.01 599.00
491.00 600.00
491.00 600.00
491.00 607.00
491.00 607.00
491.00 608.00
491.00 608.00
491.00 609.00
491.00 609.00
491.00 610.00
491.00 610.00
491.00 611.00
491.00 611.00
491.00 611.00
491.00 611.00
491.00 611.00
491.00 611.00
491.00 611.00
491.00 611.00
491.00 611.00
491.00 611.00
491.00 611.00
491.00 611.00
491.00 611.00
491.00 612.00
491.00 612.00
491.00 613.00
491.00 619.00
491.00 619.00
491.00 619.00
490.99 621.00
490.87 622.00
490.87 622.00
490.74 623.00
490.56 623.00
490.56 623.00
490.56 623.00
490.56 623.00
490.37 624.00
490.37 624.00
490.56 623.00
490.56 623.00
490.56 623.00
490.56 623.00
490.56 623.00
490.56 623.00
490.37 624.00
490.37 624.00
490.37 624.00
490.08 625.00
490.08 625.00
490.01 627.00
490.01 627.00
490.01 627.00
490.01 627.00
489.98 634.00
489.94 634.00
489.86 635.00
489.86 635.00
489.72 635.00
489.72 635.00
489.72 635.00
489.54 635.00
489.54 635.00
489.54 635.00
489.35 636.00
489.35 636.00
489.35 636.00
489.19 636.00
489.19 636.00
489.08 637.00
489.08 637.00
489.01 638.00
489.00 641.00
489.00 641.00
489.00 641.00
489.00 641.00
489.00 641.00
489.00 641.00
489.00 641.00
489.00 647.00
489.00 647.00
488.99 648.00
488.92 649.00
488.92 649.00
488.66 650.00
488.66 650.00
488.15 651.00
488.15 651.00
488.06 652.00
488.06 652.00
488.06 652.00
488.15 651.00
488.15 651.00
488.15 651.00
488.15 651.00
488.15 651.00
488.15 651.00
488.06 652.00
488.02 652.00
487.99 654.00
487.95 655.00
487.87 655.00
487.87 655.00
487.73 656.00
487.73 656.00
487.73 656.00
487.55 656.00
487.55 656.00
487.55 656.00
487.55 656.00
487.36 657.00
487.36 657.00
487.08 658.00
487.08 658.00
487.01 662.00
487.01 662.00
487.01 662.00
487.01 662.00
487.01 662.00
487.01 662.00
487.01 662.00
487.01 662.00
487.01 663.00
487.01 663.00
487.00 664.00
487.00 664.00
487.00 665.00
487.00 668.00
487.00 668.00
487.00 668.00
487.00 668.00
487.00 668.00
487.00 668.00
487.00 669.00
487.00 669.00
487.00 670.00
487.00 670.00
487.00 671.00
487.00 671.00
487.00 678.00
487.00 678.00
487.00 679.00
487.00 679.00
487.00 680.00
487.00 680.00
487.00 681.00
487.00 681.00
487.00 682.00
487.00 682.00
487.00 682.00
487.00 682.00
487.00 682.00
487.00 682.00
487.00 682.00
487.00 682.00
487.00 682.00
487.00 682.00
487.00 682.00
487.00 682.00
487.00 682.00
487.00 683.00
487.00 683.00
487.00 690.00
487.00 690.00
486.99 691.00
486.99 691.00
486.88 692.00
486.57 693.00
486.57 693.00
486.21 694.00
486.21 694.00
486.03 695.00
486.03 695.00
486.03 695.00
485.93 696.00
485.93 696.00
485.66 697.00
485.66 697.00
485.14 698.00
485.14 698.00
485.02 699.00
485.02 699.00
485.00 700.00
485.00 700.00
485.00 700.00
485.00 700.00
485.00 702.00
485.00 702.00
484.99 703.00
484.99 703.00
484.99 704.00
484.99 704.00
484.99 704.00
484.99 704.00
484.99 704.00
484.99 704.00
484.99 704.00
484.99 704.00
484.99 704.00
484.99 704.00
484.99 704.00
484.99 704.00
484.99 704.00
484.99 704.00
484.99 704.00
484.98 711.00
484.98 711.00
484.98 712.00
484.98 712.00
484.98 712.00
484.98 712.00
484.98 712.00
484.87 715.00
484.87 715.00
484.54 716.00
484.54 716.00
484.19 717.00
484.19 717.00
484.02 718.00
484.02 718.00
483.99 719.00
483.99 719.00
483.99 719.00
483.99 719.00
483.99 719.00
483.99 719.00
483.99 719.00
483.99 719.00
483.99 719.00
483.99 719.00
483.99 719.00
483.99 719.00
483.99 719.00
483.99 719.00
483.99 720.00
483.99 720.00
483.99 727.00
483.99 727.00
483.99 728.00
483.99 728.00
483.99 728.00
483.99 728.00
483.99 728.00
483.99 728.00
483.99 728.00
483.92 732.00
483.92 732.00
483.65 733.00
483.65 733.00
483.65 733.00
483.14 734.00
483.14 734.00
483.00 735.00
483.00 735.00
482.88 736.00
482.88 736.00
482.56 737.00
482.56 737.00
482.21 738.00
482.21 738.00
482.09 739.00
482.09 739.00
482.09 739.00
482.09 739.00
482.03 739.00
482.01 740.00
481.97 741.00
481.92 741.00
481.81 742.00
481.81 742.00
481.81 742.00
481.65 742.00
481.65 742.00
481.65 742.00
481.65 742.00
481.65 742.00
481.65 742.00
481.81 742.00
481.81 742.00
481.65 742.00
481.47 743.00
481.47 743.00
481.13 744.00
481.13 744.00
481.01 746.00
481.01 746.00
481.01 746.00
481.01 746.00
481.01 747.00
481.00 750.00
481.00 750.00
481.00 750.00
481.00 750.00
481.00 750.00
481.00 750.00
480.98 751.00
480.98 751.00
480.82 752.00
480.82 752.00
480.82 752.00
480.47 753.00
480.47 753.00
480.05 754.00
480.01 759.00
480.01 759.00
480.01 759.00
480.01 759.00
480.01 759.00
480.01 759.00
480.01 759.00
480.01 759.00
480.01 759.00
480.01 759.00
480.01 760.00
480.01 760.00
480.01 761.00
480.01 761.00
480.00 762.00
480.00 762.00
480.00 769.00
480.00 769.00
479.99 765.00
479.99 765.00
479.99 765.00
479.99 766.00
479.99 766.00
479.99 767.00
479.99 767.00
480.00 768.00
480.00 768.00
480.00 769.00
480.00 769.00
479.99 776.00
479.99 776.00
479.98 777.00
479.98 777.00
479.98 777.00
479.98 777.00
479.98 777.00
479.98 777.00
479.90 780.00
479.58 781.00
479.58 781.00
479.22 782.00
479.22 782.00
479.04 783.00
479.04 783.00
479.00 784.00
479.00 784.00
479.00 784.00
479.00 784.00
479.00 784.00
479.00 784.00
479.00 784.00
479.00 787.00
479.00 788.00
479.00 788.00
478.99 789.00
478.99 789.00
478.99 789.00
478.99 789.00
478.99 791.00
478.99 791.00
478.89 792.00
478.89 792.00
478.60 793.00
478.60 793.00
478.23 794.00
478.23 794.00
478.23 794.00
478.23 794.00
478.23 794.00
478.10 795.00
478.10 795.00
478.10 795.00
478.00 797.00
477.98 796.00
477.98 796.00
477.98 796.00
477.98 796.00
477.98 796.00
477.98 796.00
477.98 796.00
477.98 796.00
477.98 796.00
477.99 803.00
477.99 803.00
477.99 804.00
477.99 804.00
477.99 804.00
477.99 804.00
477.99 804.00
477.99 804.00
477.99 804.00
477.99 804.00
477.99 804.00
477.99 804.00
477.99 804.00
477.99 804.00
477.99 804.00
477.99 805.00
477.99 805.00
477.99 805.00
477.99 806.00
477.99 807.00
477.99 807.00
478.00 808.00
478.00 808.00
478.00 815.00
478.00 815.00
477.99 816.00
477.99 816.00
477.99 816.00
477.99 816.00
477.99 818.00
477.99 818.00
477.87 819.00
477.87 819.00
477.55 820.00
477.55 820.00
477.20 821.00
477.20 821.00
477.03 822.00
477.03 822.00
477.00 823.00
477.00 823.00
477.00 823.00
477.00 823.00
477.00 825.00
477.00 825.00
476.99 826.00
476.99 826.00
476.99 827.00
476.99 827.00
476.99 828.00
476.99 828.00
476.88 829.00
476.88 829.00
476.57 830.00
476.57 830.00
476.21 831.00
476.21 831.00
476.02 832.00
476.02 832.00
476.00 833.00
476.00 833.00
476.00 833.00
476.00 833.00
476.00 835.00
476.00 835.00
475.99 836.00
475.99 836.00
475.99 836.00
475.99 836.00
475.99 836.00
475.99 836.00
475.99 836.00
475.99 840.00
475.99 840.00
475.99 840.00
475.99 840.00
475.99 840.00
475.95 842.00
475.95 842.00
475.53 843.00
475.53 843.00
475.18 844.00
475.02 845.00
475.02 845.00
475.00 846.00
475.00 846.00
475.00 846.00
475.00 846.00
474.99 848.00
474.99 848.00
474.99 849.00
474.99 849.00
474.99 849.00
474.99 849.00
474.99 849.00
474.99 849.00
474.99 849.00
474.99 849.00
474.99 853.00
474.99 853.00
474.99 854.00
474.99 854.00
474.99 854.00
474.99 854.00
474.94 856.00
474.94 856.00
474.67 857.00
474.67 857.00
474.15 858.00
474.15 858.00
474.01 859.00
474.01 859.00
474.00 860.00
474.00 860.00
474.00 860.00
474.00 860.00
474.00 860.00
474.00 860.00
473.99 863.00
473.99 863.00
473.99 864.00
473.99 864.00
473.99 864.00
473.99 864.00
473.94 866.00
473.94 866.00
473.70 867.00
473.51 867.00
473.51 867.00
473.51 867.00
473.51 867.00
473.51 867.00
473.51 867.00
473.51 867.00
473.51 867.00
473.51 867.00
473.51 867.00
473.51 867.00
473.51 867.00
473.33 868.00
473.33 868.00
473.33 868.00
473.27 875.00
473.27 875.00
473.27 875.00
473.27 875.00
473.29 877.00
473.29 877.00
473.40 875.00
473.29 877.00
473.29 877.00
473.27 875.00
473.16 877.00
473.16 877.00
473.07 878.00
473.07 878.00
473.00 879.00
473.00 879.00
473.00 879.00
473.00 879.00
473.00 879.00
473.00 885.00
473.00 885.00
473.00 886.00
473.00 886.00
473.00 887.00
473.00 887.00
473.00 888.00
473.00 888.00
473.00 889.00
473.00 889.00
473.00 889.00
473.00 889.00
473.00 889.00
473.00 889.00
473.00 889.00
473.00 889.00
473.00 889.00
473.00 889.00
473.00 889.00
473.00 889.00
473.00 889.00
473.00 889.00
473.00 889.00
473.00 890.00
473.00 890.00
473.00 891.00
473.00 891.00
473.00 892.00
473.00 892.00
473.00 893.00
473.00 893.00
473.00 894.00
473.00 901.00
473.00 901.00
473.00 902.00
473.00 902.00
473.00 903.00
473.00 903.00
472.99 904.00
472.99 904.00
472.99 905.00
472.99 905.00
472.99 906.00
472.99 906.00
472.99 906.00
472.99 906.00
472.99 906.00
472.99 906.00
472.99 906.00
472.99 906.00
472.99 906.00
472.95 911.00
472.95 911.00
472.57 912.00
472.57 912.00
472.57 912.00
472.48 913.00
472.48 913.00
472.48 913.00
472.48 913.00
472.48 913.00
472.48 913.00
472.23 916.00
472.23 916.00
472.04 917.00
472.04 917.00
472.00 918.00
472.00 918.00
472.00 919.00
472.00 919.00
471.92 920.00
471.92 920.00
471.92 920.00
471.67 921.00
471.67 921.00
471.15 922.00
471.01 923.00
471.01 923.00
471.00 924.00
471.00 924.00
471.00 924.00
471.00 924.00
471.00 926.00
471.00 926.00
470.99 927.00
470.99 927.00
470.99 927.00
470.99 927.00
470.94 929.00
470.94 929.00
470.49 930.00
470.49 930.00
470.16 931.00
470.16 931.00
470.16 931.00
470.02 932.00
470.02 932.00
470.00 933.00
470.00 933.00
470.00 934.00
470.00 934.00
470.00 934.00
470.00 934.00
470.00 934.00
470.00 934.00
470.00 934.00
470.00 934.00
470.00 934.00
470.00 934.00
470.00 934.00
470.00 934.00
470.00 934.00
470.00 935.00
470.00 935.00
470.00 942.00
470.00 942.00
470.00 943.00
470.00 943.00
470.00 944.00
470.00 944.00
470.00 945.00
470.00 945.00
470.00 945.00
470.00 945.00
470.00 945.00
470.00 945.00
470.00 945.00
470.00 945.00
470.00 945.00
470.00 945.00
470.00 945.00
470.00 945.00
470.00 945.00
470.00 946.00
470.00 946.00
470.00 953.00
470.00 953.00
470.00 954.00
470.00 954.00
470.00 955.00
470.00 955.00
469.99 956.00
469.99 956.00
469.92 957.00
469.92 957.00
469.65 958.00
469.65 958.00
469.27 959.00
469.27 959.00
469.01 960.00
469.01 960.00
469.00 961.00
469.00 961.00
468.95 962.00
468.95 962.00
468.95 962.00
468.54 963.00
468.54 963.00
468.54 963.00
468.19 964.00
468.19 964.00
468.08 965.00
468.03 965.00
468.00 966.00
468.00 966.00
468.00 967.00
468.00 967.00
467.99 968.00
467.89 969.00
467.89 969.00
467.77 970.00
467.77 970.00
467.77 970.00
467.77 970.00
467.77 970.00
467.77 970.00
467.77 970.00
467.77 970.00
467.59 970.00
467.59 970.00
467.59 970.00
467.59 970.00
467.40 971.00
467.40 971.00
467.40 971.00
467.23 971.00
467.11 972.00
467.11 972.00
467.01 973.00
467.01 973.00
467.00 974.00
467.00 977.00
467.00 977.00
467.00 977.00
467.00 977.00
467.00 977.00
467.00 977.00
467.00 981.00
467.00 984.00
467.00 978.00
467.00 979.00
467.00 979.00
467.00 980.00
467.00 980.00
467.00 981.00
467.00 981.00
467.00 988.00
467.00 988.00
467.00 989.00
467.00 989.00
467.00 990.00
467.00 990.00
467.00 991.00
467.00 991.00
467.00 991.00
467.00 991.00
466.99 993.00
466.89 994.00
466.89 994.00
466.58 995.00
466.58 995.00
466.17 996.00
466.17 996.00
465.75 997.00
465.75 997.00
465.75 997.00
465.75 997.00
465.75 997.00
465.96 997.00
465.96 997.00
466.17 996.00
466.17 996.00
466.38 996.00
466.38 996.00
466.38 996.00
466.38 996.00
466.38 996.00
465.96 997.00
465.96 997.00
465.35 998.00
465.35 998.00
465.07 999.00
465.07 999.00
465.00 1000.00
465.00 1000.00
465.00 1001.00
465.00 1001.00
464.96 1002.00
464.96 1002.00
464.77 1003.00
464.77 1003.00
464.74 1008.00
464.74 1008.00
464.74 1008.00
464.74 1008.00
464.74 1008.00
464.74 1008.00
464.74 1008.00
464.82 1014.00
464.82 1014.00
464.98 1015.00
464.98 1015.00
465.00 1016.00
465.00 1016.00
465.00 1016.00
465.00 1016.00
465.00 1018.00
465.00 1018.00
465.00 1018.00
465.00 1019.00
465.00 1019.00
465.02 1020.00
465.02 1020.00
465.14 1021.00
465.14 1021.00
465.14 1021.00
465.26 1022.00
465.14 1021.00
465.05 1021.00
465.00 1017.00
465.00 1018.00
465.00 1018.00
465.00 1019.00
465.00 1019.00
465.00 1020.00
465.00 1020.00
465.05 1021.00
465.05 1021.00
465.26 1022.00
465.26 1022.00
465.47 1024.00
465.47 1024.00
465.47 1024.00
465.47 1024.00
465.47 1024.00
465.17 1031.00
465.17 1031.00
465.02 1032.00
465.00 1033.00
465.00 1033.00
465.00 1034.00
465.00 1034.00
465.00 1035.00
465.00 1035.00
465.00 1035.00
465.00 1036.00
465.00 1036.00
465.00 1037.00
465.00 1037.00
465.00 1038.00
465.00 1038.00
465.00 1038.00
465.00 1038.00
465.00 1038.00
465.00 1038.00
465.00 1038.00
465.00 1038.00
465.00 1038.00
465.00 1038.00
465.00 1038.00
465.00 1038.00
465.00 1038.00
465.00 1038.00
464.99 1045.00
464.99 1045.00
464.99 1046.00
464.99 1046.00
464.99 1046.00
464.99 1046.00
464.99 1046.00
464.89 1049.00
464.89 1049.00
464.59 1050.00
464.59 1050.00
464.23 1051.00
464.23 1051.00
464.03 1052.00
464.03 1052.00
463.99 1053.00
463.99 1053.00
463.99 1053.00
463.99 1053.00
463.99 1053.00
463.99 1053.00
463.99 1053.00
463.99 1053.00
463.99 1053.00
463.99 1053.00
463.99 1053.00
463.99 1053.00
463.99 1053.00
463.99 1053.00
463.98 1060.00
463.98 1060.00
463.98 1060.00
463.98 1060.00
463.98 1060.00
463.98 1060.00
463.96 1063.00
463.96 1063.00
463.53 1064.00
463.53 1064.00
463.18 1065.00
463.18 1065.00
463.03 1066.00
463.03 1066.00
463.00 1067.00
463.00 1067.00
463.00 1067.00
463.00 1067.00
463.00 1067.00
463.00 1067.00
463.00 1067.00
463.00 1067.00
463.00 1067.00
463.00 1067.00
463.00 1072.00
463.00 1072.00
463.00 1073.00
463.00 1073.00
463.00 1074.00
463.00 1074.00
463.00 1075.00
463.00 1075.00
462.94 1076.00
462.94 1076.00
462.51 1077.00
462.51 1077.00
462.51 1077.00
462.51 1077.00
462.32 1078.00
462.32 1078.00
462.32 1078.00
462.17 1078.00
462.17 1078.00
462.17 1078.00
462.17 1078.00
462.17 1078.00
462.17 1078.00
462.17 1078.00
462.32 1078.00
462.32 1078.00
462.17 1078.00
462.07 1079.00
462.01 1081.00
462.01 1081.00
462.01 1081.00
462.01 1081.00
462.00 1082.00
462.00 1082.00
462.00 1082.00
462.00 1084.00
462.00 1084.00
462.00 1084.00
462.00 1084.00
461.99 1085.00
461.99 1085.00
461.86 1086.00
461.86 1086.00
461.34 1087.00
461.34 1087.00
461.05 1088.00
461.05 1088.00
461.05 1088.00
460.81 1089.00
460.81 1089.00
460.46 1090.00
460.46 1090.00
460.01 1091.00
460.01 1091.00
459.00 1104.00
459.00 1104.00
459.00 1111.00
459.00 1111.00
459.00 1112.00
459.00 1112.00
459.00 1113.00
459.00 1113.00
459.00 1114.00
459.00 1114.00
459.00 1115.00
459.00 1115.00
459.00 1116.00
459.00 1116.00
459.00 1117.00
459.00 1117.00
459.00 1118.00
459.00 1118.00
459.00 1119.00
459.00 1119.00
459.00 1120.00
459.00 1120.00
459.00 1121.00
459.00 1121.00
459.00 1121.00
459.00 1121.00
459.00 1121.00
459.00 1121.00
459.00 1121.00
459.00 1121.00
459.00 1121.00
459.00 1121.00
459.00 1121.00
459.00 1121.00
459.00 1121.00
459.00 1122.00
459.00 1122.00
459.00 1123.00
459.00 1123.00
459.00 1124.00
459.00 1124.00
459.00 1125.00
459.00 1125.00
459.00 1126.00
459.00 1126.00
459.00 1127.00
459.00 1127.00
458.99 1128.00
458.99 1128.00
458.99 1129.00
458.99 1129.00
458.95 1130.00
458.95 1130.00
458.74 1131.00
458.74 1131.00
458.37 1132.00
458.37 1132.00
458.37 1132.00
458.09 1133.00
458.09 1133.00
458.01 1134.00
458.01 1134.00
458.00 1136.00
458.00 1136.00
458.00 1136.00
458.00 1136.00
458.00 1137.00
458.00 1137.00
458.00 1142.00
458.00 1142.00
458.00 1142.00
458.00 1142.00
458.00 1142.00
458.00 1142.00
458.00 1142.00
458.00 1142.00
458.00 1142.00
458.00 1149.00
458.00 1149.00
458.00 1149.00
458.00 1150.00
458.00 1150.00
458.00 1151.00
458.00 1151.00
458.00 1151.00
458.00 1151.00
458.01 1153.00
458.01 1153.00
458.12 1154.00
458.12 1154.00
458.43 1155.00
458.43 1155.00
458.78 1156.00
458.78 1156.00
458.89 1157.00
458.89 1157.00
458.89 1157.00
458.89 1157.00
458.89 1157.00
458.89 1157.00
458.89 1157.00
458.89 1157.00
458.89 1157.00
458.89 1157.00
458.89 1157.00
458.89 1157.00
458.89 1157.00
458.89 1157.00
458.89 1157.00
458.82 1158.00
458.82 1158.00
458.49 1159.00
458.06 1160.00
458.06 1160.00
458.01 1163.00
458.01 1163.00
458.01 1163.00
458.01 1163.00
458.01 1163.00
458.01 1163.00
458.01 1164.00
458.01 1164.00
458.00 1165.00
458.00 1165.00
458.00 1172.00
458.00 1172.00
458.00 1173.00
458.00 1173.00
458.00 1174.00
458.00 1175.00
458.00 1175.00
458.00 1170.00
458.00 1170.00
458.00 1171.00
458.00 1171.00
458.00 1171.00
458.00 1175.00
458.00 1175.00
458.00 1175.00
458.00 1175.00
457.99 1180.00
457.99 1180.00
457.99 1180.00
457.99 1180.00
457.99 1180.00
457.93 1183.00
457.93 1183.00
457.66 1184.00
457.66 1184.00
457.66 1184.00
457.82 1184.00
457.82 1184.00
457.82 1184.00
457.82 1184.00
457.66 1184.00
457.66 1184.00
457.66 1184.00
457.66 1184.00
457.47 1185.00
457.47 1185.00
457.47 1185.00
457.66 1184.00
457.47 1185.00
457.47 1185.00
457.05 1186.00
457.05 1186.00
457.01 1191.00
457.01 1191.00
457.01 1191.00
457.01 1191.00
457.01 1191.00
457.01 1191.00
457.01 1191.00
457.01 1191.00
457.01 1191.00
457.01 1191.00
457.01 1192.00
457.01 1192.00
457.01 1199.00
457.01 1199.00
457.01 1199.00
457.01 1199.00
457.01 1199.00
457.01 1199.00
457.01 1199.00
457.01 1199.00
457.01 1199.00
457.01 1199.00
457.01 1199.00
457.01 1199.00
457.01 1199.00
457.01 1199.00
457.01 1200.00
457.01 1200.00
456.96 1201.00
456.96 1201.00
456.96 1201.00
456.75 1202.00
456.75 1202.00
456.38 1203.00
456.38 1203.00
456.09 1204.00
456.09 1204.00
456.02 1207.00
456.02 1207.00
456.02 1207.00
456.02 1207.00
456.02 1207.00
456.02 1207.00
456.02 1208.00
456.02 1208.00
456.01 1209.00
456.01 1209.00
456.00 1216.00
456.00 1216.00
456.00 1217.00
456.00 1217.00
456.00 1218.00
456.00 1219.00
456.00 1219.00
456.00 1220.00
456.00 1220.00
456.00 1220.00
456.00 1220.00
456.00 1220.00
456.00 1220.00
456.00 1220.00
456.00 1220.00
456.00 1220.00
456.00 1220.00
456.00 1220.00
456.00 1220.00
456.00 1220.00
456.00 1220.00
456.00 1221.00
456.00 1221.00
456.00 1222.00
456.00 1222.00
456.00 1223.00
456.00 1223.00
456.00 1224.00
456.00 1224.00
456.00 1224.00
456.00 1225.00
456.00 1225.00
456.00 1226.00
456.00 1226.00
456.00 1227.00
456.00 1234.00
456.00 1234.00
456.00 1235.00
456.00 1235.00
456.00 1230.00
456.00 1230.00
456.00 1231.00
456.00 1231.00
456.00 1232.00
456.00 1232.00
456.00 1233.00
456.00 1233.00
456.00 1234.00
456.00 1234.00
456.00 1235.00
456.00 1235.00
456.00 1236.00
456.00 1236.00
456.00 1243.00
456.00 1243.00
456.00 1244.00
456.00 1244.00
455.99 1245.00
455.99 1245.00
455.99 1246.00
455.99 1246.00
455.99 1246.00
455.99 1246.00
455.99 1246.00
455.99 1246.00
455.91 1249.00
455.91 1249.00
455.63 1250.00
455.63 1250.00
455.25 1251.00
455.25 1251.00
455.25 1251.00
455.25 1251.00
455.12 1252.00
455.12 1252.00
455.12 1252.00
455.12 1252.00
455.25 1251.00
455.25 1251.00
455.25 1251.00
455.25 1251.00
455.25 1251.00
455.12 1252.00
455.12 1252.00
455.04 1252.00
455.01 1254.00
455.00 1253.00
455.00 1255.00
455.01 1254.00
455.01 1255.00
455.01 1255.00
455.01 1255.00
455.00 1257.00
455.00 1257.00
455.00 1257.00
455.00 1257.00
454.98 1258.00
454.98 1258.00
454.81 1259.00
454.81 1259.00
454.45 1260.00
454.45 1260.00
454.13 1261.00
454.13 1261.00
454.01 1263.00
454.01 1263.00
454.01 1263.00
454.01 1263.00
454.01 1264.00
454.01 1264.00
454.01 1269.00
454.01 1269.00
454.01 1269.00
454.01 1269.00
454.01 1269.00
454.01 1269.00
454.01 1269.00
454.01 1269.00
454.01 1269.00
454.01 1269.00
454.00 1270.00
454.00 1270.00
454.00 1271.00
454.00 1271.00
454.00 1278.00
454.00 1278.00
454.00 1279.00
454.00 1280.00
454.00 1280.00
454.00 1281.00
454.00 1281.00
454.00 1281.00
454.00 1281.00
454.00 1281.00
454.00 1281.00
454.00 1281.00
454.00 1281.00
454.00 1281.00
454.00 1281.00
454.00 1281.00
454.00 1281.00
454.00 1281.00
454.00 1281.00
454.00 1281.00
454.00 1282.00
454.00 1282.00
454.00 1283.00
454.00 1283.00
454.00 1284.00
454.00 1284.00
454.00 1285.00
454.00 1285.00
454.00 1286.00
454.00 1286.00
454.00 1287.00
454.00 1287.00
454.00 1288.00
454.00 1288.00
454.00 1289.00
454.00 1289.00
454.00 1290.00
454.00 1290.00
454.00 1291.00
454.00 1291.00
454.00 1291.00
454.00 1298.00
454.00 1298.00
454.00 1299.00
454.00 1300.00
454.00 1300.00
454.00 1295.00
454.00 1295.00
454.00 1296.00
454.00 1296.00
454.00 1297.00
454.00 1297.00
454.00 1298.00
454.00 1298.00
454.00 1298.00
454.00 1299.00
454.00 1299.00
454.00 1300.00
454.00 1300.00
453.99 1307.00
453.98 1308.00
453.98 1308.00
453.98 1308.00
453.98 1308.00
453.98 1308.00
453.92 1310.00
453.92 1310.00
453.81 1311.00
453.81 1311.00
453.64 1311.00
453.64 1311.00
453.64 1311.00
453.64 1311.00
453.64 1311.00
453.64 1311.00
453.64 1311.00
453.81 1311.00
453.81 1311.00
453.64 1311.00
453.64 1311.00
453.64 1311.00
453.45 1312.00
453.45 1312.00
453.13 1313.00
453.13 1313.00
453.07 1320.00
453.07 1320.00
453.35 1321.00
453.35 1321.00
453.35 1321.00
453.35 1321.00
453.35 1321.00
453.35 1321.00
453.35 1321.00
453.35 1321.00
453.35 1321.00
453.35 1321.00
453.18 1321.00
453.18 1321.00
453.18 1321.00
453.18 1321.00
453.48 1324.00
453.48 1324.00
453.48 1324.00
453.48 1324.00
453.48 1324.00
453.48 1324.00
453.67 1325.00
453.67 1325.00
453.58 1332.00
453.58 1332.00
453.22 1333.00
453.22 1333.00
453.04 1334.00
453.04 1334.00
453.01 1335.00
453.01 1335.00
453.01 1336.00
453.01 1336.00
453.01 1336.00
453.01 1336.00
453.01 1336.00
453.01 1336.00
453.01 1336.00
453.01 1336.00
453.01 1336.00
453.01 1336.00
453.01 1336.00
453.01 1336.00
453.01 1336.00
453.01 1336.00
453.02 1337.00
453.02 1337.00
453.19 1338.00
453.19 1338.00
453.27 1345.00
453.27 1345.00
453.27 1345.00
453.27 1345.00
453.24 1347.00
453.24 1347.00
453.05 1348.00
453.05 1348.00
453.00 1349.00
453.00 1349.00
452.99 1350.00
452.99 1350.00
452.99 1351.00
452.99 1351.00
452.99 1351.00
452.99 1351.00
452.99 1351.00
452.99 1351.00
452.99 1351.00
452.99 1351.00
452.99 1351.00
452.99 1351.00
452.99 1351.00
452.99 1351.00
452.99 1351.00
452.99 1357.00
452.99 1357.00
452.98 1358.00
452.98 1358.00
452.98 1359.00
452.98 1359.00
452.98 1359.00
452.98 1359.00
452.98 1359.00
452.98 1359.00
452.95 1362.00
452.95 1362.00
452.52 1363.00
452.52 1363.00
452.33 1364.00
452.33 1364.00
452.33 1364.00
452.33 1364.00
452.33 1364.00
452.33 1364.00
452.33 1364.00
452.18 1364.00
452.18 1364.00
452.18 1364.00
452.07 1365.00
452.07 1365.00
452.07 1365.00
452.07 1365.00
452.07 1365.00
452.07 1365.00
452.01 1367.00
452.01 1367.00
452.01 1367.00
452.01 1367.00
452.01 1368.00
452.01 1368.00
452.00 1375.00
452.00 1375.00
452.00 1376.00
452.00 1376.00
452.00 1376.00
452.00 1376.00
452.00 1376.00
452.00 1376.00
452.00 1376.00
452.00 1376.00
452.00 1376.00
452.00 1376.00
452.00 1376.00
452.00 1376.00
452.00 1376.00
452.00 1376.00
452.00 1376.00
452.00 1377.00
452.00 1382.00
452.00 1382.00
452.00 1382.00
452.00 1382.00
452.00 1382.00
452.00 1382.00
452.00 1382.00
452.00 1382.00
452.00 1382.00
452.00 1382.00
452.00 1382.00
451.99 1389.00
451.99 1389.00
451.99 1390.00
451.99 1390.00
451.99 1390.00
451.99 1390.00
451.92 1392.00
451.92 1392.00
451.92 1392.00
451.92 1392.00
451.81 1393.00
451.81 1393.00
451.81 1393.00
451.81 1393.00
451.81 1393.00
451.81 1393.00
451.81 1393.00
451.81 1393.00
451.81 1393.00
451.81 1393.00
451.81 1393.00
451.81 1393.00
451.81 1393.00
451.46 1394.00
451.46 1394.00
451.13 1395.00
451.13 1395.00
451.02 1398.00
451.02 1398.00
451.02 1403.00
451.02 1403.00
451.02 1404.00
451.02 1404.00
451.02 1404.00
451.02 1404.00
451.02 1404.00
451.02 1404.00
451.11 1407.00
451.43 1408.00
451.43 1408.00
451.43 1408.00
451.43 1408.00
451.43 1408.00
451.43 1408.00
451.43 1408.00
451.43 1408.00
451.43 1408.00
451.43 1408.00
451.43 1408.00
451.25 1408.00
451.25 1408.00
451.29 1414.00
451.29 1414.00
451.29 1414.00
451.47 1414.00
451.47 1414.00
451.29 1414.00
451.29 1414.00
451.29 1414.00
451.29 1414.00
451.15 1414.00
451.15 1414.00
451.15 1414.00
451.15 1414.00
451.15 1414.00
451.06 1415.00
451.06 1415.00
451.00 1416.00
451.00 1416.00
451.00 1417.00
451.00 1417.00
451.00 1418.00
451.00 1418.00
451.00 1419.00
451.00 1419.00
451.00 1426.00
451.00 1426.00
451.00 1427.00
451.00 1427.00
451.00 1427.00
451.00 1428.00
451.00 1428.00
451.00 1428.00
451.00 1428.00
451.00 1428.00
451.00 1428.00
451.00 1428.00
451.00 1428.00
451.00 1428.00
451.00 1428.00
451.00 1428.00
451.00 1428.00
451.00 1428.00
451.00 1428.00
451.00 1429.00
451.00 1429.00
451.00 1430.00
451.00 1430.00
451.00 1431.00
451.00 1431.00
451.00 1432.00
451.00 1432.00
451.00 1433.00
451.00 1433.00
451.00 1434.00
451.00 1434.00
451.00 1438.00
451.00 1438.00
451.00 1438.00
451.00 1438.00
451.00 1438.00
451.00 1438.00
451.00 1438.00
451.00 1438.00
451.00 1439.00
451.00 1439.00
451.00 1439.00
450.97 1440.00
450.97 1440.00
450.79 1441.00
450.79 1441.00
450.44 1442.00
450.44 1442.00
450.12 1443.00
450.12 1443.00
450.01 1444.00
450.01 1444.00
450.01 1446.00
450.01 1446.00
450.01 1446.00
450.01 1446.00
450.01 1447.00
450.01 1447.00
450.00 1448.00
450.00 1448.00
450.00 1455.00
450.00 1455.00
450.00 1456.00
450.00 1456.00
450.00 1457.00
450.00 1457.00
450.00 1458.00
450.00 1458.00
450.00 1459.00
450.00 1459.00
450.00 1460.00
450.00 1460.00
450.00 1461.00
450.00 1461.00
450.00 1462.00
450.00 1462.00
450.00 1463.00
450.00 1463.00
450.00 1463.00
450.00 1463.00
450.00 1463.00
450.00 1463.00
450.00 1463.00
450.00 1463.00
450.00 1463.00
450.00 1463.00
450.00 1463.00
450.00 1463.00
450.00 1463.00
450.00 1463.00
450.00 1464.00
450.00 1464.00
450.00 1464.00
450.00 1465.00
450.00 1465.00
450.00 1466.00
450.00 1466.00
450.00 1467.00
450.00 1467.00
450.00 1468.00
450.00 1468.00
450.00 1469.00
450.00 1469.00
450.00 1470.00
450.00 1470.00
450.00 1471.00
450.00 1471.00
450.00 1472.00
450.00 1472.00
450.00 1473.00
450.00 1473.00
450.00 1474.00
450.00 1474.00
450.00 1481.00
450.00 1481.00
450.00 1482.00
450.00 1482.00
450.00 1483.00
450.00 1483.00
450.00 1484.00
450.00 1484.00
450.00 1485.00
450.00 1485.00
450.00 1485.00
450.00 1486.00
450.00 1486.00
450.00 1486.00
450.00 1486.00
450.00 1486.00
450.00 1486.00
450.00 1486.00
450.00 1486.00
450.00 1486.00
450.00 1486.00
450.00 1486.00
450.00 1486.00
450.00 1486.00
450.00 1486.00
450.00 1487.00
450.00 1487.00
450.00 1488.00
450.00 1488.00
450.00 1489.00
450.00 1489.00
450.00 1490.00
450.00 1490.00
450.00 1491.00
450.00 1491.00
449.97 1492.00
449.97 1492.00
449.79 1493.00
449.79 1493.00
449.43 1494.00
449.43 1494.00
449.43 1494.00
449.12 1495.00
449.12 1495.00
449.01 1496.00
449.01 1496.00
449.01 1503.00
449.01 1503.00
449.01 1503.00
449.01 1503.00
449.01 1503.00
449.01 1503.00
449.12 1506.00
449.12 1506.00
449.39 1507.00
449.39 1507.00
449.52 1508.00
449.52 1508.00
449.52 1508.00
449.52 1508.00
449.52 1508.00
449.52 1508.00
449.52 1508.00
449.52 1508.00
449.52 1508.00
449.52 1508.00
449.52 1508.00
449.52 1508.00
449.52 1508.00
449.75 1514.00
449.75 1514.00
449.96 1515.00
449.96 1515.00
450.00 1516.00
450.00 1517.00
450.00 1517.00
450.00 1517.00
450.00 1518.00
450.00 1518.00
450.00 1519.00
450.00 1519.00
450.00 1520.00
450.00 1520.00
450.00 1520.00
450.00 1520.00
450.00 1520.00
450.00 1520.00
450.00 1520.00
450.00 1520.00
450.00 1520.00
450.00 1520.00
450.00 1520.00
450.00 1520.00
450.00 1520.00
450.00 1520.00
450.00 1521.00
450.00 1521.00
450.00 1522.00
450.00 1522.00
450.00 1523.00
450.00 1523.00
450.00 1530.00
450.00 1530.00
450.00 1531.00
450.00 1531.00
450.00 1532.00
450.00 1532.00
450.00 1533.00
450.00 1533.00
450.00 1534.00
450.00 1534.00
450.00 1535.00
450.00 1535.00
450.00 1535.00
450.00 1536.00
450.00 1536.00
450.00 1537.00
450.00 1537.00
450.00 1537.00
450.00 1537.00
450.00 1537.00
450.00 1537.00
450.00 1537.00
450.00 1537.00
450.00 1537.00
450.00 1537.00
450.00 1537.00
450.00 1537.00
450.00 1537.00
450.00 1537.00
450.00 1538.00
450.00 1538.00
450.00 1539.00
450.00 1539.00
450.00 1540.00
450.00 1540.00
450.00 1541.00
450.00 1541.00
450.00 1542.00
450.00 1542.00
450.00 1543.00
450.00 1543.00
450.00 1543.00
450.00 1544.00
450.00 1544.00
450.00 1545.00
450.00 1545.00
450.00 1546.00
450.00 1546.00
450.00 1547.00
450.00 1547.00
450.00 1548.00
450.00 1548.00
450.00 1549.00
450.00 1549.00
450.00 1550.00
450.00 1550.00
450.00 1551.00
450.00 1551.00
450.00 1552.00
450.00 1552.00
450.00 1553.00
450.00 1553.00
450.00 1560.00
450.00 1560.00
450.00 1561.00
450.00 1561.00
450.00 1562.00
450.00 1562.00
450.00 1563.00
450.00 1563.00
450.00 1564.00
450.00 1564.00
450.00 1565.00
450.00 1565.00
450.00 1566.00
450.00 1566.00
450.00 1566.00
450.00 1567.00
450.00 1567.00
450.00 1568.00
450.00 1568.00
450.00 1569.00
450.00 1569.00
450.00 1570.00
450.00 1570.00
450.00 1571.00
450.00 1571.00
450.00 1571.00
450.00 1571.00
450.00 1571.00
450.00 1571.00
450.00 1571.00
450.00 1571.00
450.00 1571.00
450.00 1571.00
450.00 1571.00
450.00 1571.00
450.00 1571.00
450.00 1571.00
450.00 1572.00
450.00 1572.00
450.00 1573.00
450.00 1573.00
450.00 1573.00
450.00 1574.00
450.00 1574.00
450.02 1581.00
450.02 1581.00
450.02 1581.00
450.02 1581.00
450.02 1581.00
450.02 1581.00
450.02 1581.00
450.02 1581.00
450.02 1581.00
450.02 1581.00
450.02 1581.00
450.02 1581.00
450.02 1581.00
450.02 1581.00
450.02 1581.00
450.02 1581.00
450.01 1582.00
450.01 1582.00
450.00 1589.00
450.00 1589.00
450.00 1590.00
450.00 1590.00
450.00 1590.00
450.00 1591.00
450.00 1591.00
450.01 1592.00
450.01 1592.00
450.01 1592.00
450.01 1592.00
450.01 1592.00
450.01 1592.00
450.01 1592.00
450.01 1592.00
450.01 1592.00
450.01 1592.00
450.01 1592.00
450.01 1592.00
450.01 1592.00
450.01 1592.00
450.01 1593.00
450.01 1593.00
450.00 1594.00
450.00 1594.00
450.00 1595.00
450.00 1595.00
450.00 1596.00
450.00 1596.00
450.00 1597.00
450.00 1597.00
450.00 1598.00
450.00 1598.00
450.00 1599.00
450.00 1599.00
450.00 1606.00
450.00 1606.00
450.00 1607.00
450.00 1607.00
450.00 1608.00
450.00 1608.00
450.00 1609.00
450.00 1609.00
450.00 1610.00
450.00 1610.00
450.00 1610.00
450.00 1610.00
450.00 1610.00
450.00 1610.00
450.00 1610.00
450.00 1610.00
450.00 1610.00
450.00 1610.00
450.00 1610.00
450.00 1610.00
450.00 1610.00
450.00 1610.00
450.00 1610.00
450.01 1617.00
450.01 1617.00
450.14 1618.00
450.14 1618.00
450.40 1619.00
450.40 1619.00
450.50 1620.00
450.51 1620.00
450.51 1620.00
450.51 1620.00
450.50 1620.00
450.43 1621.00
450.43 1621.00
450.40 1619.00
450.40 1619.00
450.43 1621.00
450.43 1621.00
450.50 1620.00
450.51 1620.00
450.51 1620.00
450.58 1624.00
450.58 1624.00
450.58 1624.00
450.75 1624.00
450.75 1624.00
450.75 1624.00
450.89 1625.00
450.89 1625.00
450.89 1625.00
450.89 1625.00
450.89 1625.00
450.89 1625.00
450.99 1630.00
450.99 1630.00
450.99 1630.00
450.99 1630.00
450.99 1630.00
450.99 1630.00
450.99 1630.00
450.99 1630.00
450.99 1630.00
450.99 1631.00
450.99 1631.00
450.99 1631.00
450.99 1632.00
450.99 1632.00
450.99 1633.00
450.99 1633.00
451.00 1634.00
451.00 1640.00
451.00 1640.00
451.00 1641.00
770.33 149.00
770.33 149.00
770.33 149.00
770.52 148.00
770.52 148.00
770.52 148.00
770.33 149.00
770.33 149.00
770.17 149.00
770.07 150.00
770.00 151.00
769.89 152.00
769.89 152.00
769.77 153.00
769.77 153.00
769.63 153.00
769.63 153.00
769.52 155.00
769.47 154.00
769.44 156.00
769.31 156.00
769.31 156.00
769.18 156.00
769.18 156.00
769.02 157.00
768.90 158.00
768.79 159.00
768.63 159.00
768.45 160.00
768.27 160.00
768.27 160.00
768.12 161.00
768.03 161.00
768.00 163.00
767.99 162.00
767.92 167.00
767.92 167.00
767.82 168.00
767.65 168.00
767.65 168.00
767.46 169.00
767.28 169.00
767.28 169.00
767.05 170.00
766.96 171.00
766.75 172.00
766.75 172.00
766.57 172.00
766.57 172.00
766.36 173.00
766.36 173.00
766.36 173.00
766.36 173.00
766.14 173.00
766.14 173.00
766.14 173.00
765.93 174.00
765.74 176.00
765.69 176.00
765.57 177.00
765.38 178.00
765.17 178.00
765.17 178.00
765.17 178.00
764.95 179.00
764.95 179.00
764.74 179.00
764.74 179.00
764.53 179.00
764.34 180.00
764.18 180.00
764.08 181.00
763.98 185.00
763.98 185.00
763.98 185.00
763.98 185.00
763.98 185.00
763.98 185.00
763.87 188.00
763.87 188.00
763.54 189.00
763.54 189.00
763.20 190.00
763.20 190.00
763.03 191.00
763.03 191.00
763.03 191.00
763.00 192.00
763.00 192.00
763.00 192.00
763.00 192.00
763.00 194.00
763.00 194.00
763.00 195.00
763.00 195.00
763.00 196.00
763.00 196.00
763.00 196.00
763.00 196.00
763.00 196.00
763.00 196.00
763.00 196.00
763.00 196.00
763.00 196.00
763.00 196.00
763.00 196.00
763.00 196.00
763.00 196.00
763.00 196.00
762.94 203.00
762.94 203.00
762.53 204.00
762.53 204.00
762.18 205.00
762.18 205.00
762.02 206.00
762.00 207.00
762.00 207.00
762.00 207.00
762.00 207.00
762.00 207.00
762.00 207.00
762.00 207.00
762.00 207.00
762.00 207.00
762.00 207.00
761.99 212.00
761.99 212.00
761.99 212.00
761.99 212.00
761.99 212.00
761.99 212.00
761.99 212.00
761.99 212.00
761.94 216.00
761.94 216.00
761.52 217.00
761.52 217.00
761.17 218.00
761.01 219.00
761.01 219.00
760.90 220.00
760.90 220.00
760.62 221.00
760.62 221.00
760.25 222.00
760.25 222.00
760.04 223.00
760.04 223.00
760.00 224.00
760.00 224.00
759.94 225.00
759.94 225.00
759.53 226.00
759.53 226.00
759.18 227.00
759.18 227.00
759.01 228.00
759.01 228.00
758.99 229.00
758.99 229.00
758.99 229.00
758.99 229.00
758.99 229.00
758.98 232.00
758.98 232.00
758.98 232.00
758.98 232.00
758.98 232.00
758.98 232.00
758.86 235.00
758.86 235.00
758.53 236.00
758.53 236.00
758.19 237.00
758.19 237.00
758.02 238.00
758.02 238.00
757.92 239.00
757.92 239.00
757.66 240.00
757.66 240.00
757.15 241.00
757.15 241.00
757.00 242.00
757.00 242.00
756.98 243.00
756.98 243.00
756.98 243.00
756.98 243.00
756.98 243.00
756.98 243.00
756.98 243.00
756.98 243.00
756.98 243.00
756.98 243.00
756.98 243.00
756.98 243.00
756.98 243.00
756.98 243.00
756.99 244.00
756.99 244.00
756.99 245.00
756.99 245.00
757.00 246.00
757.00 246.00
757.00 253.00
757.00 253.00
757.00 254.00
757.00 254.00
756.99 255.00
756.99 255.00
754.14 278.00
754.14 278.00
754.01 279.00
754.01 279.00
753.88 280.00
753.88 280.00
753.56 281.00
753.56 281.00
753.20 282.00
753.20 282.00
752.96 283.00
752.96 283.00
752.70 284.00
752.70 284.00
752.17 285.00
752.17 285.00
752.01 286.00
752.01 286.00
751.99 287.00
751.89 288.00
751.89 288.00
751.58 289.00
751.58 289.00
751.22 290.00
751.22 290.00
751.04 291.00
751.04 291.00
751.00 292.00
751.00 292.00
751.00 293.00
751.00 293.00
751.00 294.00
751.00 294.00
750.92 295.00
750.92 295.00
750.65 296.00
750.65 296.00
750.14 297.00
750.14 297.00
750.02 298.00
750.02 298.00
749.99 299.00
749.99 300.00
749.99 300.00
749.99 300.00
749.99 300.00
749.95 302.00
749.95 302.00
749.52 303.00
749.52 303.00
749.18 304.00
749.18 304.00
749.02 305.00
749.02 305.00
749.00 306.00
749.00 306.00
749.00 307.00
749.00 307.00
748.99 308.00
748.99 308.00
748.89 309.00
748.89 309.00
748.60 310.00
748.60 310.00
748.23 311.00
748.23 311.00
748.04 312.00
748.00 313.00
748.00 313.00
748.00 314.00
748.00 314.00
747.93 315.00
747.93 315.00
747.67 316.00
747.67 316.00
747.15 317.00
747.15 317.00
747.02 318.00
747.02 318.00
747.00 319.00
747.00 319.00
747.00 319.00
747.00 319.00
746.99 321.00
746.99 321.00
746.86 322.00
746.86 322.00
746.55 323.00
746.55 323.00
746.13 324.00
745.92 325.00
745.92 325.00
745.92 325.00
745.70 325.00
745.70 325.00
745.70 325.00
745.49 326.00
745.49 326.00
745.49 326.00
745.49 326.00
745.31 326.00
745.16 326.00
745.06 327.00
745.00 328.00
745.00 328.00
745.00 328.00
745.00 333.00
745.00 333.00
745.00 334.00
745.00 334.00
745.00 334.00
745.00 334.00
744.93 336.00
744.93 336.00
744.68 337.00
744.68 337.00
744.16 338.00
744.16 338.00
744.02 339.00
744.02 339.00
744.00 340.00
744.00 340.00
744.00 340.00
744.00 340.00
744.00 340.00
744.00 340.00
744.00 343.00
744.00 343.00
743.98 344.00
743.98 344.00
743.98 345.00
743.98 345.00
743.98 345.00
743.98 345.00
743.98 345.00
743.94 348.00
743.94 348.00
743.48 349.00
743.48 349.00
743.16 350.00
743.16 350.00
743.16 350.00
743.02 351.00
743.02 351.00
743.00 352.00
743.00 352.00
743.00 353.00
743.00 353.00
742.99 354.00
742.99 354.00
742.88 355.00
742.57 356.00
742.57 356.00
742.21 357.00
742.21 357.00
742.03 358.00
742.03 358.00
742.00 359.00
742.00 359.00
742.00 360.00
742.00 360.00
742.00 361.00
742.00 361.00
741.99 362.00
741.99 362.00
741.90 363.00
741.90 363.00
741.63 364.00
741.63 364.00
741.27 365.00
741.27 365.00
741.03 366.00
741.03 366.00
740.99 367.00
740.99 367.00
740.99 367.00
740.99 367.00
740.99 367.00
740.99 367.00
740.99 367.00
740.99 367.00
740.99 367.00
740.92 372.00
740.92 372.00
740.67 373.00
740.67 373.00
740.15 374.00
740.15 374.00
739.99 375.00
739.99 375.00
739.98 376.00
739.98 376.00
739.98 376.00
739.98 376.00
739.98 376.00
739.98 376.00
739.98 376.00
739.98 376.00
739.98 376.00
739.93 381.00
739.93 381.00
739.54 382.00
739.54 382.00
739.19 383.00
739.19 383.00
739.00 384.00
739.00 384.00
738.98 385.00
738.98 385.00
738.98 385.00
738.98 385.00
738.98 385.00
738.98 385.00
738.98 385.00
738.98 385.00
738.98 385.00
738.98 385.00
738.98 385.00
738.98 385.00
738.95 391.00
738.95 391.00
738.55 392.00
738.19 393.00
738.19 393.00
738.02 394.00
738.02 394.00
738.00 395.00
738.00 395.00
738.00 395.00
738.00 395.00
738.00 395.00
738.00 397.00
738.00 397.00
737.99 398.00
737.99 398.00
737.99 398.00
737.99 398.00
737.99 398.00
737.99 398.00
737.99 398.00
737.99 398.00
737.99 398.00
737.99 398.00
737.99 398.00
737.94 404.00
737.94 404.00
737.54 405.00
737.54 405.00
737.19 406.00
737.19 406.00
737.02 407.00
737.02 407.00
737.01 408.00
737.01 408.00
737.01 408.00
737.01 408.00
737.00 410.00
737.00 410.00
736.99 411.00
736.99 411.00
736.99 412.00
736.99 412.00
736.99 412.00
736.99 412.00
736.99 412.00
736.99 412.00
736.87 415.00
736.87 415.00
736.56 416.00
736.56 416.00
736.21 417.00
736.21 417.00
736.02 418.00
736.02 418.00
735.99 419.00
735.99 419.00
735.99 419.00
735.99 419.00
735.99 419.00
735.99 419.00
735.98 422.00
735.98 422.00
735.98 422.00
735.98 422.00
735.98 422.00
735.88 425.00
735.88 425.00
735.56 426.00
735.56 426.00
735.22 427.00
735.22 427.00
735.04 428.00
735.04 428.00
735.04 428.00
735.00 429.00
735.00 429.00
735.00 429.00
735.00 429.00
735.00 431.00
735.00 431.00
735.00 432.00
735.00 432.00
735.00 432.00
735.00 432.00
735.00 434.00
734.99 435.00
734.99 435.00
734.90 436.00
734.90 436.00
734.60 437.00
734.60 437.00
734.24 438.00
734.24 438.00
734.03 439.00
734.03 439.00
734.00 440.00
734.00 440.00
734.00 440.00
734.00 440.00
734.00 442.00
734.00 442.00
733.99 443.00
733.99 443.00
733.99 443.00
733.99 443.00
733.99 443.00
733.99 443.00
733.99 443.00
733.99 443.00
733.99 443.00
733.98 448.00
733.98 448.00
733.98 449.00
733.98 449.00
733.98 449.00
733.98 449.00
733.98 449.00
733.98 449.00
733.87 452.00
733.87 452.00
733.54 453.00
733.54 453.00
733.20 454.00
733.20 454.00
733.03 455.00
733.03 455.00
733.00 456.00
733.00 456.00
733.00 457.00
733.00 457.00
732.99 458.00
732.99 458.00
732.90 459.00
732.90 459.00
732.62 460.00
732.62 460.00
732.26 461.00
732.26 461.00
732.04 462.00
732.04 462.00
732.00 463.00
732.00 463.00
731.94 464.00
731.94 464.00
731.52 465.00
731.52 465.00
731.52 465.00
731.52 465.00
731.52 465.00
731.52 465.00
731.34 466.00
731.34 466.00
731.34 466.00
731.18 466.00
731.18 466.00
731.07 467.00
731.02 467.00
731.00 471.00
730.99 472.00
730.99 472.00
730.99 473.00
730.99 473.00
730.99 473.00
730.99 473.00
730.99 473.00
730.99 473.00
730.99 473.00
730.99 473.00
730.99 473.00
730.99 473.00
730.99 473.00
730.99 473.00
730.99 473.00
730.99 473.00
730.99 474.00
730.99 474.00
731.00 475.00
731.00 475.00
731.00 476.00
731.00 476.00
731.00 483.00
731.00 483.00
731.00 484.00
731.00 484.00
731.00 485.00
731.00 485.00
730.99 486.00
730.99 486.00
730.99 487.00
730.99 487.00
730.99 487.00
730.99 487.00
730.99 487.00
730.87 490.00
730.87 490.00
730.55 491.00
730.55 491.00
730.19 492.00
730.19 492.00
730.02 493.00
730.02 493.00
729.92 494.00
729.92 494.00
729.65 495.00
729.65 495.00
729.14 496.00
729.14 496.00
729.00 497.00
729.00 497.00
728.87 498.00
728.87 498.00
728.56 499.00
728.56 499.00
728.21 500.00
728.21 500.00
728.21 500.00
728.09 501.00
728.02 501.00
727.99 502.00
727.99 502.00
727.92 504.00
727.92 504.00
727.79 505.00
727.79 505.00
727.79 505.00
727.79 505.00
727.79 505.00
727.92 504.00
727.92 504.00
727.92 504.00
727.92 504.00
727.92 504.00
727.79 505.00
727.79 505.00
727.62 505.00
727.62 505.00
727.44 506.00
727.44 506.00
727.13 507.00
727.13 507.00
727.00 508.00
727.00 508.00
727.00 510.00
727.00 510.00
727.00 510.00
727.00 510.00
726.98 511.00
726.94 511.00
726.85 512.00
726.85 512.00
726.33 513.00
726.33 513.00
726.07 514.00
726.07 514.00
726.00 515.00
726.00 515.00
726.00 516.00
726.00 517.00
726.00 517.00
726.00 517.00
726.00 521.00
726.00 521.00
726.00 521.00
726.00 521.00
726.00 521.00
726.00 521.00
726.00 521.00
726.00 521.00
725.99 522.00
725.99 522.00
725.86 523.00
725.86 523.00
725.35 524.00
725.35 524.00
725.08 525.00
725.08 525.00
725.00 526.00
725.00 527.00
725.00 527.00
725.00 528.00
725.00 528.00
724.96 529.00
724.96 529.00
724.77 530.00
724.77 530.00
724.41 531.00
724.41 531.00
724.11 532.00
724.11 532.00
724.01 533.00
724.01 533.00
724.00 534.00
724.00 534.00
724.00 535.00
724.00 535.00
724.00 536.00
724.00 536.00
723.97 537.00
723.97 537.00
723.82 538.00
723.47 539.00
723.47 539.00
723.05 540.00
723.05 540.00
723.00 541.00
723.00 541.00
723.00 542.00
723.00 542.00
723.00 543.00
723.00 543.00
723.00 544.00
723.00 544.00
722.98 545.00
722.98 545.00
722.85 546.00
722.85 546.00
722.33 547.00
722.33 547.00
722.08 548.00
722.08 548.00
722.00 549.00
722.00 549.00
722.00 550.00
722.00 550.00
721.96 551.00
721.96 551.00
721.77 552.00
721.77 552.00
721.41 553.00
721.41 553.00
721.11 554.00
721.11 554.00
720.99 555.00
720.99 555.00
720.85 556.00
720.85 556.00
720.33 557.00
720.33 557.00
720.07 558.00
720.07 558.00
720.01 560.00
720.01 560.00
720.01 560.00
720.01 561.00
720.01 561.00
720.00 562.00
720.00 562.00
720.01 569.00
720.01 569.00
720.01 570.00
720.01 570.00
720.01 570.00
720.01 570.00
720.01 570.00
720.01 570.00
720.01 570.00
720.01 570.00
720.01 570.00
720.01 570.00
720.01 570.00
720.01 570.00
720.01 570.00
720.01 570.00
720.01 570.00
720.01 571.00
720.01 571.00
720.00 577.00
720.00 577.00
720.00 577.00
720.00 577.00
720.00 577.00
720.00 577.00
720.00 577.00
720.00 577.00
720.00 577.00
720.00 577.00
720.00 577.00
720.00 577.00
719.96 578.00
719.96 578.00
719.75 579.00
719.38 580.00
719.38 580.00
719.10 581.00
719.10 581.00
719.01 584.00
719.01 584.00
719.01 584.00
719.01 584.00
719.01 584.00
719.01 584.00
719.01 584.00
719.01 590.00
719.01 590.00
719.01 590.00
719.01 590.00
719.01 590.00
719.01 590.00
719.01 590.00
719.01 590.00
719.01 590.00
719.01 590.00
719.01 590.00
719.01 590.00
719.01 590.00
718.96 591.00
718.96 591.00
718.96 591.00
718.74 592.00
718.74 592.00
718.37 593.00
718.37 593.00
718.09 594.00
718.00 597.00
718.00 597.00
718.00 597.00
718.00 597.00
718.00 597.00
718.00 597.00
718.00 598.00
718.00 598.00
718.00 605.00
718.00 605.00
718.00 601.00
718.00 601.00
718.00 601.00
718.00 601.00
718.00 602.00
718.00 602.00
718.00 603.00
718.00 603.00
718.00 610.00
718.00 610.00
718.00 611.00
718.00 611.00
718.00 612.00
718.00 612.00
718.00 612.00
718.00 612.00
718.00 612.00
717.99 615.00
717.99 615.00
717.99 615.00
717.90 616.00
717.90 616.00
717.61 617.00
717.61 617.00
717.24 618.00
717.24 618.00
717.24 618.00
717.24 618.00
717.42 618.00
717.42 618.00
717.42 618.00
717.42 618.00
717.42 618.00
717.42 618.00
717.24 618.00
717.24 618.00
717.24 618.00
717.11 619.00
717.03 619.00
717.00 624.00
716.99 626.00
716.99 626.00
716.99 627.00
716.99 627.00
716.99 627.00
716.99 627.00
716.99 627.00
716.99 627.00
716.99 627.00
716.99 627.00
716.99 627.00
716.99 627.00
716.99 627.00
716.99 627.00
716.99 627.00
716.99 628.00
716.99 628.00
717.00 629.00
717.00 629.00
717.00 630.00
717.00 630.00
717.00 631.00
717.00 631.00
717.00 638.00
717.00 638.00
717.00 639.00
717.00 639.00
716.99 640.00
716.99 640.00
716.99 640.00
716.99 640.00
716.99 640.00
716.99 640.00
716.90 643.00
716.90 643.00
716.62 644.00
716.25 645.00
716.25 645.00
716.04 646.00
716.04 646.00
716.00 647.00
716.00 647.00
716.00 647.00
716.00 647.00
716.00 647.00
716.00 647.00
716.00 647.00
716.00 647.00
716.00 647.00
716.00 647.00
716.00 647.00
715.99 652.00
715.99 652.00
715.99 652.00
715.99 652.00
715.99 652.00
715.90 655.00
715.90 655.00
715.62 656.00
715.62 656.00
715.62 656.00
715.25 657.00
715.25 657.00
715.04 658.00
715.04 658.00
715.00 659.00
715.00 659.00
715.00 659.00
715.00 659.00
715.00 659.00
715.00 659.00
715.00 659.00
715.00 659.00
715.00 659.00
715.00 659.00
715.00 664.00
715.00 664.00
715.00 664.00
715.00 664.00
715.00 664.00
715.00 664.00
715.00 664.00
715.00 664.00
715.00 664.00
714.99 668.00
714.99 668.00
714.89 669.00
714.89 669.00
714.60 670.00
714.60 670.00
714.24 671.00
714.04 672.00
714.04 672.00
714.00 673.00
714.00 673.00
714.00 673.00
714.00 673.00
714.00 673.00
714.00 673.00
714.00 676.00
714.00 676.00
714.00 677.00
714.00 677.00
714.00 677.00
714.00 677.00
714.00 677.00
714.00 677.00
714.00 677.00
714.00 677.00
714.00 677.00
714.00 677.00
714.00 677.00
714.00 677.00
714.00 683.00
714.00 683.00
713.99 684.00
713.99 684.00
713.87 685.00
713.87 685.00
713.56 686.00
713.56 686.00
713.20 687.00
713.20 687.00
713.02 688.00
713.02 688.00
713.00 689.00
713.00 689.00
713.00 689.00
713.00 689.00
713.00 689.00
713.00 689.00
713.00 689.00
713.00 693.00
713.00 693.00
712.99 694.00
712.99 694.00
712.99 694.00
712.99 694.00
712.99 696.00
712.99 696.00
712.87 697.00
712.87 697.00
712.56 698.00
712.56 698.00
712.21 699.00
712.21 699.00
712.03 700.00
712.03 700.00
712.00 701.00
712.00 701.00
712.00 701.00
712.00 701.00
712.00 701.00
712.00 701.00
712.00 701.00
712.00 701.00
712.00 701.00
712.00 701.00
712.00 706.00
712.00 706.00
711.99 707.00
711.99 707.00
711.99 707.00
711.99 707.00
711.99 707.00
711.99 707.00
711.99 707.00
711.99 707.00
711.99 707.00
711.99 707.00
711.99 707.00
711.99 707.00
711.99 707.00
711.99 707.00
712.00 714.00
712.00 714.00
712.00 714.00
711.93 716.00
711.93 716.00
711.67 717.00
711.67 717.00
711.15 718.00
711.15 718.00
711.15 718.00
711.02 719.00
711.02 719.00
711.00 720.00
711.00 720.00
710.99 721.00
710.99 721.00
710.87 722.00
710.87 722.00
710.57 723.00
710.57 723.00
710.21 724.00
710.03 725.00
710.03 725.00
710.00 726.00
710.00 726.00
710.00 727.00
710.00 727.00
710.00 728.00
710.00 728.00
710.00 728.00
710.00 728.00
710.00 730.00
710.00 730.00
709.99 731.00
709.99 731.00
709.99 731.00
709.99 732.00
709.99 732.00
709.88 733.00
709.88 733.00
709.57 734.00
709.21 735.00
709.21 735.00
709.03 736.00
709.03 736.00
709.00 737.00
709.00 737.00
708.93 738.00
708.93 738.00
708.66 739.00
708.66 739.00
708.15 740.00
708.15 740.00
708.01 741.00
708.01 741.00
708.01 741.00
708.00 742.00
708.00 742.00
708.00 742.00
708.00 742.00
708.00 744.00
707.99 745.00
707.99 745.00
707.99 746.00
707.99 746.00
707.99 746.00
707.99 746.00
707.99 746.00
707.99 746.00
707.99 746.00
707.99 746.00
707.99 746.00
707.99 746.00
707.99 751.00
707.99 751.00
707.99 751.00
707.91 752.00
707.91 752.00
707.64 753.00
707.64 753.00
707.28 754.00
707.14 755.00
707.06 755.00
707.00 756.00
707.00 756.00
706.98 757.00
706.98 757.00
706.98 757.00
706.98 757.00
706.98 757.00
706.98 757.00
706.94 760.00
706.94 760.00
706.83 761.00
706.83 761.00
706.83 761.00
706.83 761.00
706.83 761.00
706.83 761.00
706.67 761.00
706.67 761.00
706.67 761.00
706.67 761.00
706.67 761.00
706.67 761.00
706.67 761.00
706.67 761.00
706.83 761.00
706.31 762.00
706.31 762.00
706.07 763.00
706.07 763.00
706.00 766.00
706.00 766.00
706.00 766.00
706.00 766.00
706.00 766.00
706.00 766.00
706.00 767.00
706.00 768.00
706.00 768.00
706.00 769.00
706.00 769.00
706.00 773.00
706.00 773.00
706.00 773.00
706.00 773.00
706.00 773.00
706.00 773.00
706.00 773.00
706.00 773.00
706.00 774.00
706.00 774.00
706.00 775.00
706.00 775.00
706.00 776.00
706.00 776.00
706.00 777.00
706.00 777.00
706.00 778.00
706.00 778.00
706.00 785.00
706.00 785.00
705.99 786.00
705.99 786.00
705.99 786.00
705.99 786.00
705.99 786.00
705.99 786.00
705.93 789.00
705.93 789.00
705.68 790.00
705.68 790.00
705.16 791.00
705.31 791.00
705.31 791.00
705.31 791.00
705.31 791.00
705.16 791.00
705.16 791.00
705.07 792.00
705.02 792.00
705.00 795.00
705.00 796.00
705.00 796.00
705.00 796.00
705.00 796.00
704.95 798.00
704.95 798.00
704.54 799.00
704.54 799.00
704.35 800.00
704.35 800.00
704.35 800.00
704.19 800.00
704.19 800.00
704.08 801.00
704.08 801.00
704.01 803.00
704.00 802.00
704.00 802.00
704.00 802.00
704.00 802.00
704.00 802.00
704.00 802.00
704.00 802.00
704.00 802.00
704.00 802.00
704.00 803.00
704.00 803.00
704.03 804.00
704.03 804.00
704.17 811.00
704.17 811.00
704.02 812.00
704.02 812.00
704.00 813.00
704.00 813.00
704.00 813.00
704.00 813.00
704.00 813.00
704.00 813.00
704.00 813.00
704.00 813.00
704.00 817.00
704.00 817.00
703.99 818.00
703.99 818.00
703.99 819.00
703.99 819.00
703.99 819.00
703.99 819.00
703.99 819.00
703.99 819.00
703.94 822.00
703.94 822.00
703.51 823.00
703.51 823.00
703.17 824.00
703.17 824.00
703.01 825.00
703.01 825.00
702.90 826.00
702.90 826.00
702.62 827.00
702.25 828.00
702.25 828.00
702.04 829.00
702.04 829.00
702.00 830.00
702.00 830.00
702.00 830.00
702.00 830.00
702.00 830.00
702.00 832.00
702.00 832.00
701.99 833.00
701.99 833.00
701.99 833.00
701.99 833.00
701.99 833.00
701.99 833.00
701.99 833.00
701.99 833.00
701.99 833.00
701.99 833.00
701.99 833.00
701.99 833.00
701.99 833.00
701.99 840.00
701.99 840.00
701.89 841.00
701.89 841.00
701.58 842.00
701.58 842.00
701.22 843.00
701.22 843.00
701.04 844.00
701.04 844.00
701.00 845.00
701.00 845.00
700.99 846.00
700.99 846.00
700.99 846.00
700.99 846.00
700.92 848.00
700.92 848.00
700.65 849.00
700.65 849.00
700.28 850.00
700.28 850.00
700.28 850.00
700.28 850.00
700.28 850.00
700.28 850.00
700.28 850.00
700.13 850.00
700.13 850.00
700.13 850.00
700.13 850.00
700.13 850.00
700.28 850.00
700.28 850.00
700.05 851.00
700.05 851.00
700.01 854.00
700.01 854.00
700.01 854.00
700.01 854.00
700.01 854.00
699.99 858.00
699.99 858.00
699.99 858.00
699.99 858.00
699.99 858.00
699.99 858.00
699.99 858.00
699.99 858.00
699.99 858.00
699.99 859.00
699.99 859.00
700.00 860.00
700.00 860.00
700.00 867.00
700.00 867.00
700.00 867.00
700.00 867.00
700.00 867.00
700.00 867.00
700.00 867.00
700.00 867.00
700.00 867.00
700.00 867.00
700.00 872.00
700.00 872.00
700.00 873.00
700.00 873.00
700.00 873.00
700.00 873.00
699.92 875.00
699.92 875.00
699.68 876.00
699.68 876.00
699.48 877.00
699.48 877.00
699.46 878.00
699.46 878.00
699.21 879.00
699.21 879.00
699.04 880.00
699.04 880.00
699.03 881.00
699.03 881.00
699.03 881.00
699.03 881.00
699.03 881.00
699.03 881.00
699.03 881.00
699.03 881.00
699.03 881.00
699.03 881.00
699.03 881.00
699.03 881.00
699.03 881.00
699.03 881.00
699.18 882.00
699.53 883.00
699.53 883.00
699.53 883.00
699.94 884.00
699.94 884.00
700.00 885.00
700.00 885.00
699.93 892.00
699.93 892.00
699.69 893.00
699.69 893.00
699.15 894.00
699.15 894.00
699.01 895.00
699.01 895.00
699.00 896.00
699.00 896.00
698.89 897.00
698.89 897.00
698.57 898.00
698.57 898.00
698.22 899.00
698.22 899.00
698.04 900.00
698.04 900.00
698.00 901.00
698.00 901.00
698.00 902.00
698.00 902.00
698.00 903.00
698.00 903.00
698.01 901.00
698.01 901.00
698.00 903.00
697.97 904.00
697.92 904.00
697.81 905.00
697.81 905.00
697.65 905.00
697.65 905.00
697.65 905.00
697.46 906.00
697.46 906.00
697.46 906.00
697.28 906.00
697.28 906.00
697.28 906.00
697.14 906.00
697.14 906.00
697.05 907.00
697.05 907.00
697.00 909.00
697.00 909.00
697.00 909.00
697.00 909.00
697.00 910.00
697.00 910.00
697.00 915.00
697.00 915.00
697.00 915.00
697.00 915.00
697.00 915.00
697.00 913.00
697.00 920.00
697.00 920.00
697.00 921.00
697.00 921.00
697.00 921.00
697.00 921.00
696.99 923.00
696.99 923.00
696.95 924.00
696.95 924.00
696.95 924.00
696.87 924.00
696.87 924.00
696.74 925.00
696.74 925.00
696.74 925.00
696.74 925.00
696.56 925.00
696.56 925.00
696.74 925.00
696.74 925.00
696.74 925.00
696.74 925.00
696.74 925.00
696.74 925.00
696.37 926.00
696.37 926.00
696.09 927.00
696.09 927.00
696.01 928.00
696.01 928.00
696.00 932.00
696.00 932.00
696.00 932.00
696.00 932.00
696.00 932.00
696.00 932.00
696.00 932.00
696.00 932.00
696.00 933.00
696.00 933.00
696.01 940.00
696.01 940.00
696.01 941.00
696.01 941.00
696.01 942.00
696.01 942.00
696.01 942.00
696.01 942.00
695.99 944.00
695.98 945.00
695.98 945.00
695.98 945.00
695.98 945.00
695.98 945.00
695.98 945.00
695.90 948.00
695.90 948.00
695.60 949.00
695.60 949.00
695.41 950.00
695.60 949.00
695.60 949.00
695.60 949.00
695.60 949.00
695.60 949.00
695.60 949.00
695.60 949.00
695.60 949.00
695.41 950.00
695.41 950.00
695.41 950.00
695.24 950.00
695.24 950.00
695.11 951.00
695.11 951.00
695.01 952.00
695.00 955.00
695.00 955.00
695.00 955.00
695.00 955.00
695.00 955.00
695.00 958.00
695.00 958.00
695.00 958.00
695.00 958.00
695.00 958.00
695.00 958.00
695.00 962.00
695.00 962.00
695.00 962.00
695.00 962.00
695.00 962.00
695.00 962.00
695.00 962.00
695.00 962.00
695.00 962.00
695.00 962.00
695.00 969.00
695.00 969.00
694.93 970.00
694.93 970.00
694.67 971.00
694.67 971.00
694.16 972.00
694.16 972.00
694.02 973.00
694.02 973.00
694.00 974.00
694.00 974.00
694.00 974.00
694.00 974.00
694.00 974.00
694.00 974.00
694.00 974.00
694.00 974.00
694.00 974.00
694.00 974.00
694.00 974.00
694.00 974.00
694.00 974.00
694.00 975.00
694.00 975.00
694.00 982.00
694.00 982.00
694.00 983.00
694.00 983.00
694.00 984.00
694.00 984.00
694.00 985.00
694.00 985.00
694.00 985.00
694.00 985.00
694.00 985.00
694.00 985.00
694.00 985.00
694.00 985.00
694.00 985.00
694.00 985.00
694.00 985.00
694.00 985.00
694.00 985.00
694.00 985.00
694.00 986.00
694.00 986.00
694.00 993.00
694.00 993.00
694.00 994.00
694.00 994.00
694.00 994.00
694.00 994.00
694.00 994.00
694.00 994.00
693.93 997.00
693.93 997.00
693.69 998.00
693.17 999.00
693.17 999.00
693.02 1000.00
693.02 1000.00
692.99 1001.00
692.99 1001.00
692.99 1001.00
692.99 1002.00
692.99 1002.00
692.99 1002.00
692.99 1002.00
692.87 1004.00
692.87 1004.00
692.55 1005.00
692.55 1005.00
692.20 1006.00
692.20 1006.00
692.03 1007.00
692.00 1008.00
692.00 1008.00
691.92 1009.00
691.92 1009.00
691.66 1010.00
691.66 1010.00
691.14 1011.00
691.14 1011.00
691.01 1012.00
691.01 1012.00
691.00 1013.00
691.00 1013.00
691.00 1013.00
691.00 1013.00
691.00 1015.00
691.00 1015.00
691.00 1015.00
690.99 1016.00
691.05 1012.00
691.14 1011.00
691.14 1011.00
691.05 1012.00
691.05 1012.00
691.01 1014.00
691.01 1014.00
691.01 1014.00
690.99 1016.00
690.99 1016.00
690.99 1016.00
690.99 1016.00
690.99 1016.00
690.99 1017.00
690.99 1017.00
691.00 1018.00
691.00 1018.00
691.00 1025.00
691.00 1025.00
691.00 1026.00
691.00 1026.00
691.00 1026.00
691.00 1026.00
691.00 1026.00
691.00 1026.00
691.00 1026.00
691.00 1023.00
691.00 1023.00
691.00 1030.00
691.00 1030.00
691.00 1026.00
691.00 1026.00
691.00 1026.00
691.00 1026.00
691.00 1027.00
691.00 1027.00
691.00 1028.00
691.00 1035.00
691.00 1035.00
691.00 1035.00
691.00 1035.00
690.99 1037.00
690.99 1037.00
690.91 1038.00
690.91 1038.00
690.64 1039.00
690.64 1039.00
690.02 1040.00
690.02 1040.00
689.81 1041.00
689.81 1041.00
689.81 1041.00
689.60 1041.00
689.60 1041.00
689.60 1041.00
689.60 1041.00
689.40 1042.00
689.40 1042.00
689.40 1042.00
689.22 1042.00
689.22 1042.00
689.10 1043.00
689.10 1043.00
689.03 1043.00
688.99 1044.00
688.93 1044.00
688.83 1045.00
688.83 1045.00
688.68 1045.00
688.68 1045.00
688.49 1046.00
688.49 1046.00
688.06 1047.00
688.06 1047.00
688.00 1051.00
688.00 1051.00
688.00 1051.00
688.00 1051.00
688.00 1051.00
688.00 1051.00
688.00 1051.00
688.00 1057.00
688.00 1057.00
688.00 1057.00
688.00 1057.00
688.00 1057.00
688.00 1057.00
688.00 1057.00
688.00 1057.00
688.00 1057.00
688.00 1057.00
688.00 1057.00
688.00 1057.00
688.00 1057.00
688.00 1058.00
688.00 1058.00
688.00 1062.00
688.00 1062.00
688.00 1062.00
688.00 1062.00
688.00 1062.00
688.00 1062.00
688.00 1062.00
688.00 1062.00
688.04 1063.00
688.04 1063.00
688.23 1064.00
688.23 1064.00
688.59 1065.00
688.59 1065.00
688.88 1066.00
688.88 1066.00
688.98 1070.00
688.98 1070.00
688.98 1070.00
688.98 1070.00
688.98 1070.00
688.98 1070.00
688.98 1070.00
688.98 1070.00
689.01 1071.00
689.01 1071.00
689.20 1072.00
689.20 1072.00
689.55 1073.00
689.55 1073.00
689.94 1074.00
689.94 1074.00
690.00 1075.00
690.00 1075.00
690.05 1076.00
690.05 1076.00
690.05 1076.00
690.26 1077.00
690.26 1077.00
687.15 1149.00
687.15 1149.00
686.92 1150.00
686.92 1150.00
686.62 1151.00
686.62 1151.00
686.26 1152.00
686.26 1152.00
686.03 1153.00
686.03 1153.00
685.99 1154.00
685.99 1154.00
685.99 1154.00
685.99 1154.00
685.99 1154.00
685.99 1154.00
685.92 1157.00
685.92 1157.00
685.92 1157.00
685.67 1158.00
685.67 1158.00
685.15 1159.00
685.15 1159.00
685.02 1160.00
685.02 1160.00
685.00 1161.00
685.00 1161.00
685.00 1161.00
685.00 1161.00
685.00 1161.00
685.00 1161.00
685.00 1161.00
685.00 1165.00
685.00 1165.00
685.00 1166.00
685.00 1166.00
685.00 1166.00
685.00 1166.00
685.00 1166.00
685.00 1166.00
685.00 1166.00
685.00 1166.00
685.00 1166.00
685.00 1166.00
685.00 1166.00
685.00 1166.00
685.00 1166.00
685.00 1166.00
685.00 1167.00
685.00 1167.00
685.00 1173.00
685.00 1173.00
684.99 1175.00
684.99 1175.00
684.89 1176.00
684.89 1176.00
684.59 1177.00
684.59 1177.00
684.23 1178.00
684.23 1178.00
684.04 1179.00
684.04 1179.00
684.00 1180.00
684.00 1180.00
684.00 1180.00
684.00 1180.00
684.00 1180.00
684.00 1180.00
684.00 1180.00
684.00 1180.00
684.00 1180.00
684.00 1180.00
684.00 1180.00
684.00 1180.00
684.00 1180.00
684.00 1180.00
684.00 1180.00
684.00 1187.00
684.00 1187.00
684.00 1188.00
684.00 1188.00
684.00 1188.00
684.00 1188.00
684.00 1188.00
684.00 1188.00
684.00 1188.00
684.00 1188.00
684.00 1188.00
684.00 1188.00
684.00 1188.00
684.00 1188.00
684.00 1188.00
684.00 1188.00
684.00 1189.00
684.00 1189.00
684.00 1190.00
684.00 1190.00
684.00 1191.00
684.00 1191.00
684.00 1198.00
684.00 1198.00
684.00 1199.00
684.00 1199.00
683.99 1200.00
683.99 1200.00
683.90 1201.00
683.90 1201.00
683.62 1202.00
683.62 1202.00
683.26 1203.00
683.26 1203.00
683.06 1204.00
683.06 1204.00
683.00 1205.00
683.00 1205.00
682.98 1206.00
682.98 1206.00
682.98 1206.00
682.98 1206.00
682.98 1206.00
682.98 1206.00
682.93 1209.00
682.93 1209.00
682.65 1210.00
682.65 1210.00
682.16 1211.00
682.16 1211.00
682.07 1212.00
682.07 1212.00
682.02 1212.00
682.00 1213.00
682.02 1212.00
682.07 1212.00
682.07 1212.00
682.16 1211.00
682.16 1211.00
682.16 1211.00
682.16 1211.00
682.07 1212.00
682.07 1212.00
681.99 1213.00
681.99 1213.00
681.99 1213.00
682.00 1214.00
682.00 1214.00
682.00 1221.00
682.00 1221.00
682.00 1222.00
682.00 1222.00
682.00 1222.00
682.00 1222.00
682.00 1222.00
682.00 1222.00
682.00 1222.00
682.00 1222.00
682.00 1222.00
682.00 1222.00
682.00 1222.00
682.00 1222.00
682.00 1222.00
682.00 1222.00
682.00 1223.00
682.00 1223.00
682.00 1224.00
682.00 1224.00
682.00 1231.00
682.00 1231.00
682.00 1232.00
682.00 1232.00
682.00 1232.00
682.00 1233.00
682.00 1233.00
682.00 1233.00
682.00 1233.00
681.94 1235.00
681.94 1235.00
681.52 1236.00
681.17 1237.00
681.17 1237.00
681.01 1238.00
681.01 1238.00
680.99 1239.00
680.99 1239.00
680.99 1239.00
680.99 1239.00
680.99 1239.00
681.01 1238.00
681.07 1238.00
681.07 1238.00
681.07 1238.00
681.00 1241.00
680.99 1239.00
680.99 1239.00
680.99 1239.00
680.99 1239.00
680.99 1239.00
680.99 1240.00
681.00 1247.00
681.00 1247.00
681.00 1247.00
681.00 1248.00
681.00 1248.00
681.00 1249.00
681.00 1249.00
681.00 1250.00
681.00 1250.00
681.00 1250.00
681.00 1250.00
681.00 1250.00
681.00 1250.00
681.00 1250.00
681.00 1250.00
681.00 1250.00
681.00 1250.00
681.00 1250.00
681.00 1250.00
681.00 1250.00
681.00 1250.00
681.00 1251.00
681.00 1251.00
681.00 1252.00
681.00 1252.00
681.00 1253.00
681.00 1253.00
681.00 1254.00
681.00 1254.00
681.00 1255.00
681.00 1255.00
681.00 1256.00
681.00 1256.00
681.00 1257.00
681.00 1257.00
681.00 1264.00
681.00 1264.00
681.00 1265.00
681.00 1265.00
681.00 1266.00
681.00 1266.00
681.00 1267.00
681.00 1267.00
680.99 1268.00
680.99 1268.00
680.99 1268.00
680.99 1268.00
680.99 1270.00
680.99 1270.00
680.90 1271.00
680.90 1271.00
680.61 1272.00
680.61 1272.00
680.24 1273.00
680.24 1273.00
680.10 1274.00
680.10 1274.00
680.10 1274.00
680.10 1274.00
680.10 1274.00
680.10 1274.00
680.10 1274.00
680.10 1274.00
680.10 1274.00
680.10 1274.00
680.10 1274.00
680.10 1274.00
680.10 1274.00
680.10 1274.00
680.16 1275.00
680.16 1275.00
680.24 1282.00
680.24 1282.00
679.99 1283.00
679.99 1283.00
679.54 1284.00
679.54 1284.00
679.19 1285.00
679.19 1285.00
679.19 1285.00
679.19 1285.00
679.08 1286.00
679.08 1286.00
679.19 1285.00
679.19 1285.00
679.19 1285.00
679.19 1285.00
679.35 1285.00
679.35 1285.00
679.35 1285.00
679.19 1285.00
679.19 1285.00
679.08 1286.00
679.01 1290.00
679.01 1290.00
678.99 1288.00
678.99 1288.00
679.00 1295.00
679.00 1295.00
679.01 1290.00
679.01 1290.00
679.01 1290.00
679.01 1291.00
679.01 1291.00
679.01 1292.00
679.01 1292.00
679.00 1297.00
679.00 1297.00
679.00 1297.00
679.00 1297.00
679.00 1297.00
679.00 1297.00
679.00 1297.00
679.00 1297.00
679.00 1297.00
679.00 1297.00
679.00 1298.00
679.00 1298.00
679.00 1299.00
679.00 1299.00
679.00 1300.00
679.00 1300.00
679.00 1301.00
679.00 1301.00
679.00 1302.00
679.00 1302.00
679.00 1303.00
679.00 1303.00
679.00 1310.00
679.00 1310.00
679.00 1311.00
679.00 1311.00
679.00 1312.00
679.00 1312.00
679.00 1313.00
679.00 1313.00
679.00 1314.00
679.00 1314.00
679.00 1315.00
679.00 1315.00
679.00 1316.00
679.00 1316.00
679.00 1316.00
679.00 1316.00
679.00 1316.00
679.00 1316.00
679.00 1316.00
679.00 1316.00
679.00 1316.00
679.00 1316.00
679.00 1316.00
679.00 1316.00
679.00 1316.00
679.00 1316.00
679.00 1317.00
679.00 1317.00
679.00 1318.00
679.00 1318.00
679.00 1319.00
679.00 1319.00
679.00 1320.00
679.00 1320.00
679.00 1327.00
679.00 1327.00
679.00 1328.00
679.00 1328.00
679.00 1328.00
679.00 1328.00
679.00 1330.00
679.00 1330.00
678.92 1331.00
678.92 1331.00
678.66 1332.00
678.66 1332.00
678.15 1333.00
678.15 1333.00
678.01 1334.00
678.01 1334.00
678.01 1334.00
678.00 1335.00
678.00 1335.00
678.00 1335.00
678.00 1335.00
678.00 1335.00
678.00 1335.00
678.00 1335.00
678.00 1335.00
678.00 1335.00
678.00 1335.00
678.00 1335.00
678.00 1335.00
678.00 1335.00
678.00 1335.00
678.00 1342.00
678.00 1342.00
678.00 1343.00
678.00 1343.00
678.00 1343.00
678.00 1343.00
678.00 1339.00
678.00 1339.00
678.00 1339.00
678.00 1340.00
678.00 1340.00
678.00 1347.00
678.00 1347.00
678.00 1348.00
678.00 1348.00
678.00 1349.00
678.00 1349.00
678.00 1349.00
678.00 1349.00
678.00 1349.00
678.00 1349.00
678.00 1349.00
678.00 1349.00
678.00 1349.00
678.00 1349.00
678.00 1349.00
678.00 1349.00
678.00 1349.00
678.00 1349.00
678.00 1350.00
678.00 1350.00
678.00 1353.00
677.98 1356.00
677.98 1356.00
678.00 1355.00
678.00 1355.00
678.00 1355.00
678.00 1355.00
678.00 1355.00
678.00 1355.00
678.00 1355.00
678.00 1355.00
677.98 1356.00
677.85 1357.00
677.85 1357.00
677.33 1358.00
677.33 1358.00
677.07 1359.00
677.07 1359.00
677.01 1364.00
677.01 1364.00
677.01 1364.00
677.01 1364.00
677.01 1364.00
677.01 1364.00
677.01 1364.00
677.01 1364.00
677.01 1364.00
677.01 1364.00
677.00 1371.00
677.00 1371.00
677.00 1372.00
677.00 1372.00
677.00 1373.00
677.00 1373.00
677.00 1374.00
677.00 1374.00
677.00 1375.00
677.00 1375.00
677.00 1375.00
677.00 1375.00
677.00 1375.00
677.00 1375.00
677.00 1375.00
677.00 1375.00
677.00 1375.00
677.00 1375.00
677.00 1375.00
677.00 1375.00
677.00 1375.00
677.00 1375.00
677.00 1376.00
677.00 1376.00
677.00 1377.00
677.00 1377.00
677.00 1378.00
677.00 1378.00
677.00 1379.00
677.00 1379.00
677.00 1380.00
677.00 1380.00
677.00 1381.00
677.00 1381.00
677.00 1382.00
677.00 1382.00
677.00 1383.00
677.00 1383.00
677.00 1384.00
677.00 1384.00
677.00 1385.00
677.00 1385.00
677.00 1386.00
677.00 1386.00
677.00 1393.00
677.00 1393.00
677.00 1394.00
677.00 1394.00
677.00 1395.00
677.00 1395.00
677.00 1396.00
677.00 1396.00
677.00 1396.00
677.00 1397.00
677.00 1397.00
677.00 1398.00
677.00 1398.00
677.00 1399.00
677.00 1399.00
677.00 1400.00
677.00 1400.00
677.00 1400.00
677.00 1400.00
677.00 1400.00
677.00 1400.00
677.00 1400.00
677.00 1400.00
677.00 1400.00
677.00 1400.00
677.00 1400.00
677.00 1400.00
677.00 1400.00
677.00 1400.00
677.00 1401.00
677.00 1401.00
677.00 1402.00
677.00 1402.00
677.00 1402.00
677.00 1403.00
677.00 1403.00
677.00 1410.00
677.00 1410.00
677.00 1410.00
677.00 1410.00
677.00 1412.00
677.00 1412.00
676.94 1413.00
676.94 1413.00
676.72 1414.00
676.72 1414.00
676.86 1414.00
676.86 1414.00
676.86 1414.00
676.72 1414.00
676.72 1414.00
676.72 1414.00
676.54 1414.00
676.54 1414.00
676.54 1414.00
676.35 1415.00
676.35 1415.00
676.35 1415.00
676.19 1415.00
676.19 1415.00
676.08 1416.00
676.08 1416.00
676.00 1417.00
676.00 1417.00
676.00 1417.00
676.00 1418.00
676.00 1418.00
676.00 1419.00
676.00 1419.00
676.00 1420.00
676.00 1425.00
676.00 1425.00
676.00 1425.00
676.00 1422.00
676.00 1429.00
676.00 1429.00
676.00 1430.00
676.00 1430.00
676.00 1430.00
676.00 1430.00
676.00 1430.00
676.00 1430.00
676.00 1430.00
676.00 1430.00
676.00 1430.00
676.00 1430.00
676.00 1430.00
676.00 1430.00
676.00 1430.00
676.00 1430.00
676.00 1430.00
676.00 1430.00
676.00 1431.00
676.00 1431.00
676.00 1432.00
676.00 1432.00
676.00 1433.00
676.00 1433.00
676.00 1434.00
676.00 1434.00
676.00 1441.00
676.00 1441.00
676.00 1442.00
676.00 1442.00
676.00 1443.00
676.00 1443.00
676.00 1443.00
676.00 1444.00
676.00 1444.00
676.00 1445.00
676.00 1445.00
676.00 1445.00
676.00 1445.00
676.00 1445.00
676.00 1445.00
676.00 1445.00
676.00 1445.00
676.00 1445.00
676.00 1445.00
676.00 1445.00
676.00 1445.00
676.00 1445.00
676.00 1445.00
676.00 1452.00
676.00 1452.00
676.00 1453.00
676.00 1453.00
676.00 1453.00
676.00 1453.00
676.00 1455.00
676.00 1455.00
675.95 1456.00
675.95 1456.00
675.54 1457.00
675.54 1457.00
675.19 1458.00
675.19 1458.00
675.03 1459.00
675.03 1459.00
675.00 1460.00
675.00 1460.00
675.00 1460.00
675.00 1460.00
675.00 1460.00
675.03 1459.00
675.03 1459.00
675.03 1459.00
675.00 1460.00
674.96 1463.00
674.90 1463.00
674.90 1463.00
674.78 1464.00
674.78 1464.00
674.61 1464.00
674.61 1464.00
674.61 1464.00
674.61 1464.00
674.61 1464.00
674.61 1464.00
674.78 1464.00
674.78 1464.00
674.42 1465.00
674.42 1465.00
674.70 1472.00
674.70 1472.00
674.70 1472.00
674.85 1472.00
674.85 1472.00
674.95 1473.00
674.95 1473.00
674.99 1475.00
675.00 1474.00
675.00 1474.00
675.00 1474.00
675.00 1474.00
675.00 1474.00
675.00 1474.00
675.00 1474.00
675.00 1479.00
675.00 1479.00
675.00 1479.00
675.00 1480.00
675.00 1480.00
675.01 1481.00
675.01 1481.00
675.01 1482.00
675.01 1482.00
675.01 1482.00
675.01 1482.00
675.01 1482.00
675.01 1482.00
675.01 1482.00
675.01 1482.00
675.01 1482.00
675.01 1482.00
675.01 1482.00
675.01 1482.00
675.01 1482.00
675.01 1482.00
675.00 1483.00
675.00 1483.00
675.00 1484.00
675.00 1484.00
675.00 1485.00
675.00 1490.00
675.00 1490.00
675.00 1490.00
675.00 1490.00
675.00 1490.00
675.00 1490.00
675.00 1490.00
675.00 1490.00
675.00 1490.00
675.00 1490.00
675.00 1490.00
675.00 1491.00
675.00 1491.00
675.00 1492.00
675.00 1492.00
675.00 1493.00
675.00 1493.00
675.00 1494.00
675.00 1494.00
675.00 1495.00
675.00 1495.00
675.00 1496.00
675.00 1496.00
675.00 1497.00
675.00 1497.00
675.00 1504.00
675.00 1504.00
675.00 1505.00
675.00 1505.00
675.00 1506.00
675.00 1506.00
675.00 1507.00
675.00 1507.00
675.00 1508.00
675.00 1508.00
675.00 1509.00
675.00 1509.00
675.00 1510.00
675.00 1510.00
675.00 1510.00
675.00 1510.00
675.00 1510.00
675.00 1510.00
675.00 1510.00
675.00 1510.00
675.00 1513.00
675.00 1514.00
675.00 1514.00
675.00 1515.00
675.00 1515.00
675.00 1515.00
675.00 1516.00
675.00 1516.00
675.00 1517.00
675.00 1517.00
675.00 1518.00
675.00 1518.00
675.00 1513.00
675.00 1518.00
675.00 1518.00
675.00 1518.00
675.00 1518.00
675.00 1518.00
675.00 1518.00
675.00 1518.00
675.00 1518.00
675.00 1518.00
675.00 1519.00
675.00 1524.00
675.00 1524.00
675.00 1524.00
674.94 1526.00
674.94 1526.00
674.70 1527.00
674.52 1527.00
674.52 1527.00
674.52 1527.00
674.52 1527.00
674.52 1527.00
674.52 1527.00
674.52 1527.00
674.52 1527.00
674.70 1527.00
674.70 1527.00
674.70 1527.00
674.52 1527.00
674.52 1527.00
674.33 1528.00
674.33 1528.00
674.08 1529.00
674.08 1529.00
674.01 1535.00
674.01 1535.00
674.01 1535.00
674.01 1535.00
674.01 1535.00
673.99 1539.00
673.99 1539.00
673.99 1540.00
673.99 1540.00
673.99 1540.00
673.99 1540.00
673.99 1540.00
673.99 1540.00
673.99 1539.00
674.00 1537.00
674.00 1537.00
673.99 1541.00
674.00 1538.00
674.02 1543.00
674.02 1543.00
674.09 1546.00
674.09 1546.00
674.22 1547.00
674.39 1547.00
674.39 1547.00
674.58 1548.00
674.58 1548.00
674.58 1548.00
674.58 1548.00
674.58 1548.00
674.58 1548.00
674.58 1548.00
674.58 1548.00
674.58 1548.00
674.76 1548.00
674.76 1548.00
674.76 1548.00
674.76 1548.00
674.76 1548.00
674.88 1549.00
674.88 1549.00
674.88 1549.00
674.99 1550.00
674.99 1550.00
674.99 1551.00
674.99 1551.00
675.00 1552.00
675.00 1552.00
675.00 1558.00
675.00 1558.00
675.00 1558.00
675.00 1558.00
675.00 1558.00
675.00 1558.00
675.00 1558.00
675.00 1558.00
675.00 1558.00
675.00 1558.00
675.00 1558.00
675.00 1559.00
675.00 1559.00
675.00 1560.00
675.00 1560.00
675.00 1561.00
675.00 1561.00
675.00 1562.00
675.00 1562.00
675.00 1563.00
675.00 1563.00
675.00 1564.00
675.00 1564.00
675.00 1565.00
675.00 1565.00
675.00 1572.00
675.00 1572.00
675.00 1573.00
675.00 1573.00
675.00 1574.00
675.00 1575.00
675.00 1575.00
675.00 1576.00
675.00 1576.00
675.00 1577.00
675.00 1577.00
675.00 1578.00
675.00 1578.00
675.00 1579.00
675.00 1579.00
675.00 1580.00
675.00 1580.00
675.00 1581.00
675.00 1581.00
675.00 1582.00
675.00 1582.00
675.00 1596.00
675.00 1596.00
675.00 1597.00
675.00 1597.00
675.00 1598.00
675.00 1598.00
675.00 1599.00
675.00 1599.00
675.00 1599.00
675.00 1599.00
675.00 1599.00
675.00 1599.00
675.00 1599.00
675.00 1599.00
675.00 1599.00
675.00 1599.00
675.00 1599.00
675.00 1599.00
675.00 1599.00
675.00 1599.00
674.99 1605.00
674.99 1605.00
674.99 1606.00
926.15 150.00
926.15 150.00
926.15 150.00
926.15 150.00
926.15 150.00
926.15 150.00
926.15 150.00
926.15 150.00
926.15 150.00
926.15 150.00
926.15 150.00
926.15 150.00
926.15 150.00
926.04 151.00
926.04 151.00
926.02 154.00
926.02 154.00
926.02 154.00
926.02 154.00
926.02 154.00
926.02 154.00
926.01 155.00
926.01 155.00
925.99 156.00
925.99 156.00
925.98 157.00
925.98 157.00
925.73 158.00
925.73 158.00
925.36 159.00
925.36 159.00
925.09 160.00
925.09 160.00
925.02 166.00
925.02 166.00
925.02 166.00
925.02 166.00
925.02 166.00
925.02 166.00
925.02 166.00
925.02 166.00
925.02 166.00
925.02 166.00
925.02 166.00
925.02 167.00
925.02 167.00
925.01 168.00
925.01 168.00
925.00 169.00
925.00 169.00
925.00 170.00
925.00 170.00
924.99 171.00
924.98 174.00
924.98 174.00
924.98 174.00
924.98 174.00
924.98 174.00
924.98 174.00
924.91 180.00
924.91 180.00
924.54 181.00
924.54 181.00
923.70 182.00
923.70 182.00
923.44 183.00
923.24 183.00
923.24 183.00
923.11 184.00
923.11 184.00
923.00 185.00
923.00 186.00
923.00 186.00
923.00 186.00
923.00 186.00
923.00 186.00
923.00 186.00
923.00 186.00
923.00 189.00
923.00 189.00
922.99 190.00
922.99 190.00
922.99 190.00
922.99 190.00
922.90 192.00
922.90 192.00
922.90 192.00
922.61 193.00
922.61 193.00
922.25 194.00
922.25 194.00
922.04 195.00
922.04 195.00
922.00 196.00
922.00 196.00
922.00 197.00
922.00 197.00
921.93 198.00
921.93 198.00
921.51 199.00
921.51 199.00
921.16 200.00
921.16 200.00
920.93 201.00
920.93 201.00
920.63 202.00
920.63 202.00
920.44 203.00
920.26 203.00
920.26 203.00
920.26 203.00
920.13 204.00
920.05 204.00
920.01 205.00
919.95 206.00
919.95 206.00
919.86 207.00
919.86 207.00
919.72 207.00
919.72 207.00
919.54 207.00
919.54 207.00
919.54 207.00
919.54 207.00
919.35 208.00
919.35 208.00
919.35 208.00
919.19 208.00
919.19 208.00
919.08 209.00
919.02 209.00
918.96 215.00
918.89 215.00
918.89 215.00
918.76 216.00
918.76 216.00
918.59 216.00
918.59 216.00
918.59 216.00
918.48 218.00
918.42 217.00
918.42 217.00
918.33 218.00
918.29 217.00
918.25 218.00
918.15 221.00
918.05 222.00
917.99 223.00
917.99 223.00
917.99 223.00
917.99 223.00
917.99 223.00
917.86 226.00
917.86 226.00
917.55 227.00
917.55 227.00
917.28 228.00
917.28 228.00
917.28 228.00
917.27 229.00
917.27 229.00
917.27 229.00
917.27 229.00
917.26 231.00
917.26 231.00
917.05 232.00
917.05 232.00
917.00 233.00
917.00 233.00
916.95 234.00
916.95 234.00
916.54 235.00
916.54 235.00
916.19 236.00
916.19 236.00
916.02 237.00
916.02 237.00
916.00 238.00
915.91 239.00
915.91 239.00
915.63 240.00
915.63 240.00
915.26 241.00
915.26 241.00
915.05 242.00
915.05 242.00
915.00 243.00
915.00 243.00
915.00 244.00
915.00 244.00
914.94 245.00
914.94 245.00
914.54 246.00
914.54 246.00
914.18 247.00
914.18 247.00
914.01 248.00
914.01 248.00
914.00 249.00
914.00 249.00
913.91 250.00
913.91 250.00
913.61 251.00
913.61 251.00
913.42 252.00
913.42 252.00
913.42 252.00
913.25 252.00
913.25 252.00
913.25 252.00
913.12 253.00
913.05 253.00
913.01 254.00
912.98 256.00
912.94 256.00
912.85 257.00
912.85 257.00
912.71 257.00
912.71 257.00
912.53 257.00
912.53 257.00
912.53 257.00
912.34 258.00
912.34 258.00
912.34 258.00
912.18 258.00
912.18 258.00
912.18 258.00
912.07 259.00
912.02 259.00
911.96 264.00
911.89 264.00
911.89 264.00
911.75 265.00
911.75 265.00
911.57 265.00
911.57 265.00
911.57 265.00
911.57 265.00
911.38 266.00
911.38 266.00
911.38 266.00
911.22 266.00
911.22 266.00
911.10 267.00
911.10 267.00
911.03 267.00
911.01 268.00
911.01 268.00
911.00 269.00
911.00 269.00
910.98 270.00
910.98 270.00
910.82 271.00
910.82 271.00
910.82 271.00
910.47 272.00
910.47 272.00
909.84 273.00
909.84 273.00
909.42 274.00
909.42 274.00
909.42 274.00
909.10 275.00
909.10 275.00
908.87 276.00
908.87 276.00
908.33 277.00
908.33 277.00
907.91 278.00
907.91 278.00
907.40 279.00
907.40 279.00
905.00 299.00
905.00 299.00
905.00 300.00
905.00 300.00
905.00 300.00
905.00 301.00
905.00 301.00
905.00 302.00
905.00 302.00
905.00 309.00
905.00 309.00
905.00 310.00
905.00 311.00
905.00 311.00
905.00 312.00
905.00 312.00
905.00 313.00
905.00 313.00
905.00 314.00
905.00 314.00
905.00 314.00
905.00 314.00
905.00 314.00
905.00 314.00
905.00 314.00
905.00 314.00
905.00 314.00
905.00 314.00
905.00 314.00
905.00 314.00
905.00 314.00
904.97 319.00
904.82 320.00
904.66 320.00
904.48 321.00
904.29 321.00
904.29 321.00
904.14 321.00
904.05 322.00
904.00 323.00
904.00 323.00
904.00 325.00
904.00 325.00
903.99 326.00
903.99 326.00
903.99 326.00
903.99 326.00
903.99 326.00
903.94 328.00
903.94 328.00
903.94 328.00
903.94 328.00
903.85 329.00
903.71 329.00
903.71 329.00
903.53 329.00
903.34 330.00
903.18 330.00
903.07 331.00
903.00 332.00
903.00 332.00
903.00 332.00
902.98 335.00
902.98 335.00
902.98 335.00
902.88 336.00
902.88 336.00
902.88 336.00
902.88 336.00
902.88 336.00
902.88 336.00
902.88 336.00
902.77 337.00
902.77 337.00
902.77 337.00
902.60 337.00
902.60 337.00
902.60 337.00
902.41 338.00
902.41 338.00
902.41 338.00
902.23 338.00
902.23 338.00
902.10 339.00
902.10 339.00
902.01 341.00
901.99 342.00
901.92 343.00
901.92 343.00
901.82 344.00
901.82 344.00
901.67 344.00
901.67 344.00
901.48 345.00
901.48 345.00
901.48 345.00
901.05 346.00
901.05 346.00
901.01 347.00
901.01 347.00
901.00 348.00
901.00 348.00
900.95 349.00
900.95 349.00
900.74 350.00
900.74 350.00
900.38 351.00
900.38 351.00
900.09 352.00
900.09 352.00
900.01 354.00
900.01 354.00
900.01 354.00
900.01 354.00
900.00 355.00
900.00 355.00
900.00 357.00
900.00 357.00
900.00 357.00
900.00 357.00
899.97 358.00
899.90 358.00
899.78 359.00
899.78 359.00
899.42 360.00
899.42 360.00
899.11 361.00
899.11 361.00
899.01 363.00
899.01 363.00
899.01 363.00
899.01 367.00
899.01 367.00
899.01 367.00
899.01 367.00
899.01 367.00
899.01 367.00
898.97 371.00
898.90 371.00
898.90 371.00
898.78 372.00
898.78 372.00
898.61 372.00
898.61 372.00
898.61 372.00
898.42 373.00
898.42 373.00
898.42 373.00
898.25 373.00
898.25 373.00
898.25 373.00
898.11 374.00
898.11 374.00
898.01 376.00
897.98 380.00
897.93 380.00
897.83 381.00
897.83 381.00
897.67 381.00
897.67 381.00
897.67 381.00
897.49 382.00
897.49 382.00
897.49 382.00
897.30 382.00
897.30 382.00
897.30 382.00
897.15 382.00
897.05 383.00
897.05 383.00
897.00 384.00
896.97 385.00
896.88 385.00
896.88 385.00
896.75 386.00
896.75 386.00
896.38 387.00
896.38 387.00
896.09 388.00
896.09 388.00
896.01 389.00
896.01 389.00
896.01 390.00
896.01 390.00
896.00 391.00
896.00 391.00
896.00 392.00
896.00 392.00
895.97 393.00
895.91 393.00
895.80 394.00
895.80 394.00
895.45 395.00
895.45 395.00
895.13 396.00
895.13 396.00
895.01 397.00
895.01 397.00
895.01 398.00
895.01 398.00
895.00 399.00
894.99 400.00
894.99 400.00
894.98 401.00
894.98 401.00
894.84 402.00
894.84 402.00
894.32 403.00
894.32 403.00
894.07 404.00
894.07 404.00
894.01 406.00
894.01 406.00
894.01 406.00
894.01 406.00
894.01 410.00
894.01 410.00
894.01 410.00
894.01 410.00
894.01 410.00
894.01 410.00
894.01 410.00
893.96 411.00
893.87 411.00
893.87 411.00
893.72 412.00
893.72 412.00
893.35 413.00
893.35 413.00
893.09 414.00
893.09 414.00
893.01 415.00
893.01 415.00
893.00 416.00
893.00 416.00
893.00 417.00
893.00 417.00
893.00 419.00
893.00 419.00
892.96 421.00
892.89 421.00
892.77 422.00
892.77 422.00
892.77 422.00
892.61 422.00
892.61 422.00
892.42 423.00
892.42 423.00
892.10 424.00
892.10 424.00
892.02 427.00
892.02 427.00
892.02 427.00
892.02 427.00
892.02 427.00
892.00 431.00
891.90 433.00
891.90 433.00
891.77 434.00
891.77 434.00
891.77 434.00
891.59 434.00
891.59 434.00
891.59 434.00
891.40 435.00
891.40 435.00
891.40 435.00
891.40 435.00
891.40 435.00
891.40 435.00
891.40 435.00
891.40 435.00
891.11 436.00
891.11 436.00
891.01 437.00
891.01 437.00
891.00 439.00
891.00 439.00
891.00 439.00
891.00 439.00
890.98 440.00
890.98 440.00
890.84 441.00
890.84 441.00
890.51 442.00
890.51 442.00
890.06 443.00
890.06 443.00
890.02 445.00
890.02 445.00
890.02 445.00
890.02 445.00
890.01 446.00
890.01 446.00
890.00 449.00
890.00 449.00
890.00 449.00
890.00 449.00
890.00 449.00
890.00 449.00
889.99 450.00
889.95 450.00
889.86 451.00
889.86 451.00
889.34 452.00
889.08 453.00
889.08 453.00
889.01 454.00
889.01 454.00
889.00 456.00
889.00 456.00
889.00 456.00
889.00 456.00
889.00 457.00
889.00 457.00
889.00 458.00
889.00 458.00
889.00 459.00
888.95 461.00
888.88 461.00
888.88 461.00
888.74 462.00
888.74 462.00
888.74 462.00
888.74 462.00
888.38 463.00
888.38 463.00
888.10 464.00
888.10 464.00
888.10 464.00
888.01 465.00
888.01 465.00
888.00 466.00
888.00 466.00
888.00 467.00
888.00 467.00
887.97 468.00
887.81 469.00
887.81 469.00
887.46 470.00
887.46 470.00
887.13 471.00
887.13 471.00
887.01 473.00
887.01 473.00
887.01 473.00
887.01 473.00
887.01 474.00
887.01 474.00
887.00 476.00
887.00 476.00
887.00 476.00
887.00 476.00
886.98 477.00
886.98 477.00
886.84 478.00
886.84 478.00
886.52 479.00
886.52 479.00
886.06 480.00
886.06 480.00
886.02 483.00
886.02 483.00
886.02 483.00
886.02 483.00
886.02 483.00
886.02 483.00
886.01 484.00
886.01 484.00
886.00 487.00
886.00 487.00
886.00 487.00
886.00 487.00
886.00 487.00
886.00 487.00
886.00 488.00
886.00 488.00
885.86 489.00
885.86 489.00
885.33 490.00
885.33 490.00
885.08 491.00
885.08 491.00
885.00 492.00
885.00 492.00
885.00 496.00
885.00 496.00
885.00 496.00
885.00 496.00
885.00 496.00
885.00 496.00
885.00 496.00
885.00 496.00
885.00 497.00
885.00 497.00
885.00 498.00
885.00 498.00
885.00 505.00
885.00 505.00
885.00 506.00
885.00 506.00
885.00 506.00
885.00 506.00
885.00 506.00
885.00 506.00
885.00 506.00
885.00 506.00
885.00 506.00
884.98 507.00
884.92 507.00
884.82 508.00
884.82 508.00
884.82 508.00
884.66 508.00
884.66 508.00
884.48 509.00
884.48 509.00
884.29 509.00
884.05 510.00
884.05 510.00
883.99 517.00
883.99 517.00
883.99 517.00
883.99 518.00
883.99 518.00
883.99 518.00
883.99 518.00
883.99 518.00
883.99 518.00
883.99 518.00
883.99 518.00
883.99 518.00
883.99 518.00
883.99 518.00
883.99 518.00
883.99 518.00
883.99 525.00
883.99 525.00
883.99 526.00
883.99 526.00
883.99 526.00
883.99 526.00
883.99 526.00
883.89 528.00
883.89 528.00
883.57 529.00
883.57 529.00
883.21 530.00
883.21 530.00
883.03 531.00
883.03 531.00
883.01 532.00
883.01 532.00
883.01 533.00
883.01 533.00
882.99 534.00
882.99 534.00
882.99 535.00
882.99 535.00
882.99 535.00
882.99 535.00
882.91 537.00
882.91 537.00
882.62 538.00
882.26 539.00
882.26 539.00
882.05 540.00
882.05 540.00
882.00 541.00
882.00 541.00
882.00 541.00
882.00 541.00
882.00 541.00
882.00 541.00
882.00 544.00
882.00 544.00
881.99 545.00
881.99 545.00
881.99 546.00
881.99 546.00
881.99 546.00
881.99 546.00
881.93 548.00
881.93 548.00
881.67 549.00
881.67 549.00
881.15 550.00
881.15 550.00
881.01 551.00
881.01 551.00
880.99 552.00
880.99 552.00
880.99 552.00
880.99 552.00
880.99 552.00
880.99 552.00
880.99 552.00
880.99 552.00
880.99 552.00
880.99 552.00
880.99 552.00
880.99 552.00
880.99 552.00
880.99 559.00
880.99 559.00
880.99 559.00
880.99 559.00
880.99 559.00
880.99 559.00
880.99 559.00
880.99 559.00
880.99 559.00
880.99 559.00
880.99 559.00
880.99 559.00
880.99 559.00
880.99 559.00
880.99 559.00
880.99 566.00
880.99 566.00
880.90 567.00
880.90 567.00
880.62 568.00
880.62 568.00
880.25 569.00
880.25 569.00
880.03 570.00
880.03 570.00
880.00 571.00
880.00 571.00
880.00 571.00
880.00 571.00
880.00 571.00
879.99 574.00
879.99 574.00
879.99 575.00
879.99 575.00
879.99 575.00
879.99 575.00
879.99 575.00
879.99 575.00
879.99 575.00
879.99 575.00
879.99 575.00
879.99 575.00
879.99 575.00
879.99 580.00
879.56 584.00
879.56 584.00
879.21 585.00
879.21 585.00
879.21 585.00
878.97 586.00
878.97 586.00
878.43 587.00
878.43 587.00
878.43 587.00
877.79 588.00
878.13 588.00
878.13 588.00
878.13 588.00
878.13 588.00
878.13 588.00
878.13 588.00
878.13 588.00
878.13 588.00
878.13 588.00
878.13 588.00
878.13 588.00
877.79 588.00
877.79 588.00
877.43 589.00
877.43 589.00
876.46 590.00
876.46 590.00
876.11 591.00
876.11 591.00
876.02 595.00
876.02 595.00
876.02 595.00
876.02 595.00
876.02 595.00
876.02 595.00
876.02 595.00
876.02 595.00
876.01 596.00
876.01 596.00
876.01 597.00
876.01 597.00
876.00 598.00
876.00 598.00
876.00 599.00
876.00 599.00
876.00 606.00
876.00 606.00
876.00 607.00
876.00 607.00
876.00 608.00
876.00 608.00
876.01 609.00
876.01 609.00
876.01 610.00
875.99 604.00
876.00 605.00
876.00 606.00
876.00 606.00
876.00 607.00
876.00 607.00
875.99 614.00
875.99 614.00
875.98 615.00
875.98 615.00
875.98 615.00
875.98 615.00
875.98 615.00
875.98 615.00
875.90 618.00
875.90 618.00
875.60 619.00
875.60 619.00
875.23 620.00
875.23 620.00
875.04 621.00
875.04 621.00
874.95 622.00
874.95 622.00
874.95 622.00
875.04 621.00
875.11 621.00
875.23 620.00
875.23 620.00
875.40 620.00
875.40 620.00
875.40 620.00
875.40 620.00
875.11 621.00
875.11 621.00
875.11 621.00
875.00 622.00
875.00 622.00
874.86 623.00
874.86 623.00
874.34 624.00
874.34 624.00
874.07 625.00
874.07 625.00
873.97 626.00
873.97 626.00
873.97 626.00
873.80 627.00
873.80 627.00
873.43 628.00
873.43 628.00
872.80 629.00
871.01 649.00
871.01 649.00
871.01 649.00
871.01 649.00
871.01 649.00
871.01 649.00
871.01 649.00
871.01 649.00
871.01 649.00
871.01 649.00
871.01 649.00
871.01 650.00
871.01 650.00
871.01 651.00
871.01 651.00
871.00 652.00
871.00 652.00
871.00 659.00
871.00 659.00
871.00 660.00
871.00 660.00
871.00 660.00
871.00 660.00
871.00 660.00
871.00 660.00
871.00 660.00
871.00 660.00
871.00 660.00
871.00 660.00
871.00 660.00
871.00 660.00
871.00 660.00
871.00 660.00
871.00 660.00
871.00 661.00
871.00 661.00
871.00 662.00
871.00 662.00
871.00 663.00
871.00 663.00
870.96 664.00
870.96 664.00
870.77 665.00
870.77 665.00
870.41 666.00
870.41 666.00
870.10 667.00
870.10 667.00
870.10 667.00
870.02 670.00
870.02 670.00
870.02 670.00
870.02 670.00
870.02 676.00
870.02 676.00
870.03 677.00
870.03 677.00
870.03 677.00
870.03 677.00
870.03 677.00
870.03 677.00
870.03 677.00
870.03 677.00
870.03 677.00
870.03 677.00
870.03 677.00
870.03 677.00
870.03 677.00
869.98 678.00
869.98 678.00
869.74 679.00
869.74 679.00
869.38 680.00
869.38 680.00
869.11 681.00
869.11 681.00
869.01 682.00
869.01 682.00
869.01 682.00
869.00 684.00
869.00 684.00
869.00 684.00
869.00 684.00
869.00 685.00
869.00 685.00
869.00 686.00
869.00 686.00
869.00 688.00
869.00 688.00
869.00 688.00
869.00 688.00
869.00 689.00
868.96 690.00
868.96 690.00
868.79 691.00
868.79 691.00
868.43 692.00
868.43 692.00
868.11 693.00
868.11 693.00
868.02 695.00
868.02 695.00
868.02 695.00
868.02 695.00
868.02 695.00
868.01 696.00
868.01 696.00
868.01 699.00
868.01 699.00
868.01 699.00
868.01 699.00
868.01 699.00
868.01 699.00
867.99 700.00
867.99 700.00
867.80 701.00
867.80 701.00
867.44 702.00
867.44 702.00
867.06 703.00
867.06 703.00
867.01 704.00
867.01 704.00
867.00 707.00
867.00 707.00
867.00 707.00
867.00 707.00
867.00 707.00
867.00 707.00
867.00 707.00
867.00 708.00
867.00 708.00
866.85 709.00
866.85 709.00
866.00 714.00
866.00 716.00
866.00 716.00
866.00 716.00
865.96 717.00
865.96 717.00
865.75 718.00
865.75 718.00
863.00 757.00
863.01 758.00
863.01 758.00
863.01 759.00
863.01 759.00
863.01 760.00
863.01 760.00
863.01 760.00
863.01 760.00
863.01 760.00
863.01 760.00
863.01 760.00
863.01 760.00
863.01 760.00
863.01 760.00
863.01 760.00
863.01 760.00
863.01 760.00
863.01 760.00
863.01 761.00
863.01 761.00
863.00 762.00
863.00 762.00
863.00 763.00
863.00 763.00
863.00 764.00
863.00 764.00
863.00 765.00
863.00 766.00
863.00 766.00
863.00 767.00
863.00 767.00
863.00 768.00
863.00 768.00
863.00 769.00
863.00 769.00
863.00 770.00
863.00 770.00
863.00 771.00
863.00 771.00
863.00 772.00
863.00 772.00
863.00 773.00
863.00 773.00
863.00 774.00
863.00 774.00
863.00 775.00
863.00 775.00
863.00 776.00
863.00 776.00
863.00 777.00
863.00 781.00
863.00 781.00
863.00 781.00
863.00 781.00
863.00 781.00
863.00 781.00
863.00 781.00
863.00 781.00
863.00 781.00
863.00 782.00
863.00 782.00
863.00 783.00
863.00 783.00
863.00 784.00
863.00 785.00
863.00 785.00
863.00 786.00
863.00 786.00
863.00 787.00
863.00 787.00
863.00 788.00
863.00 788.00
863.00 789.00
863.00 789.00
863.00 790.00
863.00 790.00
863.00 791.00
863.00 791.00
863.00 792.00
863.00 792.00
863.00 793.00
863.00 793.00
863.00 794.00
863.00 794.00
863.00 795.00
863.00 795.00
863.00 796.00
863.00 796.00
863.00 797.00
863.00 797.00
863.00 798.00
863.00 798.00
863.00 799.00
863.00 799.00
863.00 800.00
863.00 800.00
863.00 807.00
863.00 807.00
863.00 808.00
863.00 808.00
863.00 809.00
863.00 809.00
862.99 810.00
862.99 810.00
862.99 811.00
862.99 811.00
862.99 812.00
862.99 812.00
862.99 813.00
862.99 813.00
862.99 813.00
862.99 813.00
862.99 813.00
862.55 818.00
862.55 818.00
862.47 819.00
862.47 819.00
862.47 819.00
862.47 819.00
862.22 821.00
862.22 821.00
862.04 822.00
862.04 822.00
862.00 823.00
862.00 823.00
861.93 824.00
861.93 824.00
861.67 825.00
861.67 825.00
861.67 825.00
861.06 826.00
861.06 826.00
860.64 827.00
860.64 827.00
860.25 828.00
860.25 828.00
860.04 829.00
860.04 829.00
860.00 830.00
1091.29 152.00
1091.29 152.00
1091.29 152.00
1091.04 153.00
1091.04 153.00
1090.99 154.00
1090.99 154.00
1090.99 154.00
1090.99 154.00
1090.99 154.00
1090.99 154.00
1090.99 154.00
1090.99 154.00
1090.99 154.00
1090.99 154.00
1090.91 159.00
1090.91 159.00
1090.63 160.00
1090.63 160.00
1090.26 161.00
1090.04 162.00
1090.04 162.00
1089.99 163.00
1089.99 163.00
1089.99 163.00
1089.99 163.00
1089.93 165.00
1089.93 165.00
1089.65 166.00
1089.65 166.00
1089.14 167.00
1089.14 167.00
1089.02 168.00
1089.02 168.00
1089.00 169.00
1089.00 169.00
1088.94 170.00
1088.94 170.00
1088.53 171.00
1088.19 172.00
1088.19 172.00
1088.02 173.00
1088.02 173.00
1088.00 174.00
1088.00 174.00
1088.00 174.00
1088.00 175.00
1088.00 175.00
1088.00 175.00
1088.00 175.00
1088.00 175.00
1088.00 175.00
1088.00 175.00
1088.00 175.00
1088.00 175.00
1088.00 175.00
1088.00 175.00
1088.00 175.00
1088.00 175.00
1088.00 175.00
1088.00 182.00
1088.00 182.00
1087.99 183.00
1087.99 183.00
1087.99 184.00
1087.99 184.00
1087.99 184.00
1087.99 184.00
1087.99 184.00
1087.51 190.00
1087.51 190.00
1087.17 191.00
1087.17 191.00
1087.02 192.00
1087.02 192.00
1087.00 193.00
1087.00 193.00
1087.00 194.00
1087.00 194.00
1086.17 200.00
1086.17 200.00
1086.01 201.00
1086.01 201.00
1085.99 202.00
1085.99 202.00
1085.88 203.00
1085.88 203.00
1085.55 204.00
1085.55 204.00
1085.13 205.00
1085.13 205.00
1084.71 206.00
1084.17 207.00
1084.17 207.00
1084.11 208.00
1084.11 208.00
1084.11 208.00
1084.11 208.00
1084.11 208.00
1084.11 208.00
1084.11 208.00
1084.11 208.00
1083.92 212.00
1083.92 212.00
1083.63 213.00
1083.63 213.00
1083.26 214.00
1083.26 214.00
1082.98 215.00
1082.98 215.00
1082.53 216.00
1082.17 217.00
1082.17 217.00
1082.17 217.00
1081.93 218.00
1081.93 218.00
1081.62 219.00
1081.62 219.00
1081.25 220.00
1081.25 220.00
1081.04 221.00
1081.04 221.00
1081.01 222.00
1081.01 222.00
1080.93 223.00
1080.93 223.00
1080.65 224.00
1080.14 225.00
1080.14 225.00
1080.02 226.00
1080.02 226.00
1080.00 227.00
1080.00 227.00
1080.00 228.00
1080.00 228.00
1079.93 229.00
1079.93 229.00
1079.55 230.00
1079.55 230.00
1079.20 231.00
1079.20 231.00
1078.99 232.00
1078.99 232.00
1078.96 233.00
1078.96 233.00
1078.96 233.00
1078.96 233.00
1078.96 233.00
1078.84 236.00
1078.84 236.00
1078.50 237.00
1078.50 237.00
1078.18 238.00
1078.18 238.00
1078.03 239.00
1078.03 239.00
1078.03 239.00
1078.00 240.00
1078.00 240.00
1077.99 241.00
1077.99 241.00
1077.99 241.00
1077.88 242.00
1077.88 242.00
1077.58 243.00
1077.58 243.00
1077.39 244.00
1077.39 244.00
1077.39 244.00
1077.21 244.00
1077.21 244.00
1077.21 244.00
1077.09 245.00
1077.03 245.00
1076.98 247.00
1076.91 247.00
1076.91 247.00
1076.79 248.00
1076.79 248.00
1076.61 248.00
1076.61 248.00
1076.61 248.00
1076.61 248.00
1076.79 248.00
1076.79 248.00
1076.79 248.00
1076.79 248.00
1076.79 248.00
1076.41 249.00
1076.41 249.00
1076.00 250.00
1076.00 250.00
1075.37 251.00
1075.37 251.00
1075.09 252.00
1075.09 252.00
1075.09 252.00
1075.00 253.00
1075.00 253.00
1075.00 254.00
1075.00 254.00
1074.96 255.00
1074.77 256.00
1074.77 256.00
1074.40 257.00
1074.40 257.00
1074.11 258.00
1074.11 258.00
1074.01 259.00
1074.01 259.00
1073.98 260.00
1073.98 260.00
1073.81 261.00
1073.81 261.00
1073.46 262.00
1073.46 262.00
1073.13 263.00
1073.13 263.00
1073.00 264.00
1073.00 264.00
1072.86 265.00
1072.86 265.00
1072.34 266.00
1072.34 266.00
1072.08 267.00
1072.08 267.00
1072.00 268.00
1072.00 268.00
1072.00 269.00
1072.00 269.00
1071.96 270.00
1071.96 270.00
1071.76 271.00
1071.76 271.00
1071.41 272.00
1071.11 273.00
1071.11 273.00
1071.02 279.00
1071.02 279.00
1071.02 279.00
1071.02 279.00
1071.02 279.00
1071.02 279.00
1071.02 279.00
1071.02 279.00
1071.02 279.00
1071.02 279.00
1071.02 279.00
1071.02 279.00
1071.02 280.00
1071.02 280.00
1071.02 281.00
1071.02 281.00
1071.02 288.00
1071.02 288.00
1071.02 288.00
1071.02 288.00
1071.02 288.00
1071.02 288.00
1071.02 288.00
1071.02 288.00
1070.98 286.00
1070.87 289.00
1070.87 289.00
1070.73 290.00
1070.73 290.00
1070.73 290.00
1070.54 290.00
1070.54 290.00
1070.54 290.00
1070.36 291.00
1070.20 291.00
1070.09 292.00
1069.99 298.00
1069.99 298.00
1069.99 298.00
1069.99 298.00
1069.99 298.00
1069.93 301.00
1069.93 301.00
1069.67 302.00
1069.67 302.00
1069.16 303.00
1069.16 303.00
1069.02 304.00
1069.02 304.00
1069.00 305.00
1069.00 305.00
1069.00 306.00
1069.00 307.00
1069.00 307.00
1069.00 307.00
1069.00 307.00
1069.00 307.00
1069.00 307.00
1069.00 307.00
1069.00 307.00
1069.00 307.00
1069.00 307.00
1068.98 312.00
1068.98 312.00
1068.98 312.00
1068.98 312.00
1068.98 312.00
1068.98 312.00
1068.88 315.00
1068.88 315.00
1068.56 316.00
1068.20 317.00
1068.20 317.00
1068.03 318.00
1068.03 318.00
1067.99 319.00
1067.99 319.00
1067.91 320.00
1067.91 320.00
1067.63 321.00
1067.63 321.00
1067.26 322.00
1067.26 322.00
1067.04 323.00
1067.04 323.00
1066.99 324.00
1066.99 324.00
1066.94 325.00
1066.94 325.00
1066.69 326.00
1066.16 327.00
1066.16 327.00
1066.06 328.00
1066.00 328.00
1065.98 329.00
1065.98 329.00
1065.98 329.00
1065.98 329.00
1065.98 329.00
1065.98 329.00
1065.98 329.00
1065.98 329.00
1065.92 333.00
1065.92 333.00
1065.92 333.00
1065.68 334.00
1065.68 334.00
1065.16 335.00
1065.16 335.00
1065.07 336.00
1065.02 336.00
1065.00 337.00
1065.00 337.00
1065.00 338.00
1065.00 338.00
1065.00 339.00
1065.00 339.00
1064.99 340.00
1064.99 340.00
1064.99 340.00
1064.93 342.00
1064.93 342.00
1064.68 343.00
1064.68 343.00
1064.16 344.00
1064.16 344.00
1064.05 345.00
1063.99 345.00
1063.98 346.00
1063.98 346.00
1063.98 346.00
1063.98 346.00
1063.95 348.00
1063.95 348.00
1063.50 349.00
1063.50 349.00
1063.31 350.00
1063.31 350.00
1063.31 350.00
1063.17 350.00
1063.17 350.00
1063.07 351.00
1063.01 351.00
1062.96 352.00
1062.89 352.00
1062.77 353.00
1062.77 353.00
1062.77 353.00
1062.61 353.00
1062.61 353.00
1062.43 354.00
1062.43 354.00
1062.43 354.00
1062.25 354.00
1062.25 354.00
1062.25 354.00
1062.11 355.00
1062.11 355.00
1062.00 357.00
1061.92 358.00
1061.92 358.00
1061.79 359.00
1061.79 359.00
1061.61 359.00
1061.61 359.00
1061.61 359.00
1061.42 360.00
1061.42 360.00
1061.12 361.00
1061.12 361.00
1061.01 362.00
1061.01 362.00
1061.00 363.00
1061.00 363.00
1060.99 367.00
1060.96 368.00
1060.89 368.00
1060.77 369.00
1060.77 369.00
1060.61 369.00
1060.61 369.00
1060.61 369.00
1060.61 369.00
1060.61 369.00
1060.61 369.00
1060.42 370.00
1060.42 370.00
1060.42 370.00
1060.11 371.00
1060.11 371.00
1060.01 373.00
1060.01 373.00
1060.01 373.00
1060.01 374.00
1060.01 374.00
1059.96 375.00
1059.96 375.00
1059.96 375.00
1059.78 376.00
1059.61 376.00
1059.42 377.00
1059.42 377.00
1059.12 378.00
1059.12 378.00
1059.01 381.00
1059.01 381.00
1059.01 381.00
1059.01 381.00
1058.91 382.00
1058.91 382.00
1058.79 383.00
1058.79 383.00
1058.61 383.00
1058.43 384.00
1058.43 384.00
1058.13 385.00
1058.13 385.00
1058.01 386.00
1058.01 386.00
1058.00 387.00
1058.00 387.00
1058.00 388.00
1058.00 388.00
1057.97 389.00
1057.97 389.00
1057.82 390.00
1057.82 390.00
1057.48 391.00
1057.48 391.00
1057.15 392.00
1057.15 392.00
1057.01 394.00
1057.01 394.00
1057.01 394.00
1057.01 394.00
1057.01 395.00
1057.01 395.00
1057.00 396.00
1057.00 396.00
1056.97 397.00
1056.97 397.00
1056.82 398.00
1056.82 398.00
1056.47 399.00
1056.05 400.00
1056.05 400.00
1056.01 402.00
1056.01 402.00
1056.01 402.00
1056.01 402.00
1056.00 403.00
1056.00 403.00
1056.00 404.00
1056.00 404.00
1055.97 405.00
1055.97 405.00
1055.82 406.00
1055.82 406.00
1055.48 407.00
1055.48 407.00
1055.05 408.00
1055.01 411.00
1055.01 411.00
1055.01 411.00
1055.01 411.00
1055.01 411.00
1055.01 411.00
1055.00 412.00
1055.00 412.00
1054.97 413.00
1054.97 413.00
1054.82 414.00
1054.82 414.00
1054.48 415.00
1054.48 415.00
1054.05 416.00
1054.05 416.00
1054.02 419.00
1054.02 419.00
1054.02 419.00
1054.02 419.00
1054.02 419.00
1054.00 420.00
1054.00 420.00
1053.99 422.00
1053.99 422.00
1053.99 422.00
1053.99 422.00
1053.97 423.00
1053.97 423.00
1053.79 424.00
1053.79 424.00
1053.46 425.00
1053.46 425.00
1053.13 426.00
1053.13 426.00
1053.03 429.00
1053.03 429.00
1053.03 429.00
1053.03 429.00
1053.03 429.00
1053.02 430.00
1053.02 430.00
1053.00 431.00
1053.00 431.00
1052.99 433.00
1052.99 433.00
1052.99 433.00
1052.99 433.00
1052.96 434.00
1052.96 434.00
1052.75 435.00
1052.75 435.00
1052.38 436.00
1052.38 436.00
1052.09 437.00
1052.09 437.00
1052.01 438.00
1052.01 438.00
1052.01 439.00
1052.01 439.00
1052.00 443.00
1052.00 443.00
1052.00 443.00
1052.00 443.00
1052.00 443.00
1052.00 443.00
1052.00 443.00
1052.00 443.00
1051.99 444.00
1051.99 444.00
1051.86 445.00
1051.86 445.00
1051.37 446.00
1051.08 447.00
1051.08 447.00
1051.02 450.00
1051.02 450.00
1051.02 450.00
1051.02 450.00
1051.02 450.00
1051.02 450.00
1051.02 451.00
1051.02 451.00
1051.01 452.00
1051.01 452.00
1050.99 454.00
1050.99 454.00
1050.99 454.00
1050.99 454.00
1050.98 455.00
1050.98 455.00
1050.82 456.00
1050.48 457.00
1050.48 457.00
1050.06 458.00
1050.06 458.00
1050.01 460.00
1050.01 460.00
1050.01 460.00
1050.01 460.00
1050.00 461.00
1050.00 461.00
1050.00 464.00
1050.00 464.00
1050.00 464.00
1050.00 464.00
1050.00 464.00
1050.00 464.00
1049.97 465.00
1049.97 465.00
1049.80 466.00
1049.46 467.00
1049.46 467.00
1049.14 468.00
1049.14 468.00
1049.02 471.00
1049.02 471.00
1049.02 471.00
1049.02 471.00
1049.02 471.00
1049.02 471.00
1049.02 472.00
1049.02 472.00
1049.00 473.00
1049.00 473.00
1048.99 474.00
1048.99 474.00
1048.95 475.00
1048.95 475.00
1048.77 476.00
1048.77 476.00
1048.41 477.00
1048.41 477.00
1048.11 478.00
1048.11 478.00
1048.03 485.00
1048.03 485.00
1048.03 486.00
1048.03 486.00
1048.03 486.00
1048.03 486.00
1048.03 486.00
1048.03 486.00
1048.03 486.00
1048.03 486.00
1048.03 486.00
1048.03 486.00
1048.03 486.00
1048.03 486.00
1048.03 486.00
1048.01 487.00
1048.01 487.00
1047.83 488.00
1047.83 488.00
1047.32 489.00
1047.32 489.00
1047.08 490.00
1047.08 490.00
1047.01 491.00
1047.01 491.00
1047.00 492.00
1047.00 492.00
1047.00 493.00
1047.00 495.00
1047.00 495.00
1047.00 495.00
1047.00 495.00
1046.98 496.00
1046.98 496.00
1046.84 497.00
1046.84 497.00
1046.32 498.00
1046.32 498.00
1046.07 499.00
1046.07 499.00
1046.01 506.00
1046.01 506.00
1046.01 506.00
1046.01 506.00
1046.01 506.00
1046.01 506.00
1046.01 506.00
1046.01 506.00
1046.01 506.00
1046.01 506.00
1045.99 508.00
1045.96 511.00
1045.88 511.00
1045.75 512.00
1045.75 512.00
1045.75 512.00
1045.58 512.00
1045.58 512.00
1045.39 513.00
1045.39 513.00
1045.39 513.00
1045.22 513.00
1045.09 514.00
1045.00 518.00
1044.99 515.00
1044.99 515.00
1044.99 515.00
1044.99 515.00
1044.99 515.00
1044.99 515.00
1044.99 515.00
1045.00 518.00
1045.00 518.00
1045.00 518.00
1045.00 518.00
1045.00 518.00
1045.00 518.00
1045.00 518.00
1045.04 519.00
1045.04 519.00
1045.25 520.00
1045.25 520.00
1045.61 521.00
1045.61 521.00
1045.91 522.00
1045.91 522.00
1045.96 529.00
1045.96 529.00
1045.96 529.00
1045.51 530.00
1045.51 530.00
1045.09 531.00
1045.09 531.00
1044.67 532.00
1044.67 532.00
1044.27 533.00
1044.27 533.00
1043.88 534.00
1043.88 534.00
1043.73 535.00
1043.73 535.00
1043.73 535.00
1043.55 535.00
1043.55 535.00
1043.55 535.00
1043.55 535.00
1043.73 535.00
1043.73 535.00
1043.73 535.00
1043.73 535.00
1043.73 535.00
1043.73 535.00
1043.73 535.00
1043.34 536.00
1043.34 536.00
1042.91 537.00
1042.91 537.00
1042.48 538.00
1042.48 538.00
1042.06 539.00
1042.06 539.00
1041.95 540.00
1041.74 541.00
1041.74 541.00
1041.38 542.00
1041.38 542.00
1041.08 543.00
1041.08 543.00
1041.02 547.00
1041.02 547.00
1041.02 547.00
1041.02 547.00
1041.02 547.00
1041.02 547.00
1041.02 547.00
1041.02 547.00
1041.02 548.00
1041.02 548.00
1041.01 549.00
1041.01 549.00
1041.00 550.00
1041.00 550.00
1041.00 557.00
1041.00 557.00
1041.00 558.00
1041.00 558.00
1041.01 559.00
1041.01 559.00
1041.01 560.00
1041.01 560.00
1041.01 560.00
1041.01 560.00
1041.01 560.00
1041.01 560.00
1041.01 560.00
1041.01 560.00
1041.01 560.00
1041.01 560.00
1041.01 560.00
1041.01 560.00
1041.01 560.00
1041.01 561.00
1041.01 561.00
1041.00 562.00
1041.00 562.00
1041.00 563.00
1040.95 568.00
1040.87 568.00
1040.87 568.00
1040.74 569.00
1040.74 569.00
1040.56 569.00
1040.56 569.00
1040.56 569.00
1040.37 570.00
1040.37 570.00
1040.37 570.00
1040.20 570.00
1040.20 570.00
1040.09 571.00
1040.09 571.00
1040.03 571.00
1039.97 573.00
1039.90 573.00
1039.90 573.00
1039.90 573.00
1039.77 574.00
1039.77 574.00
1039.42 575.00
1039.42 575.00
1039.11 576.00
1039.11 576.00
1039.11 576.00
1038.85 577.00
1038.85 577.00
1038.33 578.00
1038.33 578.00
1038.08 579.00
1038.08 579.00
1037.96 580.00
1037.96 580.00
1037.77 581.00
1037.77 581.00
1037.40 582.00
1037.40 582.00
1035.08 612.00
1035.08 612.00
1035.37 613.00
1035.37 613.00
1035.74 614.00
1035.74 614.00
1035.95 615.00
1035.95 615.00
1036.00 616.00
1036.00 616.00
1036.00 617.00
1036.00 617.00
1036.00 617.00
1036.00 617.00
1036.00 619.00
1036.00 619.00
1036.00 620.00
1036.00 620.00
1036.00 620.00
1036.00 620.00
1036.00 620.00
1036.00 620.00
1036.00 620.00
1036.00 620.00
1036.00 620.00
1036.00 620.00
1036.00 620.00
1036.00 620.00
1036.00 620.00
1036.00 620.00
1036.00 621.00
1036.00 623.00
1036.00 623.00
1036.00 623.00
1036.00 623.00
1036.00 623.00
1036.00 624.00
1036.00 624.00
1036.00 625.00
1036.00 625.00
1036.00 626.00
1036.00 626.00
1036.00 627.00
1036.00 627.00
1036.00 634.00
1036.00 634.00
1036.00 635.00
1036.00 636.00
1036.00 636.00
1036.00 637.00
1036.00 637.00
1036.00 638.00
1036.00 638.00
1036.00 639.00
1036.00 639.00
1036.00 640.00
1036.00 640.00
1036.00 640.00
1036.00 640.00
1036.00 640.00
1036.00 640.00
1036.00 640.00
1036.00 640.00
1036.00 640.00
1036.00 640.00
1036.00 640.00
1036.00 640.00
1036.00 640.00
1036.00 647.00
1036.00 647.00
1035.93 648.00
1035.93 648.00
1035.71 649.00
1035.71 649.00
1035.18 650.00
1035.18 650.00
1035.00 651.00
1035.00 651.00
1034.98 652.00
1034.98 652.00
1034.98 652.00
1034.98 652.00
1034.86 654.00
1034.86 654.00
1034.52 655.00
1034.18 656.00
1034.18 656.00
1034.03 657.00
1034.03 657.00
1034.00 658.00
1034.00 658.00
1034.00 659.00
1034.00 659.00
1033.99 660.00
1033.99 660.00
1033.99 660.00
1033.87 661.00
1033.87 661.00
1033.56 662.00
1033.56 662.00
1033.20 663.00
1033.20 663.00
1032.95 664.00
1032.95 664.00
1032.67 665.00
1032.67 665.00
1032.48 666.00
1032.48 666.00
1032.48 666.00
1032.48 666.00
1032.48 666.00
1032.29 666.00
1032.29 666.00
1032.29 666.00
1032.29 666.00
1032.29 666.00
1032.48 666.00
1032.48 666.00
1032.48 666.00
1032.48 666.00
1032.05 667.00
1032.05 667.00
1032.00 668.00
1032.00 668.00
1031.99 669.00
1031.99 669.00
1031.85 670.00
1031.85 670.00
1031.31 671.00
1031.31 671.00
1030.88 672.00
1030.88 672.00
1030.45 673.00
1030.45 673.00
1030.13 674.00
1030.13 674.00
1030.02 675.00
1030.02 675.00
1030.00 676.00
1030.00 676.00
1030.00 676.00
1030.00 677.00
1030.00 677.00
1029.98 678.00
1029.81 679.00
1029.81 679.00
1029.46 680.00
1029.46 680.00
1029.06 681.00
1029.00 684.00
1029.00 684.00
1029.00 684.00
1029.00 684.00
1029.00 684.00
1029.00 684.00
1028.99 685.00
1028.99 685.00
1027.00 706.00
1027.00 706.00
1027.00 706.00
1027.00 706.00
1027.00 706.00
1027.00 706.00
1027.00 707.00
1027.00 713.00
1027.00 713.00
1027.00 713.00
1027.00 713.00
1027.00 713.00
1027.00 713.00
1027.00 713.00
1027.00 713.00
1027.00 713.00
1026.97 714.00
1026.79 715.00
1026.79 715.00
1026.43 716.00
1026.43 716.00
1026.12 717.00
1026.12 717.00
1026.01 718.00
1026.01 718.00
1026.01 720.00
1026.01 720.00
1026.01 720.00
1026.01 720.00
1026.01 721.00
1026.01 721.00
1026.01 728.00
1026.01 728.00
1026.01 729.00
1026.01 729.00
1026.01 729.00
1026.01 729.00
1026.01 729.00
1026.01 729.00
1026.01 729.00
1026.01 729.00
1026.01 729.00
1026.01 729.00
1026.01 729.00
1026.01 729.00
1026.01 729.00
1026.01 729.00
1025.99 730.00
1025.99 730.00
1025.82 731.00
1025.47 732.00
1025.47 732.00
1025.06 733.00
1025.06 733.00
1025.02 738.00
1025.02 738.00
1025.10 741.00
1025.10 741.00
1025.37 742.00
1025.37 742.00
1025.52 743.00
1025.52 743.00
1025.52 743.00
1025.52 743.00
1025.52 743.00
1025.52 743.00
1025.52 743.00
1025.52 743.00
1025.52 743.00
1025.52 743.00
1025.52 743.00
1025.52 743.00
1025.52 743.00
1025.52 743.00
1025.34 744.00
1025.34 744.00
1025.09 745.00
1025.09 745.00
1025.01 749.00
1025.01 749.00
1025.01 749.00
1025.01 749.00
1025.01 749.00
1025.01 749.00
1025.01 749.00
1025.01 750.00
1025.01 750.00
1025.01 754.00
1025.01 754.00
1025.01 754.00
1025.01 754.00
1025.01 754.00
1025.01 754.00
1025.01 754.00
1025.01 754.00
1024.99 755.00
1024.99 755.00
1024.81 756.00
1024.81 756.00
1024.45 757.00
1024.45 757.00
1024.06 758.00
1024.06 758.00
1024.01 765.00
1024.01 765.00
1024.01 765.00
1024.01 765.00
1024.01 765.00
1024.01 765.00
1024.01 765.00
1024.01 765.00
1024.01 765.00
1024.01 765.00
1024.01 765.00
1024.01 765.00
1024.01 765.00
1024.01 765.00
1024.01 766.00
1024.01 766.00
1024.01 770.00
1024.01 770.00
1024.01 770.00
1024.01 770.00
1024.01 770.00
1024.01 770.00
1024.01 770.00
1024.00 771.00
1024.00 771.00
1023.84 772.00
1023.84 772.00
1023.31 773.00
1023.31 773.00
1023.07 774.00
1023.07 774.00
1023.01 777.00
1023.01 777.00
1023.01 777.00
1023.01 777.00
1023.01 777.00
1023.01 777.00
1023.01 778.00
1023.01 778.00
1023.00 779.00
1023.00 779.00
1023.00 786.00
1023.00 786.00
1023.01 787.00
1023.01 787.00
1023.01 788.00
1023.01 788.00
1023.01 789.00
1023.01 789.00
1023.01 789.00
1023.01 789.00
1023.01 789.00
1023.01 789.00
1023.01 789.00
1023.01 789.00
1023.01 789.00
1023.01 789.00
1023.01 789.00
1023.01 789.00
1023.01 789.00
1023.01 796.00
1023.01 796.00
1023.01 796.00
1023.01 796.00
1023.01 796.00
1023.01 796.00
1023.01 796.00
1023.01 796.00
1023.01 796.00
1023.01 796.00
1022.97 797.00
1022.87 797.00
1022.87 797.00
1022.73 798.00
1022.73 798.00
1022.73 798.00
1022.54 798.00
1022.54 798.00
1022.35 799.00
1022.35 799.00
1022.09 800.00
1022.09 800.00
1022.01 805.00
1022.01 805.00
1022.01 805.00
1022.01 805.00
1021.98 808.00
1021.98 808.00
1021.98 808.00
1021.91 811.00
1021.91 811.00
1021.61 812.00
1021.61 812.00
1021.61 812.00
1021.42 813.00
1021.42 813.00
1021.42 813.00
1021.26 813.00
1021.26 813.00
1021.26 813.00
1021.42 813.00
1021.42 813.00
1021.42 813.00
1021.42 813.00
1021.42 813.00
1021.42 813.00
1021.42 813.00
1021.13 814.00
1021.13 814.00
1021.02 815.00
1021.02 815.00
1021.00 818.00
1021.00 818.00
1021.00 817.00
1021.00 817.00
1021.00 821.00
1021.00 821.00
1021.00 821.00
1021.00 821.00
1021.00 821.00
1021.00 821.00
1021.00 821.00
1021.00 822.00
1021.00 822.00
1021.00 823.00
1021.00 823.00
1021.00 823.00
1017.98 880.00
1017.98 880.00
1017.98 880.00
1017.95 881.00
1017.95 881.00
1017.53 882.00
1017.53 882.00
1017.19 883.00
1017.19 883.00
1017.02 884.00
1017.02 884.00
1016.92 885.00
1016.92 885.00
1016.65 886.00
1016.65 886.00
1016.13 887.00
1016.13 887.00
1015.90 888.00
1016.01 888.00
1016.01 888.00
1016.13 887.00
1016.28 887.00
1016.28 887.00
1016.46 887.00
1016.46 887.00
1016.65 886.00
1016.65 886.00
1016.81 886.00
1016.46 887.00
1016.46 887.00
1016.46 887.00
1016.01 888.00
1016.01 888.00
1015.76 889.00
1015.76 889.00
1015.38 890.00
1015.38 890.00
1015.02 896.00
1015.02 896.00
1015.02 896.00
1015.02 896.00
1015.02 896.00
1015.02 896.00
1015.02 896.00
1015.02 896.00
1015.02 896.00
1015.02 896.00
1015.02 896.00
1015.02 896.00
1015.00 903.00
1015.00 903.00
1015.00 904.00
1015.01 905.00
1015.01 905.00
1015.01 906.00
1015.01 906.00
1015.01 907.00
1015.01 907.00
1015.01 907.00
1015.01 907.00
1015.01 907.00
1015.01 907.00
1015.01 907.00
1015.01 907.00
1015.01 907.00
1015.01 907.00
1015.01 907.00
1015.01 907.00
1015.01 907.00
1015.01 907.00
1015.01 908.00
1015.01 909.00
1015.01 909.00
1015.00 910.00
1015.00 916.00
1015.00 917.00
1015.00 917.00
1015.00 918.00
1015.00 918.00
1015.00 919.00
1015.00 919.00
1015.00 919.00
1015.00 919.00
1015.00 919.00
1015.00 919.00
1015.00 919.00
1015.00 919.00
1015.00 919.00
1015.00 919.00
1015.00 919.00
1015.00 919.00
1015.00 919.00
1015.00 920.00
1015.00 920.00
1015.00 921.00
1015.00 921.00
1015.00 922.00
1015.00 922.00
1015.00 923.00
1015.00 923.00
1015.00 924.00
1015.00 924.00
1015.00 925.00
1015.00 925.00
1015.00 926.00
1015.00 926.00
1015.00 927.00
1015.00 934.00
1015.00 934.00
1015.00 935.00
1015.00 935.00
1015.00 936.00
1015.00 936.00
1015.00 936.00
1015.00 936.00
1015.00 936.00
1015.00 936.00
1015.00 936.00
1015.00 936.00
1015.00 936.00
1015.00 936.00
1015.00 936.00
1014.62 943.00
1014.62 943.00
1014.24 944.00
1014.24 944.00
1014.04 945.00
1014.04 945.00
1014.00 946.00
1014.00 946.00
1014.00 946.00
1014.00 946.00
1014.00 946.00
1014.00 946.00
1014.00 949.00
1014.00 949.00
1014.00 950.00
1014.00 950.00
1014.00 950.00
1014.00 950.00
1014.00 950.00
1013.92 952.00
1013.92 952.00
1013.65 953.00
1013.65 953.00
1013.14 954.00
1013.14 954.00
1013.01 955.00
1013.01 955.00
1013.00 956.00
1013.00 956.00
1013.00 956.00
1013.00 956.00
1013.00 956.00
1013.00 956.00
1012.99 959.00
1012.99 959.00
1012.97 960.00
1012.97 960.00
1012.97 961.00
1012.97 961.00
1012.97 961.00
1012.97 961.00
1012.97 961.00
1012.97 961.00
1012.93 964.00
1012.93 964.00
1012.64 965.00
1012.64 965.00
1012.16 966.00
1012.16 966.00
1012.16 966.00
1012.08 967.00
1012.08 967.00
1011.99 968.00
1011.99 969.00
1011.99 969.00
1011.99 969.00
1011.99 969.00
1011.99 969.00
1011.99 969.00
1011.88 972.00
1011.57 973.00
1011.57 973.00
1011.38 974.00
1011.38 974.00
1011.38 974.00
1011.38 974.00
1011.38 974.00
1011.57 973.00
1011.57 973.00
1011.57 973.00
1011.57 973.00
1011.57 973.00
1011.38 974.00
1011.38 974.00
1011.38 974.00
1011.21 974.00
1011.09 975.00
1011.09 975.00
1011.02 979.00
1010.99 977.00
1010.98 983.00
1010.98 983.00
1010.98 984.00
1010.98 984.00
1010.98 984.00
1010.98 984.00
1010.98 984.00
1010.98 984.00
1010.98 984.00
1010.98 984.00
1010.98 984.00
1010.98 984.00
1010.98 984.00
1010.98 984.00
1010.95 990.00
1010.95 990.00
1010.69 991.00
1010.52 991.00
1010.52 991.00
1010.52 991.00
1010.34 992.00
1010.34 992.00
1010.18 992.00
1010.18 992.00
1010.07 993.00
1010.07 993.00
1010.02 996.00
1010.02 996.00
1010.07 993.00
1010.07 993.00
1010.18 992.00
1010.18 992.00
1010.07 993.00
1010.07 993.00
1010.02 996.00
1010.02 996.00
1010.02 996.00
1010.00 998.00
1009.96 1002.00
1009.87 1002.00
1009.87 1002.00
1009.87 1002.00
1009.87 1002.00
1009.87 1002.00
1009.96 1002.00
1010.00 1000.00
1010.01 1001.00
1010.01 1001.00
1009.96 1002.00
1009.96 1002.00
1009.87 1002.00
1009.87 1002.00
1009.73 1003.00
1009.73 1003.00
1009.36 1004.00
1009.36 1004.00
1009.09 1005.00
1009.09 1005.00
1009.02 1008.00
1009.02 1008.00
1009.02 1008.00
1009.02 1008.00
1009.02 1008.00
1009.02 1008.00
1009.03 1015.00
1009.03 1015.00
1009.03 1016.00
1009.03 1016.00
1009.03 1016.00
1009.03 1016.00
1009.03 1016.00
1009.03 1016.00
1009.03 1016.00
1009.03 1016.00
1009.03 1016.00
1009.03 1016.00
1009.03 1016.00
1009.03 1016.00
1009.03 1016.00
1009.03 1016.00
1009.03 1016.00
1009.02 1017.00
1009.02 1017.00
1008.71 1018.00
1008.71 1018.00
1008.51 1021.00
1008.51 1021.00
1008.51 1021.00
1008.51 1021.00
1008.51 1021.00
1008.51 1021.00
1008.41 1022.00
1008.41 1022.00
1008.14 1023.00
1008.14 1023.00
1008.01 1029.00
1008.01 1029.00
1008.01 1029.00
1008.01 1029.00
1008.01 1029.00
1008.01 1029.00
1008.01 1029.00
1008.01 1029.00
1008.01 1029.00
1008.01 1029.00
1008.01 1029.00
1008.01 1029.00
1008.01 1033.00
1008.01 1033.00
1008.01 1033.00
1008.01 1033.00
1008.01 1033.00
1008.01 1033.00
1008.01 1033.00
1008.01 1033.00
1007.99 1034.00
1007.99 1034.00
1007.80 1035.00
1007.80 1035.00
1007.45 1036.00
1007.45 1036.00
1007.05 1037.00
1007.05 1037.00
1007.01 1043.00
1007.01 1043.00
1007.01 1043.00
1007.01 1043.00
1007.01 1043.00
1007.01 1043.00
1007.01 1043.00
1007.01 1043.00
1007.01 1043.00
1007.01 1043.00
1007.01 1043.00
1007.01 1043.00
1007.01 1044.00
1007.01 1044.00
1007.01 1047.00
1007.01 1047.00
1007.01 1047.00
1007.01 1047.00
1007.01 1047.00
1007.01 1047.00
1006.99 1048.00
1006.99 1048.00
1006.81 1049.00
1006.81 1049.00
1006.46 1050.00
1006.46 1050.00
1006.06 1051.00
1006.06 1051.00
1006.00 1052.00
1006.00 1054.00
1006.00 1054.00
1006.00 1054.00
1006.00 1054.00
1006.00 1055.00
1006.00 1055.00
1006.00 1055.00
1006.00 1061.00
1006.00 1061.00
1006.00 1061.00
1006.00 1061.00
1006.00 1061.00
1006.00 1061.00
1006.00 1065.00
1006.00 1065.00
1006.00 1065.00
1006.00 1065.00
1006.00 1065.00
1006.00 1065.00
1006.00 1065.00
1006.00 1065.00
1006.00 1065.00
1006.00 1065.00
1006.00 1065.00
1006.00 1065.00
1006.00 1065.00
1006.00 1065.00
1006.00 1066.00
1006.00 1066.00
1005.96 1067.00
1005.96 1067.00
1005.79 1068.00
1005.79 1068.00
1005.46 1069.00
1005.46 1069.00
1005.14 1070.00
1005.14 1070.00
1005.02 1075.00
1005.02 1075.00
1005.02 1075.00
1005.02 1075.00
1005.02 1075.00
1005.02 1075.00
1005.02 1075.00
1005.02 1075.00
1005.02 1075.00
1005.02 1075.00
1005.02 1076.00
1005.02 1076.00
1005.02 1077.00
1005.02 1077.00
1005.01 1078.00
1005.01 1078.00
1005.00 1085.00
1005.00 1085.00
1005.01 1086.00
1005.01 1086.00
1005.01 1087.00
1005.01 1087.00
1005.01 1088.00
1005.01 1088.00
1005.01 1088.00
1005.01 1088.00
1005.01 1088.00
1005.01 1088.00
1005.01 1088.00
1005.01 1088.00
1005.01 1088.00
1005.01 1088.00
1005.01 1088.00
1005.01 1088.00
1005.01 1088.00
1005.01 1088.00
1005.01 1089.00
1005.01 1089.00
1004.98 1090.00
1004.98 1090.00
1004.86 1091.00
1004.36 1092.00
1004.36 1092.00
1004.07 1093.00
1004.07 1093.00
1004.02 1096.00
1004.02 1096.00
1004.02 1096.00
1004.02 1096.00
1004.02 1096.00
1004.02 1096.00
1004.02 1103.00
1004.02 1103.00
1004.03 1104.00
1004.03 1104.00
1004.03 1105.00
1004.03 1105.00
1004.03 1105.00
1004.03 1105.00
1004.03 1105.00
1004.03 1105.00
1004.03 1105.00
1004.03 1105.00
1004.03 1105.00
1004.03 1105.00
1004.09 1110.00
1004.09 1110.00
1004.37 1111.00
1004.37 1111.00
1004.55 1112.00
1004.55 1112.00
1004.37 1111.00
1004.37 1111.00
1004.37 1111.00
1004.21 1111.00
1004.21 1111.00
1004.11 1116.00
1004.05 1116.00
1004.00 1117.00
1004.00 1117.00
1004.00 1117.00
1004.05 1116.00
1004.11 1116.00
1004.11 1116.00
1004.11 1116.00
1004.11 1116.00
1004.11 1116.00
1004.11 1116.00
1004.11 1116.00
1004.05 1116.00
1004.05 1116.00
1004.00 1117.00
1004.00 1117.00
1003.84 1118.00
1003.84 1118.00
1003.33 1119.00
1003.33 1119.00
1003.08 1120.00
1003.08 1120.00
1002.97 1121.00
1002.97 1121.00
1002.80 1122.00
1002.80 1122.00
1002.44 1123.00
1002.44 1123.00
1002.13 1124.00
1002.13 1124.00
1002.02 1125.00
1002.02 1125.00
1002.00 1132.00
1002.00 1132.00
1002.01 1133.00
1002.01 1133.00
1002.01 1134.00
1002.01 1134.00
1002.01 1135.00
1002.01 1135.00
1002.01 1136.00
1002.01 1136.00
1002.01 1136.00
1002.01 1136.00
1002.01 1136.00
1002.01 1136.00
1002.01 1136.00
1002.01 1136.00
1002.01 1136.00
1002.01 1136.00
1002.01 1136.00
1002.01 1136.00
1002.01 1136.00
1002.01 1137.00
1002.01 1137.00
1002.01 1138.00
1002.01 1138.00
1002.00 1139.00
1002.00 1139.00
1002.00 1140.00
1002.00 1140.00
1002.00 1141.00
1002.00 1141.00
1001.99 1148.00
1002.00 1149.00
1002.00 1149.00
1001.99 1146.00
1001.99 1146.00
1001.99 1146.00
1001.99 1146.00
1001.99 1146.00
1001.99 1146.00
1001.99 1147.00
1001.99 1147.00
1001.89 1154.00
1001.89 1154.00
1001.60 1155.00
1001.60 1155.00
1001.42 1156.00
1001.60 1155.00
1001.60 1155.00
1001.76 1155.00
1001.89 1154.00
1002.02 1153.00
1002.04 1152.00
1002.04 1153.00
1002.04 1153.00
1001.97 1154.00
1001.97 1154.00
1001.76 1155.00
1001.76 1155.00
1001.42 1156.00
1001.42 1156.00
1001.42 1156.00
1001.13 1157.00
1001.13 1157.00
1001.01 1160.00
1001.01 1160.00
1001.01 1160.00
1001.01 1160.00
1001.01 1160.00
1001.01 1160.00
1001.01 1167.00
1001.01 1167.00
1001.01 1167.00
1001.01 1167.00
1001.01 1167.00
1001.01 1167.00
1001.01 1167.00
1001.01 1167.00
1001.10 1171.00
1001.10 1171.00
1001.39 1172.00
1001.39 1172.00
1001.70 1173.00
1001.70 1173.00
1001.75 1174.00
1001.75 1174.00
1001.75 1174.00
1001.75 1174.00
1001.82 1176.00
1001.82 1176.00
1001.98 1177.00
1001.92 1177.00
1001.82 1176.00
1001.75 1174.00
1001.70 1173.00
1001.68 1176.00
1001.59 1174.00
1001.50 1175.00
1001.48 1175.00
1001.55 1176.00
1001.55 1176.00
1001.88 1183.00
1001.88 1183.00
1001.55 1184.00
1001.55 1184.00
1001.21 1185.00
1001.21 1185.00
1001.37 1185.00
1001.37 1185.00
1001.37 1185.00
1001.37 1185.00
1001.37 1185.00
1001.21 1185.00
1001.21 1185.00
1001.10 1186.00
1001.10 1186.00
1001.01 1189.00
1000.99 1191.00
1000.99 1191.00
1000.99 1191.00
1000.99 1191.00
1000.99 1191.00
1000.99 1191.00
1000.90 1194.00
1000.90 1194.00
1000.60 1195.00
1000.77 1195.00
1000.77 1195.00
1000.77 1195.00
1000.77 1195.00
1000.77 1195.00
1000.77 1195.00
1000.77 1195.00
1000.77 1195.00
1000.77 1195.00
1000.77 1195.00
1000.77 1195.00
1000.77 1195.00
1000.77 1195.00
1000.41 1196.00
1000.41 1196.00
1000.11 1197.00
1000.11 1197.00
1000.01 1198.00
1000.01 1198.00
1000.00 1201.00
1000.00 1201.00
1000.00 1201.00
1000.00 1201.00
1000.00 1201.00
1000.00 1201.00
1000.00 1202.00
1000.00 1202.00
1000.00 1203.00
1000.00 1203.00
1000.00 1204.00
1000.00 1204.00
1000.00 1205.00
1000.00 1205.00
1000.00 1206.00
1000.00 1206.00
1000.00 1213.00
1000.00 1213.00
1000.00 1214.00
1000.00 1214.00
1000.00 1215.00
1000.00 1215.00
1000.00 1215.00
1000.00 1216.00
1000.01 1217.00
1000.01 1217.00
1000.01 1218.00
1000.01 1218.00
1000.01 1219.00
1000.01 1219.00
1000.01 1220.00
1000.01 1220.00
1000.01 1221.00
1000.01 1221.00
1000.01 1221.00
1000.01 1221.00
1000.01 1221.00
1000.01 1221.00
1000.01 1221.00
1000.01 1221.00
1000.01 1221.00
1000.01 1221.00
1000.01 1221.00
1000.01 1221.00
1000.01 1221.00
1000.01 1221.00
1000.01 1221.00
1000.01 1222.00
1000.01 1222.00
1000.01 1223.00
1000.01 1223.00
1000.00 1224.00
1000.00 1224.00
1000.00 1225.00
999.98 1228.00
999.98 1229.00
999.98 1229.00
999.98 1229.00
999.98 1229.00
999.98 1229.00
999.98 1229.00
999.98 1229.00
999.94 1236.00
999.94 1236.00
999.49 1237.00
999.49 1237.00
999.17 1238.00
999.17 1238.00
999.07 1239.00
999.02 1239.00
999.00 1240.00
999.00 1240.00
999.00 1241.00
998.99 1242.00
998.99 1242.00
998.99 1243.00
998.99 1243.00
998.99 1243.00
998.99 1243.00
998.99 1243.00
998.99 1243.00
998.99 1243.00
998.99 1243.00
998.99 1243.00
998.99 1243.00
998.99 1243.00
998.99 1243.00
998.99 1243.00
998.99 1243.00
998.99 1244.00
998.99 1244.00
999.00 1245.00
999.00 1245.00
999.00 1252.00
999.00 1252.00
998.99 1253.00
998.99 1253.00
998.99 1254.00
998.99 1254.00
998.98 1255.00
998.98 1255.00
998.98 1256.00
998.98 1256.00
998.98 1256.00
998.98 1256.00
998.98 1256.00
998.98 1256.00
998.98 1256.00
998.98 1256.00
998.98 1256.00
998.98 1256.00
998.98 1256.00
998.98 1256.00
998.98 1256.00
998.98 1256.00
998.98 1257.00
998.98 1257.00
998.85 1264.00
998.85 1264.00
998.85 1264.00
998.53 1265.00
998.21 1266.00
998.21 1266.00
998.03 1267.00
998.03 1267.00
998.00 1268.00
998.00 1268.00
998.00 1268.00
998.00 1268.00
998.01 1268.00
998.10 1267.00
998.21 1266.00
998.21 1266.00
998.36 1266.00
998.36 1266.00
998.36 1266.00
998.10 1267.00
998.10 1267.00
998.01 1268.00
998.01 1268.00
998.00 1270.00
998.00 1270.00
998.00 1270.00
998.00 1270.00
998.00 1270.00
998.00 1271.00
998.00 1271.00
998.00 1277.00
998.00 1277.00
998.00 1277.00
998.00 1277.00
998.00 1277.00
998.00 1277.00
998.00 1277.00
998.00 1277.00
998.00 1277.00
998.00 1277.00
998.00 1277.00
998.00 1277.00
998.00 1278.00
998.00 1278.00
997.95 1279.00
997.95 1279.00
997.76 1280.00
997.76 1280.00
997.41 1281.00
997.41 1281.00
997.10 1282.00
997.10 1282.00
997.03 1285.00
997.03 1285.00
997.03 1285.00
997.03 1285.00
997.03 1285.00
997.03 1285.00
997.02 1286.00
997.02 1286.00
997.01 1293.00
997.01 1293.00
997.01 1294.00
997.01 1294.00
997.01 1294.00
997.01 1294.00
997.01 1294.00
997.01 1294.00
997.01 1294.00
997.01 1294.00
997.01 1294.00
997.01 1294.00
997.01 1294.00
997.01 1294.00
997.01 1294.00
997.01 1295.00
997.01 1295.00
997.01 1296.00
997.01 1296.00
997.00 1297.00
997.00 1297.00
997.00 1298.00
997.00 1298.00
997.00 1299.00
997.00 1299.00
997.00 1302.00
997.00 1302.00
997.00 1302.00
997.00 1302.00
997.00 1302.00
997.00 1302.00
997.00 1303.00
997.00 1303.00
997.00 1304.00
997.00 1304.00
997.00 1305.00
997.00 1305.00
997.00 1306.00
997.00 1306.00
997.00 1307.00
997.00 1307.00
997.00 1308.00
997.00 1308.00
997.00 1315.00
997.00 1315.00
997.00 1316.00
997.00 1316.00
996.99 1317.00
996.99 1317.00
996.99 1318.00
996.99 1318.00
996.99 1318.00
996.99 1318.00
996.99 1318.00
996.99 1318.00
996.99 1318.00
996.99 1318.00
996.92 1322.00
996.92 1322.00
996.65 1323.00
996.65 1323.00
996.47 1324.00
996.47 1324.00
996.47 1324.00
996.47 1324.00
996.47 1324.00
996.47 1324.00
996.47 1324.00
996.29 1324.00
996.29 1324.00
996.29 1324.00
996.14 1324.00
996.14 1324.00
996.06 1325.00
996.00 1330.00
996.00 1331.00
996.00 1331.00
996.00 1332.00
996.00 1332.00
996.00 1332.00
996.00 1332.00
996.00 1332.00
996.00 1332.00
996.00 1332.00
996.00 1332.00
996.00 1332.00
996.00 1332.00
996.00 1332.00
996.00 1332.00
996.00 1332.00
996.00 1332.00
996.00 1333.00
996.00 1333.00
996.00 1334.00
996.00 1334.00
996.00 1335.00
996.00 1335.00
996.00 1342.00
996.00 1342.00
996.00 1343.00
996.00 1343.00
996.00 1344.00
996.00 1344.00
996.00 1344.00
996.00 1344.00
995.99 1346.00
995.99 1346.00
995.99 1346.00
995.87 1347.00
995.87 1347.00
995.87 1347.00
995.74 1348.00
995.74 1348.00
995.74 1348.00
995.74 1348.00
995.82 1350.00
995.87 1347.00
995.87 1347.00
995.94 1351.00
995.87 1347.00
995.87 1347.00
995.82 1350.00
995.82 1350.00
995.82 1350.00
995.82 1350.00
995.82 1350.00
995.94 1351.00
995.94 1351.00
995.97 1354.00
995.97 1354.00
995.97 1354.00
995.97 1354.00
995.97 1354.00
995.97 1354.00
995.97 1354.00
995.97 1354.00
995.98 1355.00
995.98 1355.00
995.97 1362.00
995.97 1362.00
995.96 1363.00
995.96 1363.00
995.96 1363.00
995.96 1363.00
995.96 1363.00
995.96 1363.00
995.96 1363.00
995.96 1363.00
995.96 1363.00
995.96 1363.00
995.96 1363.00
995.96 1363.00
995.96 1363.00
996.00 1364.00
996.00 1364.00
996.19 1365.00
996.19 1365.00
996.71 1366.00
996.71 1366.00
996.06 1384.00
996.06 1384.00
995.23 1385.00
995.23 1385.00
994.29 1386.00
994.29 1386.00
994.01 1387.00
994.01 1387.00
993.98 1388.00
993.98 1388.00
993.98 1388.00
993.98 1388.00
994.01 1387.00
994.11 1387.00
994.29 1386.00
994.56 1386.00
994.56 1386.00
994.89 1386.00
994.89 1386.00
994.89 1386.00
994.89 1386.00
994.11 1387.00
994.11 1387.00
994.11 1387.00
994.02 1390.00
994.02 1390.00
994.02 1390.00
994.02 1390.00
994.02 1390.00
994.02 1390.00
994.02 1391.00
994.02 1391.00
994.02 1392.00
994.02 1392.00
994.01 1393.00
994.01 1393.00
994.01 1394.00
994.01 1394.00
994.00 1395.00
994.00 1395.00
994.00 1396.00
994.00 1397.00
994.00 1397.00
993.99 1404.00
993.99 1404.00
994.00 1405.00
994.00 1405.00
994.00 1406.00
994.00 1406.00
994.00 1407.00
994.00 1407.00
994.00 1408.00
994.00 1408.00
994.00 1409.00
994.00 1409.00
994.00 1410.00
994.00 1410.00
994.00 1411.00
994.00 1411.00
994.00 1409.00
994.00 1407.00
994.00 1407.00
994.00 1408.00
994.00 1408.00
994.00 1409.00
994.00 1409.00
994.00 1410.00
994.00 1410.00
994.00 1411.00
994.00 1411.00
994.01 1412.00
994.01 1412.00
994.01 1419.00
994.01 1419.00
994.00 1420.00
994.00 1420.00
994.00 1421.00
994.00 1421.00
994.00 1422.00
993.99 1423.00
993.99 1423.00
993.99 1424.00
993.99 1424.00
993.98 1425.00
993.98 1425.00
993.98 1426.00
993.98 1426.00
993.98 1426.00
993.98 1426.00
993.98 1426.00
993.98 1426.00
993.98 1426.00
993.98 1426.00
993.98 1426.00
993.98 1426.00
993.98 1426.00
993.98 1426.00
993.98 1426.00
993.98 1427.00
993.98 1427.00
994.04 1428.00
994.04 1428.00
994.23 1429.00
994.23 1429.00
994.23 1429.00
994.66 1430.00
994.66 1430.00
994.99 1437.00
994.99 1437.00
994.99 1437.00
994.99 1437.00
994.99 1437.00
994.99 1437.00
994.99 1437.00
994.99 1437.00
994.99 1437.00
994.99 1437.00
994.99 1437.00
994.99 1437.00
994.99 1437.00
994.99 1437.00
994.99 1437.00
994.99 1437.00
994.99 1444.00
994.99 1444.00
994.99 1444.00
994.99 1444.00
994.99 1444.00
994.99 1444.00
994.99 1444.00
994.99 1444.00
994.99 1444.00
994.99 1444.00
994.99 1444.00
994.99 1444.00
994.99 1444.00
994.99 1444.00
994.99 1445.00
994.92 1452.00
994.92 1452.00
994.68 1453.00
994.68 1453.00
994.16 1454.00
994.16 1454.00
993.99 1455.00
993.99 1455.00
993.97 1456.00
993.97 1456.00
993.97 1456.00
993.97 1456.00
993.97 1456.00
993.97 1456.00
993.97 1456.00
993.97 1456.00
993.97 1456.00
993.97 1456.00
993.97 1456.00
993.97 1456.00
993.97 1456.00
993.97 1456.00
993.97 1456.00
993.99 1463.00
993.99 1463.00
993.99 1463.00
993.99 1463.00
993.99 1463.00
993.99 1463.00
993.99 1463.00
993.99 1463.00
993.99 1463.00
993.99 1463.00
993.99 1463.00
993.99 1463.00
993.99 1463.00
993.99 1463.00
993.99 1463.00
993.99 1464.00
993.99 1464.00
993.99 1465.00
993.99 1465.00
993.99 1466.00
993.99 1466.00
993.99 1467.00
993.99 1467.00
994.00 1468.00
994.00 1468.00
994.00 1469.00
994.00 1469.00
994.00 1470.00
994.00 1470.00
994.00 1471.00
994.00 1471.00
994.00 1472.00
994.00 1472.00
994.01 1473.00
994.01 1473.00
994.01 1480.00
994.01 1480.00
994.00 1481.00
994.00 1481.00
994.00 1482.00
994.00 1482.00
994.00 1483.00
994.00 1483.00
994.00 1484.00
994.00 1484.00
994.00 1485.00
994.00 1485.00
993.99 1486.00
993.99 1486.00
993.99 1487.00
993.99 1487.00
993.99 1488.00
993.99 1488.00
993.99 1489.00
993.99 1489.00
993.99 1490.00
993.99 1490.00
993.99 1490.00
993.99 1490.00
993.99 1490.00
993.99 1490.00
993.99 1490.00
993.99 1490.00
993.99 1490.00
993.99 1490.00
993.99 1490.00
993.99 1490.00
993.99 1490.00
993.99 1490.00
993.99 1491.00
993.99 1491.00
993.99 1492.00
993.99 1492.00
993.99 1493.00
993.99 1493.00
993.99 1493.00
993.99 1494.00
993.99 1494.00
993.91 1501.00
993.47 1502.00
993.47 1502.00
993.16 1503.00
993.16 1503.00
993.01 1504.00
993.01 1504.00
993.01 1504.00
992.99 1505.00
992.99 1505.00
992.99 1505.00
992.99 1505.00
992.99 1505.00
992.99 1505.00
992.99 1505.00
992.99 1505.00
992.99 1505.00
992.99 1505.00
992.99 1505.00
992.99 1505.00
992.99 1505.00
992.99 1505.00
992.99 1512.00
992.99 1512.00
992.99 1512.00
992.99 1512.00
992.99 1512.00
992.99 1512.00
992.99 1512.00
992.99 1512.00
992.99 1512.00
992.99 1512.00
992.99 1512.00
992.99 1512.00
992.99 1512.00
992.99 1512.00
992.99 1512.00
992.99 1513.00
992.99 1513.00
993.00 1514.00
993.00 1514.00
993.00 1521.00
993.00 1521.00
993.00 1521.00
993.00 1517.00
993.00 1517.00
993.00 1517.00
992.99 1524.00
992.99 1524.00
992.89 1525.00
992.89 1525.00
992.78 1526.00
992.78 1526.00
992.62 1526.00
992.62 1526.00
992.62 1526.00
992.62 1526.00
992.62 1526.00
992.62 1526.00
992.62 1526.00
992.78 1526.00
992.78 1526.00
992.78 1526.00
992.62 1526.00
992.62 1526.00
992.43 1527.00
992.43 1527.00
992.35 1534.00
992.35 1534.00
992.68 1535.00
992.75 1535.00
992.75 1535.00
992.75 1535.00
992.75 1535.00
992.72 1536.00
992.68 1535.00
992.59 1536.00
992.53 1535.00
992.53 1535.00
992.53 1535.00
992.59 1536.00
992.59 1536.00
992.68 1535.00
992.72 1536.00
992.72 1536.00
992.72 1536.00
992.68 1543.00
992.68 1543.00
992.68 1543.00
992.83 1543.00
992.83 1543.00
992.83 1543.00
992.90 1546.00
992.90 1546.00
992.83 1543.00
992.78 1547.00
992.68 1543.00
992.68 1543.00
992.61 1547.00
992.61 1547.00
992.61 1547.00
992.45 1549.00
992.61 1547.00
992.61 1547.00
992.63 1550.00
992.63 1550.00
992.63 1550.00
992.63 1550.00
992.63 1550.00
992.63 1550.00
992.45 1549.00
992.45 1549.00
992.63 1550.00
992.63 1550.00
992.92 1551.00
992.92 1551.00
992.99 1555.00
992.99 1555.00
992.99 1555.00
992.99 1555.00
992.99 1555.00
992.99 1555.00
992.99 1555.00
992.99 1555.00
992.99 1556.00
992.99 1556.00
992.99 1557.00
992.99 1557.00
993.00 1558.00
993.00 1558.00
993.00 1559.00
993.00 1559.00
993.00 1560.00
993.00 1560.00
993.00 1561.00
993.00 1561.00
993.00 1562.00
993.00 1562.00
993.00 1563.00
993.00 1563.00
993.00 1564.00
993.00 1564.00
993.00 1565.00
993.00 1565.00
993.00 1566.00
993.00 1566.00
993.00 1573.00
993.00 1573.00
993.00 1574.00
993.00 1574.00
993.00 1575.00
993.00 1575.00
993.00 1576.00
993.00 1576.00
993.00 1577.00
993.00 1577.00
993.00 1578.00
993.00 1578.00
993.00 1579.00
993.00 1579.00
993.00 1580.00
993.00 1580.00
993.00 1581.00
993.00 1581.00
993.00 1582.00
993.00 1582.00
993.00 1583.00
993.00 1583.00
993.00 1584.00
993.00 1584.00
993.00 1585.00
993.00 1585.00
993.00 1586.00
993.00 1586.00
993.00 1587.00
993.00 1587.00
993.00 1588.00
993.00 1588.00
993.00 1589.00
993.00 1589.00
993.00 1590.00
993.00 1590.00
993.00 1591.00
993.00 1591.00
993.00 1592.00
993.00 1592.00
993.00 1592.00
993.00 1593.00
993.00 1593.00
993.00 1594.00
993.00 1594.00
993.00 1595.00
993.00 1595.00
993.00 1596.00
993.00 1596.00
993.00 1597.00
993.00 1597.00
993.00 1597.00
993.00 1597.00
993.00 1597.00
993.00 1597.00
993.00 1597.00
993.00 1597.00
993.00 1597.00
993.00 1597.00
993.00 1597.00
993.00 1597.00
993.00 1597.00
993.00 1597.00
993.00 1597.00
993.00 1598.00
993.00 1598.00
993.00 1599.00
993.00 1599.00
993.00 1600.00
993.00 1600.00
993.00 1601.00
993.00 1601.00
993.00 1602.00
993.00 1602.00
993.00 1603.00
993.00 1603.00
993.00 1604.00
993.00 1605.00
993.00 1605.00
993.00 1606.00
993.00 1606.00
993.00 1607.00
993.00 1607.00
993.00 1607.00
993.00 1608.00
993.00 1608.00
993.00 1609.00
993.00 1609.00
993.00 1610.00
993.00 1610.00
993.00 1611.00
993.00 1611.00
993.00 1612.00
993.00 1613.00
993.00 1613.00
993.00 1614.00
993.00 1614.00
993.00 1614.00
993.00 1615.00
993.00 1615.00
993.00 1616.00
993.00 1616.00
993.01 1617.00
993.01 1617.00
993.00 1624.00
993.00 1624.00
993.00 1625.00
993.00 1625.00
993.00 1626.00
993.00 1626.00
993.00 1627.00
993.00 1627.00
993.00 1628.00
993.00 1628.00
993.00 1629.00
993.00 1629.00
992.99 1630.00
992.99 1630.00
992.99 1631.00
992.99 1631.00
992.99 1632.00
992.99 1632.00
992.99 1633.00
992.99 1633.00
992.99 1634.00
992.99 1634.00
992.99 1635.00
992.99 1635.00
992.99 1635.00
992.99 1635.00
992.99 1635.00
992.99 1635.00
992.99 1635.00
992.99 1635.00
992.99 1635.00
992.99 1635.00
992.99 1635.00
992.99 1635.00
992.99 1635.00
992.99 1635.00
992.99 1636.00
992.99 1636.00
992.99 1636.00
992.99 1637.00
992.99 1637.00
992.99 1638.00
992.99 1638.00
992.99 1639.00
992.99 1639.00
992.99 1640.00
992.99 1640.00
992.88 1647.00
992.88 1647.00
992.60 1648.00
992.60 1648.00
992.26 1649.00
992.26 1649.00
992.00 1650.00
992.00 1650.00
991.99 1651.00
991.99 1651.00
991.99 1651.00
991.99 1651.00
991.99 1651.00
991.99 1651.00
991.99 1651.00
991.99 1651.00
991.99 1651.00
991.99 1651.00
991.99 1651.00
991.99 1651.00
991.99 1651.00
992.01 1654.00
992.01 1654.00
992.01 1654.00
992.01 1654.00
992.01 1654.00
992.01 1654.00
992.01 1654.00
992.01 1654.00
992.01 1655.00
992.01 1655.00
992.01 1662.00
992.01 1662.00
992.01 1663.00
992.01 1663.00
992.01 1663.00
992.01 1663.00
992.01 1663.00
992.01 1663.00
992.01 1663.00
992.01 1663.00
992.01 1663.00
992.01 1663.00
992.01 1663.00
992.01 1663.00
991.99 1669.00
991.99 1669.00
991.99 1670.00
992.01 1664.00
992.01 1665.00
992.01 1665.00
992.01 1665.00
992.00 1672.00
992.00 1672.00
992.02 1673.00
992.02 1673.00
992.02 1674.00
992.02 1674.00
992.02 1674.00
992.02 1674.00
992.02 1674.00
992.02 1674.00
992.07 1677.00
992.07 1677.00
992.35 1678.00
992.35 1678.00
992.54 1679.00
992.72 1679.00
992.72 1679.00
992.72 1679.00
992.72 1679.00
992.72 1679.00
992.72 1679.00
992.72 1679.00
992.72 1679.00
992.72 1679.00
992.72 1679.00
992.72 1679.00
992.72 1679.00
992.72 1679.00
992.54 1679.00
992.54 1679.00
992.94 1680.00
992.94 1680.00
992.99 1681.00
992.99 1681.00
993.00 1682.00
993.00 1682.00
993.00 1683.00
993.00 1683.00
993.00 1690.00
993.00 1690.00
993.00 1690.00
993.00 1691.00
993.00 1691.00
992.99 1692.00
992.99 1692.00
992.99 1693.00
992.99 1693.00
992.99 1694.00
992.99 1694.00
992.99 1695.00
992.99 1695.00
992.99 1695.00
992.99 1695.00
992.99 1695.00
992.99 1695.00
992.99 1695.00
992.99 1695.00
992.99 1695.00
992.99 1695.00
992.99 1695.00
992.99 1695.00
992.99 1695.00
992.99 1695.00
992.99 1696.00
992.99 1696.00
992.99 1697.00
992.99 1697.00
993.00 1698.00
993.00 1698.00
992.98 1705.00
992.98 1705.00
992.97 1706.00
992.97 1706.00
992.97 1706.00
992.97 1706.00
992.97 1706.00
992.97 1706.00
992.97 1706.00
992.97 1706.00
992.97 1706.00
992.97 1706.00
992.97 1706.00
992.97 1706.00
992.97 1706.00
992.97 1706.00
992.98 1712.00
992.98 1712.00
992.98 1712.00
992.98 1712.00
992.98 1712.00
992.98 1712.00
992.98 1712.00
992.98 1712.00
992.98 1712.00
992.98 1712.00
992.98 1712.00
992.94 1718.00
992.94 1718.00
992.56 1719.00
992.56 1719.00
992.48 1720.00
992.48 1720.00
992.48 1720.00
992.48 1720.00
992.48 1720.00
992.48 1720.00
992.48 1720.00
992.30 1723.00
992.30 1723.00
992.26 1724.00
992.26 1724.00
992.26 1724.00
992.26 1724.00
992.31 1724.00
992.42 1724.00
992.48 1726.00
992.53 1725.00
992.58 1722.00
992.58 1722.00
992.58 1722.00
992.53 1725.00
992.51 1726.00
992.48 1726.00
992.48 1726.00
992.51 1726.00
992.53 1725.00
992.61 1727.00
992.74 1727.00
992.87 1728.00
992.87 1728.00
992.99 1728.00
992.99 1728.00
992.99 1728.00
993.27 1729.00
993.27 1729.00
993.63 1730.00
993.63 1730.00
993.89 1731.00
993.89 1731.00
993.99 1736.00
993.99 1736.00
993.99 1736.00
993.99 1736.00
993.99 1736.00
993.99 1736.00
993.99 1736.00
993.99 1736.00
993.99 1736.00
993.99 1736.00
993.99 1737.00
993.99 1737.00
994.00 1738.00
994.00 1738.00
994.00 1739.00
994.00 1739.00
994.00 1740.00
994.00 1740.00
994.00 1741.00
994.00 1741.00
994.00 1741.00
994.00 1742.00
994.00 1742.00
994.00 1743.00
994.00 1743.00
994.00 1750.00
994.00 1751.00
994.00 1751.00
994.00 1752.00
994.00 1752.00
994.00 1753.00
994.00 1753.00
994.00 1754.00
994.00 1754.00
994.00 1755.00
994.00 1755.00
994.00 1756.00
994.00 1756.00
994.00 1757.00
994.00 1757.00
994.00 1758.00
994.00 1758.00
994.00 1759.00
994.00 1759.00
994.00 1759.00
994.00 1759.00
994.00 1759.00
994.00 1759.00
994.00 1759.00
994.00 1759.00
994.00 1759.00
994.00 1759.00
994.00 1759.00
994.00 1759.00
994.00 1759.00
994.00 1759.00
994.00 1760.00
994.00 1760.00
994.00 1761.00
994.00 1761.00
994.00 1762.00
994.00 1763.00
994.00 1763.00
994.00 1764.00
994.00 1764.00
994.00 1764.00
994.00 1765.00
994.00 1765.00
994.00 1766.00
994.00 1766.00
994.00 1767.00
994.00 1767.00
994.00 1768.00
994.00 1768.00
994.00 1769.00
994.00 1769.00
994.00 1776.00
994.00 1776.00
994.00 1777.00
994.00 1777.00
994.00 1777.00
994.00 1777.00
994.00 1777.00
994.00 1777.00
994.00 1777.00
994.00 1777.00
994.00 1777.00
994.00 1777.00
994.00 1777.00
994.00 1777.00
994.00 1777.00
994.00 1777.00
994.00 1778.00
994.00 1778.00
994.00 1778.00
994.05 1779.00
994.05 1779.00
994.23 1780.00
994.23 1780.00
994.58 1781.00
994.58 1781.00
994.89 1782.00
994.89 1782.00
994.98 1788.00
994.98 1788.00
994.98 1788.00
994.98 1788.00
994.98 1788.00
994.98 1788.00
994.98 1788.00
994.98 1788.00
994.98 1788.00
994.98 1788.00
994.98 1788.00
994.98 1788.00
994.98 1788.00
994.98 1789.00
994.99 1790.00
994.99 1790.00
995.00 1791.00
995.00 1791.00
995.00 1791.00
995.00 1798.00
995.00 1798.00
995.00 1799.00
995.00 1799.00
995.00 1800.00
995.00 1800.00
994.99 1801.00
994.99 1801.00
994.99 1802.00
994.99 1802.00
994.99 1802.00
994.99 1802.00
994.99 1802.00
994.99 1802.00
994.99 1802.00
994.99 1802.00
994.99 1802.00
994.99 1802.00
994.99 1802.00
994.99 1802.00
994.99 1802.00
994.99 1802.00
994.99 1803.00
994.99 1803.00
994.99 1804.00
994.99 1804.00
995.00 1805.00
995.00 1805.00
995.00 1812.00
995.00 1812.00
994.99 1813.00
994.99 1813.00
994.99 1813.00
994.99 1813.00
994.99 1813.00
994.99 1813.00
994.99 1813.00
994.99 1813.00
994.99 1813.00
994.99 1813.00
994.99 1813.00
994.99 1813.00
994.99 1813.00
994.99 1813.00
994.99 1813.00
995.00 1814.00
995.00 1814.00
995.01 1815.00
995.01 1815.00
995.26 1816.00
995.26 1816.00
995.60 1817.00
995.60 1817.00
995.90 1818.00
995.90 1818.00
995.90 1818.00
995.98 1824.00
995.98 1824.00
995.98 1824.00
995.98 1824.00
995.98 1824.00
995.98 1824.00
995.98 1824.00
995.98 1824.00
995.98 1824.00
995.98 1824.00
995.98 1824.00
995.98 1824.00
995.98 1825.00
995.98 1825.00
995.99 1826.00
995.99 1826.00
995.99 1827.00
995.99 1827.00
996.00 1828.00
996.00 1828.00
996.00 1835.00
996.00 1835.00
996.00 1836.00
996.00 1836.00
996.00 1837.00
996.00 1837.00
996.00 1837.00
995.99 1838.00
995.99 1838.00
995.99 1839.00
995.99 1839.00
995.99 1840.00
995.99 1840.00
995.99 1841.00
995.99 1841.00
995.99 1841.00
995.99 1841.00
995.99 1841.00
995.99 1841.00
995.99 1841.00
995.99 1841.00
995.99 1841.00
995.99 1841.00
995.99 1841.00
995.99 1841.00
995.99 1841.00
995.99 1841.00
995.99 1842.00
995.99 1842.00
995.99 1843.00
995.99 1843.00
995.98 1850.00
995.98 1850.00
995.98 1850.00
995.98 1850.00
995.98 1850.00
995.98 1850.00
995.98 1850.00
995.98 1850.00
995.98 1850.00
995.98 1850.00
995.98 1850.00
995.98 1850.00
995.98 1850.00
995.98 1850.00
995.98 1850.00
995.99 1851.00
995.99 1851.00
996.16 1852.00
996.16 1852.00
996.68 1853.00
996.68 1853.00
997.00 1862.00
996.99 1863.00
996.99 1863.00
996.99 1864.00
996.99 1865.00
996.99 1865.00
996.99 1865.00
996.99 1865.00
996.99 1865.00
996.99 1865.00
996.99 1865.00
996.99 1865.00
996.99 1865.00
996.99 1866.00
996.99 1866.00
997.00 1867.00
997.00 1867.00
997.00 1868.00
997.00 1868.00
997.00 1875.00
997.00 1875.00
996.99 1876.00
996.99 1876.00
996.98 1877.00
996.98 1877.00
996.98 1878.00
996.98 1878.00
996.98 1878.00
996.98 1878.00
996.98 1878.00
996.98 1878.00
996.98 1878.00
996.98 1878.00
996.98 1878.00
996.98 1878.00
996.98 1878.00
996.98 1878.00
996.98 1878.00
996.94 1884.00
996.94 1884.00
996.94 1884.00
996.49 1885.00
996.49 1885.00
996.25 1886.00
996.25 1886.00
996.25 1886.00
996.25 1886.00
996.25 1886.00
996.25 1886.00
996.25 1886.00
996.25 1886.00
996.25 1886.00
996.25 1886.00
996.25 1886.00
996.25 1886.00
996.25 1886.00
996.26 1887.00
996.37 1887.00
996.37 1887.00
996.53 1888.00
996.53 1888.00
996.71 1888.00
996.71 1888.00
996.95 1889.00
996.95 1889.00
997.04 1890.00
997.04 1890.00
997.24 1891.00
997.24 1891.00
997.59 1892.00
997.59 1892.00
997.90 1893.00
997.90 1893.00
997.97 1896.00
997.97 1896.00
997.97 1896.00
997.97 1896.00
997.97 1896.00
997.98 1897.00
997.98 1897.00
997.99 1904.00
997.99 1904.00
997.99 1904.00
997.99 1904.00
997.99 1904.00
997.99 1904.00
997.99 1904.00
997.99 1904.00
997.99 1904.00
997.99 1904.00
997.99 1904.00
997.99 1904.00
997.99 1904.00
998.01 1929.00
998.01 1929.00
998.13 2000.00
998.13 2000.00
998.01 2001.00
998.01 2001.00
998.00 2002.00
1259.51 151.00
1259.41 152.00
1259.41 152.00
1258.52 162.00
1258.52 162.00
1258.52 162.00
1258.52 162.00
1258.52 162.00
1258.52 162.00
1258.52 162.00
1258.52 162.00
1258.52 162.00
1258.52 162.00
1258.52 162.00
1258.52 162.00
1258.52 162.00
1258.52 162.00
1258.46 163.00
1258.46 163.00
1258.07 164.00
1258.07 164.00
1258.02 166.00
1258.02 166.00
1258.02 166.00
1258.02 166.00
1258.02 166.00
1258.00 167.00
1258.00 167.00
1258.00 169.00
1258.00 169.00
1258.00 169.00
1257.99 170.00
1257.99 170.00
1257.86 171.00
1257.86 171.00
1257.34 172.00
1257.34 172.00
1257.08 173.00
1257.08 173.00
1257.01 177.00
1257.01 177.00
1257.01 177.00
1257.01 177.00
1257.01 177.00
1257.01 177.00
1257.01 177.00
1256.95 181.00
1256.71 182.00
1256.52 182.00
1256.52 182.00
1256.33 183.00
1256.18 183.00
1256.08 184.00
1256.03 184.00
1255.99 187.00
1255.99 187.00
1255.99 187.00
1255.88 189.00
1255.88 189.00
1255.56 190.00
1255.56 190.00
1255.37 191.00
1255.20 191.00
1255.03 192.00
1255.03 192.00
1255.03 192.00
1255.00 193.00
1255.00 193.00
1254.99 194.00
1254.91 195.00
1254.91 195.00
1254.65 196.00
1254.65 196.00
1254.27 197.00
1254.27 197.00
1254.04 198.00
1254.04 198.00
1254.04 198.00
1254.00 199.00
1254.00 199.00
1253.95 200.00
1253.95 200.00
1253.51 201.00
1253.51 201.00
1253.17 202.00
1253.17 202.00
1253.02 203.00
1253.02 203.00
1252.91 204.00
1252.58 205.00
1252.58 205.00
1251.99 206.00
1251.99 206.00
1251.68 206.00
1251.68 206.00
1251.68 206.00
1251.68 206.00
1251.41 207.00
1251.41 207.00
1251.41 207.00
1251.21 207.00
1251.21 207.00
1251.21 207.00
1251.09 208.00
1251.02 208.00
1251.00 213.00
1251.00 213.00
1251.00 214.00
1251.00 214.00
1251.00 214.00
1251.00 214.00
1251.00 214.00
1251.00 214.00
1251.00 214.00
1251.00 214.00
1251.00 214.00
1251.00 214.00
1251.00 214.00
1251.00 214.00
1251.00 214.00
1251.00 215.00
1251.00 215.00
1251.00 216.00
1251.00 216.00
1251.00 223.00
1251.00 223.00
1251.00 224.00
1251.00 224.00
1251.00 225.00
1251.00 225.00
1251.00 226.00
1251.00 226.00
1251.00 226.00
1251.00 226.00
1251.00 226.00
1251.00 226.00
1251.00 226.00
1251.00 226.00
1251.00 226.00
1250.99 231.00
1250.99 231.00
1250.91 232.00
1250.91 232.00
1250.63 233.00
1250.63 233.00
1250.01 234.00
1250.01 234.00
1249.59 235.00
1249.59 235.00
1249.21 236.00
1249.21 236.00
1248.96 237.00
1248.96 237.00
1248.68 238.00
1248.68 238.00
1248.15 239.00
1248.15 239.00
1248.01 240.00
1248.01 240.00
1247.89 241.00
1247.89 241.00
1247.58 242.00
1247.58 242.00
1247.21 243.00
1247.21 243.00
1247.03 244.00
1247.03 244.00
1246.93 245.00
1246.93 245.00
1246.67 246.00
1246.67 246.00
1246.26 247.00
1246.26 247.00
1246.26 247.00
1246.26 247.00
1246.26 247.00
1246.26 247.00
1246.20 250.00
1246.02 251.00
1246.02 251.00
1245.92 252.00
1245.92 252.00
1245.64 253.00
1245.64 253.00
1245.27 254.00
1245.27 254.00
1245.00 255.00
1245.00 255.00
1244.87 256.00
1244.87 256.00
1244.55 257.00
1244.55 257.00
1244.20 258.00
1244.20 258.00
1244.09 259.00
1244.02 259.00
1243.98 260.00
1243.92 260.00
1243.81 261.00
1243.81 261.00
1243.66 261.00
1243.66 261.00
1243.46 262.00
1243.46 262.00
1243.46 262.00
1243.28 262.00
1243.28 262.00
1243.28 262.00
1243.13 263.00
1243.05 263.00
1242.99 267.00
1242.93 268.00
1242.93 268.00
1242.67 269.00
1242.67 269.00
1242.30 270.00
1242.30 270.00
1242.30 270.00
1242.30 270.00
1242.15 270.00
1242.15 270.00
1242.06 271.00
1242.00 272.00
1242.00 272.00
1242.00 272.00
1242.00 274.00
1242.00 274.00
1242.00 275.00
1242.00 275.00
1242.00 276.00
1242.00 276.00
1242.00 276.00
1242.00 276.00
1242.00 276.00
1242.00 276.00
1242.00 276.00
1242.00 276.00
1241.99 280.00
1241.99 280.00
1241.92 281.00
1241.92 281.00
1241.64 282.00
1241.64 282.00
1241.27 283.00
1241.27 283.00
1241.27 283.00
1241.01 284.00
1241.01 284.00
1241.00 285.00
1241.00 285.00
1241.00 286.00
1241.00 286.00
1240.94 287.00
1240.94 287.00
1240.51 288.00
1240.51 288.00
1240.17 289.00
1240.17 289.00
1240.03 290.00
1240.03 290.00
1240.00 291.00
1240.00 291.00
1240.00 292.00
1240.00 292.00
1240.00 292.00
1240.00 292.00
1240.00 294.00
1240.00 294.00
1239.98 295.00
1239.98 295.00
1239.86 296.00
1239.54 297.00
1239.54 297.00
1239.19 298.00
1239.19 298.00
1239.03 299.00
1239.03 299.00
1239.00 300.00
1239.00 300.00
1238.99 301.00
1238.99 301.00
1238.90 302.00
1238.90 302.00
1238.61 303.00
1238.61 303.00
1238.24 304.00
1238.24 304.00
1238.04 305.00
1238.04 305.00
1238.00 306.00
1238.00 306.00
1238.00 306.00
1238.00 306.00
1238.00 306.00
1238.00 306.00
1238.00 306.00
1238.00 306.00
1238.00 306.00
1237.99 311.00
1237.99 311.00
1237.99 312.00
1237.99 312.00
1237.99 312.00
1237.99 312.00
1237.99 312.00
1237.99 312.00
1237.99 312.00
1237.99 312.00
1237.99 312.00
1237.53 319.00
1237.18 320.00
1237.18 320.00
1236.94 321.00
1236.64 322.00
1236.64 322.00
1236.01 323.00
1236.01 323.00
1235.59 324.00
1235.59 324.00
1235.22 325.00
1235.22 325.00
1235.22 325.00
1235.03 326.00
1235.03 326.00
1234.93 327.00
1234.93 327.00
1234.67 328.00
1234.67 328.00
1234.14 329.00
1234.14 329.00
1233.91 330.00
1233.91 330.00
1233.76 331.00
1233.76 331.00
1233.59 331.00
1233.59 331.00
1233.59 331.00
1233.39 332.00
1233.39 332.00
1233.39 332.00
1233.22 332.00
1233.22 332.00
1233.11 333.00
1233.04 333.00
1232.98 336.00
1232.92 336.00
1232.81 337.00
1232.81 337.00
1232.64 337.00
1232.64 337.00
1232.64 337.00
1232.45 338.00
1232.45 338.00
1232.27 338.00
1232.27 338.00
1232.27 338.00
1232.13 338.00
1232.05 339.00
1232.02 339.00
1231.93 344.00
1231.84 345.00
1231.84 345.00
1231.69 345.00
1231.69 345.00
1231.69 345.00
1231.50 346.00
1231.50 346.00
1231.31 346.00
1231.31 346.00
1231.31 346.00
1231.15 346.00
1231.15 346.00
1231.03 347.00
1231.03 347.00
1230.92 347.00
1230.79 348.00
1230.79 348.00
1230.79 348.00
1230.42 349.00
1230.11 350.00
1230.11 350.00
1230.02 353.00
1230.02 353.00
1230.02 353.00
1230.02 353.00
1230.02 353.00
1230.02 353.00
1230.01 357.00
1229.98 358.00
1229.90 358.00
1229.76 359.00
1229.76 359.00
1229.76 359.00
1229.58 359.00
1229.58 359.00
1229.39 360.00
1229.39 360.00
1229.39 360.00
1229.22 360.00
1229.22 360.00
1229.11 361.00
1229.05 361.00
1229.00 363.00
1228.92 366.00
1228.92 366.00
1228.79 367.00
1228.79 367.00
1228.62 367.00
1228.62 367.00
1228.43 368.00
1228.43 368.00
1228.43 368.00
1228.26 368.00
1228.26 368.00
1228.13 369.00
1228.13 369.00
1228.05 369.00
1227.98 372.00
1227.94 372.00
1227.85 373.00
1227.71 373.00
1227.71 373.00
1227.71 373.00
1227.53 373.00
1227.53 373.00
1227.34 374.00
1227.34 374.00
1227.06 375.00
1227.06 375.00
1227.01 377.00
1227.01 377.00
1227.01 378.00
1226.93 383.00
1226.84 384.00
1226.84 384.00
1226.70 384.00
1226.70 384.00
1226.51 384.00
1226.51 384.00
1226.51 384.00
1226.32 385.00
1226.32 385.00
1226.32 385.00
1226.17 385.00
1226.07 386.00
1226.07 386.00
1225.99 390.00
1225.99 391.00
1225.94 392.00
1225.94 392.00
1225.72 393.00
1225.72 393.00
1225.54 393.00
1225.54 393.00
1225.35 394.00
1225.35 394.00
1225.35 394.00
1225.18 394.00
1225.18 394.00
1225.08 395.00
1225.01 396.00
1224.99 398.00
1224.89 399.00
1224.89 399.00
1224.76 400.00
1224.76 400.00
1224.58 400.00
1224.58 400.00
1224.39 401.00
1224.39 401.00
1224.39 401.00
1224.22 401.00
1224.22 401.00
1224.10 402.00
1224.03 402.00
1223.99 405.00
1223.91 406.00
1223.80 407.00
1223.80 407.00
1223.63 407.00
1223.63 407.00
1223.63 407.00
1223.43 408.00
1223.43 408.00
1223.43 408.00
1223.25 408.00
1223.25 408.00
1223.12 409.00
1223.12 409.00
1223.01 410.00
1222.99 413.00
1222.99 414.00
1222.99 414.00
1222.99 414.00
1222.99 414.00
1222.92 416.00
1222.64 417.00
1222.64 417.00
1222.44 418.00
1222.26 418.00
1222.26 418.00
1222.26 418.00
1222.13 419.00
1222.05 419.00
1222.00 420.00
1221.94 421.00
1221.85 422.00
1221.85 422.00
1221.71 422.00
1221.71 422.00
1221.71 422.00
1221.71 422.00
1221.71 422.00
1221.71 422.00
1221.85 422.00
1221.85 422.00
1221.85 422.00
1221.85 422.00
1221.85 422.00
1221.85 422.00
1221.34 423.00
1221.34 423.00
1221.08 424.00
1221.08 424.00
1221.00 425.00
1221.00 425.00
1221.00 426.00
1221.00 426.00
1220.97 427.00
1220.97 427.00
1220.76 428.00
1220.76 428.00
1220.39 429.00
1220.39 429.00
1220.10 430.00
1220.10 430.00
1219.99 431.00
1219.99 431.00
1219.84 432.00
1219.50 433.00
1219.50 433.00
1219.07 434.00
1219.07 434.00
1219.01 435.00
1219.01 435.00
1219.00 436.00
1219.00 436.00
1219.00 442.00
1219.00 442.00
1219.00 442.00
1219.00 442.00
1219.00 442.00
1219.00 442.00
1219.00 442.00
1219.00 442.00
1219.00 442.00
1219.00 442.00
1219.00 442.00
1219.00 442.00
1219.00 443.00
1219.00 443.00
1218.96 447.00
1218.90 447.00
1218.79 448.00
1218.79 448.00
1218.62 448.00
1218.62 448.00
1218.62 448.00
1218.42 449.00
1218.42 449.00
1218.24 449.00
1218.24 449.00
1218.11 450.00
1218.11 450.00
1218.01 453.00
1217.99 455.00
1217.90 458.00
1217.90 458.00
1217.78 459.00
1217.78 459.00
1217.60 459.00
1217.60 459.00
1217.60 459.00
1217.41 460.00
1217.41 460.00
1217.23 460.00
1217.23 460.00
1217.11 461.00
1217.11 461.00
1217.02 462.00
1216.99 464.00
1216.92 466.00
1216.92 466.00
1216.92 466.00
1216.99 464.00
1217.02 462.00
1217.02 462.00
1217.02 462.00
1217.00 465.00
1217.00 465.00
1217.00 465.00
1217.00 465.00
1216.98 466.00
1216.92 466.00
1216.80 467.00
1216.80 467.00
1216.80 467.00
1216.44 468.00
1216.44 468.00
1216.13 469.00
1216.13 469.00
1216.02 470.00
1216.02 470.00
1216.00 471.00
1216.00 471.00
1216.00 472.00
1216.00 472.00
1215.98 473.00
1215.93 473.00
1215.84 474.00
1215.69 474.00
1215.31 475.00
1215.31 475.00
1215.06 476.00
1215.06 476.00
1215.02 478.00
1215.02 478.00
1215.02 484.00
1215.02 484.00
1215.02 484.00
1215.02 484.00
1215.00 483.00
1214.93 485.00
1214.82 486.00
1214.82 486.00
1214.65 486.00
1214.65 486.00
1214.65 486.00
1214.46 487.00
1214.46 487.00
1214.46 487.00
1214.28 487.00
1214.28 487.00
1214.14 487.00
1214.06 488.00
1214.02 488.00
1213.94 494.00
1213.94 494.00
1213.84 495.00
1213.68 495.00
1213.68 495.00
1213.68 495.00
1213.49 495.00
1213.49 495.00
1213.49 495.00
1213.31 496.00
1213.31 496.00
1213.16 496.00
1213.16 496.00
1213.07 497.00
1213.01 499.00
1212.99 500.00
1212.99 500.00
1212.95 503.00
1212.95 503.00
1212.86 504.00
1212.95 503.00
1213.01 499.00
1213.01 499.00
1213.00 502.00
1213.00 502.00
1213.00 502.00
1213.00 502.00
1212.95 503.00
1212.95 503.00
1212.86 504.00
1212.71 504.00
1212.71 504.00
1212.71 504.00
1212.34 505.00
1212.34 505.00
1212.07 506.00
1212.07 506.00
1212.01 508.00
1212.01 508.00
1212.01 508.00
1212.01 508.00
1212.00 509.00
1211.96 512.00
1211.87 512.00
1211.87 512.00
1211.72 513.00
1211.72 513.00
1211.54 513.00
1211.54 513.00
1211.54 513.00
1211.35 514.00
1211.35 514.00
1211.09 515.00
1211.09 515.00
1211.01 519.00
1211.01 519.00
1211.00 522.00
1210.95 523.00
1210.86 523.00
1210.72 524.00
1210.72 524.00
1210.72 524.00
1210.72 524.00
1210.72 524.00
1210.72 524.00
1210.72 524.00
1210.72 524.00
1210.86 523.00
1210.86 523.00
1210.86 523.00
1210.72 524.00
1210.72 524.00
1210.34 525.00
1210.34 525.00
1210.08 526.00
1210.08 526.00
1210.01 527.00
1210.01 527.00
1210.00 529.00
1210.00 529.00
1210.00 529.00
1210.00 529.00
1210.00 530.00
1210.00 530.00
1209.95 532.00
1209.88 532.00
1209.75 533.00
1209.75 533.00
1209.57 533.00
1209.57 533.00
1209.38 534.00
1209.09 535.00
1209.09 535.00
1209.02 537.00
1209.02 537.00
1209.02 543.00
1209.02 543.00
1209.02 543.00
1208.96 544.00
1208.86 544.00
1208.86 544.00
1208.71 545.00
1208.71 545.00
1208.71 545.00
1208.52 545.00
1208.52 545.00
1208.34 546.00
1208.34 546.00
1208.34 546.00
1208.18 546.00
1208.18 546.00
1208.18 546.00
1208.18 546.00
1208.18 546.00
1208.18 546.00
1208.08 547.00
1208.08 547.00
1208.01 549.00
1208.01 549.00
1208.01 549.00
1208.01 549.00
1208.00 550.00
1208.00 550.00
1208.00 552.00
1208.00 552.00
1207.96 553.00
1207.88 553.00
1207.88 553.00
1207.74 554.00
1207.74 554.00
1207.56 554.00
1207.36 555.00
1207.36 555.00
1207.09 556.00
1207.01 557.00
1207.01 557.00
1207.00 561.00
1207.00 561.00
1207.00 561.00
1207.00 561.00
1206.94 566.00
1206.94 566.00
1206.86 567.00
1206.72 567.00
1206.72 567.00
1206.54 567.00
1206.54 567.00
1206.54 567.00
1206.35 568.00
1206.35 568.00
1206.19 568.00
1206.19 568.00
1206.19 568.00
1206.08 569.00
1206.08 569.00
1206.08 569.00
1206.08 569.00
1206.19 568.00
1206.08 569.00
1206.08 569.00
1206.01 571.00
1206.01 571.00
1206.01 571.00
1206.01 571.00
1206.00 574.00
1206.00 574.00
1206.00 574.00
1205.95 577.00
1205.86 578.00
1205.86 578.00
1205.71 578.00
1205.71 578.00
1205.53 578.00
1205.53 578.00
1205.53 578.00
1205.34 579.00
1205.34 579.00
1205.34 579.00
1205.18 579.00
1205.07 580.00
1205.07 580.00
1204.99 586.00
1204.99 585.00
1204.99 585.00
1204.99 585.00
1204.99 585.00
1204.99 585.00
1204.99 585.00
1204.99 585.00
1204.99 585.00
1204.99 585.00
1204.99 586.00
1204.99 586.00
1205.00 593.00
1205.00 593.00
1205.00 593.00
1205.00 593.00
1204.99 595.00
1204.99 595.00
1204.90 596.00
1204.90 596.00
1204.61 597.00
1204.61 597.00
1204.24 598.00
1204.24 598.00
1204.10 599.00
1204.10 599.00
1204.03 599.00
1204.00 600.00
1204.00 600.00
1204.00 600.00
1204.00 600.00
1204.00 600.00
1203.99 603.00
1203.99 603.00
1203.99 604.00
1203.99 604.00
1203.99 604.00
1203.99 604.00
1203.90 606.00
1203.60 607.00
1203.60 607.00
1203.23 608.00
1203.23 608.00
1203.11 609.00
1203.11 609.00
1203.23 608.00
1203.23 608.00
1203.23 608.00
1203.23 608.00
1203.23 608.00
1203.23 608.00
1203.23 608.00
1203.11 609.00
1203.04 609.00
1203.01 610.00
1202.93 612.00
1202.82 613.00
1202.82 613.00
1202.66 613.00
1202.66 613.00
1202.66 613.00
1202.47 614.00
1202.47 614.00
1202.47 614.00
1202.29 614.00
1202.29 614.00
1202.15 614.00
1202.06 615.00
1202.06 615.00
1202.00 618.00
1202.00 618.00
1202.00 618.00
1202.00 618.00
1202.00 618.00
1202.00 618.00
1202.00 625.00
1202.00 625.00
1201.99 626.00
1201.99 626.00
1201.99 627.00
1201.99 627.00
1201.99 627.00
1201.99 627.00
1201.99 627.00
1201.99 627.00
1201.99 627.00
1201.87 631.00
1201.87 631.00
1201.55 632.00
1201.55 632.00
1201.19 633.00
1201.19 633.00
1201.02 634.00
1201.02 634.00
1201.00 635.00
1201.00 635.00
1200.99 636.00
1200.99 636.00
1200.90 637.00
1200.90 637.00
1200.62 638.00
1200.62 638.00
1200.42 639.00
1200.42 639.00
1200.42 639.00
1200.42 639.00
1200.25 639.00
1200.25 639.00
1200.12 640.00
1200.12 640.00
1200.01 641.00
1200.00 643.00
1199.99 644.00
1199.99 644.00
1199.99 645.00
1199.99 645.00
1199.91 646.00
1199.91 646.00
1199.65 647.00
1199.65 647.00
1199.65 647.00
1199.65 647.00
1199.65 647.00
1199.81 647.00
1199.81 647.00
1199.81 647.00
1199.81 647.00
1199.65 647.00
1199.65 647.00
1199.65 647.00
1199.46 648.00
1199.46 648.00
1199.46 648.00
1199.27 648.00
1199.13 649.00
1199.13 649.00
1199.02 652.00
1199.02 652.00
1198.98 654.00
1198.92 656.00
1198.80 657.00
1198.80 657.00
1198.63 657.00
1198.63 657.00
1198.63 657.00
1198.44 658.00
1198.44 658.00
1198.44 658.00
1198.63 657.00
1198.63 657.00
1198.63 657.00
1198.80 657.00
1198.44 658.00
1198.44 658.00
1198.13 659.00
1198.13 659.00
1198.02 660.00
1198.02 660.00
1198.00 661.00
1198.00 661.00
1198.00 662.00
1198.00 662.00
1198.00 666.00
1198.00 666.00
1198.00 666.00
1197.96 669.00
1197.90 669.00
1197.78 670.00
1197.78 670.00
1197.62 670.00
1197.62 670.00
1197.62 670.00
1197.42 671.00
1197.42 671.00
1197.42 671.00
1197.24 671.00
1197.24 671.00
1197.11 672.00
1197.11 672.00
1197.11 672.00
1197.11 672.00
1197.01 675.00
1197.01 675.00
1197.01 675.00
1197.01 675.00
1197.01 675.00
1197.01 675.00
1197.00 676.00
1197.00 676.00
1197.00 679.00
1197.00 679.00
1197.00 679.00
1196.97 680.00
1196.90 680.00
1196.90 680.00
1196.78 681.00
1196.78 681.00
1196.60 681.00
1196.60 681.00
1196.41 682.00
1196.41 682.00
1196.11 683.00
1196.11 683.00
1196.01 684.00
1196.01 684.00
1196.00 685.00
1196.00 685.00
1196.00 686.00
1196.00 686.00
1195.97 687.00
1195.97 687.00
1195.82 688.00
1195.82 688.00
1195.47 689.00
1195.47 689.00
1195.47 689.00
1195.05 690.00
1195.05 690.00
1194.96 691.00
1194.96 691.00
1194.75 692.00
1194.38 693.00
1194.38 693.00
1194.08 694.00
1194.08 694.00
1194.02 696.00
1194.02 696.00
1194.02 696.00
1194.02 696.00
1194.02 697.00
1194.02 697.00
1194.00 700.00
1194.00 700.00
1194.00 700.00
1194.00 700.00
1194.00 700.00
1194.00 700.00
1193.96 701.00
1193.96 701.00
1193.74 702.00
1193.74 702.00
1193.36 703.00
1193.36 703.00
1193.09 704.00
1193.01 705.00
1193.01 705.00
1193.01 705.00
1193.00 706.00
1193.00 706.00
1193.00 710.00
1193.00 710.00
1193.00 710.00
1193.00 710.00
1193.00 710.00
1193.00 710.00
1193.00 710.00
1193.00 710.00
1193.00 711.00
1193.00 711.00
1193.00 712.00
1193.00 712.00
1193.00 713.00
1193.00 713.00
1192.98 714.00
1192.86 715.00
1192.86 715.00
1192.34 716.00
1192.34 716.00
1192.08 717.00
1192.08 717.00
1192.01 719.00
1192.01 719.00
1192.01 719.00
1192.01 719.00
1192.00 720.00
1192.00 720.00
1192.00 720.00
1192.00 724.00
1192.00 724.00
1192.00 724.00
1192.00 724.00
1192.00 724.00
1192.00 724.00
1192.00 724.00
1192.00 725.00
1192.00 725.00
1192.00 726.00
1192.00 726.00
1191.98 727.00
1191.98 727.00
1191.84 728.00
1191.84 728.00
1191.50 729.00
1191.50 729.00
1191.07 730.00
1191.07 730.00
1191.01 731.00
1191.01 731.00
1191.00 732.00
1191.00 732.00
1191.00 738.00
1191.00 738.00
1191.00 738.00
1191.00 738.00
1191.00 738.00
1191.00 738.00
1191.00 738.00
1191.00 738.00
1191.00 738.00
1191.00 738.00
1191.00 738.00
1191.00 739.00
1191.00 739.00
1191.00 744.00
1191.00 744.00
1191.00 744.00
1191.00 744.00
1191.00 744.00
1191.00 744.00
1191.00 744.00
1191.00 744.00
1191.00 744.00
1191.00 744.00
1191.00 745.00
1191.00 745.00
1191.00 746.00
1191.00 746.00
1191.00 747.00
1191.00 747.00
1190.98 748.00
1190.98 748.00
1190.86 749.00
1190.86 749.00
1190.36 750.00
1190.36 750.00
1190.08 751.00
1190.08 751.00
1190.01 753.00
1190.01 753.00
1190.01 753.00
1190.01 753.00
1190.00 758.00
1190.00 758.00
1190.00 758.00
1190.00 758.00
1190.00 758.00
1190.00 758.00
1190.00 758.00
1190.00 758.00
1190.00 758.00
1190.00 758.00
1190.00 759.00
1190.00 759.00
1190.00 761.00
1190.00 761.00
1190.00 761.00
1190.00 761.00
1190.00 762.00
1190.00 762.00
1189.97 763.00
1189.97 763.00
1189.82 764.00
1189.82 764.00
1189.49 765.00
1189.49 765.00
1189.05 766.00
1189.05 766.00
1189.01 768.00
1189.01 768.00
1189.01 768.00
1189.01 768.00
1189.01 769.00
1189.01 769.00
1189.01 773.00
1189.01 773.00
1189.01 773.00
1189.01 773.00
1189.01 773.00
1189.01 773.00
1189.01 773.00
1189.01 773.00
1189.00 774.00
1189.00 774.00
1188.99 775.00
1188.99 775.00
1188.97 776.00
1188.97 776.00
1188.79 777.00
1188.44 778.00
1188.44 778.00
1188.12 779.00
1188.12 779.00
1188.01 780.00
1188.01 780.00
1188.00 781.00
1188.00 781.00
1188.00 782.00
1188.00 782.00
1188.00 783.00
1188.00 783.00
1188.00 790.00
1188.00 790.00
1188.00 791.00
1188.00 791.00
1188.00 792.00
1188.00 792.00
1188.00 793.00
1188.00 793.00
1188.00 794.00
1188.00 794.00
1188.00 795.00
1188.00 790.00
1188.00 790.00
1188.00 791.00
1188.00 791.00
1188.00 792.00
1188.00 792.00
1188.00 799.00
1188.00 799.00
1188.00 799.00
1188.00 800.00
1188.00 800.00
1188.00 801.00
1188.00 801.00
1188.00 802.00
1188.00 802.00
1188.00 803.00
1188.00 803.00
1188.00 804.00
1188.00 804.00
1188.00 805.00
1188.00 805.00
1188.00 805.00
1188.00 805.00
1188.00 805.00
1188.00 805.00
1188.00 805.00
1188.00 805.00
1188.00 805.00
1188.00 805.00
1188.00 805.00
1188.00 805.00
1188.00 805.00
1188.00 812.00
1188.00 812.00
1187.99 813.00
1187.99 813.00
1187.90 814.00
1187.90 814.00
1187.61 815.00
1187.61 815.00
1187.25 816.00
1187.25 816.00
1187.05 817.00
1187.05 817.00
1187.00 818.00
1187.00 818.00
1187.00 819.00
1187.00 819.00
1186.93 820.00
1186.93 820.00
1186.67 821.00
1186.67 821.00
1186.15 822.00
1186.15 822.00
1186.02 823.00
1186.02 823.00
1186.00 824.00
1186.00 824.00
1186.00 824.00
1186.00 824.00
1186.00 824.00
1186.00 824.00
1186.00 824.00
1186.00 824.00
1186.00 824.00
1186.00 824.00
1186.00 824.00
1186.00 824.00
1186.00 824.00
1186.00 824.00
1186.00 825.00
1186.00 825.00
1186.00 827.00
1186.00 827.00
1186.00 827.00
1186.00 827.00
1186.01 828.00
1186.01 828.00
1186.00 835.00
1186.00 835.00
1186.00 836.00
1186.00 836.00
1186.00 836.00
1186.00 836.00
1186.00 836.00
1186.00 836.00
1186.00 836.00
1186.00 836.00
1186.00 836.00
1186.00 836.00
1186.00 836.00
1186.00 836.00
1186.00 836.00
1186.00 836.00
1186.00 837.00
1186.00 837.00
1186.02 838.00
1186.02 838.00
1186.00 845.00
1186.00 845.00
1185.93 846.00
1185.93 846.00
1185.68 847.00
1185.68 847.00
1185.15 848.00
1185.15 848.00
1185.15 848.00
1184.92 849.00
1184.92 849.00
1184.61 850.00
1184.61 850.00
1184.23 851.00
1184.23 851.00
1184.23 851.00
1184.41 851.00
1184.61 850.00
1184.61 850.00
1184.78 850.00
1184.78 850.00
1184.92 849.00
1184.92 849.00
1184.92 849.00
1184.78 850.00
1184.78 850.00
1184.41 851.00
1184.41 851.00
1184.09 852.00
1184.09 852.00
1183.87 853.00
1183.87 853.00
1183.34 854.00
1183.34 854.00
1183.07 855.00
1183.01 856.00
1183.01 856.00
1183.00 857.00
1183.00 857.00
1183.00 857.00
1182.96 858.00
1182.96 858.00
1182.78 859.00
1182.78 859.00
1182.43 860.00
1182.43 860.00
1182.12 861.00
1182.12 861.00
1182.00 868.00
1182.00 868.00
1182.00 869.00
1182.00 869.00
1182.00 870.00
1182.00 871.00
1182.00 871.00
1182.01 872.00
1182.01 872.00
1182.01 873.00
1182.01 873.00
1182.01 874.00
1182.01 874.00
1182.01 875.00
1182.01 875.00
1182.01 875.00
1182.01 875.00
1182.01 875.00
1182.01 875.00
1182.01 875.00
1182.01 875.00
1182.01 875.00
1182.01 875.00
1182.01 875.00
1182.01 875.00
1182.01 875.00
1182.01 875.00
1182.01 876.00
1182.01 876.00
1182.01 877.00
1182.01 878.00
1182.00 884.00
1182.00 885.00
1182.00 885.00
1181.99 886.00
1181.99 886.00
1181.99 887.00
1181.99 887.00
1181.99 888.00
1181.99 888.00
1181.98 889.00
1181.98 889.00
1181.98 890.00
1181.98 890.00
1181.98 890.00
1181.98 890.00
1181.98 890.00
1181.98 890.00
1181.98 890.00
1181.98 890.00
1181.90 894.00
1181.90 894.00
1181.59 895.00
1181.59 895.00
1181.23 896.00
1181.23 896.00
1181.11 897.00
1181.11 897.00
1181.23 896.00
1181.23 896.00
1181.23 896.00
1181.39 896.00
1181.39 896.00
1181.39 896.00
1181.39 896.00
1181.39 896.00
1181.23 896.00
1181.23 896.00
1181.11 897.00
1181.04 897.00
1181.00 899.00
1180.99 903.00
1180.99 903.00
1180.99 903.00
1180.89 906.00
1180.89 906.00
1180.59 907.00
1180.59 907.00
1180.39 908.00
1180.39 908.00
1180.39 908.00
1180.39 908.00
1180.39 908.00
1180.39 908.00
1180.59 907.00
1180.59 907.00
1180.59 907.00
1180.59 907.00
1180.59 907.00
1180.59 907.00
1180.39 908.00
1180.39 908.00
1180.10 909.00
1180.10 909.00
1180.10 909.00
1180.01 910.00
1180.01 910.00
1180.00 911.00
1180.00 911.00
1180.00 912.00
1180.00 912.00
1179.97 913.00
1179.97 913.00
1179.80 914.00
1179.80 914.00
1179.43 915.00
1179.43 915.00
1179.12 916.00
1179.12 916.00
1179.01 917.00
1179.01 917.00
1179.00 918.00
1179.00 918.00
1179.00 919.00
1179.00 919.00
1179.00 920.00
1179.00 920.00
1179.00 927.00
1179.00 927.00
1179.00 928.00
1179.00 928.00
1179.00 929.00
1179.00 929.00
1179.00 930.00
1179.00 930.00
1179.00 931.00
1179.00 932.00
1179.00 932.00
1179.00 932.00
1179.00 932.00
1179.00 932.00
1179.00 932.00
1179.00 932.00
1179.00 932.00
1179.00 932.00
1179.00 932.00
1179.00 932.00
1178.99 937.00
1178.99 938.00
1178.99 938.00
1178.99 939.00
1178.99 939.00
1178.99 939.00
1178.99 939.00
1178.99 939.00
1178.99 939.00
1178.99 939.00
1178.99 939.00
1178.99 939.00
1178.95 944.00
1178.95 944.00
1178.52 945.00
1178.52 945.00
1178.18 946.00
1178.18 946.00
1178.03 947.00
1178.03 947.00
1178.01 948.00
1178.01 948.00
1178.01 948.00
1178.01 948.00
1178.03 947.00
1178.04 949.00
1178.03 947.00
1178.01 948.00
1178.01 948.00
1178.01 948.00
1178.01 948.00
1178.01 948.00
1178.01 948.00
1178.01 948.00
1178.01 948.00
1178.04 949.00
1178.04 949.00
1178.21 950.00
1178.21 950.00
1178.57 951.00
1178.57 951.00
1178.89 952.00
1178.89 952.00
1178.99 954.00
1178.99 954.00
1178.99 954.00
1178.99 954.00
1178.99 955.00
1178.99 955.00
1178.99 959.00
1178.98 963.00
1178.98 963.00
1178.86 964.00
1178.86 964.00
1178.60 965.00
1178.60 965.00
1178.47 966.00
1178.47 966.00
1178.47 966.00
1178.47 966.00
1178.26 968.00
1178.26 968.00
1178.05 969.00
1178.05 969.00
1178.00 970.00
1178.00 970.00
1178.00 971.00
1178.00 971.00
1178.00 971.00
1178.00 971.00
1178.00 971.00
1178.00 971.00
1178.00 974.00
1178.00 974.00
1177.99 975.00
1177.99 975.00
1177.99 976.00
1177.99 976.00
1177.91 977.00
1177.91 977.00
1177.63 978.00
1177.63 978.00
1177.26 979.00
1177.26 979.00
1177.04 980.00
1177.04 980.00
1176.99 981.00
1176.99 981.00
1176.99 981.00
1176.99 981.00
1176.99 981.00
1176.99 981.00
1176.99 981.00
1176.99 981.00
1176.99 981.00
1176.99 981.00
1176.99 986.00
1176.99 986.00
1176.99 987.00
1176.99 987.00
1176.99 988.00
1176.99 988.00
1176.90 989.00
1176.90 989.00
1176.61 990.00
1176.61 990.00
1176.24 991.00
1176.24 991.00
1176.04 992.00
1176.04 992.00
1176.01 993.00
1176.01 993.00
1176.00 994.00
1176.00 994.00
1176.00 995.00
1176.00 995.00
1176.00 996.00
1176.00 996.00
1176.00 996.00
1176.00 996.00
1176.00 996.00
1176.00 996.00
1176.00 996.00
1176.00 996.00
1175.99 1000.00
1175.99 1000.00
1175.99 1000.00
1175.89 1001.00
1175.59 1002.00
1175.59 1002.00
1175.23 1003.00
1175.23 1003.00
1175.10 1004.00
1175.03 1004.00
1175.01 1005.00
1175.00 1005.00
1175.01 1005.00
1175.03 1004.00
1175.10 1004.00
1175.23 1003.00
1175.23 1003.00
1175.23 1003.00
1175.23 1003.00
1175.23 1003.00
1175.23 1003.00
1175.10 1004.00
1175.10 1004.00
1175.01 1005.00
1175.01 1005.00
1175.00 1006.00
1175.00 1006.00
1174.99 1013.00
1174.99 1013.00
1174.99 1013.00
1174.99 1013.00
1174.99 1013.00
1174.99 1013.00
1174.99 1013.00
1174.99 1013.00
1174.99 1013.00
1174.92 1014.00
1174.90 1012.00
1174.90 1012.00
1174.92 1014.00
1174.99 1013.00
1174.97 1014.00
1174.97 1014.00
1174.82 1015.00
1174.82 1015.00
1174.47 1016.00
1174.47 1016.00
1174.06 1017.00
1174.06 1017.00
1174.01 1018.00
1174.01 1018.00
1174.00 1019.00
1174.00 1019.00
1174.00 1019.00
1174.00 1026.00
1174.00 1026.00
1174.00 1027.00
1174.00 1027.00
1174.00 1027.00
1174.00 1027.00
1174.00 1027.00
1174.00 1027.00
1174.00 1027.00
1174.00 1027.00
1174.00 1027.00
1174.00 1027.00
1174.00 1027.00
1174.00 1027.00
1174.00 1027.00
1174.00 1028.00
1174.00 1028.00
1174.00 1029.00
1174.00 1029.00
1173.99 1030.00
1173.99 1030.00
1173.95 1031.00
1173.88 1031.00
1173.75 1032.00
1173.75 1032.00
1173.52 1036.00
1173.52 1036.00
1173.52 1036.00
1173.44 1035.00
1173.39 1037.00
1173.39 1037.00
1173.25 1037.00
1173.25 1037.00
1173.13 1038.00
1173.13 1038.00
1173.05 1038.00
1173.01 1039.00
1173.01 1039.00
1173.00 1041.00
1173.00 1041.00
1173.00 1041.00
1173.00 1041.00
1173.00 1041.00
1173.00 1042.00
1173.00 1042.00
1173.00 1043.00
1173.00 1043.00
1173.00 1044.00
1173.00 1048.00
1173.00 1048.00
1173.00 1048.00
1173.00 1048.00
1173.00 1048.00
1173.00 1048.00
1173.00 1048.00
1173.00 1048.00
1173.00 1049.00
1173.00 1049.00
1173.00 1050.00
1173.00 1050.00
1173.00 1051.00
1173.00 1051.00
1173.00 1052.00
1173.00 1052.00
1173.00 1053.00
1173.00 1053.00
1173.00 1054.00
1173.00 1054.00
1173.00 1055.00
1173.00 1055.00
1173.00 1056.00
1173.00 1063.00
1173.00 1063.00
1173.00 1064.00
1173.00 1064.00
1173.00 1065.00
1173.00 1065.00
1173.00 1066.00
1173.00 1066.00
1173.00 1067.00
1173.00 1067.00
1173.00 1068.00
1173.00 1068.00
1173.00 1068.00
1173.00 1068.00
1172.99 1070.00
1172.99 1070.00
1172.92 1071.00
1172.92 1071.00
1172.65 1072.00
1172.65 1072.00
1172.27 1073.00
1172.27 1073.00
1172.27 1073.00
1172.04 1074.00
1172.04 1074.00
1172.00 1075.00
1172.00 1075.00
1172.00 1075.00
1172.00 1075.00
1172.00 1077.00
1172.00 1077.00
1172.00 1078.00
1172.00 1078.00
1172.00 1078.00
1172.00 1078.00
1171.99 1080.00
1171.99 1080.00
1171.92 1081.00
1171.92 1081.00
1171.65 1082.00
1171.65 1082.00
1171.28 1083.00
1171.28 1083.00
1171.01 1084.00
1171.01 1084.00
1171.00 1085.00
1171.00 1085.00
1171.00 1085.00
1171.00 1085.00
1171.05 1084.00
1171.13 1084.00
1171.13 1084.00
1171.13 1084.00
1171.13 1084.00
1171.13 1084.00
1171.13 1084.00
1171.13 1084.00
1171.13 1084.00
1171.01 1087.00
1171.01 1087.00
1171.01 1087.00
1171.01 1087.00
1171.01 1087.00
1171.01 1087.00
1171.00 1088.00
1171.00 1088.00
1171.00 1089.00
1171.00 1089.00
1170.99 1090.00
1170.99 1090.00
1170.97 1091.00
1170.97 1091.00
1170.82 1092.00
1170.82 1092.00
1170.49 1093.00
1170.49 1093.00
1170.04 1094.00
1170.04 1094.00
1170.02 1097.00
1170.02 1097.00
1170.02 1097.00
1170.02 1097.00
1170.02 1097.00
1170.02 1097.00
1170.02 1098.00
1170.02 1098.00
1170.01 1099.00
1170.01 1099.00
1170.00 1106.00
1170.00 1106.00
1170.01 1107.00
1170.01 1107.00
1170.01 1108.00
1170.01 1108.00
1170.01 1109.00
1170.01 1109.00
1170.01 1110.00
1170.01 1110.00
1170.01 1110.00
1170.01 1110.00
1170.01 1110.00
1170.01 1110.00
1170.01 1110.00
1170.01 1110.00
1170.01 1110.00
1170.01 1110.00
1170.01 1110.00
1170.01 1110.00
1169.99 1113.00
1169.98 1115.00
1169.98 1115.00
1169.98 1115.00
1169.90 1118.00
1169.90 1118.00
1169.90 1118.00
1169.90 1118.00
1169.98 1115.00
1170.02 1117.00
1170.02 1117.00
1170.02 1117.00
1170.01 1116.00
1169.98 1118.00
1169.90 1118.00
1169.77 1119.00
1169.77 1119.00
1169.59 1119.00
1169.59 1119.00
1169.59 1119.00
1169.40 1120.00
1169.40 1120.00
1169.11 1121.00
1169.01 1122.00
1169.01 1122.00
1169.01 1124.00
1169.01 1124.00
1169.01 1130.00
1169.01 1130.00
1169.01 1130.00
1169.01 1131.00
1169.01 1131.00
1169.01 1131.00
1169.01 1131.00
1169.01 1131.00
1169.01 1131.00
1169.01 1131.00
1169.01 1131.00
1169.01 1131.00
1169.01 1131.00
1168.98 1134.00
1168.98 1134.00
1168.94 1137.00
1168.82 1138.00
1168.66 1138.00
1168.66 1138.00
1168.47 1139.00
1168.47 1139.00
1168.47 1139.00
1168.29 1139.00
1168.29 1139.00
1168.15 1139.00
1168.15 1139.00
1168.06 1140.00
1168.02 1140.00
1168.00 1144.00
1168.00 1144.00
1168.02 1140.00
1168.06 1140.00
1168.06 1140.00
1168.06 1140.00
1168.00 1142.00
1168.00 1142.00
1168.00 1142.00
1168.00 1142.00
1168.00 1143.00
1168.00 1143.00
1168.00 1144.00
1168.00 1144.00
1168.00 1151.00
1168.00 1151.00
1168.00 1151.00
1168.00 1151.00
1168.00 1151.00
1168.00 1151.00
1168.00 1151.00
1168.00 1151.00
1168.00 1151.00
1168.00 1151.00
1168.00 1151.00
1168.00 1151.00
1168.00 1151.00
1168.00 1151.00
1168.00 1151.00
1168.00 1152.00
1168.00 1152.00
1168.00 1153.00
1168.00 1153.00
1167.99 1154.00
1167.99 1154.00
1167.95 1155.00
1167.95 1155.00
1167.90 1161.00
1167.90 1161.00
1167.90 1161.00
1167.90 1161.00
1167.90 1161.00
1167.90 1161.00
1167.90 1161.00
1167.90 1161.00
1167.90 1161.00
1167.90 1161.00
1167.90 1161.00
1167.90 1161.00
1167.90 1161.00
1167.77 1162.00
1167.77 1162.00
1167.41 1163.00
1167.41 1163.00
1167.11 1164.00
1167.11 1164.00
1167.01 1165.00
1167.01 1165.00
1167.01 1172.00
1167.01 1172.00
1167.11 1173.00
1167.11 1173.00
1167.41 1174.00
1167.41 1174.00
1167.77 1175.00
1167.77 1175.00
1167.98 1176.00
1167.98 1176.00
1168.01 1177.00
1168.01 1177.00
1168.01 1177.00
1168.01 1177.00
1168.01 1177.00
1168.01 1177.00
1168.01 1180.00
1167.98 1176.00
1167.90 1176.00
1167.77 1175.00
1167.90 1176.00
1167.90 1176.00
1167.89 1183.00
1167.60 1184.00
1167.60 1184.00
1167.41 1185.00
1167.41 1185.00
1167.23 1185.00
1167.23 1185.00
1167.10 1186.00
1167.03 1186.00
1167.00 1187.00
1167.00 1187.00
1167.00 1187.00
1167.00 1187.00
1166.99 1190.00
1166.99 1190.00
1166.99 1191.00
1166.99 1191.00
1166.99 1191.00
1166.99 1191.00
1166.99 1191.00
1166.99 1191.00
1166.99 1191.00
1166.99 1191.00
1166.99 1191.00
1166.99 1191.00
1166.99 1191.00
1166.99 1191.00
1166.99 1191.00
1166.99 1191.00
1166.99 1192.00
1166.99 1192.00
1166.99 1199.00
1166.99 1199.00
1166.99 1200.00
1166.99 1200.00
1166.99 1200.00
1166.99 1200.00
1166.99 1200.00
1166.99 1200.00
1166.92 1203.00
1166.92 1203.00
1166.65 1204.00
1166.65 1204.00
1166.28 1205.00
1166.28 1205.00
1166.28 1205.00
1166.13 1206.00
1166.13 1206.00
1166.04 1206.00
1165.99 1207.00
1165.99 1207.00
1165.99 1207.00
1165.99 1207.00
1165.99 1207.00
1165.99 1207.00
1166.02 1209.00
1166.13 1206.00
1166.13 1206.00
1166.13 1206.00
1166.02 1209.00
1166.02 1209.00
1166.00 1208.00
1165.99 1213.00
1165.99 1213.00
1165.99 1213.00
1165.99 1213.00
1165.99 1213.00
1165.99 1213.00
1165.99 1213.00
1165.99 1213.00
1165.99 1213.00
1166.00 1216.00
1166.01 1218.00
1166.00 1215.00
1165.99 1214.00
1165.99 1214.00
1165.99 1221.00
1165.98 1222.00
1165.98 1222.00
1165.98 1222.00
1165.98 1222.00
1165.94 1224.00
1165.94 1224.00
1165.67 1225.00
1165.67 1225.00
1165.15 1226.00
1165.15 1226.00
1165.15 1226.00
1165.15 1226.00
1165.15 1226.00
1165.15 1226.00
1165.29 1226.00
1165.29 1226.00
1165.29 1226.00
1165.48 1226.00
1165.48 1226.00
1165.48 1226.00
1165.48 1226.00
1165.48 1226.00
1165.48 1226.00
1165.06 1227.00
1165.06 1227.00
1165.01 1228.00
1165.01 1228.00
1165.00 1229.00
1165.00 1229.00
1165.00 1236.00
1165.00 1236.00
1165.00 1237.00
1165.00 1237.00
1165.00 1238.00
1165.00 1238.00
1165.00 1238.00
1165.00 1238.00
1165.00 1238.00
1165.00 1238.00
1165.00 1238.00
1165.00 1238.00
1165.00 1238.00
1165.00 1238.00
1165.00 1238.00
1165.00 1238.00
1165.00 1238.00
1165.00 1238.00
1165.00 1239.00
1165.00 1239.00
1165.00 1240.00
1165.00 1240.00
1165.00 1241.00
1165.00 1241.00
1165.00 1241.00
1165.00 1242.00
1165.00 1247.00
1165.00 1247.00
1165.00 1247.00
1165.00 1247.00
1165.00 1247.00
1165.00 1247.00
1165.00 1247.00
1165.00 1247.00
1165.00 1247.00
1165.00 1247.00
1165.00 1247.00
1165.00 1247.00
1165.00 1248.00
1165.00 1248.00
1165.00 1255.00
1165.00 1256.00
1165.00 1256.00
1165.00 1257.00
1165.00 1257.00
1164.94 1258.00
1164.94 1258.00
1164.94 1258.00
1164.54 1259.00
1164.54 1259.00
1164.72 1259.00
1164.72 1259.00
1164.54 1259.00
1164.54 1259.00
1164.54 1259.00
1164.35 1260.00
1164.35 1260.00
1164.35 1260.00
1164.19 1260.00
1164.19 1260.00
1164.08 1261.00
1164.03 1261.00
1164.03 1261.00
1164.03 1261.00
1164.08 1261.00
1164.08 1261.00
1164.01 1262.00
1164.01 1262.00
1164.00 1263.00
1164.00 1263.00
1164.00 1264.00
1164.00 1264.00
1164.00 1265.00
1164.00 1265.00
1164.00 1266.00
1164.00 1266.00
1164.00 1267.00
1164.00 1267.00
1164.00 1268.00
1164.00 1268.00
1164.00 1275.00
1164.00 1275.00
1164.00 1276.00
1164.00 1276.00
1164.00 1277.00
1164.00 1277.00
1164.00 1278.00
1164.00 1278.00
1164.00 1279.00
1164.00 1279.00
1164.00 1279.00
1164.00 1280.00
1164.00 1280.00
1164.00 1281.00
1164.00 1281.00
1164.00 1282.00
1164.00 1282.00
1164.00 1282.00
1164.00 1282.00
1164.00 1278.00
1164.00 1279.00
1164.00 1279.00
1164.00 1286.00
1164.00 1286.00
1164.00 1287.00
1164.00 1287.00
1164.00 1288.00
1164.00 1288.00
1164.00 1282.00
1164.00 1283.00
1164.00 1283.00
1164.00 1290.00
1164.00 1290.00
1164.00 1291.00
1164.00 1291.00
1164.00 1292.00
1164.00 1293.00
1164.00 1293.00
1164.00 1294.00
1164.00 1294.00
1164.00 1295.00
1164.00 1295.00
1164.00 1296.00
1164.00 1296.00
1164.00 1297.00
1164.00 1297.00
1164.00 1297.00
1164.00 1297.00
1164.00 1297.00
1164.00 1297.00
1164.00 1297.00
1164.00 1297.00
1164.00 1297.00
1164.00 1297.00
1164.00 1297.00
1164.00 1297.00
1164.00 1297.00
1164.00 1297.00
1164.00 1298.00
1164.00 1298.00
1164.00 1299.00
1164.00 1299.00
1164.00 1300.00
1164.00 1300.00
1164.00 1301.00
1164.00 1301.00
1164.00 1302.00
1164.00 1302.00
1164.00 1303.00
1164.00 1303.00
1164.00 1310.00
1164.00 1310.00
1164.00 1310.00
1164.00 1311.00
1164.00 1311.00
1163.99 1312.00
1163.99 1312.00
1163.92 1313.00
1163.92 1313.00
1163.67 1314.00
1163.67 1314.00
1163.14 1315.00
1163.14 1315.00
1163.01 1316.00
1163.01 1316.00
1163.00 1317.00
1163.00 1317.00
1163.00 1317.00
1163.00 1317.00
1163.00 1317.00
1163.00 1317.00
1162.99 1320.00
1162.99 1320.00
1162.99 1321.00
1162.99 1321.00
1162.99 1321.00
1162.99 1321.00
1162.99 1321.00
1162.99 1321.00
1162.99 1321.00
1162.99 1321.00
1162.99 1321.00
1162.99 1321.00
1162.99 1321.00
1163.00 1326.00
1163.00 1327.00
1163.00 1327.00
1163.00 1327.00
1163.00 1327.00
1162.99 1323.00
1162.99 1323.00
1163.00 1324.00
1163.00 1324.00
1163.00 1331.00
1163.00 1331.00
1163.00 1332.00
1163.00 1332.00
1163.00 1333.00
1163.00 1333.00
1163.00 1334.00
1163.00 1334.00
1163.00 1334.00
1163.00 1335.00
1163.00 1335.00
1163.00 1335.00
1163.00 1335.00
1163.00 1335.00
1163.00 1335.00
1163.00 1335.00
1163.00 1335.00
1163.00 1335.00
1163.00 1335.00
1163.00 1335.00
1163.00 1335.00
1163.00 1335.00
1163.00 1335.00
1163.00 1336.00
1163.00 1336.00
1163.00 1337.00
1163.00 1337.00
1163.00 1338.00
1163.00 1338.00
1163.00 1339.00
1163.00 1339.00
1163.00 1346.00
1163.00 1346.00
1163.00 1347.00
1163.00 1347.00
1162.99 1348.00
1162.99 1348.00
1162.99 1348.00
1162.99 1348.00
1162.99 1348.00
1162.99 1348.00
1162.99 1348.00
1162.99 1348.00
1162.99 1348.00
1162.99 1348.00
1162.99 1348.00
1162.99 1348.00
1162.99 1348.00
1162.99 1348.00
1162.98 1355.00
1162.98 1355.00
1162.98 1356.00
1162.98 1356.00
1162.98 1356.00
1162.87 1358.00
1162.87 1358.00
1162.87 1358.00
1162.53 1359.00
1162.53 1359.00
1162.19 1360.00
1162.19 1360.00
1162.04 1361.00
1162.04 1361.00
1162.04 1361.00
1162.04 1361.00
1162.04 1361.00
1162.04 1361.00
1162.04 1361.00
1162.09 1361.00
1162.09 1362.00
1162.09 1362.00
1162.09 1361.00
1162.04 1362.00
1162.04 1361.00
1162.04 1361.00
1162.04 1362.00
1162.04 1362.00
1162.20 1363.00
1162.20 1363.00
1162.55 1364.00
1162.55 1364.00
1162.87 1365.00
1162.87 1365.00
1162.87 1365.00
1162.98 1366.00
1162.98 1366.00
1163.00 1367.00
1163.00 1367.00
1163.00 1368.00
1163.00 1375.00
1163.00 1375.00
1163.00 1376.00
1163.00 1376.00
1163.00 1377.00
1163.00 1377.00
1163.00 1377.00
1163.00 1377.00
1163.00 1377.00
1163.00 1377.00
1163.00 1377.00
1163.00 1377.00
1163.00 1377.00
1163.00 1377.00
1163.00 1377.00
1163.00 1377.00
1163.00 1377.00
1163.00 1383.00
1163.00 1383.00
1162.99 1384.00
1162.99 1384.00
1162.92 1385.00
1162.92 1385.00
1162.65 1386.00
1162.65 1386.00
1162.14 1387.00
1162.14 1387.00
1162.02 1388.00
1162.02 1388.00
1162.01 1389.00
1162.01 1389.00
1162.00 1390.00
1162.00 1390.00
1162.00 1391.00
1162.00 1391.00
1162.00 1392.00
1162.00 1392.00
1162.00 1393.00
1162.00 1393.00
1161.99 1394.00
1161.99 1394.00
1161.99 1395.00
1161.99 1395.00
1161.99 1395.00
1161.99 1395.00
1161.99 1395.00
1161.99 1395.00
1161.99 1395.00
1161.99 1395.00
1161.99 1395.00
1161.99 1395.00
1161.99 1395.00
1161.99 1395.00
1161.99 1395.00
1161.99 1395.00
1161.99 1396.00
1161.99 1396.00
1161.99 1403.00
1161.99 1403.00
1161.98 1404.00
1161.98 1404.00
1161.98 1405.00
1161.98 1405.00
1161.98 1405.00
1161.98 1405.00
1161.98 1405.00
1161.94 1407.00
1161.94 1407.00
1161.66 1408.00
1161.66 1408.00
1161.29 1409.00
1161.29 1409.00
1161.29 1409.00
1161.47 1409.00
1161.47 1409.00
1161.47 1409.00
1161.66 1408.00
1161.66 1408.00
1161.47 1409.00
1161.47 1409.00
1161.47 1409.00
1161.47 1409.00
1161.47 1409.00
1161.47 1409.00
1161.06 1410.00
1161.06 1410.00
1161.01 1411.00
1161.01 1411.00
1161.00 1412.00
1161.00 1412.00
1161.00 1412.00
1161.00 1413.00
1161.00 1413.00
1161.00 1414.00
1161.00 1414.00
1160.98 1415.00
1160.98 1415.00
1160.86 1416.00
1160.86 1416.00
1160.35 1417.00
1160.35 1417.00
1160.07 1418.00
1160.07 1418.00
1160.00 1419.00
1160.00 1419.00
1160.00 1419.00
1159.98 1420.00
1159.98 1420.00
1159.77 1421.00
1159.77 1421.00
1160.00 1445.00
1160.00 1445.00
1160.00 1446.00
1160.00 1446.00
1160.06 1447.00
1160.06 1447.00
1160.48 1448.00
1160.48 1448.00
1160.82 1449.00
1160.82 1449.00
1160.82 1449.00
1160.97 1450.00
1160.97 1450.00
1161.00 1451.00
1161.00 1451.00
1161.00 1452.00
1161.00 1452.00
1161.00 1453.00
1161.00 1453.00
1161.00 1453.00
1161.00 1453.00
1161.00 1453.00
1161.00 1453.00
1161.00 1453.00
1161.00 1453.00
1161.00 1453.00
1161.00 1453.00
1161.00 1453.00
1161.00 1453.00
1161.00 1453.00
1161.00 1453.00
1161.00 1453.00
1161.00 1454.00
1161.00 1454.00
1161.00 1459.00
1161.00 1459.00
1161.00 1459.00
1161.00 1459.00
1161.00 1459.00
1161.00 1459.00
1161.00 1464.00
1161.00 1464.00
1161.00 1465.00
1161.00 1465.00
1161.00 1465.00
1161.00 1465.00
1161.00 1465.00
1161.00 1465.00
1161.00 1465.00
1161.00 1465.00
1161.00 1465.00
1161.00 1465.00
1161.00 1465.00
1161.00 1465.00
1161.00 1465.00
1161.00 1465.00
1161.00 1466.00
1161.00 1466.00
1161.00 1467.00
1161.00 1467.00
1161.00 1467.00
1160.99 1468.00
1160.99 1468.00
1160.94 1469.00
1160.94 1469.00
1160.73 1470.00
1160.73 1470.00
1160.53 1472.00
1160.53 1472.00
1160.53 1472.00
1160.53 1472.00
1160.40 1473.00
1160.40 1473.00
1160.40 1473.00
1160.13 1474.00
1160.13 1474.00
1160.01 1477.00
1160.01 1477.00
1160.01 1477.00
1160.01 1477.00
1160.01 1477.00
1160.01 1477.00
1160.01 1478.00
1160.01 1478.00
1160.01 1485.00
1160.01 1485.00
1160.01 1485.00
1160.01 1485.00
1160.01 1485.00
1160.01 1485.00
1160.01 1485.00
1160.01 1485.00
1160.01 1485.00
1160.01 1485.00
1160.01 1485.00
1160.01 1485.00
1160.01 1485.00
1160.01 1485.00
1160.01 1486.00
1160.01 1486.00
1160.01 1493.00
1160.01 1493.00
1160.01 1494.00
1160.01 1494.00
1160.01 1494.00
1160.01 1494.00
1160.01 1494.00
1160.10 1497.00
1160.10 1497.00
1160.40 1498.00
1160.40 1498.00
1160.40 1498.00
1160.76 1499.00
1160.76 1499.00
1160.90 1500.00
1160.90 1500.00
1160.90 1500.00
1160.90 1500.00
1160.90 1500.00
1160.90 1500.00
1160.90 1500.00
1160.90 1500.00
1160.90 1500.00
1160.90 1500.00
1160.90 1500.00
1160.90 1500.00
1160.90 1500.00
1160.90 1500.00
1160.84 1501.00
1160.84 1501.00
1160.35 1502.00
1160.35 1502.00
1160.06 1503.00
1160.06 1503.00
1160.02 1506.00
1160.02 1506.00
1160.02 1506.00
1160.02 1506.00
1160.02 1506.00
1160.02 1506.00
1160.02 1507.00
1160.02 1507.00
1160.00 1508.00
1160.00 1508.00
1160.00 1515.00
1160.00 1515.00
1160.00 1516.00
1160.00 1516.00
1160.00 1517.00
1160.00 1517.00
1160.00 1518.00
1160.00 1518.00
1160.00 1519.00
1160.00 1519.00
1160.00 1519.00
1160.00 1519.00
1160.00 1519.00
1160.00 1519.00
1160.00 1519.00
1160.00 1519.00
1160.00 1519.00
1160.00 1519.00
1160.00 1519.00
1160.00 1519.00
1160.00 1519.00
1160.00 1519.00
1160.00 1519.00
1160.00 1520.00
1160.00 1520.00
1160.00 1521.00
1160.00 1521.00
1160.00 1522.00
1160.00 1522.00
1160.00 1523.00
1160.00 1523.00
1160.00 1524.00
1160.00 1524.00
1160.00 1525.00
1160.00 1525.00
1160.00 1526.00
1160.00 1526.00
1160.00 1526.00
1160.00 1533.00
1160.00 1533.00
1160.00 1534.00
1160.00 1534.00
1160.00 1535.00
1160.00 1535.00
1160.00 1536.00
1160.00 1536.00
1160.01 1537.00
1160.01 1537.00
1160.01 1537.00
1160.01 1537.00
1160.07 1539.00
1160.07 1539.00
1160.31 1540.00
1160.31 1540.00
1160.85 1541.00
1160.85 1541.00
1160.99 1542.00
1160.99 1542.00
1161.00 1543.00
1161.00 1543.00
1161.00 1543.00
1161.00 1543.00
1161.00 1543.00
1161.00 1543.00
1160.99 1544.00
1160.95 1542.00
1160.95 1542.00
1160.95 1542.00
1160.95 1542.00
1161.00 1547.00
1161.01 1548.00
1161.01 1548.00
1161.01 1548.00
1161.01 1548.00
1161.01 1548.00
1161.01 1548.00
1161.01 1548.00
1161.01 1548.00
1161.01 1548.00
1161.01 1548.00
1161.01 1548.00
1161.01 1548.00
1161.01 1549.00
1161.01 1549.00
1161.01 1550.00
1161.01 1550.00
1161.00 1551.00
1161.00 1551.00
1161.00 1558.00
1160.99 1554.00
1160.99 1554.00
1160.99 1554.00
1160.99 1554.00
1160.99 1554.00
1161.00 1555.00
1161.00 1555.00
1161.00 1556.00
1161.00 1556.00
1161.00 1563.00
1161.00 1563.00
1161.00 1564.00
1161.00 1564.00
1161.00 1565.00
1161.00 1565.00
1161.00 1565.00
1161.00 1565.00
1161.00 1565.00
1161.00 1565.00
1161.00 1565.00
1161.00 1565.00
1161.00 1565.00
1160.99 1570.00
1160.99 1570.00
1160.88 1571.00
1160.88 1571.00
1160.57 1572.00
1160.57 1572.00
1160.21 1573.00
1160.21 1573.00
1160.04 1574.00
1160.04 1574.00
1160.01 1575.00
1160.01 1575.00
1160.01 1575.00
1160.01 1575.00
1160.01 1575.00
1160.01 1575.00
1160.09 1574.00
1160.36 1577.00
1160.37 1573.00
1160.56 1578.00
1160.56 1578.00
1160.56 1578.00
1160.56 1578.00
1160.36 1577.00
1160.36 1577.00
1160.36 1577.00
1160.20 1577.00
1160.20 1577.00
1160.20 1577.00
1160.56 1578.00
1160.56 1578.00
1160.87 1579.00
1160.87 1579.00
1160.98 1580.00
1160.98 1580.00
1161.00 1584.00
1161.00 1584.00
1161.00 1584.00
1161.00 1584.00
1161.00 1584.00
1161.00 1584.00
1161.00 1584.00
1161.00 1584.00
1161.00 1584.00
1161.00 1585.00
1161.00 1585.00
1161.00 1586.00
1161.00 1586.00
1161.02 1593.00
1161.02 1593.00
1161.00 1594.00
1161.00 1594.00
1161.00 1594.00
1161.00 1594.00
1161.00 1594.00
1161.00 1594.00
1160.99 1597.00
1160.99 1597.00
1160.99 1597.00
1160.99 1598.00
1160.99 1598.00
1160.99 1598.00
1160.99 1598.00
1161.01 1595.00
1161.01 1595.00
1161.01 1595.00
1161.01 1595.00
1161.01 1596.00
1161.01 1596.00
1161.01 1596.00
1161.06 1603.00
1161.06 1603.00
1161.29 1604.00
1161.29 1604.00
1161.29 1604.00
1161.15 1604.00
1161.15 1604.00
1161.15 1604.00
1161.29 1604.00
1161.29 1604.00
1161.29 1604.00
1161.48 1604.00
1161.48 1604.00
1161.48 1604.00
1161.48 1604.00
1161.29 1604.00
1161.48 1609.00
1161.48 1609.00
1161.48 1609.00
1161.48 1609.00
1161.31 1613.00
1161.31 1613.00
1161.31 1613.00
1161.48 1609.00
1161.49 1613.00
1161.53 1609.00
1161.53 1609.00
1161.65 1610.00
1161.68 1612.00
1161.82 1612.00
1161.88 1611.00
1161.82 1612.00
1161.82 1612.00
1161.49 1613.00
1161.49 1613.00
1161.05 1614.00
1161.05 1614.00
1161.02 1617.00
1161.02 1617.00
1161.02 1617.00
1161.02 1617.00
1161.02 1617.00
1161.02 1617.00
1161.09 1624.00
1161.09 1624.00
1161.35 1625.00
1161.35 1625.00
1161.73 1626.00
1161.73 1626.00
1161.54 1626.00
1161.54 1626.00
1161.54 1626.00
1161.54 1626.00
1161.54 1626.00
1161.54 1626.00
1161.73 1626.00
1161.73 1626.00
1161.73 1626.00
1161.73 1626.00
1161.73 1626.00
1161.73 1626.00
1161.87 1627.00
1161.87 1627.00
1161.98 1629.00
1161.98 1629.00
1161.98 1629.00
1161.98 1629.00
1161.99 1630.00
1161.99 1630.00
1162.00 1637.00
1162.00 1637.00
1162.00 1638.00
1162.00 1638.00
1162.00 1638.00
1162.00 1638.00
1162.00 1638.00
1162.00 1638.00
1162.00 1638.00
1162.00 1638.00
1162.00 1638.00
1162.00 1638.00
1162.00 1638.00
1162.00 1638.00
1162.00 1638.00
1162.00 1638.00
1162.00 1638.00
1162.00 1639.00
1162.00 1639.00
1162.00 1640.00
1162.00 1640.00
1162.00 1641.00
1162.00 1641.00
1162.00 1648.00
1162.00 1648.00
1162.00 1649.00
1162.00 1649.00
1161.99 1650.00
1161.99 1650.00
1161.88 1651.00
1161.88 1651.00
1161.63 1652.00
1161.63 1652.00
1161.48 1653.00
1161.48 1653.00
1161.48 1653.00
1161.48 1653.00
1161.48 1653.00
1161.48 1653.00
1161.28 1656.00
1161.28 1656.00
1161.28 1656.00
1161.46 1656.00
1161.46 1656.00
1161.46 1656.00
1161.46 1656.00
1161.46 1656.00
1161.48 1653.00
1161.46 1656.00
1161.63 1655.00
1161.63 1655.00
1161.73 1655.00
1161.46 1656.00
1161.46 1656.00
1161.05 1657.00
1161.05 1657.00
1161.01 1658.00
1161.01 1658.00
1161.33 1665.00
1161.33 1665.00
1162.04 1666.00
1162.04 1666.00
1162.04 1666.00
1162.36 1666.00
1162.36 1666.00
1162.62 1667.00
1162.81 1667.00
1346.01 167.00
1346.01 167.00
1346.01 167.00
1346.01 167.00
1346.01 167.00
1346.01 167.00
1346.01 167.00
1346.01 167.00
1346.00 168.00
1346.00 168.00
1346.00 170.00
1346.00 170.00
1346.00 170.00
1346.00 170.00
1345.99 171.00
1345.99 171.00
1345.85 172.00
1345.85 172.00
1345.32 173.00
1345.32 173.00
1345.07 174.00
1345.07 174.00
1345.01 175.00
1345.01 175.00
1345.00 176.00
1345.00 176.00
1345.00 177.00
1345.00 177.00
1345.00 178.00
1345.00 178.00
1345.00 179.00
1345.00 179.00
1344.95 181.00
1344.87 181.00
1344.87 181.00
1344.73 182.00
1344.73 182.00
1344.55 182.00
1344.36 183.00
1344.36 183.00
1344.08 184.00
1344.08 184.00
1344.01 186.00
1344.01 186.00
1344.01 186.00
1343.97 187.00
1343.90 187.00
1343.79 188.00
1343.63 188.00
1343.44 189.00
1343.12 190.00
1342.93 193.00
1342.84 194.00
1342.70 194.00
1342.51 194.00
1342.51 194.00
1342.33 195.00
1342.33 195.00
1342.17 195.00
1342.17 195.00
1342.07 196.00
1342.00 200.00
1341.96 201.00
1341.88 201.00
1341.74 202.00
1341.74 202.00
1341.56 202.00
1341.56 202.00
1341.56 202.00
1341.37 203.00
1341.37 203.00
1341.20 203.00
1341.20 203.00
1341.09 204.00
1341.03 204.00
1340.99 205.00
1340.93 205.00
1340.82 206.00
1340.82 206.00
1340.66 206.00
1340.66 206.00
1340.47 207.00
1340.28 207.00
1340.13 207.00
1340.02 208.00
1339.77 209.00
1339.60 209.00
1339.40 210.00
1339.23 210.00
1339.10 211.00
1339.04 211.00
1338.99 216.00
1338.98 215.00
1338.98 215.00
1338.98 215.00
1338.91 218.00
1338.91 218.00
1338.61 219.00
1338.61 219.00
1338.42 220.00
1338.24 220.00
1338.24 220.00
1338.24 220.00
1338.12 221.00
1338.04 221.00
1338.00 222.00
1338.00 224.00
1338.00 224.00
1337.99 225.00
1337.99 225.00
1337.99 225.00
1337.99 225.00
1337.93 227.00
1337.93 227.00
1337.65 228.00
1337.65 228.00
1337.14 229.00
1337.14 229.00
1337.02 230.00
1337.02 230.00
1337.00 231.00
1337.00 231.00
1337.00 232.00
1337.00 232.00
1336.99 233.00
1336.99 233.00
1336.99 233.00
1336.95 235.00
1336.95 235.00
1336.51 236.00
1336.51 236.00
1336.10 237.00
1336.10 237.00
1335.89 238.00
1335.89 238.00
1335.69 238.00
1335.69 238.00
1335.69 238.00
1335.48 239.00
1335.48 239.00
1335.48 239.00
1335.29 239.00
1335.29 239.00
1335.14 239.00
1335.14 239.00
1335.05 240.00
1335.00 240.00
1334.88 241.00
1334.88 241.00
1334.75 242.00
1334.75 242.00
1334.57 242.00
1334.57 242.00
1334.38 243.00
1334.38 243.00
1334.38 243.00
1334.09 244.00
1334.09 244.00
1333.93 245.00
1333.67 246.00
1333.49 247.00
1333.30 247.00
1333.15 247.00
1332.99 250.00
1332.87 251.00
1332.74 252.00
1332.74 252.00
1332.56 252.00
1332.56 252.00
1332.56 252.00
1332.37 253.00
1332.37 253.00
1332.21 253.00
1332.21 253.00
1332.09 254.00
1332.03 254.00
1331.97 256.00
1331.92 256.00
1331.81 257.00
1331.81 257.00
1331.66 257.00
1331.66 257.00
1331.47 258.00
1331.47 258.00
1331.47 258.00
1331.05 259.00
1331.05 259.00
1330.95 260.00
1330.95 260.00
1330.74 261.00
1330.74 261.00
1330.37 262.00
1330.37 262.00
1330.09 263.00
1330.09 263.00
1330.00 264.00
1330.00 264.00
1330.00 265.00
1330.00 265.00
1329.98 266.00
1329.98 266.00
1329.80 267.00
1329.80 267.00
1329.52 270.00
1329.52 270.00
1329.52 270.00
1329.52 270.00
1329.52 270.00
1329.32 271.00
1329.32 271.00
1329.08 272.00
1329.08 272.00
1328.91 274.00
1328.79 275.00
1328.44 276.00
1328.44 276.00
1328.26 276.00
1328.12 277.00
1328.03 277.00
1327.99 279.00
1327.95 279.00
1327.85 280.00
1327.85 280.00
1327.69 280.00
1327.69 280.00
1327.50 280.00
1327.50 280.00
1327.50 280.00
1327.32 281.00
1327.32 281.00
1327.07 282.00
1327.07 282.00
1327.01 283.00
1326.96 286.00
1326.89 286.00
1326.89 286.00
1326.76 287.00
1326.76 287.00
1326.58 287.00
1326.58 287.00
1326.39 288.00
1326.39 288.00
1326.39 288.00
1326.10 289.00
1326.10 289.00
1326.01 290.00
1326.01 290.00
1325.97 293.00
1325.92 293.00
1325.81 294.00
1325.66 294.00
1325.66 294.00
1325.66 294.00
1325.47 295.00
1325.47 295.00
1325.28 295.00
1325.28 295.00
1325.05 296.00
1325.05 296.00
1325.00 297.00
1325.00 298.00
1324.94 300.00
1324.86 301.00
1324.72 301.00
1324.72 301.00
1324.72 301.00
1324.54 301.00
1324.54 301.00
1324.35 302.00
1324.35 302.00
1324.07 303.00
1324.07 303.00
1324.01 305.00
1324.01 305.00
1323.99 307.00
1323.89 308.00
1323.89 308.00
1323.76 309.00
1323.76 309.00
1323.59 309.00
1323.59 309.00
1323.39 310.00
1323.39 310.00
1323.39 310.00
1323.22 310.00
1323.10 311.00
1323.10 311.00
1323.01 312.00
1322.97 314.00
1322.92 314.00
1322.81 315.00
1322.81 315.00
1322.65 315.00
1322.65 315.00
1322.47 316.00
1322.47 316.00
1322.47 316.00
1322.06 317.00
1322.06 317.00
1322.00 318.00
1322.00 318.00
1322.00 319.00
1321.95 320.00
1321.86 320.00
1321.72 321.00
1321.72 321.00
1321.35 322.00
1321.35 322.00
1321.09 323.00
1321.09 323.00
1321.00 324.00
1321.00 324.00
1321.00 325.00
1321.00 325.00
1320.97 326.00
1320.97 326.00
1320.79 327.00
1320.79 327.00
1320.44 328.00
1320.44 328.00
1320.12 329.00
1320.12 329.00
1320.01 331.00
1320.01 331.00
1320.01 331.00
1320.01 332.00
1320.01 332.00
1320.00 334.00
1320.00 334.00
1319.98 335.00
1319.93 335.00
1319.82 336.00
1319.82 336.00
1319.65 336.00
1319.65 336.00
1319.46 337.00
1319.46 337.00
1319.06 338.00
1319.06 338.00
1319.00 339.00
1319.00 339.00
1319.00 340.00
1319.00 342.00
1318.86 344.00
1318.72 344.00
1318.54 344.00
1318.35 345.00
1318.18 345.00
1318.08 346.00
1318.01 347.00
1318.01 347.00
1318.02 346.00
1318.08 346.00
1318.08 346.00
1318.08 346.00
1318.01 347.00
1317.89 350.00
1317.77 351.00
1317.40 352.00
1317.23 352.00
1317.11 353.00
1316.98 355.00
1316.83 356.00
1316.83 356.00
1316.68 356.00
1316.68 356.00
1316.49 357.00
1316.49 357.00
1316.49 357.00
1316.31 357.00
1316.31 357.00
1316.16 357.00
1316.16 357.00
1316.07 358.00
1315.99 360.00
1315.88 361.00
1315.88 361.00
1315.75 362.00
1315.75 362.00
1315.57 362.00
1315.57 362.00
1315.38 363.00
1315.38 363.00
1315.38 363.00
1315.21 363.00
1315.21 363.00
1315.10 364.00
1315.03 364.00
1315.00 367.00
1315.00 370.00
1315.00 370.00
1314.99 371.00
1314.99 371.00
1314.89 372.00
1314.89 372.00
1314.59 373.00
1314.40 374.00
1314.23 374.00
1314.23 374.00
1314.11 375.00
1314.11 375.00
1314.01 376.00
1314.00 377.00
1314.00 377.00
1314.00 378.00
1314.00 378.00
1313.99 379.00
1313.99 379.00
1313.92 380.00
1313.92 380.00
1313.65 381.00
1313.65 381.00
1313.28 382.00
1313.28 382.00
1313.05 383.00
1313.00 383.00
1312.95 384.00
1312.88 384.00
1312.74 385.00
1312.74 385.00
1312.56 385.00
1312.56 385.00
1312.56 385.00
1312.37 386.00
1312.37 386.00
1312.20 386.00
1312.20 386.00
1312.08 387.00
1312.02 387.00
1311.99 391.00
1311.99 391.00
1311.99 392.00
1311.99 392.00
1311.99 392.00
1311.99 392.00
1311.89 394.00
1311.57 395.00
1311.57 395.00
1311.38 396.00
1311.21 396.00
1311.21 396.00
1311.08 397.00
1310.97 397.00
1310.97 397.00
1310.86 398.00
1310.86 398.00
1310.86 398.00
1310.86 398.00
1310.86 398.00
1310.86 398.00
1310.97 397.00
1310.97 397.00
1311.08 397.00
1311.08 397.00
1310.86 398.00
1310.86 398.00
1310.33 399.00
1310.33 399.00
1310.07 400.00
1310.07 400.00
1310.01 405.00
1310.01 405.00
1310.01 405.00
1310.01 405.00
1310.01 405.00
1310.01 405.00
1310.01 405.00
1310.01 405.00
1310.01 405.00
1310.00 408.00
1309.94 409.00
1309.85 410.00
1309.85 410.00
1309.70 410.00
1309.70 410.00
1309.51 410.00
1309.51 410.00
1309.51 410.00
1309.32 411.00
1309.32 411.00
1309.17 411.00
1309.07 412.00
1309.07 412.00
1308.99 416.00
1308.87 418.00
1308.87 418.00
1308.73 419.00
1308.73 419.00
1308.55 419.00
1308.55 419.00
1308.55 419.00
1308.36 420.00
1308.36 420.00
1308.20 420.00
1308.20 420.00
1308.09 421.00
1308.03 421.00
1307.97 426.00
1307.90 426.00
1307.78 427.00
1307.78 427.00
1307.60 427.00
1307.60 427.00
1307.60 427.00
1307.41 428.00
1307.41 428.00
1307.24 428.00
1307.24 428.00
1307.11 429.00
1307.11 429.00
1307.01 430.00
1306.99 433.00
1306.92 434.00
1306.92 434.00
1306.67 435.00
1306.67 435.00
1306.49 436.00
1306.49 436.00
1306.49 436.00
1306.30 436.00
1306.30 436.00
1306.15 436.00
1306.15 436.00
1306.05 437.00
1306.00 438.00
1305.99 441.00
1305.99 441.00
1305.99 442.00
1305.99 442.00
1305.99 442.00
1305.99 442.00
1305.99 442.00
1305.99 442.00
1305.99 442.00
1305.99 442.00
1305.92 446.00
1305.92 446.00
1305.68 447.00
1305.68 447.00
1305.48 448.00
1305.48 448.00
1305.48 448.00
1305.48 448.00
1305.48 448.00
1305.48 448.00
1305.48 448.00
1305.48 448.00
1305.48 448.00
1305.48 448.00
1305.48 448.00
1305.48 448.00
1305.48 448.00
1305.48 448.00
1305.17 455.00
1305.17 455.00
1305.02 456.00
1305.02 456.00
1305.00 457.00
1305.00 457.00
1305.00 457.00
1305.00 457.00
1305.00 457.00
1304.99 459.00
1304.99 459.00
1304.98 460.00
1304.88 461.00
1304.88 461.00
1304.56 462.00
1304.56 462.00
1304.20 463.00
1304.20 463.00
1304.03 464.00
1304.03 464.00
1303.93 465.00
1303.93 465.00
1303.65 466.00
1303.65 466.00
1303.65 466.00
1303.15 467.00
1303.15 467.00
1303.02 468.00
1303.02 468.00
1302.99 469.00
1302.99 469.00
1302.99 470.00
1302.99 470.00
1302.87 471.00
1302.87 471.00
1302.54 472.00
1302.54 472.00
1302.35 473.00
1302.19 473.00
1302.19 473.00
1302.09 474.00
1302.09 474.00
1302.02 474.00
1301.98 475.00
1301.98 475.00
1302.02 474.00
1302.09 474.00
1302.19 473.00
1302.19 473.00
1302.35 473.00
1302.35 473.00
1302.09 474.00
1302.09 474.00
1301.98 475.00
1301.98 475.00
1301.82 476.00
1301.82 476.00
1301.47 477.00
1301.47 477.00
1301.05 478.00
1301.05 478.00
1301.01 479.00
1301.01 479.00
1301.00 480.00
1301.00 481.00
1301.00 481.00
1300.98 482.00
1300.98 482.00
1300.86 483.00
1300.86 483.00
1300.34 484.00
1300.34 484.00
1300.05 485.00
1300.05 485.00
1299.81 486.00
1299.81 486.00
1299.46 487.00
1299.46 487.00
1299.14 488.00
1299.14 488.00
1299.00 494.00
1299.00 494.00
1299.00 494.00
1299.00 494.00
1299.00 494.00
1299.00 494.00
1299.00 494.00
1299.00 494.00
1299.00 494.00
1299.00 494.00
1299.00 494.00
1299.00 495.00
1299.00 495.00
1299.00 496.00
1299.00 496.00
1299.00 497.00
1299.00 501.00
1299.00 501.00
1299.00 501.00
1299.00 501.00
1299.00 501.00
1299.00 501.00
1299.00 501.00
1299.00 501.00
1299.00 502.00
1299.00 502.00
1299.00 503.00
1299.00 503.00
1298.99 510.00
1298.99 510.00
1298.98 511.00
1298.98 511.00
1298.98 511.00
1298.98 511.00
1298.92 513.00
1298.92 513.00
1298.63 514.00
1298.63 514.00
1298.26 515.00
1298.26 515.00
1298.02 516.00
1298.02 516.00
1298.01 517.00
1298.01 517.00
1298.01 517.00
1297.99 519.00
1297.99 519.00
1297.99 520.00
1297.99 520.00
1297.99 520.00
1297.99 520.00
1297.94 522.00
1297.94 522.00
1297.67 523.00
1297.67 523.00
1297.14 524.00
1297.14 524.00
1296.92 525.00
1296.92 525.00
1296.61 526.00
1296.61 526.00
1296.24 527.00
1296.24 527.00
1295.99 528.00
1295.99 528.00
1295.54 529.00
1295.35 530.00
1295.35 530.00
1295.35 530.00
1295.35 530.00
1295.54 529.00
1295.54 529.00
1295.72 529.00
1295.72 529.00
1295.72 529.00
1295.54 529.00
1295.54 529.00
1295.54 529.00
1295.35 530.00
1295.35 530.00
1295.19 530.00
1295.08 531.00
1295.01 536.00
1295.01 536.00
1294.98 538.00
1294.98 538.00
1294.98 538.00
1294.98 538.00
1294.95 541.00
1294.95 541.00
1294.51 542.00
1294.51 542.00
1294.33 543.00
1294.33 543.00
1294.17 543.00
1294.17 543.00
1294.07 544.00
1294.02 544.00
1293.98 545.00
1293.91 545.00
1293.79 546.00
1293.79 546.00
1293.79 546.00
1293.79 546.00
1293.79 546.00
1293.91 545.00
1294.02 544.00
1294.07 544.00
1293.98 545.00
1293.98 545.00
1293.79 546.00
1293.79 546.00
1293.79 546.00
1293.43 547.00
1293.43 547.00
1293.12 548.00
1293.01 549.00
1293.01 549.00
1292.98 550.00
1292.98 550.00
1292.86 551.00
1292.86 551.00
1292.86 551.00
1292.34 552.00
1292.34 552.00
1292.05 553.00
1292.05 553.00
1291.82 554.00
1291.82 554.00
1291.46 555.00
1289.01 585.00
1289.01 585.00
1289.01 585.00
1289.01 585.00
1289.01 585.00
1289.01 585.00
1289.01 585.00
1289.01 585.00
1289.01 585.00
1289.01 585.00
1289.01 585.00
1289.01 585.00
1289.01 586.00
1289.01 586.00
1289.01 590.00
1289.01 590.00
1289.01 590.00
1289.01 590.00
1289.01 590.00
1289.01 590.00
1289.01 590.00
1288.98 591.00
1288.98 591.00
1288.79 592.00
1288.79 592.00
1288.43 593.00
1288.43 593.00
1288.12 594.00
1288.12 594.00
1288.01 595.00
1288.01 595.00
1288.00 597.00
1288.00 597.00
1288.00 597.00
1288.00 597.00
1288.00 602.00
1288.00 602.00
1288.00 602.00
1288.00 602.00
1288.00 602.00
1288.00 602.00
1288.00 602.00
1288.00 602.00
1288.00 602.00
1288.00 602.00
1287.97 603.00
1287.97 603.00
1287.81 604.00
1287.81 604.00
1287.46 605.00
1287.46 605.00
1287.13 606.00
1287.01 608.00
1287.01 608.00
1287.01 608.00
1287.01 608.00
1287.01 609.00
1287.01 609.00
1287.00 610.00
1287.00 610.00
1286.99 611.00
1286.99 611.00
1286.98 612.00
1286.98 612.00
1286.84 613.00
1286.84 613.00
1286.50 614.00
1286.50 614.00
1286.06 615.00
1286.06 615.00
1286.01 617.00
1286.01 617.00
1286.01 617.00
1286.01 618.00
1286.01 618.00
1286.01 624.00
1286.01 624.00
1286.01 624.00
1286.01 624.00
1286.01 624.00
1286.01 624.00
1286.01 624.00
1286.01 624.00
1286.01 624.00
1286.01 624.00
1286.01 624.00
1286.01 624.00
1286.00 625.00
1286.00 625.00
1286.00 626.00
1286.00 626.00
1286.00 628.00
1286.00 628.00
1286.00 628.00
1286.00 628.00
1285.97 629.00
1285.97 629.00
1285.79 630.00
1285.79 630.00
1285.44 631.00
1285.44 631.00
1285.12 632.00
1285.12 632.00
1285.01 636.00
1285.01 636.00
1285.01 636.00
1285.01 636.00
1285.01 636.00
1285.01 636.00
1285.01 636.00
1285.01 636.00
1285.01 637.00
1285.01 637.00
1285.00 641.00
1285.00 641.00
1285.00 641.00
1285.00 641.00
1285.00 641.00
1285.00 641.00
1285.00 641.00
1285.00 641.00
1284.98 642.00
1284.98 642.00
1284.78 643.00
1284.78 643.00
1284.41 644.00
1284.12 645.00
1284.12 645.00
1284.01 646.00
1284.01 646.00
1284.00 648.00
1284.00 648.00
1284.00 648.00
1284.00 648.00
1284.00 649.00
1284.00 649.00
1284.00 650.00
1284.00 650.00
1283.97 651.00
1283.97 651.00
1283.81 652.00
1283.81 652.00
1283.46 653.00
1283.46 653.00
1283.06 654.00
1283.06 654.00
1283.01 655.00
1283.01 655.00
1283.00 658.00
1283.00 658.00
1283.00 658.00
1283.00 658.00
1283.00 658.00
1283.00 658.00
1282.99 659.00
1282.99 659.00
1282.85 660.00
1282.85 660.00
1282.32 661.00
1282.32 661.00
1282.07 662.00
1282.07 662.00
1282.01 665.00
1282.01 665.00
1282.01 665.00
1282.01 671.00
1282.01 671.00
1282.01 671.00
1282.01 671.00
1282.01 671.00
1282.01 671.00
1282.01 671.00
1282.01 671.00
1282.01 671.00
1282.01 671.00
1282.01 671.00
1282.01 671.00
1282.01 671.00
1282.01 671.00
1282.01 671.00
1282.01 672.00
1282.00 675.00
1282.00 675.00
1282.00 675.00
1282.00 675.00
1282.00 675.00
1282.00 675.00
1281.98 676.00
1281.98 676.00
1281.81 677.00
1281.81 677.00
1281.45 678.00
1281.45 678.00
1281.05 679.00
1281.05 679.00
1281.01 681.00
1281.01 681.00
1281.01 681.00
1281.01 681.00
1281.00 682.00
1281.00 682.00
1281.00 684.00
1281.00 684.00
1281.00 684.00
1280.99 685.00
1280.99 685.00
1280.84 686.00
1280.84 686.00
1280.31 687.00
1280.31 687.00
1280.07 688.00
1280.07 688.00
1280.07 688.00
1280.00 691.00
1280.00 691.00
1280.00 691.00
1280.00 691.00
1280.00 691.00
1280.00 698.00
1280.00 698.00
1280.00 699.00
1280.00 699.00
1280.00 699.00
1280.00 699.00
1280.00 699.00
1280.00 699.00
1280.00 699.00
1280.00 699.00
1280.00 699.00
1280.00 699.00
1280.00 699.00
1280.00 699.00
1280.00 705.00
1280.00 705.00
1280.00 706.00
1280.00 706.00
1280.00 706.00
1280.00 706.00
1280.00 706.00
1280.00 706.00
1280.00 706.00
1280.00 706.00
1280.00 705.00
1279.94 711.00
1279.94 711.00
1279.71 712.00
1279.71 712.00
1279.71 712.00
1279.53 712.00
1279.53 712.00
1279.34 713.00
1279.34 713.00
1279.34 713.00
1279.18 713.00
1279.18 713.00
1279.07 714.00
1278.99 715.00
1278.99 715.00
1278.99 715.00
1278.99 715.00
1278.99 715.00
1278.99 715.00
1278.99 715.00
1278.99 715.00
1278.99 716.00
1278.99 716.00
1278.99 723.00
1278.99 723.00
1278.99 724.00
1278.99 724.00
1278.99 724.00
1278.99 724.00
1278.99 724.00
1278.99 724.00
1278.99 724.00
1278.99 724.00
1278.99 724.00
1278.99 724.00
1278.99 724.00
1278.99 724.00
1278.99 724.00
1278.99 725.00
1278.99 725.00
1279.00 732.00
1279.00 732.00
1279.00 733.00
1279.00 733.00
1278.99 734.00
1278.99 734.00
1278.88 735.00
1278.88 735.00
1278.57 736.00
1278.57 736.00
1278.21 737.00
1278.21 737.00
1278.03 738.00
1278.03 738.00
1278.00 739.00
1278.00 739.00
1278.00 740.00
1278.00 740.00
1278.00 741.00
1278.00 741.00
1278.00 741.00
1278.00 741.00
1278.00 741.00
1278.00 741.00
1278.00 741.00
1278.00 741.00
1278.00 741.00
1278.00 741.00
1278.00 741.00
1277.99 746.00
1277.88 747.00
1277.88 747.00
1277.59 748.00
1277.59 748.00
1277.22 749.00
1277.22 749.00
1277.02 750.00
1277.02 750.00
1277.00 751.00
1277.00 751.00
1277.00 751.00
1277.00 751.00
1277.00 753.00
1277.00 753.00
1276.99 754.00
1276.99 754.00
1276.99 754.00
1276.99 754.00
1276.91 756.00
1276.91 756.00
1276.62 757.00
1276.25 758.00
1276.25 758.00
1276.04 759.00
1276.04 759.00
1276.00 760.00
1276.00 760.00
1276.00 760.00
1276.00 760.00
1276.00 760.00
1276.00 762.00
1276.00 762.00
1275.99 763.00
1275.99 763.00
1275.99 763.00
1275.99 763.00
1275.99 763.00
1275.99 763.00
1275.99 763.00
1275.99 763.00
1275.99 763.00
1275.99 763.00
1275.99 763.00
1275.99 769.00
1275.99 769.00
1275.90 770.00
1275.90 770.00
1275.60 771.00
1275.60 771.00
1275.23 772.00
1275.23 772.00
1275.03 773.00
1275.03 773.00
1275.03 773.00
1274.99 774.00
1274.99 774.00
1274.99 774.00
1274.99 774.00
1274.99 774.00
1274.99 774.00
1274.99 774.00
1274.99 774.00
1274.99 774.00
1274.99 774.00
1274.99 774.00
1274.99 780.00
1274.99 780.00
1274.99 780.00
1274.99 780.00
1274.99 782.00
1274.99 782.00
1274.89 783.00
1274.89 783.00
1274.60 784.00
1274.60 784.00
1274.23 785.00
1274.23 785.00
1274.03 786.00
1274.03 786.00
1274.01 787.00
1274.01 787.00
1274.01 787.00
1274.01 787.00
1274.00 789.00
1274.00 789.00
1273.99 790.00
1273.99 790.00
1273.99 791.00
1273.99 791.00
1273.99 791.00
1273.99 791.00
1273.99 791.00
1273.99 791.00
1273.99 791.00
1273.99 795.00
1273.99 795.00
1273.88 796.00
1273.88 796.00
1273.58 797.00
1273.58 797.00
1273.58 797.00
1273.22 798.00
1273.22 798.00
1273.04 799.00
1273.04 799.00
1273.00 800.00
1273.00 800.00
1273.00 801.00
1273.00 801.00
1273.00 802.00
1272.99 803.00
1272.99 803.00
1272.91 804.00
1272.91 804.00
1272.64 805.00
1272.64 805.00
1272.27 806.00
1272.27 806.00
1272.13 807.00
1272.13 807.00
1272.27 806.00
1272.27 806.00
1272.27 806.00
1272.45 806.00
1272.27 806.00
1272.27 806.00
1272.27 806.00
1272.13 807.00
1272.13 807.00
1272.04 807.00
1271.99 812.00
1271.99 812.00
1271.99 812.00
1271.99 812.00
1271.99 812.00
1271.99 812.00
1271.99 812.00
1271.99 812.00
1271.99 812.00
1271.99 812.00
1271.99 818.00
1271.99 818.00
1271.89 819.00
1271.89 819.00
1271.61 820.00
1271.61 820.00
1271.24 821.00
1271.24 821.00
1271.03 822.00
1271.03 822.00
1271.11 822.00
1271.11 822.00
1271.24 821.00
1271.11 822.00
1271.11 822.00
1271.11 822.00
1271.00 823.00
1270.99 826.00
1270.99 827.00
1270.99 827.00
1270.99 827.00
1270.99 827.00
1270.91 829.00
1270.91 829.00
1270.64 830.00
1270.80 830.00
1270.80 830.00
1270.91 829.00
1270.98 829.00
1270.98 829.00
1270.91 829.00
1270.80 830.00
1270.80 830.00
1270.64 830.00
1270.64 830.00
1270.64 830.00
1270.45 831.00
1270.45 831.00
1270.27 831.00
1270.27 831.00
1270.13 832.00
1270.01 838.00
1270.01 838.00
1270.00 835.00
1269.98 834.00
1269.99 835.00
1269.99 835.00
1270.00 842.00
1270.00 842.00
1270.01 838.00
1270.01 838.00
1270.01 838.00
1270.01 838.00
1270.01 838.00
1270.01 839.00
1270.01 839.00
1269.99 845.00
1269.99 845.00
1269.99 845.00
1269.99 845.00
1269.99 845.00
1269.99 845.00
1269.99 845.00
1269.94 850.00
1269.94 850.00
1269.52 851.00
1269.52 851.00
1269.18 852.00
1269.18 852.00
1269.33 852.00
1269.33 852.00
1269.33 852.00
1269.52 851.00
1269.52 851.00
1269.52 851.00
1269.52 851.00
1269.52 851.00
1269.33 852.00
1269.33 852.00
1269.18 852.00
1269.18 852.00
1269.08 853.00
1269.02 853.00
1269.00 854.00
1269.00 854.00
1269.00 861.00
1269.00 861.00
1269.00 862.00
1269.00 862.00
1269.00 863.00
1269.00 863.00
1269.00 863.00
1269.00 863.00
1269.00 865.00
1269.00 865.00
1268.93 866.00
1268.67 867.00
1268.67 867.00
1268.15 868.00
1268.15 868.00
1268.01 869.00
1268.01 869.00
1268.05 869.00
1268.15 868.00
1268.15 868.00
1268.15 868.00
1268.15 868.00
1268.15 868.00
1268.05 869.00
1268.01 869.00
1267.99 870.00
1267.99 870.00
1267.99 870.00
1267.99 870.00
1267.99 876.00
1267.99 876.00
1267.99 876.00
1267.99 876.00
1267.99 876.00
1267.99 876.00
1267.99 876.00
1267.99 876.00
1267.99 876.00
1267.99 876.00
1267.99 876.00
1267.99 881.00
1267.99 881.00
1267.91 882.00
1267.91 882.00
1267.63 883.00
1267.44 884.00
1267.26 884.00
1267.26 884.00
1267.26 884.00
1267.12 885.00
1267.04 885.00
1267.00 886.00
1267.00 886.00
1267.00 888.00
1267.00 888.00
1266.99 889.00
1266.99 889.00
1266.99 889.00
1266.99 889.00
1266.99 889.00
1266.99 889.00
1266.99 889.00
1266.99 889.00
1266.99 889.00
1266.99 889.00
1266.99 894.00
1266.99 894.00
1266.99 894.00
1266.99 894.00
1266.90 896.00
1266.90 896.00
1266.60 897.00
1266.60 897.00
1266.41 898.00
1266.23 898.00
1266.23 898.00
1266.11 899.00
1266.03 899.00
1265.99 900.00
1265.99 900.00
1265.99 900.00
1265.99 900.00
1265.99 900.00
1265.99 900.00
1265.99 900.00
1265.99 900.00
1265.99 900.00
1265.99 900.00
1265.99 900.00
1265.99 900.00
1265.99 900.00
1265.99 901.00
1265.99 901.00
1266.00 908.00
1266.00 908.00
1266.00 908.00
1266.00 908.00
1266.00 908.00
1266.00 908.00
1266.00 908.00
1266.00 908.00
1266.00 908.00
1266.00 908.00
1266.00 908.00
1266.00 908.00
1266.00 908.00
1266.00 909.00
1266.00 909.00
1266.00 910.00
1266.00 910.00
1266.00 917.00
1266.00 917.00
1266.00 918.00
1266.00 918.00
1266.00 918.00
1266.00 918.00
1266.00 918.00
1266.00 918.00
1266.00 918.00
1266.00 918.00
1266.00 918.00
1266.00 918.00
1266.00 918.00
1266.00 918.00
1266.00 918.00
1266.02 919.00
1266.02 919.00
1266.18 920.00
1266.18 920.00
1266.16 931.00
1266.02 932.00
1266.02 932.00
1266.00 933.00
1266.00 933.00
1266.00 933.00
1266.00 933.00
1265.02 944.00
1265.00 945.00
1265.00 945.00
1265.00 946.00
1265.00 946.00
1265.00 947.00
1265.00 947.00
1265.00 948.00
1264.86 950.00
1264.86 950.00
1264.55 951.00
1264.55 951.00
1264.19 952.00
1264.19 952.00
1264.03 953.00
1264.03 953.00
1264.00 954.00
1264.00 954.00
1264.00 955.00
1264.00 955.00
1264.00 956.00
1264.00 956.00
1264.00 956.00
1264.00 956.00
1264.00 956.00
1264.00 956.00
1264.00 959.00
1264.00 959.00
1263.99 960.00
1263.99 960.00
1263.99 960.00
1263.99 960.00
1263.87 962.00
1263.87 962.00
1263.54 963.00
1263.54 963.00
1263.19 964.00
1263.19 964.00
1263.03 965.00
1263.03 965.00
1263.00 966.00
1263.00 967.00
1263.00 967.00
1263.00 967.00
1263.00 967.00
1263.00 967.00
1263.00 967.00
1263.00 967.00
1263.00 967.00
1263.00 967.00
1263.00 967.00
1263.00 967.00
1263.00 967.00
1263.00 967.00
1263.00 967.00
1263.00 967.00
1263.00 974.00
1263.00 975.00
1263.00 975.00
1263.00 976.00
1263.00 976.00
1263.00 976.00
1263.00 976.00
1263.00 976.00
1263.00 976.00
1263.00 976.00
1263.00 976.00
1263.00 976.00
1263.00 976.00
1263.00 976.00
1263.00 976.00
1261.60 1000.00
1261.23 1001.00
1261.23 1001.00
1261.03 1002.00
1261.03 1002.00
1261.00 1003.00
1261.00 1003.00
1261.00 1004.00
1261.00 1004.00
1260.92 1005.00
1260.92 1005.00
1260.92 1005.00
1260.66 1006.00
1260.66 1006.00
1260.14 1007.00
1260.14 1007.00
1259.91 1008.00
1259.91 1008.00
1259.61 1009.00
1259.61 1009.00
1259.24 1010.00
1259.41 1010.00
1259.41 1010.00
1259.41 1010.00
1259.61 1009.00
1259.61 1009.00
1259.78 1009.00
1260.02 1008.00
1260.14 1007.00
1260.02 1008.00
1260.02 1008.00
1259.78 1009.00
1259.78 1009.00
1259.41 1010.00
1259.41 1010.00
1259.10 1011.00
1259.10 1011.00
1259.02 1013.00
1259.02 1013.00
1259.02 1013.00
1259.02 1013.00
1259.02 1014.00
1259.02 1014.00
1259.01 1021.00
1259.01 1021.00
1259.01 1022.00
1259.01 1022.00
1259.01 1022.00
1259.01 1022.00
1259.01 1022.00
1259.01 1022.00
1259.01 1022.00
1259.01 1022.00
1259.01 1022.00
1259.01 1022.00
1259.01 1022.00
1259.01 1022.00
1259.01 1022.00
1259.01 1022.00
1259.01 1022.00
1259.01 1023.00
1259.01 1023.00
1259.01 1024.00
1259.01 1024.00
1259.00 1025.00
1259.00 1026.00
1259.00 1026.00
1259.00 1027.00
1259.00 1027.00
1259.00 1028.00
1259.00 1028.00
1259.00 1029.00
1259.00 1029.00
1259.00 1030.00
1259.00 1030.00
1259.00 1037.00
1259.00 1037.00
1259.00 1038.00
1259.00 1038.00
1259.00 1039.00
1259.00 1039.00
1259.00 1034.00
1259.00 1034.00
1259.00 1035.00
1259.00 1035.00
1259.00 1036.00
1259.00 1037.00
1259.00 1037.00
1259.00 1038.00
1259.00 1038.00
1259.00 1039.00
1259.00 1039.00
1259.00 1046.00
1259.00 1046.00
1258.99 1047.00
1258.99 1047.00
1258.98 1048.00
1258.98 1048.00
1258.98 1048.00
1258.98 1048.00
1258.98 1048.00
1258.98 1048.00
1258.98 1048.00
1258.98 1048.00
1258.89 1052.00
1258.89 1052.00
1258.52 1053.00
1257.61 1054.00
1257.61 1054.00
1257.10 1055.00
1257.10 1055.00
1256.89 1056.00
1256.68 1056.00
1256.68 1056.00
1256.68 1056.00
1256.68 1056.00
1256.89 1056.00
1257.10 1055.00
1257.10 1055.00
1257.34 1055.00
1257.61 1054.00
1257.61 1054.00
1257.34 1055.00
1257.34 1055.00
1257.34 1055.00
1256.89 1056.00
1256.89 1056.00
1256.48 1057.00
1256.48 1057.00
1256.07 1064.00
1256.07 1064.00
1256.43 1065.00
1256.43 1065.00
1256.51 1066.00
1256.51 1066.00
1256.51 1066.00
1256.51 1066.00
1256.51 1066.00
1256.51 1066.00
1256.51 1066.00
1256.51 1066.00
1256.51 1066.00
1256.51 1066.00
1256.51 1066.00
1256.51 1066.00
1256.51 1066.00
1256.41 1067.00
1256.41 1067.00
1256.49 1074.00
1256.49 1074.00
1256.83 1075.00
1256.83 1075.00
1256.97 1076.00
1256.97 1076.00
1256.99 1077.00
1256.99 1077.00
1256.99 1077.00
1256.99 1077.00
1256.99 1077.00
1256.99 1077.00
1256.99 1077.00
1256.93 1076.00
1256.89 1078.00
1256.80 1081.00
1256.77 1079.00
1256.65 1081.00
1256.63 1079.00
1256.51 1080.00
1256.47 1080.00
1256.47 1080.00
1256.47 1080.00
1256.47 1080.00
1256.47 1080.00
1256.47 1080.00
1256.65 1081.00
1256.89 1088.00
1256.89 1088.00
1256.61 1089.00
1256.61 1089.00
1256.24 1090.00
1256.24 1090.00
1256.03 1091.00
1256.03 1091.00
1255.99 1092.00
1255.99 1092.00
1255.99 1092.00
1255.99 1092.00
1255.99 1092.00
1255.99 1092.00
1255.99 1092.00
1255.99 1092.00
1255.99 1092.00
1255.99 1092.00
1255.99 1092.00
1255.99 1092.00
1255.99 1092.00
1255.99 1092.00
1255.99 1093.00
1255.99 1093.00
1255.99 1100.00
1255.99 1100.00
1255.99 1101.00
1255.99 1101.00
1255.99 1101.00
1255.99 1101.00
1255.99 1101.00
1255.99 1101.00
1255.99 1101.00
1255.99 1101.00
1255.99 1101.00
1255.99 1101.00
1255.95 1106.00
1255.95 1106.00
1255.51 1107.00
1255.51 1107.00
1255.17 1108.00
1255.17 1108.00
1255.02 1109.00
1255.02 1109.00
1255.00 1110.00
1255.00 1110.00
1255.00 1110.00
1255.00 1110.00
1255.00 1112.00
1255.00 1112.00
1255.00 1113.00
1255.00 1113.00
1255.00 1114.00
1255.00 1114.00
1255.00 1114.00
1255.00 1114.00
1255.00 1114.00
1255.00 1114.00
1255.00 1114.00
1255.00 1114.00
1255.00 1114.00
1255.00 1114.00
1255.00 1114.00
1255.00 1114.00
1255.00 1120.00
1255.00 1120.00
1255.00 1121.00
1255.00 1121.00
1254.99 1122.00
1254.99 1122.00
1254.91 1123.00
1254.67 1124.00
1254.67 1124.00
1254.48 1125.00
1254.48 1125.00
1254.48 1125.00
1254.48 1125.00
1254.48 1125.00
1254.22 1127.00
1254.22 1127.00
1254.02 1128.00
1254.02 1128.00
1253.98 1129.00
1254.02 1128.00
1254.10 1128.00
1254.22 1127.00
1254.22 1127.00
1254.22 1127.00
1254.22 1127.00
1254.10 1128.00
1254.10 1128.00
1254.02 1128.00
1254.00 1132.00
1253.99 1129.00
1254.01 1135.00
1254.01 1135.00
1254.01 1135.00
1254.01 1135.00
1254.01 1135.00
1254.01 1135.00
1254.01 1135.00
1254.01 1135.00
1254.01 1135.00
1254.01 1135.00
1254.00 1139.00
1254.00 1140.00
1253.99 1141.00
1253.99 1141.00
1253.99 1142.00
1253.99 1142.00
1253.99 1143.00
1253.99 1143.00
1253.99 1143.00
1253.99 1143.00
1253.99 1143.00
1253.99 1143.00
1253.99 1143.00
1253.99 1143.00
1253.99 1143.00
1253.99 1143.00
1253.99 1143.00
1253.99 1143.00
1253.99 1143.00
1253.99 1143.00
1253.99 1143.00
1253.99 1143.00
1253.99 1144.00
1253.99 1144.00
1253.99 1145.00
1253.99 1145.00
1253.99 1145.00
1254.00 1146.00
1254.00 1146.00
1254.00 1153.00
1254.00 1153.00
1254.00 1153.00
1254.00 1153.00
1254.00 1153.00
1254.00 1153.00
1254.00 1153.00
1254.00 1153.00
1254.00 1153.00
1254.00 1153.00
1254.00 1153.00
1254.00 1153.00
1254.00 1153.00
1254.00 1154.00
1254.00 1154.00
1254.00 1155.00
1254.00 1155.00
1254.00 1156.00
1254.00 1156.00
1254.02 1157.00
1254.02 1157.00
1254.04 1164.00
1254.04 1164.00
1254.00 1165.00
1254.00 1165.00
1254.00 1166.00
1254.00 1166.00
1254.00 1167.00
1254.00 1167.00
1254.00 1168.00
1254.00 1168.00
1254.00 1168.00
1254.00 1168.00
1254.00 1168.00
1254.00 1168.00
1254.00 1168.00
1254.00 1168.00
1254.00 1168.00
1254.00 1168.00
1254.00 1168.00
1254.00 1168.00
1253.99 1174.00
1253.89 1175.00
1253.89 1175.00
1253.60 1176.00
1253.60 1176.00
1253.23 1177.00
1253.23 1177.00
1253.03 1178.00
1253.03 1178.00
1253.00 1179.00
1253.00 1179.00
1253.00 1179.00
1253.00 1179.00
1253.00 1181.00
1253.00 1181.00
1252.99 1182.00
1252.99 1182.00
1252.99 1182.00
1252.99 1182.00
1252.91 1184.00
1252.91 1184.00
1252.62 1185.00
1252.62 1185.00
1252.25 1186.00
1252.25 1186.00
1252.05 1187.00
1252.05 1187.00
1252.00 1188.00
1252.00 1188.00
1252.00 1189.00
1252.00 1189.00
1252.00 1189.00
1252.00 1190.00
1252.00 1190.00
1252.00 1191.00
1252.00 1191.00
1252.00 1191.00
1251.99 1193.00
1251.99 1193.00
1251.92 1194.00
1251.92 1194.00
1251.67 1195.00
1251.67 1195.00
1251.67 1195.00
1251.14 1196.00
1251.29 1196.00
1251.29 1196.00
1251.29 1196.00
1251.29 1196.00
1251.29 1196.00
1251.29 1196.00
1251.48 1196.00
1251.48 1196.00
1251.48 1196.00
1251.67 1195.00
1251.67 1195.00
1251.48 1196.00
1251.48 1196.00
1251.48 1196.00
1251.05 1197.00
1251.05 1197.00
1251.02 1200.00
1251.02 1200.00
1251.02 1200.00
1251.02 1200.00
1251.02 1200.00
1251.02 1200.00
1251.00 1201.00
1251.00 1201.00
1251.00 1208.00
1251.00 1208.00
1251.00 1209.00
1251.00 1209.00
1251.00 1209.00
1251.00 1209.00
1251.00 1209.00
1251.00 1209.00
1251.00 1209.00
1251.00 1209.00
1251.00 1209.00
1251.00 1209.00
1251.00 1209.00
1251.00 1209.00
1251.00 1209.00
1251.00 1209.00
1251.00 1210.00
1251.00 1210.00
1251.00 1211.00
1251.00 1211.00
1251.00 1212.00
1251.00 1212.00
1251.00 1213.00
1251.00 1213.00
1251.00 1214.00
1251.00 1214.00
1251.00 1215.00
1251.00 1215.00
1251.00 1222.00
1251.00 1222.00
1251.00 1223.00
1251.00 1223.00
1251.00 1224.00
1251.00 1225.00
1251.00 1225.00
1251.00 1220.00
1251.00 1220.00
1251.00 1221.00
1251.00 1221.00
1251.00 1222.00
1251.00 1222.00
1251.00 1223.00
1251.00 1223.00
1251.00 1224.00
1251.00 1224.00
1251.00 1225.00
1251.00 1225.00
1251.00 1232.00
1251.00 1232.00
1251.00 1233.00
1251.00 1233.00
1251.00 1234.00
1251.00 1234.00
1251.00 1235.00
1251.00 1235.00
1251.00 1236.00
1251.00 1236.00
1251.00 1236.00
1251.00 1236.00
1251.00 1236.00
1251.00 1236.00
1251.00 1236.00
1251.00 1236.00
1251.00 1236.00
1251.00 1236.00
1251.00 1236.00
1251.00 1236.00
1250.99 1242.00
1250.99 1242.00
1250.99 1243.00
1250.99 1243.00
1250.99 1243.00
1250.99 1243.00
1250.88 1245.00
1250.88 1245.00
1250.56 1246.00
1250.56 1246.00
1250.20 1247.00
1250.20 1247.00
1250.02 1248.00
1250.02 1248.00
1250.00 1249.00
1250.00 1249.00
1250.00 1249.00
1250.00 1249.00
1250.00 1249.00
1250.00 1249.00
1250.00 1252.00
1250.00 1252.00
1249.99 1253.00
1249.99 1253.00
1249.99 1254.00
1249.99 1254.00
1249.99 1254.00
1249.99 1254.00
1249.99 1254.00
1249.99 1254.00
1249.99 1254.00
1249.99 1254.00
1249.99 1254.00
1249.99 1254.00
1249.99 1254.00
1249.99 1254.00
1249.99 1254.00
1249.99 1254.00
1249.99 1255.00
1249.99 1255.00
1250.00 1256.00
1250.00 1256.00
1250.00 1257.00
1250.00 1257.00
1250.00 1264.00
1250.00 1264.00
1250.00 1265.00
1250.00 1265.00
1250.00 1266.00
1250.00 1266.00
1249.99 1267.00
1249.99 1267.00
1249.99 1268.00
1249.99 1268.00
1249.99 1269.00
1249.99 1269.00
1249.99 1270.00
1249.99 1270.00
1249.99 1270.00
1249.99 1270.00
1249.99 1270.00
1249.99 1270.00
1249.99 1270.00
1249.99 1270.00
1249.99 1270.00
1249.99 1270.00
1249.99 1270.00
1249.99 1270.00
1249.99 1270.00
1249.99 1270.00
1249.94 1277.00
1249.94 1277.00
1249.50 1278.00
1249.50 1278.00
1249.25 1279.00
1249.25 1279.00
1249.25 1279.00
1249.25 1279.00
1249.25 1279.00
1249.25 1279.00
1249.25 1279.00
1249.25 1279.00
1249.25 1279.00
1249.25 1279.00
1249.25 1279.00
1249.25 1279.00
1249.25 1279.00
1249.25 1279.00
1249.19 1286.00
1249.19 1286.00
1249.03 1287.00
1249.03 1287.00
1249.00 1288.00
1249.00 1288.00
1249.00 1289.00
1249.00 1289.00
1249.00 1290.00
1249.00 1290.00
1249.00 1291.00
1249.00 1291.00
1249.00 1291.00
1249.00 1291.00
1249.00 1291.00
1249.00 1291.00
1249.00 1291.00
1249.00 1291.00
1249.00 1291.00
1249.00 1291.00
1249.00 1291.00
1249.00 1291.00
1249.00 1291.00
1249.00 1291.00
1249.00 1291.00
1249.00 1298.00
1249.00 1298.00
1249.00 1298.00
1249.00 1298.00
1249.00 1298.00
1249.00 1298.00
1249.00 1298.00
1249.00 1298.00
1249.00 1298.00
1249.00 1298.00
1249.00 1298.00
1249.00 1304.00
1249.00 1304.00
1248.99 1305.00
1248.99 1305.00
1248.90 1306.00
1248.90 1306.00
1248.90 1306.00
1248.61 1307.00
1248.61 1307.00
1248.61 1307.00
1248.61 1307.00
1248.78 1307.00
1248.78 1307.00
1248.90 1306.00
1248.90 1306.00
1248.90 1306.00
1248.90 1306.00
1248.90 1306.00
1248.96 1306.00
1248.78 1307.00
1248.78 1307.00
1248.42 1308.00
1248.42 1308.00
1248.42 1308.00
1248.11 1309.00
1248.01 1310.00
1248.01 1310.00
1248.09 1317.00
1248.09 1317.00
1248.37 1318.00
1248.37 1318.00
1248.74 1319.00
1248.74 1319.00
1248.96 1320.00
1248.96 1320.00
1248.96 1320.00
1248.99 1321.00
1248.99 1321.00
1248.99 1321.00
1248.99 1321.00
1248.88 1320.00
1248.88 1320.00
1248.74 1319.00
1248.74 1319.00
1248.56 1319.00
1248.88 1320.00
1248.88 1320.00
1248.99 1321.00
1248.99 1321.00
1248.99 1322.00
1248.99 1322.00
1248.99 1327.00
1248.99 1327.00
1248.99 1327.00
1248.99 1327.00
1248.99 1327.00
1248.99 1327.00
1248.99 1327.00
1248.99 1327.00
1248.99 1327.00
1248.99 1327.00
1248.99 1334.00
1248.99 1334.00
1248.99 1334.00
1248.99 1334.00
1248.95 1336.00
1248.95 1336.00
1248.54 1337.00
1248.54 1337.00
1248.19 1338.00
1248.19 1338.00
1248.03 1339.00
1248.03 1339.00
1248.00 1340.00
1248.00 1340.00
1248.00 1340.00
1248.00 1340.00
1248.00 1340.00
1248.00 1340.00
1248.00 1343.00
1248.00 1343.00
1248.00 1344.00
1248.00 1344.00
1248.00 1345.00
1248.00 1345.00
1248.00 1345.00
1248.00 1345.00
1248.00 1345.00
1248.00 1345.00
1248.00 1342.00
1248.00 1342.00
1248.00 1342.00
1248.00 1349.00
1248.00 1349.00
1248.00 1349.00
1248.00 1349.00
1248.00 1349.00
1248.00 1349.00
1248.00 1349.00
1248.00 1349.00
1248.00 1349.00
1248.00 1349.00
1248.00 1349.00
1248.00 1349.00
1248.00 1349.00
1248.00 1349.00
1248.00 1350.00
1248.00 1350.00
1248.00 1351.00
1248.00 1351.00
1248.00 1352.00
1248.00 1352.00
1248.00 1352.00
1248.00 1359.00
1248.00 1359.00
1248.00 1360.00
1248.00 1360.00
1248.00 1361.00
1248.00 1361.00
1248.00 1362.00
1248.00 1362.00
1248.00 1363.00
1248.00 1363.00
1248.00 1364.00
1248.00 1365.00
1248.00 1365.00
1248.00 1366.00
1248.00 1366.00
1248.00 1367.00
1248.00 1367.00
1248.00 1368.00
1248.00 1362.00
1248.00 1363.00
1248.00 1363.00
1248.00 1364.00
1248.00 1364.00
1248.00 1371.00
1248.00 1371.00
1248.00 1372.00
1248.00 1372.00
1248.00 1373.00
1248.00 1373.00
1248.00 1374.00
1248.00 1374.00
1248.00 1375.00
1248.00 1375.00
1248.00 1376.00
1248.00 1376.00
1248.00 1377.00
1248.00 1377.00
1248.00 1372.00
1248.00 1372.00
1248.00 1372.00
1248.00 1373.00
1248.00 1373.00
1248.00 1374.00
1248.00 1374.00
1248.00 1381.00
1248.00 1382.00
1248.00 1382.00
1248.00 1383.00
1248.00 1383.00
1248.00 1384.00
1248.00 1384.00
1248.00 1385.00
1248.00 1385.00
1248.00 1385.00
1248.00 1385.00
1248.00 1385.00
1248.00 1385.00
1248.00 1385.00
1248.00 1385.00
1248.00 1385.00
1248.00 1385.00
1248.00 1385.00
1248.00 1385.00
1248.00 1385.00
1248.00 1385.00
1248.00 1386.00
1248.00 1386.00
1248.00 1387.00
1248.00 1387.00
1248.00 1388.00
1248.00 1388.00
1248.00 1389.00
1248.00 1389.00
1248.00 1390.00
1248.00 1390.00
1248.00 1391.00
1248.00 1391.00
1248.00 1392.00
1248.00 1392.00
1248.00 1393.00
1248.00 1393.00
1248.00 1394.00
1248.00 1394.00
1248.00 1395.00
1248.00 1395.00
1248.00 1402.00
1248.00 1402.00
1247.99 1403.00
1247.99 1403.00
1247.98 1404.00
1247.98 1404.00
1247.98 1405.00
1247.98 1405.00
1247.98 1405.00
1247.98 1405.00
1247.98 1405.00
1247.98 1405.00
1247.98 1405.00
1247.98 1405.00
1247.87 1409.00
1247.87 1409.00
1247.54 1410.00
1247.54 1410.00
1247.20 1411.00
1247.20 1411.00
1247.02 1412.00
1247.02 1412.00
1247.00 1413.00
1247.00 1413.00
1247.00 1413.00
1247.00 1413.00
1247.00 1415.00
1247.00 1415.00
1247.00 1415.00
1246.99 1416.00
1247.00 1416.00
1247.08 1412.00
1247.08 1412.00
1247.08 1412.00
1247.08 1412.00
1247.01 1414.00
1247.01 1414.00
1247.01 1414.00
1247.01 1414.00
1247.01 1415.00
1247.01 1415.00
1247.01 1420.00
1247.01 1420.00
1247.01 1420.00
1247.01 1420.00
1247.01 1420.00
1247.01 1420.00
1247.01 1420.00
1247.01 1420.00
1247.01 1420.00
1246.98 1426.00
1246.93 1426.00
1246.84 1427.00
1246.84 1427.00
1246.84 1427.00
1246.84 1427.00
1246.93 1426.00
1247.00 1425.00
1247.00 1425.00
1247.00 1425.00
1247.00 1425.00
1247.00 1425.00
1246.98 1426.00
1246.98 1426.00
1246.84 1427.00
1246.84 1427.00
1246.51 1428.00
1246.51 1428.00
1246.06 1429.00
1246.06 1429.00
1246.02 1431.00
1246.02 1431.00
1246.02 1431.00
1246.02 1431.00
1246.02 1431.00
1246.02 1432.00
1246.02 1432.00
1246.00 1433.00
1246.00 1433.00
1245.99 1435.00
1245.99 1435.00
1245.99 1435.00
1245.99 1435.00
1245.98 1436.00
1245.98 1436.00
1245.86 1437.00
1245.86 1437.00
1245.86 1455.00
1245.86 1455.00
1245.99 1456.00
1245.99 1456.00
1245.99 1456.00
1246.00 1457.00
1246.00 1457.00
1246.00 1457.00
1246.00 1457.00
1246.00 1459.00
1246.01 1460.00
1246.01 1460.00
1246.06 1461.00
1246.06 1461.00
1246.47 1462.00
1246.47 1462.00
1246.82 1463.00
1246.82 1463.00
1246.99 1464.00
1246.99 1464.00
1246.99 1464.00
1247.00 1465.00
1247.00 1465.00
1247.00 1465.00
1247.00 1465.00
1247.00 1465.00
1247.01 1468.00
1247.01 1468.00
1247.01 1469.00
1247.01 1469.00
1247.01 1469.00
1247.01 1469.00
1247.01 1469.00
1247.01 1469.00
1247.01 1469.00
1247.01 1469.00
1247.01 1469.00
1247.01 1469.00
1247.01 1469.00
1247.01 1469.00
1247.01 1469.00
1247.01 1469.00
1247.01 1470.00
1247.01 1470.00
1247.01 1471.00
1247.00 1477.00
1247.00 1477.00
1247.00 1477.00
1247.00 1477.00
1247.00 1477.00
1247.00 1477.00
1247.00 1477.00
1247.00 1481.00
1247.00 1481.00
1247.00 1482.00
1247.00 1482.00
1247.00 1483.00
1247.00 1483.00
1247.00 1478.00
1247.00 1478.00
1247.00 1479.00
1247.00 1479.00
1247.00 1480.00
1247.00 1480.00
1247.00 1481.00
1247.00 1481.00
1247.00 1482.00
1247.00 1487.00
1247.00 1487.00
1247.00 1487.00
1247.00 1484.00
1247.00 1484.00
1247.00 1491.00
1247.00 1491.00
1247.00 1492.00
1247.00 1492.00
1247.00 1493.00
1247.00 1493.00
1247.00 1494.00
1247.00 1488.00
1247.00 1489.00
1247.00 1489.00
1247.00 1490.00
1247.00 1490.00
1247.00 1497.00
1247.00 1497.00
1247.00 1497.00
1247.00 1497.00
1247.00 1497.00
1247.00 1497.00
1247.00 1497.00
1247.00 1497.00
1247.00 1497.00
1247.00 1497.00
1247.00 1502.00
1247.00 1502.00
1247.00 1497.00
1247.00 1497.00
1247.00 1498.00
1247.00 1498.00
1247.00 1499.00
1247.00 1499.00
1247.00 1505.00
1247.00 1505.00
1247.00 1505.00
1247.00 1505.00
1247.00 1505.00
1247.00 1505.00
1247.00 1505.00
1247.00 1505.00
1247.00 1509.00
1247.00 1509.00
1247.00 1509.00
1247.00 1509.00
1247.00 1509.00
1247.00 1509.00
1247.00 1509.00
1247.04 1513.00
1247.10 1513.00
1247.10 1513.00
1247.10 1513.00
1247.04 1513.00
1247.00 1512.00
1247.00 1510.00
1247.00 1510.00
1247.00 1511.00
1247.00 1511.00
1247.00 1512.00
1247.01 1519.00
1247.01 1519.00
1247.00 1520.00
1247.00 1520.00
1247.00 1520.00
1247.00 1520.00
1247.00 1520.00
1247.00 1520.00
1246.99 1523.00
1246.99 1523.00
1246.99 1524.00
1246.99 1524.00
1246.99 1524.00
1246.99 1524.00
1246.99 1524.00
1246.99 1524.00
1247.01 1521.00
1247.01 1521.00
1247.01 1521.00
1247.01 1522.00
1247.01 1522.00
1247.01 1528.00
1247.01 1528.00
1247.01 1528.00
1247.01 1528.00
1247.01 1528.00
1247.01 1528.00
1247.01 1528.00
1247.01 1528.00
1247.01 1528.00
1247.01 1528.00
1247.01 1528.00
1247.01 1528.00
1247.01 1529.00
1247.00 1535.00
1247.00 1535.00
1247.00 1535.00
1247.00 1535.00
1247.00 1535.00
1247.00 1535.00
1247.00 1535.00
1247.00 1535.00
1247.00 1535.00
1247.00 1535.00
1247.00 1535.00
1247.00 1535.00
1247.00 1535.00
1247.00 1536.00
1247.00 1536.00
1247.00 1537.00
1247.00 1537.00
1247.00 1538.00
1247.00 1538.00
1247.00 1539.00
1247.00 1539.00
1247.00 1540.00
1247.00 1540.00
1247.00 1547.00
1247.00 1547.00
1247.00 1548.00
1247.00 1548.00
1247.00 1549.00
1247.00 1549.00
1247.00 1550.00
1247.00 1550.00
1247.00 1551.00
1247.00 1551.00
1247.00 1551.00
1247.00 1551.00
1247.00 1551.00
1247.00 1551.00
1247.00 1551.00
1247.00 1551.00
1247.00 1554.00
1247.00 1555.00
1247.00 1555.00
1247.00 1556.00
1247.00 1556.00
1247.00 1556.00
1247.00 1556.00
1247.00 1556.00
1247.00 1556.00
1247.00 1556.00
1247.00 1556.00
1247.00 1556.00
1247.00 1556.00
1247.00 1561.00
1247.00 1561.00
1247.01 1562.00
1247.01 1562.00
1247.01 1562.00
1247.08 1563.00
1247.08 1563.00
1247.33 1564.00
1247.33 1564.00
1247.71 1565.00
1247.85 1565.00
1247.85 1565.00
1247.85 1565.00
1247.85 1565.00
1247.71 1565.00
1247.71 1565.00
1247.71 1565.00
1247.52 1565.00
1247.33 1564.00
1247.18 1564.00
1247.18 1564.00
1247.52 1565.00
1247.52 1565.00
1247.94 1572.00
1247.94 1572.00
1247.52 1573.00
1247.52 1573.00
1247.18 1574.00
1247.18 1574.00
1247.18 1574.00
1247.02 1575.00
1247.02 1575.00
1247.00 1576.00
1247.00 1576.00
1247.00 1577.00
1247.00 1577.00
1247.00 1577.00
1247.00 1577.00
1247.00 1577.00
1247.08 1575.00
1247.08 1575.00
1247.18 1574.00
1247.33 1574.00
1247.12 1581.00
1247.12 1581.00
1247.43 1582.00
1247.43 1582.00
1247.43 1582.00
1247.43 1582.00
1247.25 1582.00
1247.25 1582.00
1247.43 1582.00
1247.43 1582.00
1247.43 1582.00
1247.62 1583.00
1247.62 1583.00
1247.62 1583.00
1247.62 1583.00
1247.43 1582.00
1247.62 1583.00
1247.62 1583.00
1247.91 1584.00
1247.91 1584.00
1248.02 1585.00
1248.02 1585.00
1248.18 1586.00
1248.18 1586.00
1248.53 1587.00
1248.53 1587.00
1248.94 1588.00
1249.00 1589.00
1249.00 1589.00
1249.05 1590.00
1249.05 1590.00
1249.25 1591.00
1249.25 1591.00
1249.25 1591.00
1249.61 1592.00
1249.61 1592.00
1249.60 1601.00
1249.60 1601.00
1249.23 1602.00
1249.23 1602.00
1249.04 1603.00
1249.04 1603.00
1249.00 1604.00
1249.00 1604.00
1249.00 1604.00
1249.00 1604.00
1249.00 1606.00
1249.00 1606.00
1249.00 1607.00
1249.00 1607.00
1249.00 1608.00
1249.00 1608.00
1249.00 1608.00
1249.00 1608.00
1249.00 1608.00
1249.00 1608.00
1249.00 1608.00
1249.00 1608.00
1249.00 1608.00
1249.00 1608.00
1248.99 1612.00
1248.99 1612.00
1249.00 1610.00
1249.00 1610.00
1249.00 1610.00
1249.00 1610.00
1249.00 1610.00
1249.00 1610.00
1249.00 1610.00
1249.00 1610.00
1249.00 1610.00
1249.00 1611.00
1249.00 1611.00
1249.00 1618.00
1249.00 1618.00
1249.00 1618.00
1249.00 1618.00
1249.00 1618.00
1249.00 1618.00
1249.00 1618.00
1249.00 1618.00
1249.00 1618.00
1248.97 1617.00
1248.91 1617.00
1249.00 1618.00
1249.00 1618.00
1249.00 1621.00
1249.00 1621.00
1249.00 1621.00
1249.00 1621.00
1249.00 1621.00
1249.00 1621.00
1249.00 1622.00
1249.00 1622.00
1249.00 1623.00
1249.00 1623.00
1249.00 1624.00
1249.00 1624.00
1249.00 1625.00
1249.00 1625.00
1249.00 1626.00
1249.00 1626.00
1249.00 1633.00
1249.00 1633.00
1249.00 1634.00
1249.00 1634.00
1248.99 1635.00
1248.99 1635.00
1248.99 1636.00
1248.99 1636.00
1248.99 1636.00
1248.99 1636.00
1248.99 1636.00
1248.99 1636.00
1248.99 1636.00
1248.99 1636.00
1248.99 1636.00
1248.99 1636.00
1248.87 1641.00
1248.87 1641.00
1248.55 1642.00
1248.55 1642.00
1248.20 1643.00
1248.20 1643.00
1248.02 1644.00
1248.08 1644.00
1248.20 1643.00
1248.20 1643.00
1248.20 1643.00
1248.36 1643.00
1248.20 1643.00
1248.20 1643.00
1248.20 1643.00
1248.20 1643.00
1248.20 1643.00
1248.22 1649.00
1248.36 1643.00
1248.39 1649.00
1248.39 1649.00
1248.58 1650.00
1248.58 1650.00
1248.76 1650.00
1248.76 1650.00
1248.89 1651.00
1248.99 1652.00
1249.00 1653.00
1249.00 1653.00
1249.00 1653.00
1249.00 1653.00
1249.00 1653.00
1249.00 1653.00
1249.00 1653.00
1249.00 1657.00
1249.00 1657.00
1249.00 1658.00
1249.00 1658.00
1249.00 1659.00
1249.00 1659.00
1249.00 1659.00
1249.00 1659.00
1249.00 1659.00
1249.00 1659.00
1249.00 1659.00
1249.00 1659.00
1249.00 1659.00
1249.00 1659.00
1249.00 1659.00
1249.00 1659.00
1249.00 1659.00
1249.00 1659.00
1249.00 1660.00
1249.00 1660.00
1249.00 1661.00
1249.00 1667.00
1249.00 1668.00
1249.00 1668.00
1249.00 1668.00
1249.00 1668.00
1249.00 1668.00
1249.00 1668.00
1249.00 1668.00
1249.00 1668.00
1249.00 1668.00
1249.00 1668.00
1249.00 1673.00
1249.00 1673.00
1249.00 1674.00
1249.00 1674.00
1249.00 1675.00
1249.00 1675.00
1249.00 1676.00
1249.00 1676.00
1249.00 1677.00
1249.00 1677.00
1249.00 1677.00
1249.00 1677.00
1249.00 1677.00
1249.00 1677.00
1249.00 1677.00
1249.00 1680.00
1249.00 1680.00
1249.00 1681.00
1249.00 1681.00
1249.00 1682.00
1249.00 1682.00
1249.00 1683.00
1249.00 1683.00
1249.00 1683.00
1249.00 1683.00
1249.00 1685.00
1249.00 1685.00
1249.07 1686.00
1249.07 1686.00
1249.33 1687.00
1249.33 1687.00
1249.70 1688.00
1249.70 1688.00
1249.85 1688.00
1249.85 1688.00
1250.00 1690.00
1250.00 1690.00
1250.00 1690.00
1250.00 1691.00
1250.00 1691.00
1250.00 1692.00
1250.00 1692.00
1250.00 1693.00
1250.00 1693.00
1250.00 1693.00
1250.00 1693.00
1250.00 1693.00
1250.00 1693.00
1250.00 1693.00
1250.00 1693.00
1250.00 1693.00
1250.00 1693.00
1250.00 1693.00
1250.00 1693.00
1250.00 1693.00
1250.00 1693.00
1250.00 1693.00
1250.00 1694.00
1250.00 1694.00
1250.00 1695.00
1250.00 1695.00
1250.00 1696.00
1250.00 1696.00
1250.00 1697.00
1250.00 1697.00
1250.00 1698.00
1250.00 1698.00
1250.00 1699.00
1250.00 1706.00
1250.00 1706.00
1250.00 1707.00
1250.00 1707.00
1250.00 1708.00
1250.00 1708.00
1250.00 1709.00
1250.00 1709.00
1250.00 1710.00
1250.00 1710.00
1250.00 1711.00
1250.00 1705.00
1250.00 1706.00
1250.00 1706.00
1250.00 1707.00
1250.00 1707.00
1250.00 1708.00
1250.00 1708.00
1250.00 1709.00
1250.00 1709.00
1250.00 1710.00
1250.00 1717.00
1250.00 1717.00
1250.00 1718.00
1250.00 1718.00
1250.00 1719.00
1250.00 1719.00
1250.00 1720.00
1250.00 1720.00
1250.00 1721.00
1250.00 1721.00
1250.00 1721.00
1250.00 1721.00
1250.00 1721.00
1250.00 1721.00
1250.00 1721.00
1250.00 1721.00
1250.00 1721.00
1250.00 1721.00
1250.00 1721.00
1250.00 1721.00
1250.00 1721.00
1250.00 1721.00
1250.00 1721.00
1250.00 1722.00
1250.00 1722.00
1250.00 1723.00
1250.00 1723.00
1250.00 1724.00
1250.00 1724.00
1250.00 1725.00
1250.00 1725.00
1250.00 1725.00
1250.02 1726.00
1250.06 1726.00
1250.15 1727.00
1250.15 1727.00
1250.67 1728.00
1250.67 1728.00
1250.92 1729.00
1250.92 1729.00
1251.00 1730.00
1251.00 1730.00
1251.00 1732.00
1251.00 1732.00
1251.00 1732.00
1251.00 1732.00
1251.00 1733.00
1251.00 1733.00
1251.00 1734.00
1251.00 1734.00
1251.00 1734.00
1251.00 1735.00
1251.00 1735.00
1251.00 1742.00
1251.00 1742.00
1251.00 1743.00
1251.00 1743.00
1251.00 1744.00
1251.00 1744.00
1251.00 1745.00
1251.00 1745.00
1251.00 1746.00
1251.00 1746.00
1250.99 1747.00
1250.99 1747.00
1250.99 1747.00
1250.99 1747.00
1250.99 1747.00
1250.99 1747.00
1250.99 1747.00
1250.99 1747.00
1250.99 1747.00
1250.99 1747.00
1251.01 1752.00
1251.01 1752.00
1251.01 1753.00
1251.01 1753.00
1251.01 1754.00
1251.01 1754.00
1251.01 1754.00
1251.00 1749.00
1251.00 1750.00
1251.00 1750.00
1250.99 1757.00
1251.00 1757.00
1251.01 1754.00
1251.01 1754.00
1251.08 1759.00
1251.08 1759.00
1251.08 1759.00
1251.20 1760.00
1251.20 1760.00
1251.36 1760.00
1251.36 1760.00
1251.55 1761.00
1251.55 1761.00
1251.55 1761.00
1251.73 1761.00
1251.73 1761.00
1251.73 1761.00
1251.87 1761.00
1251.95 1762.00
1252.00 1763.00
1252.00 1764.00
1251.99 1762.00
1251.95 1762.00
1251.95 1762.00
1251.95 1762.00
1252.00 1763.00
1252.00 1763.00
1252.00 1769.00
1252.00 1770.00
1252.00 1770.00
1252.00 1770.00
1252.00 1770.00
1252.00 1770.00
1252.00 1770.00
1252.00 1770.00
1252.00 1770.00
1252.00 1770.00
1252.00 1770.00
1252.00 1770.00
1252.00 1770.00
1252.00 1770.00
1252.00 1770.00
1252.00 1771.00
1252.00 1771.00
1252.00 1772.00
1252.00 1772.00
1252.00 1773.00
1252.00 1773.00
1252.00 1774.00
1252.00 1774.00
1252.00 1781.00
1252.00 1781.00
1252.00 1782.00
1252.00 1782.00
1252.00 1783.00
1252.00 1783.00
1252.00 1784.00
1252.00 1784.00
1252.00 1784.00
1252.00 1785.00
1252.00 1785.00
1252.00 1785.00
1252.00 1785.00
1252.00 1785.00
1252.00 1785.00
1252.00 1785.00
1252.00 1785.00
1252.00 1785.00
1252.00 1785.00
1252.00 1785.00
1252.00 1785.00
1252.01 1791.00
1252.01 1791.00
1252.01 1792.00
1252.01 1792.00
1252.01 1792.00
1252.01 1792.00
1252.01 1792.00
1252.13 1794.00
1252.13 1794.00
1252.45 1795.00
1252.45 1795.00
1252.80 1796.00
1252.80 1796.00
1252.97 1797.00
1252.97 1797.00
1252.97 1797.00
1253.08 1798.00
1253.08 1798.00
1253.34 1799.00
1253.34 1799.00
1253.87 1800.00
1253.87 1800.00
1254.09 1801.00
1254.09 1801.00
1254.09 1801.00
1254.39 1802.00
1254.39 1802.00
1254.77 1803.00
1254.77 1803.00
1254.97 1804.00
1254.97 1804.00
1255.00 1805.00
1255.00 1805.00
1255.00 1805.00
1255.00 1805.00
1255.00 1805.00
1255.00 1805.00
1255.00 1808.00
1255.01 1809.00
1254.99 1806.00
1254.90 1804.00
1254.90 1804.00
1254.98 1806.00
1254.98 1806.00
1254.98 1806.00
1254.98 1806.00
1254.98 1807.00
1254.98 1807.00
1255.00 1808.00
1255.00 1808.00
1255.00 1815.00
1255.00 1815.00
1255.00 1816.00
1255.00 1816.00
1255.00 1817.00
1255.00 1817.00
1255.00 1818.00
1255.00 1818.00
1255.00 1819.00
1255.00 1819.00
1255.00 1819.00
1255.00 1819.00
1255.00 1819.00
1255.00 1819.00
1255.00 1819.00
1255.00 1819.00
1255.00 1819.00
1255.00 1819.00
1255.00 1819.00
1255.00 1819.00
1255.00 1819.00
1255.00 1819.00
1255.00 1820.00
1255.00 1820.00
1255.00 1821.00
1255.00 1821.00
1255.00 1822.00
1255.00 1822.00
1255.00 1823.00
1255.00 1823.00
1255.00 1824.00
1255.00 1824.00
1255.00 1825.00
1255.00 1825.00
1255.00 1826.00
1255.00 1826.00
1255.00 1827.00
1255.00 1827.00
1255.00 1828.00
1255.00 1828.00
1255.00 1828.00
1255.00 1835.00
1255.00 1835.00
1255.00 1836.00
1255.00 1836.00
1255.00 1837.00
1255.00 1837.00
1254.99 1838.00
1254.99 1838.00
1254.99 1839.00
1254.99 1839.00
1254.99 1840.00
1254.99 1840.00
1254.99 1840.00
1254.99 1840.00
1254.99 1840.00
1254.99 1840.00
1254.99 1840.00
1254.99 1840.00
1254.99 1840.00
1254.99 1840.00
1254.99 1840.00
1254.99 1840.00
1254.99 1840.00
1254.99 1841.00
1254.99 1841.00
1255.00 1844.00
1255.00 1844.00
1255.00 1844.00
1255.00 1844.00
1255.00 1844.00
1255.00 1844.00
1255.00 1844.00
1255.03 1845.00
1255.03 1845.00
1255.25 1846.00
1255.25 1846.00
1255.62 1847.00
1255.62 1847.00
1255.91 1848.00
1255.91 1848.00
1255.99 1851.00
1255.99 1851.00
1255.99 1851.00
1255.99 1851.00
1255.99 1851.00
1255.99 1851.00
1255.99 1851.00
1255.99 1852.00
1255.99 1852.00
1256.00 1855.00
1256.00 1855.00
1256.00 1855.00
1256.00 1855.00
1256.00 1855.00
1256.00 1855.00
1256.03 1856.00
1256.03 1856.00
1256.24 1857.00
1256.24 1857.00
1256.24 1857.00
1256.61 1858.00
1256.61 1858.00
1256.90 1859.00
1256.90 1859.00
1257.01 1860.00
1257.01 1860.00
1257.04 1867.00
1257.04 1867.00
1257.00 1868.00
1257.00 1868.00
1257.00 1868.00
1257.00 1868.00
1257.00 1868.00
1257.00 1870.00
1257.00 1870.00
1257.00 1871.00
1257.00 1871.00
1257.00 1871.00
1257.00 1871.00
1257.00 1871.00
1257.04 1867.00
1257.01 1868.00
1257.01 1868.00
1257.01 1875.00
1257.01 1875.00
1257.10 1876.00
1257.10 1876.00
1257.21 1877.00
1257.21 1877.00
1257.21 1877.00
1257.21 1877.00
1257.37 1877.00
1257.37 1877.00
1257.37 1877.00
1257.37 1877.00
1257.37 1877.00
1257.37 1877.00
1257.37 1877.00
1257.37 1877.00
1257.37 1877.00
1257.37 1877.00
1257.37 1877.00
1257.57 1878.00
1257.57 1878.00
1257.88 1879.00
1257.88 1879.00
1257.98 1881.00
1257.98 1881.00
1257.98 1881.00
1257.98 1881.00
1257.99 1882.00
1257.99 1882.00
1257.99 1889.00
1257.99 1889.00
1257.99 1889.00
1257.99 1889.00
1257.99 1889.00
1257.99 1889.00
1257.99 1889.00
1257.99 1889.00
1258.00 1886.00
1258.00 1893.00
1258.00 1893.00
1258.00 1894.00
1258.00 1894.00
1258.00 1895.00
1258.00 1895.00
1258.01 1896.00
1258.01 1896.00
1258.01 1896.00
1258.01 1896.00
1258.01 1896.00
1258.01 1896.00
1258.01 1896.00
1258.01 1896.00
1258.01 1896.00
1258.01 1896.00
1258.01 1896.00
1258.01 1896.00
1258.01 1896.00
1258.01 1896.00
1258.01 1896.00
1258.01 1897.00
1258.01 1897.00
1258.02 1904.00
1258.02 1904.00
1258.02 1905.00
1258.02 1905.00
1258.02 1905.00
1258.02 1905.00
1258.12 1907.00
1258.12 1907.00
1258.44 1908.00
1258.44 1908.00
1258.79 1909.00
1258.79 1909.00
1258.97 1910.00
1258.97 1910.00
1258.97 1910.00
1259.00 1911.00
1259.00 1912.00
1259.00 1912.00
1259.00 1913.00
1259.00 1913.00
1259.00 1914.00
1259.00 1914.00
1259.00 1914.00
1259.00 1914.00
1259.00 1914.00
1259.00 1914.00
1259.00 1914.00
1259.00 1914.00
1259.00 1914.00
1259.00 1914.00
1259.00 1914.00
1259.00 1919.00
1259.00 1919.00
1259.01 1920.00
1259.01 1920.00
1259.13 1921.00
1259.13 1921.00
1259.45 1922.00
1259.45 1922.00
1259.80 1923.00
1259.80 1923.00
1259.80 1923.00
1259.97 1924.00
1259.97 1924.00
1260.00 1925.00
1260.00 1925.00
1260.00 1926.00
1259.97 1924.00
1259.91 1924.00
1259.80 1923.00
1259.80 1923.00
1259.80 1923.00
1259.91 1924.00
1259.99 1925.00
1260.00 1928.00
1260.00 1928.00
1260.00 1928.00
1260.00 1928.00
1260.00 1928.00
1260.00 1928.00
1260.00 1928.00
1260.00 1928.00
1260.00 1928.00
1260.00 1928.00
1260.00 1929.00
1260.00 1929.00
1260.00 1929.00
1260.00 1930.00
1260.00 1930.00
1260.00 1931.00
1260.00 1931.00
1260.00 1938.00
1260.00 1938.00
1260.00 1939.00
1260.00 1939.00
1260.00 1940.00
1260.00 1940.00
1260.00 1941.00
1260.00 1941.00
1260.00 1942.00
1260.00 1942.00
1260.00 1942.00
1260.00 1942.00
1260.00 1942.00
1260.00 1942.00
1260.00 1942.00
1260.00 1942.00
1260.00 1942.00
1260.00 1942.00
1260.00 1942.00
1260.00 1942.00
1260.00 1942.00
1260.00 1942.00
1260.00 1943.00
1260.00 1943.00
1260.00 1944.00
1260.00 1944.00
1260.00 1944.00
1260.00 1951.00
1260.00 1951.00
1260.00 1952.00
1260.00 1952.00
1260.00 1953.00
1260.00 1953.00
1260.00 1954.00
1260.00 1954.00
1260.08 1955.00
1260.08 1955.00
1260.34 1956.00
1260.34 1956.00
1260.85 1957.00
1260.85 1957.00
1260.98 1958.00
1260.98 1958.00
1261.00 1959.00
1261.00 1959.00
1261.00 1959.00
1261.00 1959.00
1261.00 1959.00
1261.00 1959.00
1261.00 1959.00
1261.00 1959.00
1261.00 1959.00
1261.00 1959.00
1261.00 1959.00
1261.00 1959.00
1261.00 1959.00
1261.00 1959.00
1261.00 1966.00
1261.00 1966.00
1261.00 1967.00
1261.00 1967.00
1261.00 1968.00
1261.00 1968.00
1261.00 1969.00
1261.00 1969.00
1261.00 1969.00
1261.00 1969.00
1261.00 1969.00
1261.00 1969.00
1261.00 1969.00
1261.00 1969.00
1261.00 1969.00
1261.00 1969.00
1261.00 1969.00
1261.00 1969.00
1261.00 1969.00
1261.00 1969.00
1261.00 1969.00
1261.00 1970.00
1261.00 1970.00
1261.00 1971.00
1261.00 1971.00
1261.00 1972.00
1261.00 1972.00
1261.00 1973.00
1261.00 1973.00
1261.00 1974.00
1261.00 1974.00
1261.00 1975.00
1261.00 1975.00
1261.00 1976.00
1261.00 1976.00
1261.00 1977.00
1261.00 1977.00
1261.00 1978.00
1261.00 1978.00
1261.00 1979.00
1261.00 1979.00
1261.00 1986.00
1261.00 1986.00
1261.00 1987.00
1261.00 1987.00
1261.00 1988.00
1261.00 1988.00
1261.00 1989.00
1261.00 1989.00
1261.00 1990.00
1261.00 1990.00
1261.00 1991.00
1261.00 1991.00
1261.00 1992.00
1261.00 1992.00
1261.00 1993.00
1261.00 1993.00
1261.00 1994.00
1261.00 1994.00
1261.00 1995.00
1261.00 1995.00
1261.00 1996.00
1261.00 1996.00
1261.00 1996.00
1261.00 1996.00
1261.00 1996.00
1261.00 1996.00
1261.00 1996.00
1261.00 1996.00
1261.00 1996.00
1261.00 1996.00
1261.00 1996.00
1261.00 1996.00
1261.00 1996.00
1261.00 1996.00
1261.00 1997.00
1261.00 1997.00
1261.00 1998.00
1261.00 1998.00
1261.00 1998.00
1261.00 1999.00
1261.00 1999.00
1261.00 2000.00
1261.00 2000.00
1261.00 2001.00
1261.00 2001.00
1261.00 2002.00
1261.00 2002.00
1261.00 2009.00
1261.00 2009.00
1261.00 2010.00
1261.00 2010.00
1261.00 2011.00
1261.00 2011.00
1261.00 2011.00
1261.00 2011.00
1261.00 2011.00
1261.00 2011.00
1261.00 2011.00
1261.00 2011.00
1261.00 2011.00
1261.00 2011.00
1261.00 2011.00
1261.00 2011.00
1261.00 2011.00
1261.00 2011.00
1261.00 2012.00
1261.00 2012.00
1261.00 2013.00
1261.00 2013.00
1261.00 2014.00
1261.00 2014.00
1260.97 2015.00
1260.97 2015.00
1260.81 2016.00
1260.81 2016.00
1260.46 2017.00
1260.46 2017.00
1260.05 2018.00
1260.05 2018.00
1260.01 2021.00
1260.01 2021.00
1260.01 2021.00
1260.01 2021.00
1260.01 2021.00
1260.01 2021.00
1260.01 2022.00
1260.01 2022.00
1260.01 2027.00
1260.01 2027.00
1260.01 2027.00
1260.01 2027.00
1260.01 2027.00
1260.01 2027.00
1260.01 2027.00
1260.01 2027.00
1260.01 2027.00
1260.01 2027.00
1260.00 2028.00
1260.00 2028.00
1260.00 2030.00
1260.00 2030.00
1260.00 2030.00
1260.00 2030.00
1259.97 2031.00
1259.97 2031.00
1259.78 2032.00
1259.78 2032.00
1259.41 2033.00
1259.41 2033.00
1259.41 2033.00
1259.11 2034.00
1259.11 2034.00
1259.01 2036.00
1259.01 2036.00
1259.01 2036.00
1259.01 2037.00
1259.01 2037.00
1259.00 2042.00
1259.00 2042.00
1259.00 2042.00
1259.00 2042.00
1259.00 2042.00
1259.00 2042.00
1259.00 2042.00
1259.00 2042.00
1259.00 2042.00
1008.99 153.00
1008.99 153.00
1008.99 153.00
1008.99 153.00
1008.99 153.00
1008.99 153.00
1008.93 159.00
1008.93 159.00
1008.52 160.00
1008.18 161.00
1008.18 161.00
1008.01 162.00
1008.01 162.00
1007.89 163.00
1007.89 163.00
1007.59 164.00
1007.59 164.00
1007.23 165.00
1007.23 165.00
1007.03 166.00
1007.03 166.00
1006.92 167.00
1006.92 167.00
1006.65 168.00
1006.65 168.00
1006.15 169.00
1006.15 169.00
1006.01 170.00
1006.01 170.00
1005.99 171.00
1005.99 171.00
1005.98 172.00
1005.98 172.00
1005.98 172.00
1005.98 172.00
1005.93 174.00
1005.93 174.00
1005.93 174.00
1005.65 175.00
1005.65 175.00
1005.15 176.00
1005.15 176.00
1005.02 177.00
1005.02 177.00
1005.02 177.00
1005.00 178.00
1005.00 178.00
1005.00 178.00
1005.00 178.00
1005.00 178.00
1005.00 178.00
1005.00 181.00
1005.00 181.00
1004.99 182.00
1004.99 182.00
1004.99 182.00
1004.99 182.00
1004.99 182.00
1004.99 182.00
1004.89 185.00
1004.89 185.00
1004.60 186.00
1004.60 186.00
1004.24 187.00
1004.24 187.00
1003.98 188.00
1003.98 188.00
1003.52 189.00
1003.52 189.00
1003.18 190.00
1003.18 190.00
1003.02 191.00
1003.02 191.00
1002.99 192.00
1002.87 193.00
1002.87 193.00
1002.56 194.00
1002.56 194.00
1002.21 195.00
1002.21 195.00
1002.03 196.00
1002.03 196.00
1002.00 197.00
1002.00 197.00
1002.00 198.00
1002.00 198.00
1001.89 199.00
1001.89 199.00
1001.59 200.00
1001.59 200.00
1001.24 201.00
1001.24 201.00
1001.11 202.00
1001.11 202.00
1001.04 202.00
1000.99 203.00
1000.99 203.00
1000.91 205.00
1000.91 205.00
1000.91 205.00
1000.63 206.00
1000.63 206.00
1000.26 207.00
1000.26 207.00
1000.04 208.00
1000.04 208.00
1000.00 209.00
1000.00 209.00
1000.00 209.00
1000.00 209.00
1000.00 209.00
999.91 212.00
999.91 212.00
999.63 213.00
999.63 213.00
999.27 214.00
999.27 214.00
999.12 215.00
999.00 215.00
999.00 215.00
998.88 215.00
998.88 215.00
998.73 216.00
998.73 216.00
998.73 216.00
998.73 216.00
998.73 216.00
998.73 216.00
998.73 216.00
998.73 216.00
998.73 216.00
998.55 216.00
998.36 217.00
998.36 217.00
998.20 217.00
998.09 218.00
997.99 220.00
997.88 221.00
997.88 221.00
997.75 222.00
997.75 222.00
997.57 222.00
997.57 222.00
997.38 223.00
997.38 223.00
997.22 223.00
997.10 224.00
997.10 224.00
997.10 224.00
997.10 224.00
997.10 224.00
996.98 225.00
996.98 225.00
996.81 226.00
996.81 226.00
996.46 227.00
996.14 228.00
996.14 228.00
996.01 229.00
996.01 229.00
995.98 230.00
995.98 230.00
995.84 231.00
995.84 231.00
995.32 232.00
995.32 232.00
995.07 233.00
995.07 233.00
995.07 233.00
995.02 239.00
995.02 239.00
995.02 239.00
995.02 239.00
995.02 239.00
995.02 239.00
995.02 239.00
995.02 239.00
994.98 238.00
994.92 240.00
994.80 241.00
994.80 241.00
994.80 241.00
994.63 241.00
994.63 241.00
994.44 242.00
994.44 242.00
994.14 243.00
994.14 243.00
994.02 244.00
994.02 244.00
994.01 247.00
994.01 247.00
994.01 247.00
993.98 248.00
993.92 248.00
993.80 249.00
993.80 249.00
993.63 249.00
993.63 249.00
993.44 250.00
993.27 250.00
993.14 251.00
993.05 251.00
992.98 257.00
992.98 258.00
992.98 258.00
992.98 258.00
992.98 258.00
992.98 258.00
992.98 258.00
992.85 261.00
992.52 262.00
992.52 262.00
992.19 263.00
992.19 263.00
992.02 264.00
992.02 264.00
991.90 265.00
991.90 265.00
991.79 266.00
991.79 266.00
991.63 266.00
991.63 266.00
991.63 266.00
991.45 267.00
991.45 267.00
991.27 267.00
991.27 267.00
991.27 267.00
991.12 268.00
991.12 268.00
991.03 268.00
990.98 269.00
990.98 269.00
990.98 269.00
990.98 269.00
990.98 269.00
990.98 269.00
990.99 275.00
990.99 275.00
990.99 275.00
990.99 275.00
990.99 275.00
990.99 275.00
990.99 275.00
990.99 275.00
990.99 275.00
990.99 275.00
990.99 275.00
990.99 275.00
990.99 276.00
990.99 277.00
990.99 277.00
990.99 278.00
990.99 278.00
991.00 279.00
991.00 279.00
991.00 286.00
991.00 286.00
991.00 287.00
991.00 287.00
990.99 288.00
990.99 288.00
990.98 289.00
990.98 289.00
990.98 290.00
990.98 290.00
990.98 290.00
990.98 290.00
990.98 290.00
990.98 290.00
990.98 290.00
990.88 294.00
990.88 294.00
990.57 295.00
990.57 295.00
990.15 296.00
990.15 296.00
989.71 297.00
989.71 297.00
989.15 298.00
989.15 298.00
988.91 299.00
988.91 299.00
988.59 300.00
988.59 300.00
988.23 301.00
988.23 301.00
987.97 302.00
987.97 302.00
987.69 303.00
987.69 303.00
987.17 304.00
987.17 304.00
987.00 305.00
987.00 305.00
986.99 306.00
986.99 306.00
986.99 306.00
986.99 306.00
986.95 308.00
986.95 308.00
986.52 309.00
986.52 309.00
986.19 310.00
986.19 310.00
986.01 311.00
986.01 311.00
986.08 311.00
986.08 311.00
986.08 311.00
986.08 311.00
986.08 311.00
986.01 311.00
985.96 312.00
985.89 312.00
985.89 312.00
985.77 313.00
985.77 313.00
985.60 313.00
985.60 313.00
985.60 313.00
985.39 314.00
985.39 314.00
985.39 314.00
984.95 315.00
984.95 315.00
984.33 316.00
984.33 316.00
984.07 317.00
984.07 317.00
983.96 318.00
983.96 318.00
983.96 318.00
983.76 319.00
983.76 319.00
983.40 320.00
983.40 320.00
983.10 321.00
983.10 321.00
983.01 322.00
983.01 322.00
982.98 323.00
982.98 323.00
982.80 324.00
982.80 324.00
982.80 324.00
982.45 325.00
982.45 325.00
982.13 326.00
982.13 326.00
982.01 327.00
982.01 327.00
981.98 328.00
981.98 328.00
981.84 329.00
981.52 330.00
981.52 330.00
981.06 331.00
981.06 331.00
981.02 334.00
981.02 334.00
981.02 334.00
981.02 334.00
981.02 334.00
981.02 334.00
981.02 335.00
981.02 335.00
981.01 340.00
981.01 340.00
981.01 340.00
981.01 340.00
981.01 340.00
981.01 340.00
981.01 340.00
981.01 340.00
981.01 340.00
981.01 341.00
981.01 341.00
980.95 342.00
980.95 342.00
980.74 343.00
980.74 343.00
980.38 344.00
980.38 344.00
980.10 345.00
980.10 345.00
980.01 346.00
980.01 346.00
980.00 347.00
980.00 347.00
980.00 349.00
980.00 349.00
980.00 349.00
980.00 349.00
979.96 350.00
979.96 350.00
979.74 351.00
979.74 351.00
979.37 352.00
979.37 352.00
979.09 353.00
979.09 353.00
979.00 355.00
979.00 355.00
979.00 355.00
979.00 355.00
979.00 360.00
979.00 360.00
979.00 360.00
979.00 360.00
979.00 360.00
979.00 360.00
979.00 360.00
979.00 360.00
979.00 360.00
978.98 361.00
978.98 361.00
978.83 362.00
978.83 362.00
978.50 363.00
978.50 363.00
978.07 364.00
978.07 364.00
978.00 368.00
978.00 368.00
978.00 368.00
978.00 368.00
978.01 373.00
978.01 373.00
978.01 373.00
978.01 373.00
978.01 373.00
978.01 373.00
978.01 373.00
978.01 373.00
978.01 373.00
978.01 373.00
978.01 373.00
978.01 373.00
978.01 373.00
978.00 374.00
978.00 374.00
978.00 377.00
978.00 377.00
977.98 378.00
977.94 378.00
977.84 379.00
977.84 379.00
977.69 379.00
977.69 379.00
977.69 379.00
977.51 379.00
977.32 380.00
977.06 381.00
977.06 381.00
977.01 384.00
977.01 384.00
977.01 384.00
977.01 384.00
977.01 384.00
976.99 386.00
976.91 389.00
976.91 389.00
976.79 390.00
976.79 390.00
976.63 390.00
976.63 390.00
976.63 390.00
976.44 391.00
976.44 391.00
976.44 391.00
976.26 391.00
976.26 391.00
976.13 392.00
976.13 392.00
976.04 392.00
976.00 393.00
975.91 396.00
975.91 396.00
975.80 397.00
975.80 397.00
975.65 397.00
975.65 397.00
975.47 398.00
975.47 398.00
975.47 398.00
975.29 398.00
975.29 398.00
975.14 399.00
975.14 399.00
975.02 402.00
975.02 402.00
974.99 404.00
974.89 406.00
974.89 406.00
974.76 407.00
974.76 407.00
974.59 407.00
974.59 407.00
974.59 407.00
974.41 408.00
974.41 408.00
974.41 408.00
974.24 408.00
974.24 408.00
974.11 409.00
974.11 409.00
974.04 409.00
974.00 411.00
973.98 416.00
973.98 416.00
973.94 417.00
973.94 417.00
973.72 418.00
973.55 418.00
973.55 418.00
973.55 418.00
973.37 419.00
973.37 419.00
973.37 419.00
973.20 419.00
973.20 419.00
973.08 420.00
973.08 420.00
972.99 421.00
972.94 424.00
972.85 424.00
972.85 424.00
972.72 425.00
972.72 425.00
972.54 425.00
972.54 425.00
972.54 425.00
972.36 426.00
972.36 426.00
972.36 426.00
972.21 426.00
972.21 426.00
972.09 427.00
972.03 427.00
972.00 430.00
971.96 431.00
971.87 431.00
971.87 431.00
971.87 431.00
971.87 431.00
971.87 431.00
971.87 431.00
971.96 431.00
971.96 431.00
971.96 431.00
971.73 432.00
971.73 432.00
971.37 433.00
971.37 433.00
971.09 434.00
971.09 434.00
971.01 435.00
971.01 435.00
971.00 436.00
971.00 436.00
971.00 438.00
971.00 438.00
971.00 438.00
971.00 438.00
970.95 439.00
970.95 439.00
970.73 440.00
970.73 440.00
970.36 441.00
970.09 442.00
970.09 442.00
970.00 444.00
970.00 444.00
970.01 450.00
970.01 450.00
970.01 450.00
970.01 450.00
970.01 450.00
970.01 450.00
970.01 450.00
970.01 450.00
970.01 450.00
969.97 451.00
969.92 451.00
969.81 452.00
969.81 452.00
969.65 452.00
969.65 452.00
969.65 452.00
969.47 453.00
969.47 453.00
969.47 453.00
969.06 454.00
969.06 454.00
969.00 459.00
969.00 459.00
969.00 459.00
969.00 459.00
968.96 461.00
968.90 461.00
968.90 461.00
968.78 462.00
968.78 462.00
968.61 462.00
968.61 462.00
968.61 462.00
968.43 463.00
968.43 463.00
968.25 463.00
968.25 463.00
968.25 463.00
968.12 464.00
968.12 464.00
968.01 465.00
968.01 465.00
968.00 466.00
968.00 466.00
968.00 466.00
968.00 467.00
968.00 467.00
968.00 468.00
968.00 468.00
967.96 469.00
967.96 469.00
967.77 470.00
967.77 470.00
967.42 471.00
967.12 472.00
967.12 472.00
967.01 476.00
967.01 476.00
967.01 476.00
967.01 476.00
967.01 476.00
967.01 476.00
967.01 476.00
967.01 476.00
967.01 480.00
967.01 480.00
967.01 480.00
966.99 479.00
966.95 481.00
966.85 482.00
966.85 482.00
966.70 482.00
966.70 482.00
966.70 482.00
966.51 482.00
966.33 483.00
966.33 483.00
966.08 484.00
966.08 484.00
966.00 485.00
966.00 485.00
966.00 489.00
966.00 489.00
966.00 487.00
965.93 490.00
965.83 491.00
965.83 491.00
965.68 491.00
965.68 491.00
965.68 491.00
965.50 492.00
965.50 492.00
965.50 492.00
965.32 492.00
965.07 493.00
965.07 493.00
965.01 497.00
965.01 497.00
965.01 497.00
964.99 500.00
964.98 501.00
964.98 501.00
964.98 501.00
964.98 501.00
964.98 501.00
964.98 501.00
964.86 505.00
964.86 505.00
964.53 506.00
964.53 506.00
964.35 507.00
964.19 507.00
964.19 507.00
964.08 508.00
964.08 508.00
964.02 508.00
964.00 509.00
963.99 509.00
964.02 508.00
964.08 508.00
964.08 508.00
964.08 508.00
964.08 508.00
964.08 508.00
964.08 508.00
964.02 508.00
963.96 510.00
963.89 510.00
963.89 510.00
963.77 511.00
963.77 511.00
963.43 512.00
963.43 512.00
963.12 513.00
963.12 513.00
963.02 516.00
963.02 516.00
963.02 516.00
963.02 516.00
963.02 516.00
963.02 516.00
963.02 516.00
963.02 517.00
963.02 517.00
963.01 518.00
963.01 518.00
962.99 519.00
962.99 519.00
962.94 520.00
962.73 521.00
962.73 521.00
962.37 522.00
962.37 522.00
962.09 523.00
962.09 523.00
962.01 526.00
962.01 526.00
962.01 526.00
962.01 526.00
962.01 526.00
962.01 526.00
962.00 530.00
962.00 530.00
962.00 530.00
962.00 530.00
962.00 530.00
962.00 530.00
962.00 530.00
961.98 531.00
961.93 531.00
961.83 532.00
961.83 532.00
961.50 533.00
961.50 533.00
961.06 534.00
961.06 534.00
961.02 538.00
961.02 538.00
961.02 538.00
961.02 538.00
961.02 538.00
961.02 538.00
961.02 538.00
961.02 538.00
961.00 539.00
960.96 541.00
960.90 541.00
960.90 541.00
960.96 541.00
960.96 541.00
960.79 542.00
960.79 542.00
960.45 543.00
960.45 543.00
960.14 544.00
960.14 544.00
960.01 545.00
960.01 545.00
960.01 548.00
960.01 548.00
960.01 548.00
960.01 548.00
960.01 548.00
960.01 548.00
960.01 549.00
960.00 550.00
960.00 550.00
960.00 554.00
960.00 554.00
960.00 554.00
960.00 554.00
959.94 555.00
959.94 555.00
959.84 556.00
959.70 556.00
959.70 556.00
959.70 556.00
959.70 556.00
959.70 556.00
959.34 557.00
959.34 557.00
959.07 558.00
959.07 558.00
959.02 560.00
959.02 560.00
959.02 560.00
959.02 560.00
959.01 561.00
959.01 561.00
958.99 562.00
958.99 562.00
958.84 563.00
958.84 563.00
958.34 564.00
958.34 564.00
958.08 565.00
958.08 565.00
958.02 571.00
958.02 571.00
958.02 571.00
958.02 571.00
958.02 571.00
958.02 575.00
958.02 575.00
958.03 576.00
958.03 576.00
958.03 576.00
958.03 576.00
958.03 576.00
958.03 576.00
958.03 576.00
958.03 576.00
958.03 576.00
958.00 575.00
957.97 577.00
957.97 577.00
957.97 577.00
958.02 576.00
957.97 577.00
957.97 577.00
957.72 578.00
957.72 578.00
957.36 579.00
957.36 579.00
957.10 580.00
957.10 580.00
957.01 581.00
957.01 581.00
957.00 584.00
957.00 584.00
957.00 584.00
957.00 584.00
957.00 584.00
957.00 584.00
957.00 585.00
957.00 585.00
956.94 586.00
956.94 586.00
956.73 587.00
956.38 588.00
956.38 588.00
956.08 589.00
956.08 589.00
956.03 592.00
956.03 592.00
956.03 592.00
956.03 592.00
956.03 592.00
956.03 592.00
956.02 597.00
956.02 597.00
956.02 597.00
956.02 597.00
956.02 597.00
956.02 597.00
956.02 597.00
956.02 597.00
956.02 597.00
956.02 597.00
955.99 598.00
955.99 598.00
955.79 599.00
955.79 599.00
955.44 600.00
955.44 600.00
955.14 601.00
955.14 601.00
955.14 601.00
955.02 602.00
955.02 602.00
955.00 604.00
955.00 604.00
955.00 604.00
954.98 605.00
954.98 605.00
954.81 606.00
954.81 606.00
954.46 607.00
954.46 607.00
954.01 608.00
954.01 608.00
953.74 609.00
953.74 609.00
953.38 610.00
953.38 610.00
953.09 611.00
953.09 611.00
953.01 615.00
953.01 615.00
953.01 615.00
953.01 615.00
953.01 615.00
953.01 615.00
953.01 615.00
953.01 616.00
953.01 616.00
953.00 617.00
953.00 617.00
953.00 618.00
953.00 618.00
953.00 619.00
953.00 619.00
953.00 620.00
953.00 620.00
953.00 621.00
953.00 621.00
953.00 622.00
953.00 622.00
953.00 623.00
953.00 623.00
953.00 630.00
953.00 630.00
953.00 631.00
953.00 632.00
953.00 632.00
953.00 633.00
953.00 633.00
953.00 634.00
953.00 634.00
953.01 635.00
953.01 635.00
953.01 636.00
953.01 636.00
953.01 637.00
953.01 637.00
953.00 632.00
953.00 632.00
953.00 633.00
953.00 633.00
952.99 640.00
952.99 640.00
952.98 641.00
952.98 641.00
952.98 642.00
952.98 642.00
952.98 642.00
952.98 642.00
952.98 642.00
952.87 645.00
952.87 645.00
952.87 645.00
952.55 646.00
952.55 646.00
952.36 647.00
952.36 647.00
952.36 647.00
952.20 647.00
952.20 647.00
952.20 647.00
952.09 648.00
952.03 648.00
952.00 649.00
952.00 652.00
952.00 652.00
952.00 653.00
952.00 653.00
952.00 653.00
952.00 653.00
952.00 653.00
952.00 653.00
952.00 653.00
952.00 653.00
952.00 653.00
952.00 653.00
952.00 658.00
952.00 658.00
951.90 659.00
951.90 659.00
951.63 660.00
951.63 660.00
951.27 661.00
951.05 662.00
951.05 662.00
951.05 662.00
951.00 663.00
951.00 663.00
950.99 664.00
950.99 664.00
950.99 664.00
950.99 664.00
950.99 664.00
950.99 664.00
950.90 667.00
950.90 667.00
950.62 668.00
950.62 668.00
950.43 669.00
950.43 669.00
950.26 669.00
950.26 669.00
950.13 670.00
950.13 670.00
950.05 670.00
950.01 671.00
949.99 672.00
949.99 672.00
949.99 672.00
949.99 672.00
949.99 672.00
949.99 672.00
949.99 672.00
949.99 672.00
949.99 672.00
949.99 672.00
949.99 672.00
949.99 673.00
949.99 673.00
949.99 674.00
950.00 675.00
950.00 675.00
950.00 676.00
950.00 676.00
950.00 683.00
950.00 683.00
950.00 683.00
950.00 684.00
950.00 684.00
949.99 685.00
949.99 685.00
949.99 686.00
949.99 686.00
949.99 687.00
949.99 687.00
949.99 688.00
949.99 688.00
949.99 689.00
949.99 690.00
949.99 690.00
949.99 690.00
949.99 690.00
949.99 690.00
949.99 690.00
949.99 690.00
949.99 690.00
949.99 690.00
949.99 690.00
949.99 690.00
949.99 690.00
949.99 690.00
949.99 690.00
949.99 691.00
949.99 691.00
949.99 692.00
949.99 692.00
949.82 699.00
949.49 700.00
949.49 700.00
949.18 701.00
949.18 701.00
949.02 702.00
949.02 702.00
949.00 703.00
949.00 703.00
949.00 703.00
949.00 703.00
949.00 703.00
949.00 703.00
949.00 706.00
949.00 706.00
949.00 707.00
949.00 707.00
949.00 708.00
949.00 708.00
949.00 708.00
949.00 708.00
949.00 708.00
949.00 708.00
949.00 708.00
946.89 738.00
946.89 738.00
946.61 739.00
946.61 739.00
946.25 740.00
946.25 740.00
946.03 741.00
946.03 741.00
945.99 742.00
945.99 742.00
945.99 742.00
945.99 742.00
945.99 742.00
945.99 742.00
945.99 742.00
945.99 742.00
945.99 742.00
945.99 746.00
945.88 747.00
945.88 747.00
945.58 748.00
945.58 748.00
945.22 749.00
945.22 749.00
945.03 750.00
945.03 750.00
945.00 751.00
945.00 751.00
945.00 752.00
945.00 752.00
944.89 753.00
944.89 753.00
944.89 753.00
944.60 754.00
944.25 755.00
944.25 755.00
944.04 756.00
944.04 756.00
943.99 757.00
943.99 757.00
943.99 758.00
943.99 758.00
943.99 758.00
943.99 758.00
943.99 758.00
943.99 758.00
943.99 758.00
943.99 758.00
943.99 758.00
943.99 758.00
943.99 758.00
943.99 758.00
943.99 758.00
943.99 758.00
944.00 765.00
944.00 765.00
944.00 766.00
944.00 766.00
944.00 767.00
944.00 767.00
944.00 768.00
944.00 768.00
944.00 769.00
944.00 769.00
944.00 769.00
944.00 769.00
944.00 769.00
944.00 769.00
944.00 769.00
944.00 769.00
944.00 769.00
944.00 769.00
944.00 769.00
944.00 769.00
944.00 769.00
944.00 769.00
944.00 769.00
944.00 769.00
944.00 770.00
944.00 770.00
944.00 771.00
944.00 771.00
944.00 772.00
944.00 772.00
944.00 773.00
944.00 773.00
944.00 774.00
944.00 774.00
944.00 775.00
944.00 775.00
944.00 776.00
944.00 776.00
944.00 777.00
944.00 777.00
944.00 784.00
944.00 784.00
944.00 785.00
944.00 786.00
944.00 786.00
944.00 787.00
944.00 787.00
944.00 788.00
944.00 788.00
944.00 788.00
944.00 788.00
944.00 788.00
944.00 788.00
944.00 788.00
944.00 788.00
944.00 788.00
944.00 788.00
944.00 788.00
944.00 788.00
944.00 788.00
944.00 788.00
944.00 789.00
944.00 789.00
944.00 794.00
944.00 794.00
944.00 794.00
944.00 794.00
944.00 794.00
944.00 794.00
942.89 816.00
942.89 816.00
942.05 817.00
942.05 817.00
941.60 818.00
941.60 818.00
941.60 818.00
941.23 819.00
941.23 819.00
940.97 820.00
940.97 820.00
940.54 821.00
940.54 821.00
940.45 822.00
940.45 822.00
940.45 822.00
940.45 822.00
940.45 822.00
940.45 822.00
940.45 822.00
940.45 822.00
940.45 822.00
940.45 822.00
940.45 822.00
940.45 822.00
940.45 822.00
940.45 822.00
941.52 823.00
941.52 823.00
937.14 891.00
937.14 891.00
936.30 892.00
936.30 892.00
935.30 893.00
935.30 893.00
934.58 894.00
934.58 894.00
934.21 895.00
934.21 895.00
934.04 896.00
934.04 896.00
934.00 897.00
934.00 897.00
934.00 898.00
934.00 898.00
934.00 898.00
934.00 898.00
934.00 900.00
934.00 900.00
934.00 901.00
934.00 901.00
934.00 902.00
934.00 902.00
934.00 902.00
934.00 902.00
934.00 902.00
934.00 902.00
934.00 902.00
934.00 902.00
934.00 902.00
934.00 902.00
934.00 902.00
934.00 902.00
934.00 902.00
934.00 903.00
934.00 903.00
934.00 904.00
934.00 904.00
934.00 905.00
934.00 905.00
934.00 906.00
934.00 906.00
934.00 907.00
934.00 907.00
934.00 908.00
934.00 908.00
934.00 909.00
934.00 909.00
934.00 910.00
934.00 910.00
934.00 917.00
934.00 917.00
934.00 918.00
934.00 919.00
934.00 919.00
934.00 920.00
934.00 920.00
934.00 921.00
934.00 921.00
933.99 922.00
933.99 922.00
933.99 923.00
933.99 923.00
932.57 938.00
932.57 938.00
932.21 939.00
932.21 939.00
932.21 939.00
932.02 940.00
932.02 940.00
932.00 941.00
932.00 941.00
931.92 942.00
931.92 942.00
931.64 943.00
931.64 943.00
931.64 943.00
931.14 944.00
931.14 944.00
931.02 945.00
931.02 945.00
931.00 946.00
931.00 946.00
931.00 947.00
931.00 947.00
931.00 948.00
931.00 948.00
931.00 949.00
931.00 949.00
930.94 950.00
930.94 950.00
930.72 951.00
930.72 951.00
930.72 951.00
930.54 951.00
930.54 951.00
930.54 951.00
930.37 954.00
930.35 952.00
930.35 952.00
930.21 954.00
930.19 952.00
930.10 953.00
930.10 953.00
930.10 953.00
930.02 958.00
930.02 958.00
929.97 959.00
929.97 959.00
930.02 958.00
930.11 958.00
930.11 958.00
930.11 958.00
930.03 961.00
929.99 960.00
929.97 959.00
929.97 959.00
929.97 959.00
929.97 959.00
929.97 959.00
929.97 959.00
929.98 966.00
929.98 966.00
929.98 966.00
929.98 966.00
929.98 966.00
929.98 966.00
929.98 966.00
929.98 966.00
929.98 966.00
929.98 966.00
929.98 966.00
929.98 966.00
929.98 966.00
929.99 967.00
929.99 967.00
929.99 968.00
929.99 968.00
930.00 969.00
930.00 969.00
930.00 976.00
930.00 976.00
930.00 977.00
930.00 977.00
929.99 978.00
929.99 978.00
929.99 979.00
929.99 979.00
929.99 980.00
929.99 980.00
929.98 981.00
929.98 981.00
929.98 982.00
929.98 982.00
929.98 982.00
929.98 982.00
929.98 982.00
929.98 982.00
929.98 982.00
929.98 982.00
929.98 982.00
929.98 982.00
929.98 982.00
929.98 982.00
929.98 982.00
929.98 983.00
929.98 983.00
929.93 990.00
929.93 990.00
929.93 990.00
929.49 991.00
929.49 991.00
929.17 992.00
929.17 992.00
929.02 993.00
929.02 993.00
929.00 994.00
929.00 994.00
929.00 994.00
929.00 994.00
929.00 994.00
929.00 994.00
929.00 994.00
929.00 998.00
929.00 998.00
929.00 998.00
929.00 998.00
929.00 998.00
929.00 998.00
929.00 998.00
929.00 998.00
929.00 998.00
929.00 998.00
929.00 998.00
929.00 998.00
929.00 998.00
929.00 998.00
928.93 1005.00
928.93 1005.00
928.53 1006.00
928.53 1006.00
928.18 1007.00
928.18 1007.00
928.00 1008.00
928.00 1008.00
927.98 1009.00
927.98 1009.00
927.98 1009.00
927.98 1009.00
927.98 1009.00
927.98 1009.00
927.98 1009.00
927.98 1009.00
927.98 1009.00
927.98 1009.00
927.98 1009.00
927.98 1009.00
927.98 1009.00
927.98 1009.00
927.99 1014.00
927.99 1014.00
927.99 1014.00
927.99 1014.00
927.99 1014.00
927.99 1014.00
927.99 1014.00
927.99 1014.00
927.99 1014.00
927.99 1014.00
927.99 1015.00
927.99 1015.00
927.99 1022.00
927.99 1022.00
927.99 1022.00
927.99 1022.00
927.99 1022.00
927.99 1022.00
927.99 1022.00
927.99 1022.00
927.99 1022.00
927.99 1022.00
927.99 1027.00
927.99 1027.00
927.88 1028.00
927.88 1028.00
927.61 1029.00
927.61 1029.00
927.25 1030.00
927.25 1030.00
927.02 1031.00
927.02 1031.00
926.97 1032.00
926.97 1032.00
926.97 1032.00
926.97 1032.00
926.97 1032.00
926.97 1032.00
926.97 1032.00
926.97 1032.00
926.97 1032.00
926.97 1032.00
926.97 1037.00
926.97 1037.00
926.97 1037.00
926.97 1037.00
926.97 1037.00
926.97 1037.00
926.97 1037.00
926.97 1037.00
926.89 1041.00
926.89 1041.00
926.57 1042.00
926.57 1042.00
926.22 1043.00
926.22 1043.00
926.22 1043.00
925.98 1044.00
925.98 1044.00
925.52 1045.00
925.52 1045.00
925.18 1046.00
925.18 1046.00
925.02 1047.00
925.02 1047.00
925.00 1048.00
925.02 1047.00
925.02 1047.00
925.00 1048.00
925.00 1048.00
925.00 1048.00
925.00 1048.00
925.00 1048.00
925.00 1048.00
925.00 1048.00
925.00 1048.00
925.00 1048.00
925.00 1048.00
925.00 1048.00
925.00 1049.00
925.00 1056.00
925.00 1056.00
925.00 1057.00
925.00 1057.00
925.00 1058.00
925.00 1058.00
925.00 1059.00
925.00 1059.00
925.00 1059.00
925.00 1059.00
925.00 1059.00
925.00 1059.00
925.00 1059.00
925.00 1059.00
925.00 1059.00
925.00 1059.00
925.00 1059.00
925.00 1059.00
925.00 1059.00
925.00 1059.00
925.00 1060.00
925.00 1060.00
925.00 1061.00
925.00 1061.00
925.00 1062.00
925.00 1062.00
925.00 1069.00
925.00 1069.00
925.00 1070.00
925.00 1070.00
925.00 1071.00
925.00 1071.00
925.00 1071.00
925.00 1071.00
925.00 1071.00
925.00 1071.00
924.94 1074.00
924.94 1074.00
924.53 1075.00
924.53 1075.00
924.18 1076.00
924.18 1076.00
924.02 1077.00
924.02 1077.00
924.00 1078.00
924.00 1078.00
924.00 1078.00
924.00 1078.00
924.00 1080.00
924.00 1080.00
923.99 1081.00
923.99 1081.00
923.99 1081.00
923.99 1081.00
923.99 1081.00
923.99 1081.00
923.99 1081.00
923.99 1081.00
923.99 1081.00
923.99 1081.00
923.99 1086.00
923.99 1086.00
923.99 1086.00
923.99 1086.00
923.94 1088.00
923.94 1088.00
923.51 1089.00
923.51 1089.00
923.17 1090.00
923.17 1090.00
923.02 1091.00
923.02 1091.00
923.00 1092.00
923.00 1092.00
923.00 1092.00
923.00 1092.00
923.00 1092.00
923.00 1094.00
923.00 1094.00
923.00 1095.00
923.00 1095.00
923.00 1096.00
923.00 1096.00
923.00 1096.00
923.00 1096.00
923.00 1096.00
923.00 1096.00
923.00 1096.00
923.00 1096.00
923.00 1096.00
923.00 1096.00
923.00 1096.00
923.00 1096.00
923.00 1096.00
923.00 1103.00
923.00 1103.00
923.00 1104.00
923.00 1104.00
923.00 1104.00
922.99 1105.00
922.99 1105.00
922.99 1105.00
922.99 1105.00
922.99 1105.00
922.99 1105.00
922.99 1105.00
922.99 1105.00
922.99 1105.00
922.99 1105.00
922.99 1105.00
922.99 1105.00
922.99 1105.00
922.99 1105.00
922.99 1112.00
922.99 1112.00
922.98 1113.00
922.98 1113.00
922.98 1113.00
922.98 1113.00
922.98 1113.00
922.95 1116.00
922.95 1116.00
922.58 1117.00
922.58 1117.00
922.48 1118.00
922.48 1118.00
922.48 1118.00
922.48 1118.00
922.48 1118.00
922.48 1118.00
922.48 1118.00
922.48 1118.00
922.24 1122.00
922.24 1122.00
922.03 1123.00
922.03 1123.00
922.00 1124.00
922.00 1124.00
922.00 1124.00
922.00 1124.00
922.00 1124.00
922.00 1124.00
921.99 1127.00
921.99 1127.00
921.99 1128.00
921.99 1128.00
921.99 1128.00
921.99 1128.00
921.99 1128.00
921.99 1128.00
921.91 1131.00
921.91 1131.00
921.63 1132.00
921.27 1133.00
921.27 1133.00
921.05 1134.00
921.05 1134.00
920.87 1135.00
920.87 1135.00
920.87 1135.00
920.55 1136.00
920.55 1136.00
920.20 1137.00
920.20 1137.00
920.09 1138.00
920.20 1137.00
920.20 1137.00
920.36 1137.00
920.55 1136.00
920.55 1136.00
920.73 1136.00
920.73 1136.00
920.73 1136.00
920.73 1136.00
920.73 1136.00
920.36 1137.00
920.36 1137.00
920.09 1138.00
920.09 1138.00
920.00 1139.00
920.00 1139.00
920.00 1141.00
920.00 1141.00
920.00 1141.00
920.00 1141.00
920.00 1142.00
920.00 1142.00
920.00 1143.00
920.00 1143.00
920.00 1144.00
920.00 1144.00
920.00 1145.00
920.00 1145.00
920.00 1146.00
920.00 1151.00
920.00 1151.00
920.00 1151.00
920.00 1151.00
920.00 1151.00
920.00 1151.00
920.00 1151.00
920.00 1151.00
920.00 1151.00
920.00 1151.00
920.00 1152.00
920.00 1152.00
920.00 1153.00
920.00 1153.00
920.00 1154.00
920.00 1154.00
920.00 1161.00
920.00 1161.00
920.00 1162.00
920.00 1162.00
920.00 1163.00
920.00 1163.00
920.00 1163.00
920.00 1163.00
920.00 1163.00
920.00 1163.00
920.00 1163.00
920.00 1163.00
919.94 1167.00
919.94 1167.00
919.55 1168.00
919.55 1168.00
919.19 1169.00
919.19 1169.00
919.01 1170.00
919.01 1170.00
918.98 1171.00
918.98 1171.00
918.98 1171.00
918.98 1171.00
918.98 1171.00
918.98 1171.00
918.98 1171.00
918.98 1171.00
918.98 1171.00
918.98 1171.00
918.98 1171.00
918.98 1171.00
918.98 1171.00
918.98 1171.00
918.99 1176.00
918.99 1176.00
918.99 1176.00
918.99 1176.00
918.99 1176.00
918.99 1176.00
918.99 1176.00
918.99 1176.00
918.99 1176.00
918.99 1176.00
918.99 1177.00
918.99 1177.00
919.00 1178.00
919.00 1178.00
919.02 1179.00
919.02 1179.00
919.26 1180.00
919.26 1180.00
919.61 1181.00
919.61 1181.00
919.91 1182.00
919.91 1182.00
919.97 1185.00
919.97 1185.00
919.97 1185.00
919.97 1185.00
919.97 1185.00
919.97 1185.00
919.98 1186.00
919.98 1186.00
920.00 1193.00
920.00 1193.00
919.99 1194.00
919.99 1194.00
919.99 1195.00
919.99 1195.00
919.99 1196.00
919.99 1196.00
919.99 1196.00
919.99 1196.00
918.17 1227.00
918.17 1227.00
918.02 1228.00
918.02 1228.00
918.00 1229.00
918.00 1229.00
918.00 1229.00
918.00 1229.00
918.00 1229.00
918.00 1229.00
918.00 1232.00
918.00 1232.00
918.00 1232.00
918.00 1233.00
918.00 1233.00
918.00 1233.00
918.00 1233.00
917.63 1248.00
917.27 1249.00
917.27 1249.00
917.03 1250.00
917.03 1250.00
916.97 1251.00
916.97 1251.00
916.97 1251.00
916.97 1251.00
916.97 1251.00
916.97 1251.00
916.97 1251.00
916.97 1251.00
916.97 1251.00
916.97 1251.00
916.97 1251.00
916.97 1251.00
916.97 1251.00
916.97 1251.00
916.99 1252.00
916.99 1252.00
916.99 1257.00
916.99 1257.00
916.99 1257.00
916.99 1257.00
916.99 1257.00
916.99 1257.00
916.99 1257.00
916.99 1257.00
916.99 1257.00
916.99 1257.00
916.99 1257.00
916.99 1258.00
916.99 1259.00
916.99 1259.00
916.99 1266.00
916.99 1266.00
916.99 1267.00
916.99 1267.00
916.99 1267.00
916.99 1267.00
916.70 1271.00
916.70 1271.00
916.18 1272.00
916.18 1272.00
916.00 1273.00
916.00 1273.00
915.97 1274.00
915.97 1274.00
915.97 1274.00
915.97 1274.00
915.97 1274.00
915.97 1274.00
915.97 1274.00
915.97 1274.00
915.97 1274.00
915.97 1274.00
915.97 1274.00
915.97 1274.00
915.97 1274.00
915.97 1274.00
915.99 1280.00
915.99 1280.00
915.99 1280.00
915.99 1280.00
915.99 1280.00
915.99 1280.00
915.99 1280.00
915.99 1280.00
915.99 1280.00
915.99 1280.00
915.99 1280.00
915.99 1280.00
915.99 1280.00
915.99 1281.00
915.99 1281.00
915.99 1282.00
915.99 1282.00
915.99 1283.00
915.99 1283.00
916.00 1284.00
916.00 1285.00
916.00 1285.00
916.00 1286.00
916.00 1286.00
916.00 1293.00
916.00 1293.00
916.00 1293.00
916.00 1294.00
916.00 1294.00
916.00 1295.00
916.00 1295.00
916.00 1296.00
916.00 1296.00
916.00 1297.00
916.00 1299.00
916.00 1300.00
916.00 1300.00
916.00 1301.00
916.00 1301.00
916.00 1301.00
914.25 1339.00
914.25 1339.00
914.04 1340.00
914.04 1340.00
914.00 1341.00
914.00 1341.00
914.00 1341.00
914.00 1341.00
914.00 1341.00
914.00 1341.00
914.00 1341.00
914.00 1341.00
914.00 1341.00
914.00 1341.00
914.00 1341.00
913.99 1346.00
913.99 1347.00
913.99 1347.00
913.99 1347.00
913.99 1347.00
913.99 1347.00
913.99 1347.00
913.99 1347.00
913.90 1350.00
913.90 1350.00
913.61 1351.00
913.61 1351.00
913.24 1352.00
913.24 1352.00
912.99 1353.00
912.99 1353.00
912.54 1354.00
912.54 1354.00
912.12 1355.00
912.12 1355.00
911.70 1356.00
911.70 1356.00
911.49 1357.00
911.49 1357.00
911.70 1356.00
911.70 1356.00
911.91 1356.00
912.12 1355.00
912.34 1355.00
912.34 1355.00
912.54 1354.00
912.54 1354.00
912.34 1355.00
912.34 1355.00
911.91 1356.00
911.91 1356.00
911.49 1357.00
911.49 1357.00
911.06 1358.00
911.06 1358.00
911.01 1360.00
911.01 1360.00
911.01 1360.00
911.01 1360.00
911.07 1367.00
911.07 1367.00
911.32 1368.00
911.32 1368.00
911.93 1369.00
911.93 1369.00
912.35 1370.00
912.35 1370.00
912.35 1370.00
912.35 1370.00
912.56 1371.00
912.35 1370.00
912.35 1370.00
912.35 1370.00
912.35 1370.00
912.35 1370.00
912.14 1370.00
912.14 1370.00
912.14 1370.00
912.14 1370.00
912.56 1371.00
912.56 1371.00
912.87 1372.00
912.87 1372.00
912.87 1372.00
912.99 1378.00
912.99 1378.00
912.99 1378.00
912.99 1378.00
912.99 1378.00
912.99 1378.00
912.99 1378.00
912.99 1378.00
912.99 1378.00
912.99 1378.00
912.99 1378.00
912.99 1379.00
912.99 1379.00
913.00 1380.00
913.00 1380.00
913.00 1381.00
913.00 1381.00
913.00 1382.00
913.00 1382.00
913.00 1383.00
913.00 1383.00
913.00 1390.00
913.00 1390.00
913.00 1391.00
913.00 1391.00
913.00 1392.00
913.00 1393.00
913.00 1393.00
913.00 1394.00
913.00 1394.00
913.00 1395.00
913.00 1395.00
913.00 1396.00
913.00 1396.00
913.00 1397.00
913.00 1397.00
913.00 1398.00
913.00 1398.00
913.00 1399.00
913.00 1399.00
913.00 1400.00
913.00 1400.00
913.00 1401.00
913.00 1401.00
913.00 1401.00
913.00 1402.00
913.00 1402.00
913.00 1403.00
913.00 1403.00
913.00 1404.00
913.00 1404.00
913.00 1404.00
913.00 1404.00
913.00 1404.00
913.00 1404.00
913.00 1404.00
913.00 1404.00
913.00 1404.00
911.48 1448.00
911.48 1448.00
911.48 1448.00
911.48 1448.00
911.48 1448.00
911.48 1448.00
911.48 1448.00
911.48 1448.00
911.48 1448.00
911.64 1449.00
911.64 1449.00
911.89 1450.00
911.89 1450.00
912.00 1451.00
1436.00 169.00
1436.00 170.00
1436.00 170.00
1436.00 171.00
1436.00 171.00
1435.98 172.00
1435.98 172.00
1435.84 173.00
1435.84 173.00
1435.52 176.00
1435.52 176.00
1435.52 176.00
1435.52 176.00
1435.52 176.00
1435.52 176.00
1435.35 177.00
1435.35 177.00
1435.10 178.00
1435.10 178.00
1435.10 178.00
1435.01 179.00
1435.01 179.00
1434.97 180.00
1434.97 180.00
1434.82 181.00
1434.82 181.00
1434.47 182.00
1434.47 182.00
1434.06 183.00
1434.06 183.00
1434.00 184.00
1434.00 184.00
1433.95 185.00
1433.95 185.00
1433.74 186.00
1433.74 186.00
1433.37 187.00
1433.37 187.00
1433.09 188.00
1433.09 188.00
1433.01 189.00
1433.01 189.00
1433.00 190.00
1433.00 190.00
1433.00 190.00
1433.00 191.00
1433.00 191.00
1432.97 192.00
1432.97 192.00
1432.78 193.00
1432.78 193.00
1432.41 194.00
1432.41 194.00
1432.11 195.00
1432.11 195.00
1432.01 196.00
1432.01 196.00
1431.98 197.00
1431.98 197.00
1431.84 198.00
1431.84 198.00
1431.31 199.00
1431.31 199.00
1431.07 200.00
1431.07 200.00
1431.00 201.00
1431.00 201.00
1431.00 202.00
1431.00 202.00
1430.96 203.00
1430.96 203.00
1430.75 204.00
1430.75 204.00
1430.37 205.00
1430.37 205.00
1430.37 205.00
1430.10 206.00
1430.10 206.00
1430.01 207.00
1430.01 207.00
1430.00 208.00
1430.00 208.00
1429.97 209.00
1429.97 209.00
1429.81 210.00
1429.81 210.00
1429.46 211.00
1429.46 211.00
1429.13 212.00
1429.13 212.00
1429.00 213.00
1429.00 213.00
1428.99 214.00
1428.99 214.00
1428.86 215.00
1428.54 215.00
1428.35 216.00
1428.19 216.00
1428.08 217.00
1428.03 217.00
1427.97 220.00
1427.90 220.00
1427.78 221.00
1427.78 221.00
1427.60 221.00
1427.60 221.00
1427.41 222.00
1427.41 222.00
1427.41 222.00
1427.24 222.00
1427.11 223.00
1427.11 223.00
1427.01 224.00
1426.93 226.00
1426.83 227.00
1426.83 227.00
1426.69 227.00
1426.69 227.00
1426.50 228.00
1426.50 228.00
1426.50 228.00
1426.06 229.00
1426.06 229.00
1426.00 230.00
1426.00 230.00
1426.00 231.00
1425.95 232.00
1425.87 232.00
1425.74 233.00
1425.74 233.00
1425.56 233.00
1425.37 234.00
1425.37 234.00
1425.09 235.00
1425.09 235.00
1425.01 236.00
1424.97 237.00
1424.97 237.00
1424.81 238.00
1424.81 238.00
1424.45 239.00
1424.45 239.00
1424.27 239.00
1424.05 240.00
1423.86 244.00
1423.72 244.00
1423.53 244.00
1423.34 245.00
1423.34 245.00
1423.18 245.00
1423.18 245.00
1423.07 246.00
1423.02 246.00
1422.97 248.00
1422.90 248.00
1422.78 249.00
1422.78 249.00
1422.61 249.00
1422.61 249.00
1422.42 250.00
1422.42 250.00
1422.42 250.00
1422.24 250.00
1422.24 250.00
1422.12 251.00
1422.04 251.00
1421.98 254.00
1421.93 254.00
1421.83 255.00
1421.67 255.00
1421.67 255.00
1421.67 255.00
1421.48 256.00
1421.48 256.00
1421.29 256.00
1421.03 257.00
1421.03 257.00
1420.78 258.00
1420.78 258.00
1420.41 259.00
1420.41 259.00
1420.11 260.00
1420.11 260.00
1420.01 261.00
1420.01 261.00
1420.00 262.00
1420.00 262.00
1419.98 263.00
1419.98 263.00
1419.83 264.00
1419.50 265.00
1419.50 265.00
1419.05 266.00
1419.05 266.00
1419.01 268.00
1419.01 268.00
1419.01 268.00
1419.01 268.00
1419.00 269.00
1419.00 269.00
1418.98 270.00
1418.98 270.00
1418.86 271.00
1418.72 271.00
1418.35 272.00
1418.35 272.00
1418.08 273.00
1417.96 276.00
1417.90 276.00
1417.79 277.00
1417.62 277.00
1417.62 277.00
1417.43 278.00
1417.43 278.00
1417.43 278.00
1417.25 278.00
1417.25 278.00
1417.11 279.00
1417.04 279.00
1416.97 283.00
1416.92 283.00
1416.83 284.00
1416.67 284.00
1416.67 284.00
1416.67 284.00
1416.49 285.00
1416.49 285.00
1416.30 285.00
1416.30 285.00
1416.15 285.00
1416.15 285.00
1416.05 286.00
1415.96 287.00
1415.88 287.00
1415.88 287.00
1415.75 288.00
1415.75 288.00
1415.38 289.00
1415.38 289.00
1415.10 290.00
1415.10 290.00
1414.99 291.00
1414.99 291.00
1414.83 292.00
1414.83 292.00
1414.50 293.00
1414.05 294.00
1414.05 294.00
1414.02 296.00
1414.02 296.00
1414.02 296.00
1414.02 296.00
1414.01 297.00
1414.01 297.00
1414.01 300.00
1414.01 300.00
1414.01 300.00
1414.01 300.00
1413.99 301.00
1413.94 301.00
1413.83 302.00
1413.83 302.00
1413.67 302.00
1413.67 302.00
1413.30 303.00
1413.07 304.00
1413.07 304.00
1413.00 305.00
1413.00 305.00
1412.96 306.00
1412.96 306.00
1412.77 307.00
1412.77 307.00
1412.40 308.00
1412.40 308.00
1412.10 309.00
1411.97 312.00
1411.81 313.00
1411.65 313.00
1411.46 314.00
1411.46 314.00
1411.28 314.00
1411.28 314.00
1411.14 314.00
1411.06 315.00
1410.99 320.00
1410.94 320.00
1410.84 321.00
1410.69 321.00
1410.69 321.00
1410.69 321.00
1410.51 321.00
1410.51 321.00
1410.32 322.00
1410.32 322.00
1410.17 322.00
1410.17 322.00
1410.07 323.00
1409.99 326.00
1409.98 327.00
1409.98 327.00
1409.87 328.00
1409.73 329.00
1409.55 329.00
1409.55 329.00
1409.36 330.00
1409.36 330.00
1409.36 330.00
1409.20 330.00
1409.20 330.00
1409.09 331.00
1408.99 332.00
1408.91 333.00
1408.80 334.00
1408.80 334.00
1408.64 334.00
1408.64 334.00
1408.44 335.00
1408.44 335.00
1408.44 335.00
1408.27 335.00
1408.27 335.00
1408.13 336.00
1408.05 336.00
1408.00 338.00
1408.00 341.00
1408.00 341.00
1407.99 342.00
1407.99 342.00
1407.92 343.00
1407.92 343.00
1407.65 344.00
1407.65 344.00
1407.28 345.00
1407.28 345.00
1407.14 345.00
1407.06 346.00
1407.00 347.00
1407.00 347.00
1406.99 348.00
1406.95 349.00
1406.95 349.00
1406.71 350.00
1406.52 350.00
1406.52 350.00
1406.33 351.00
1406.33 351.00
1406.18 351.00
1406.18 351.00
1406.08 352.00
1406.00 353.00
1405.99 354.00
1405.90 355.00
1405.90 355.00
1405.60 356.00
1405.60 356.00
1405.23 357.00
1405.23 357.00
1405.04 358.00
1405.04 358.00
1405.00 359.00
1405.00 359.00
1404.99 360.00
1404.99 360.00
1404.93 361.00
1404.93 361.00
1404.68 362.00
1404.68 362.00
1404.15 363.00
1404.15 363.00
1404.02 364.00
1404.02 364.00
1404.00 365.00
1404.00 365.00
1404.00 366.00
1404.00 366.00
1403.99 367.00
1403.86 368.00
1403.86 368.00
1403.53 369.00
1403.53 369.00
1403.19 370.00
1403.19 370.00
1403.19 370.00
1403.19 370.00
1403.19 370.00
1403.19 370.00
1403.19 370.00
1403.19 370.00
1403.08 371.00
1403.03 371.00
1402.96 374.00
1402.90 374.00
1402.79 375.00
1402.79 375.00
1402.62 375.00
1402.62 375.00
1402.43 376.00
1402.43 376.00
1402.43 376.00
1402.25 376.00
1402.25 376.00
1402.12 377.00
1402.04 377.00
1401.98 380.00
1401.93 380.00
1401.83 381.00
1401.68 381.00
1401.68 381.00
1401.68 381.00
1401.50 382.00
1401.50 382.00
1401.31 382.00
1401.31 382.00
1401.16 382.00
1401.16 382.00
1401.07 383.00
1400.99 385.00
1400.88 386.00
1400.88 386.00
1400.75 387.00
1400.75 387.00
1400.58 387.00
1400.58 387.00
1400.39 388.00
1400.39 388.00
1400.21 388.00
1400.21 388.00
1400.09 389.00
1400.09 389.00
1399.99 393.00
1399.89 396.00
1399.89 396.00
1399.77 397.00
1399.77 397.00
1399.59 397.00
1399.59 397.00
1399.40 398.00
1399.40 398.00
1399.22 398.00
1399.22 398.00
1399.10 399.00
1399.10 399.00
1399.00 400.00
1399.00 400.00
1398.99 403.00
1398.99 403.00
1398.99 404.00
1398.99 404.00
1398.90 405.00
1398.90 405.00
1398.61 406.00
1398.24 407.00
1398.24 407.00
1398.12 408.00
1398.04 408.00
1398.00 409.00
1398.00 409.00
1397.93 410.00
1397.93 410.00
1397.69 411.00
1397.69 411.00
1397.51 411.00
1397.51 411.00
1397.32 412.00
1397.32 412.00
1397.17 412.00
1397.17 412.00
1397.07 413.00
1397.00 415.00
1397.00 416.00
1396.99 417.00
1396.99 417.00
1396.87 418.00
1396.87 418.00
1396.56 419.00
1396.56 419.00
1396.37 420.00
1396.37 420.00
1396.20 420.00
1396.20 420.00
1396.08 421.00
1396.00 422.00
1396.00 422.00
1396.00 422.00
1396.00 422.00
1396.00 422.00
1395.98 425.00
1395.98 425.00
1395.89 426.00
1395.61 427.00
1395.61 427.00
1395.24 428.00
1395.24 428.00
1395.10 429.00
1395.03 429.00
1395.00 430.00
1395.00 430.00
1395.00 430.00
1395.00 430.00
1395.00 430.00
1395.00 430.00
1394.99 433.00
1394.99 433.00
1394.99 434.00
1394.99 434.00
1394.91 435.00
1394.91 435.00
1394.63 436.00
1394.26 437.00
1394.26 437.00
1394.04 438.00
1394.04 438.00
1394.01 439.00
1394.01 439.00
1394.00 440.00
1394.00 440.00
1393.99 441.00
1393.99 441.00
1393.93 442.00
1393.93 442.00
1393.67 443.00
1393.67 443.00
1393.15 444.00
1393.15 444.00
1393.02 445.00
1393.02 445.00
1393.00 446.00
1393.00 446.00
1393.00 447.00
1393.00 448.00
1393.00 448.00
1392.99 449.00
1392.99 449.00
1392.94 450.00
1392.94 450.00
1392.55 451.00
1392.55 451.00
1392.19 452.00
1392.19 452.00
1392.02 453.00
1392.02 453.00
1392.00 454.00
1392.00 454.00
1392.00 454.00
1392.00 454.00
1391.99 456.00
1391.99 456.00
1391.99 457.00
1391.99 457.00
1391.89 458.00
1391.89 458.00
1391.59 459.00
1391.59 459.00
1391.59 459.00
1391.39 460.00
1391.39 460.00
1391.22 460.00
1391.22 460.00
1391.10 461.00
1391.03 461.00
1391.00 463.00
1390.99 464.00
1390.99 464.00
1390.91 465.00
1390.65 466.00
1390.65 466.00
1390.46 467.00
1390.46 467.00
1390.46 467.00
1390.27 467.00
1390.27 467.00
1390.13 468.00
1390.04 468.00
1390.00 469.00
1390.00 469.00
1390.00 469.00
1390.00 469.00
1390.00 469.00
1389.99 473.00
1389.99 473.00
1389.99 474.00
1389.99 474.00
1389.99 474.00
1389.99 474.00
1389.99 474.00
1389.99 474.00
1389.99 474.00
1389.90 478.00
1389.90 478.00
1389.61 479.00
1389.61 479.00
1389.24 480.00
1389.24 480.00
1389.04 481.00
1389.04 481.00
1389.00 482.00
1389.00 482.00
1389.00 483.00
1389.00 483.00
1388.93 484.00
1388.93 484.00
1388.69 485.00
1388.69 485.00
1388.16 486.00
1388.02 487.00
1388.02 487.00
1388.00 488.00
1388.00 488.00
1388.00 489.00
1388.00 489.00
1387.98 490.00
1387.98 490.00
1387.87 491.00
1387.87 491.00
1387.87 491.00
1387.74 492.00
1387.74 492.00
1387.56 492.00
1387.56 492.00
1387.56 492.00
1387.37 493.00
1387.37 493.00
1387.20 493.00
1387.20 493.00
1387.08 494.00
1387.02 494.00
1386.98 498.00
1386.98 498.00
1386.98 498.00
1386.98 498.00
1386.98 498.00
1386.98 498.00
1386.88 501.00
1386.88 501.00
1386.55 502.00
1386.55 502.00
1386.20 503.00
1386.20 503.00
1386.03 504.00
1386.00 505.00
1386.00 505.00
1386.00 506.00
1386.00 506.00
1386.00 507.00
1386.00 507.00
1385.99 508.00
1385.99 508.00
1385.90 509.00
1385.90 509.00
1385.62 510.00
1385.62 510.00
1385.25 511.00
1385.25 511.00
1385.04 512.00
1385.04 512.00
1385.00 513.00
1385.00 513.00
1385.00 513.00
1385.00 515.00
1385.00 515.00
1385.00 516.00
1385.00 516.00
1385.00 516.00
1385.00 516.00
1384.99 518.00
1384.99 518.00
1384.91 519.00
1384.91 519.00
1384.91 519.00
1384.63 520.00
1384.63 520.00
1384.44 521.00
1384.44 521.00
1384.44 521.00
1384.26 521.00
1384.26 521.00
1384.12 522.00
1384.12 522.00
1384.01 525.00
1384.00 523.00
1383.99 526.00
1383.99 526.00
1383.98 527.00
1383.98 527.00
1383.98 527.00
1383.98 527.00
1383.92 529.00
1383.92 529.00
1383.63 530.00
1383.63 530.00
1383.26 531.00
1383.26 531.00
1383.05 532.00
1383.05 532.00
1383.01 533.00
1383.00 534.00
1383.00 534.00
1383.00 535.00
1383.00 535.00
1382.99 536.00
1382.99 536.00
1382.93 537.00
1382.93 537.00
1382.68 538.00
1382.68 538.00
1382.16 539.00
1382.16 539.00
1382.02 540.00
1382.02 540.00
1382.00 541.00
1382.00 541.00
1382.00 542.00
1382.00 542.00
1382.00 542.00
1382.00 542.00
1382.00 542.00
1382.00 542.00
1382.00 542.00
1382.00 546.00
1382.00 546.00
1381.99 547.00
1381.99 547.00
1381.99 547.00
1381.99 547.00
1381.93 549.00
1381.93 549.00
1381.67 550.00
1381.67 550.00
1381.15 551.00
1381.15 551.00
1381.02 552.00
1381.02 552.00
1381.00 553.00
1381.00 553.00
1380.99 554.00
1380.99 554.00
1380.99 555.00
1380.99 555.00
1380.99 555.00
1380.99 555.00
1380.95 557.00
1380.95 557.00
1380.53 558.00
1380.53 558.00
1380.18 559.00
1380.18 559.00
1380.02 560.00
1380.02 560.00
1380.00 561.00
1380.00 561.00
1380.00 561.00
1380.00 563.00
1380.00 563.00
1379.99 564.00
1379.99 564.00
1379.99 564.00
1379.99 564.00
1379.99 564.00
1379.99 564.00
1379.99 564.00
1379.99 564.00
1379.99 564.00
1379.99 564.00
1379.99 564.00
1379.99 564.00
1379.99 570.00
1379.99 570.00
1379.99 571.00
1379.99 571.00
1379.99 571.00
1379.99 571.00
1379.99 571.00
1379.99 571.00
1379.92 574.00
1379.92 574.00
1379.64 575.00
1379.64 575.00
1379.26 576.00
1379.26 576.00
1379.26 576.00
1379.05 577.00
1379.05 577.00
1379.00 578.00
1379.00 578.00
1379.00 579.00
1379.00 579.00
1379.00 580.00
1379.00 580.00
1379.00 581.00
1379.00 581.00
1379.00 582.00
1379.00 582.00
1379.00 582.00
1379.00 582.00
1379.00 582.00
1379.00 582.00
1379.00 582.00
1379.00 582.00
1379.00 582.00
1379.00 582.00
1379.00 582.00
1379.00 582.00
1379.00 582.00
1378.99 589.00
1378.99 589.00
1378.99 590.00
1378.99 590.00
1378.99 590.00
1378.99 590.00
1378.99 590.00
1378.99 590.00
1378.95 593.00
1378.54 594.00
1378.54 594.00
1378.19 595.00
1378.19 595.00
1378.02 596.00
1378.00 597.00
1378.00 597.00
1378.00 597.00
1378.00 597.00
1378.00 597.00
1378.00 597.00
1378.00 597.00
1377.18 607.00
1377.18 607.00
1377.02 608.00
1377.02 608.00
1377.00 609.00
1377.00 609.00
1377.00 609.00
1377.00 609.00
1377.00 609.00
1377.00 609.00
1376.99 612.00
1376.99 612.00
1376.98 613.00
1376.98 613.00
1376.52 617.00
1376.18 618.00
1376.18 618.00
1376.02 619.00
1376.02 619.00
1376.00 620.00
1376.00 620.00
1375.60 624.00
1375.60 624.00
1375.23 625.00
1375.23 625.00
1375.03 626.00
1375.03 626.00
1374.93 627.00
1374.93 627.00
1374.69 628.00
1374.69 628.00
1374.16 629.00
1374.16 629.00
1374.02 630.00
1374.02 630.00
1374.00 631.00
1374.00 631.00
1374.00 632.00
1374.00 632.00
1373.99 633.00
1373.99 633.00
1373.87 634.00
1373.87 634.00
1373.55 635.00
1373.55 635.00
1373.27 636.00
1373.27 636.00
1373.26 637.00
1373.26 637.00
1373.26 637.00
1373.26 637.00
1373.26 637.00
1373.26 637.00
1373.26 637.00
1373.26 637.00
1373.26 637.00
1373.23 642.00
1373.23 642.00
1373.02 643.00
1373.02 643.00
1372.99 644.00
1372.99 644.00
1372.99 644.00
1372.99 644.00
1372.99 644.00
1372.99 644.00
1372.99 644.00
1372.99 644.00
1372.99 648.00
1372.99 648.00
1372.99 648.00
1372.99 648.00
1372.90 650.00
1372.90 650.00
1372.61 651.00
1372.61 651.00
1372.24 652.00
1372.24 652.00
1372.04 653.00
1372.04 653.00
1372.00 654.00
1372.00 654.00
1372.00 655.00
1372.00 655.00
1371.93 656.00
1371.93 656.00
1371.68 657.00
1371.68 657.00
1371.30 658.00
1371.30 658.00
1371.30 658.00
1371.30 658.00
1371.15 658.00
1371.15 658.00
1371.05 659.00
1371.00 660.00
1371.00 660.00
1371.00 660.00
1371.00 660.00
1371.00 660.00
1371.00 660.00
1371.00 660.00
1370.99 665.00
1370.99 665.00
1370.99 666.00
1370.99 666.00
1370.99 667.00
1370.99 667.00
1370.99 667.00
1370.99 667.00
1370.99 667.00
1370.99 667.00
1370.99 667.00
1370.99 667.00
1370.99 667.00
1370.99 667.00
1370.99 667.00
1370.99 667.00
1370.99 667.00
1370.98 674.00
1370.98 674.00
1370.98 674.00
1370.98 674.00
1370.98 674.00
1370.98 674.00
1370.96 677.00
1370.53 678.00
1370.53 678.00
1370.18 679.00
1370.18 679.00
1370.03 680.00
1370.03 680.00
1370.00 681.00
1370.00 681.00
1370.00 682.00
1370.00 682.00
1369.99 683.00
1369.99 683.00
1369.89 684.00
1369.89 684.00
1369.60 685.00
1369.60 685.00
1369.23 686.00
1369.23 686.00
1369.04 687.00
1369.04 687.00
1369.00 688.00
1369.00 688.00
1368.93 689.00
1368.93 689.00
1368.69 690.00
1368.69 690.00
1368.16 691.00
1368.16 691.00
1368.01 692.00
1368.01 692.00
1368.00 693.00
1368.00 693.00
1368.00 693.00
1368.00 693.00
1367.99 695.00
1367.99 695.00
1367.99 696.00
1367.99 696.00
1367.99 696.00
1367.99 696.00
1367.95 698.00
1367.95 698.00
1367.52 699.00
1367.52 699.00
1367.33 700.00
1367.17 700.00
1367.17 700.00
1367.07 701.00
1367.01 702.00
1367.00 702.00
1367.00 702.00
1367.00 702.00
1367.00 704.00
1367.07 701.00
1367.17 700.00
1367.17 700.00
1367.33 700.00
1367.33 700.00
1367.07 701.00
1367.07 701.00
1367.01 703.00
1367.01 703.00
1366.99 705.00
1366.99 705.00
1366.94 710.00
1366.94 710.00
1366.71 711.00
1366.52 711.00
1366.52 711.00
1366.33 712.00
1366.33 712.00
1366.33 712.00
1366.17 712.00
1366.07 713.00
1366.02 713.00
1366.00 716.00
1366.00 716.00
1365.99 717.00
1365.99 717.00
1365.99 718.00
1365.99 718.00
1365.99 718.00
1365.99 718.00
1365.99 718.00
1365.99 718.00
1365.99 718.00
1365.99 718.00
1365.99 718.00
1365.99 718.00
1365.99 718.00
1365.99 718.00
1365.99 718.00
1365.99 718.00
1365.99 719.00
1365.99 719.00
1365.99 725.00
1365.99 725.00
1365.91 727.00
1365.91 727.00
1365.63 728.00
1365.63 728.00
1365.25 729.00
1365.25 729.00
1365.04 730.00
1365.00 731.00
1365.00 731.00
1365.00 731.00
1365.00 731.00
1365.00 731.00
1365.00 731.00
1365.00 734.00
1365.00 734.00
1364.99 735.00
1364.99 735.00
1364.99 736.00
1364.99 736.00
1364.92 737.00
1364.92 737.00
1364.65 738.00
1364.65 738.00
1364.46 739.00
1364.46 739.00
1364.46 739.00
1364.28 739.00
1364.28 739.00
1364.13 740.00
1364.13 740.00
1364.04 740.00
1364.00 741.00
1364.00 741.00
1363.99 744.00
1363.99 744.00
1363.99 744.00
1363.99 744.00
1363.99 744.00
1363.99 744.00
1363.99 744.00
1363.99 744.00
1363.99 744.00
1363.99 744.00
1363.91 749.00
1363.63 750.00
1363.63 750.00
1363.26 751.00
1363.26 751.00
1363.04 752.00
1363.04 752.00
1362.99 753.00
1362.99 753.00
1362.99 753.00
1362.99 753.00
1363.04 752.00
1363.04 752.00
1363.04 752.00
1363.01 756.00
1362.99 753.00
1362.99 753.00
1362.99 753.00
1362.99 753.00
1362.99 759.00
1362.99 759.00
1362.99 760.00
1362.99 760.00
1362.99 760.00
1362.99 760.00
1362.99 760.00
1362.99 760.00
1362.90 763.00
1362.90 763.00
1362.59 764.00
1362.59 764.00
1362.23 765.00
1362.23 765.00
1362.04 766.00
1362.04 766.00
1362.00 767.00
1362.00 768.00
1362.00 768.00
1362.00 769.00
1362.00 769.00
1362.00 769.00
1362.00 769.00
1362.00 769.00
1362.00 769.00
1362.00 769.00
1362.00 769.00
1362.00 769.00
1362.00 769.00
1362.00 769.00
1362.00 774.00
1362.00 774.00
1361.99 775.00
1361.99 775.00
1361.99 775.00
1361.99 775.00
1361.99 775.00
1361.87 778.00
1361.87 778.00
1361.54 779.00
1361.54 779.00
1361.19 780.00
1361.19 780.00
1361.03 781.00
1361.03 781.00
1361.00 782.00
1361.00 782.00
1361.00 783.00
1361.00 783.00
1361.00 784.00
1361.00 784.00
1361.00 784.00
1361.00 784.00
1361.00 784.00
1361.00 784.00
1361.00 784.00
1361.00 784.00
1361.00 784.00
1361.00 784.00
1361.00 784.00
1361.00 784.00
1360.99 790.00
1360.99 790.00
1360.99 791.00
1360.99 791.00
1360.99 791.00
1360.99 791.00
1360.94 793.00
1360.94 793.00
1360.68 794.00
1360.15 795.00
1360.15 795.00
1360.01 796.00
1360.01 796.00
1360.00 797.00
1360.00 797.00
1360.00 797.00
1360.00 797.00
1360.00 797.00
1360.00 797.00
1360.00 797.00
1360.00 797.00
1360.00 801.00
1360.00 801.00
1359.99 802.00
1359.99 802.00
1359.99 803.00
1359.99 803.00
1359.93 804.00
1359.93 804.00
1359.69 805.00
1359.69 805.00
1359.16 806.00
1359.16 806.00
1359.02 807.00
1359.02 807.00
1359.00 808.00
1359.00 808.00
1359.00 808.00
1359.00 808.00
1359.00 810.00
1359.00 810.00
1358.99 811.00
1358.99 811.00
1358.99 812.00
1358.99 812.00
1358.94 813.00
1358.94 813.00
1358.53 814.00
1358.53 814.00
1358.34 815.00
1358.34 815.00
1358.18 815.00
1358.18 815.00
1358.07 816.00
1358.02 816.00
1358.00 818.00
1358.02 816.00
1358.07 816.00
1358.18 815.00
1358.18 815.00
1358.34 815.00
1358.34 815.00
1358.34 815.00
1358.07 816.00
1358.07 816.00
1358.01 817.00
1358.01 817.00
1358.01 821.00
1357.99 823.00
1357.94 825.00
1357.94 825.00
1357.69 826.00
1357.69 826.00
1357.50 826.00
1357.50 826.00
1357.50 826.00
1357.32 827.00
1357.32 827.00
1357.17 827.00
1357.17 827.00
1357.02 828.00
1357.00 831.00
1356.99 832.00
1356.99 832.00
1356.99 832.00
1356.99 832.00
1356.99 832.00
1356.99 832.00
1356.99 832.00
1356.99 832.00
1356.99 832.00
1356.99 832.00
1356.99 837.00
1356.99 837.00
1356.99 838.00
1356.99 838.00
1356.99 838.00
1356.99 838.00
1356.92 840.00
1356.92 840.00
1356.64 841.00
1356.64 841.00
1356.45 842.00
1356.27 842.00
1356.27 842.00
1356.14 842.00
1356.14 842.00
1356.02 843.00
1356.00 845.00
1356.00 845.00
1356.00 845.00
1356.00 845.00
1356.00 845.00
1356.00 845.00
1356.00 845.00
1356.00 845.00
1355.99 849.00
1356.06 843.00
1356.01 847.00
1356.01 847.00
1356.01 847.00
1356.01 847.00
1355.99 849.00
1356.00 848.00
1356.01 847.00
1356.01 847.00
1356.00 848.00
1356.00 848.00
1356.00 850.00
1356.00 850.00
1356.00 850.00
1356.00 850.00
1355.98 851.00
1355.98 851.00
1355.81 852.00
1355.81 852.00
1355.45 853.00
1355.45 853.00
1355.05 854.00
1355.05 854.00
1355.00 857.00
1355.00 857.00
1355.00 857.00
1355.00 857.00
1355.01 863.00
1355.01 864.00
1355.01 864.00
1355.01 864.00
1354.99 860.00
1354.99 866.00
1354.99 866.00
1354.98 867.00
1354.98 867.00
1354.98 867.00
1354.98 867.00
1354.88 869.00
1354.88 869.00
1354.55 870.00
1354.55 870.00
1354.20 871.00
1354.20 871.00
1354.20 871.00
1354.36 871.00
1354.36 871.00
1354.55 870.00
1354.55 870.00
1354.55 870.00
1354.55 870.00
1354.36 871.00
1354.36 871.00
1354.36 871.00
1354.20 871.00
1354.20 871.00
1354.09 872.00
1354.01 873.00
1354.00 876.00
1354.00 876.00
1354.00 876.00
1354.00 876.00
1354.00 876.00
1354.00 876.00
1354.00 876.00
1354.00 877.00
1354.00 877.00
1354.00 884.00
1354.00 884.00
1353.99 885.00
1353.99 885.00
1353.93 886.00
1353.93 886.00
1353.68 887.00
1353.68 887.00
1353.68 887.00
1353.49 888.00
1353.49 888.00
1353.49 888.00
1353.30 888.00
1353.30 888.00
1353.15 888.00
1353.15 888.00
1353.06 889.00
1353.00 892.00
1352.99 893.00
1352.99 893.00
1352.99 893.00
1352.99 893.00
1352.95 895.00
1352.95 895.00
1353.01 891.00
1353.01 891.00
1353.01 891.00
1353.01 891.00
1353.00 892.00
1353.00 892.00
1353.00 894.00
1352.95 895.00
1352.85 896.00
1352.85 896.00
1352.69 896.00
1352.69 896.00
1352.51 896.00
1352.51 896.00
1352.32 897.00
1352.32 897.00
1352.07 898.00
1352.07 898.00
1352.01 899.00
1352.01 899.00
1352.00 900.00
1352.00 900.00
1352.00 907.00
1352.00 907.00
1352.00 907.00
1352.00 907.00
1352.00 907.00
1352.00 907.00
1352.00 907.00
1352.00 907.00
1352.00 907.00
1352.00 907.00
1352.00 907.00
1352.00 907.00
1351.91 912.00
1351.91 912.00
1351.91 912.00
1351.91 912.00
1351.91 912.00
1352.00 909.00
1352.00 910.00
1352.00 910.00
1352.00 911.00
1352.00 911.00
1351.97 912.00
1351.97 912.00
1351.80 913.00
1351.80 913.00
1351.44 914.00
1351.44 914.00
1351.12 915.00
1351.12 915.00
1351.01 916.00
1351.01 916.00
1351.01 917.00
1351.01 917.00
1351.01 918.00
1351.01 918.00
1351.00 919.00
1351.00 919.00
1351.00 921.00
1351.00 921.00
1351.00 921.00
1351.00 921.00
1350.97 922.00
1350.97 922.00
1350.81 923.00
1350.81 923.00
1350.47 924.00
1350.47 924.00
1350.13 925.00
1350.13 925.00
1350.01 927.00
1350.01 927.00
1350.01 927.00
1350.01 928.00
1350.01 928.00
1350.01 928.00
1350.01 932.00
1350.01 932.00
1350.01 932.00
1350.01 932.00
1350.01 932.00
1350.01 932.00
1350.01 932.00
1350.01 932.00
1350.00 933.00
1350.00 933.00
1350.00 934.00
1349.99 935.00
1349.99 935.00
1349.96 936.00
1349.96 936.00
1349.78 937.00
1349.78 937.00
1349.42 938.00
1349.42 938.00
1349.11 939.00
1349.11 939.00
1349.01 940.00
1349.01 940.00
1349.00 941.00
1349.00 941.00
1349.00 942.00
1349.00 942.00
1349.00 949.00
1349.00 949.00
1349.00 949.00
1349.00 949.00
1349.00 949.00
1349.00 949.00
1349.00 949.00
1349.00 949.00
1349.00 949.00
1349.00 949.00
1349.00 949.00
1349.00 949.00
1349.00 949.00
1349.00 949.00
1349.00 950.00
1349.00 950.00
1349.00 951.00
1349.00 951.00
1349.00 952.00
1349.00 953.00
1349.00 953.00
1349.00 954.00
1349.00 958.00
1349.00 958.00
1349.00 958.00
1349.00 958.00
1349.00 958.00
1349.00 958.00
1349.00 958.00
1349.00 958.00
1349.00 964.00
1349.00 964.00
1349.00 965.00
1349.00 965.00
1349.00 966.00
1349.00 967.00
1349.00 961.00
1349.00 962.00
1349.00 962.00
1349.00 963.00
1349.00 963.00
1349.00 964.00
1349.00 964.00
1349.00 965.00
1349.00 965.00
1349.00 966.00
1349.00 966.00
1349.00 967.00
1349.00 967.00
1349.00 968.00
1349.00 968.00
1349.00 975.00
1349.00 975.00
1349.00 976.00
1349.00 976.00
1349.00 977.00
1349.00 978.00
1349.00 978.00
1349.00 979.00
1349.00 979.00
1349.00 980.00
1349.00 980.00
1349.00 981.00
1349.00 981.00
1349.00 982.00
1349.00 982.00
1349.00 983.00
1349.00 983.00
1349.00 983.00
1349.00 983.00
1349.00 983.00
1349.00 983.00
1349.00 983.00
1349.00 983.00
1349.00 983.00
1349.00 983.00
1349.00 983.00
1349.00 983.00
1349.00 989.00
1349.00 989.00
1348.99 990.00
1348.99 990.00
1348.99 990.00
1348.99 990.00
1348.99 992.00
1348.99 992.00
1348.88 993.00
1348.88 993.00
1348.56 994.00
1348.56 994.00
1348.20 995.00
1348.03 996.00
1348.03 996.00
1348.00 997.00
1348.00 997.00
1348.00 997.00
1348.00 997.00
1348.00 997.00
1348.00 999.00
1348.00 999.00
1348.00 1000.00
1348.00 1000.00
1348.00 1001.00
1348.00 1001.00
1348.00 1001.00
1348.00 1001.00
1348.00 1001.00
1348.00 1001.00
1348.00 1001.00
1348.00 1001.00
1348.00 1001.00
1348.00 1001.00
1347.94 1006.00
1347.94 1006.00
1347.55 1007.00
1347.55 1007.00
1347.19 1008.00
1347.19 1008.00
1347.01 1009.00
1347.01 1009.00
1347.00 1010.00
1347.00 1010.00
1347.00 1010.00
1347.00 1010.00
1347.00 1010.00
1347.00 1010.00
1347.00 1010.00
1347.00 1010.00
1347.00 1014.00
1347.00 1014.00
1346.99 1015.00
1346.99 1015.00
1346.99 1016.00
1346.99 1016.00
1346.99 1016.00
1346.99 1016.00
1346.99 1016.00
1346.99 1016.00
1346.99 1016.00
1346.99 1016.00
1346.99 1016.00
1346.99 1016.00
1346.99 1016.00
1346.99 1016.00
1346.99 1016.00
1346.99 1016.00
1346.99 1017.00
1346.99 1017.00
1346.99 1018.00
1346.99 1018.00
1347.00 1019.00
1347.00 1019.00
1346.99 1026.00
1346.99 1026.00
1346.89 1027.00
1346.89 1027.00
1346.60 1028.00
1346.60 1028.00
1346.23 1029.00
1346.23 1029.00
1346.04 1030.00
1346.04 1030.00
1346.00 1031.00
1346.00 1031.00
1346.00 1032.00
1346.00 1032.00
1346.00 1033.00
1346.00 1033.00
1346.00 1034.00
1346.00 1034.00
1345.99 1035.00
1345.99 1035.00
1345.91 1036.00
1345.91 1036.00
1345.63 1037.00
1345.63 1037.00
1345.43 1038.00
1345.43 1038.00
1345.25 1038.00
1345.25 1038.00
1345.12 1039.00
1345.12 1039.00
1345.04 1039.00
1345.00 1041.00
1345.00 1041.00
1345.00 1041.00
1345.04 1039.00
1345.12 1039.00
1345.25 1038.00
1345.25 1038.00
1345.12 1039.00
1345.12 1039.00
1345.01 1040.00
1345.01 1040.00
1345.00 1042.00
1345.00 1042.00
1345.00 1042.00
1345.00 1042.00
1345.00 1042.00
1345.00 1043.00
1345.00 1043.00
1345.00 1044.00
1345.00 1045.00
1345.00 1045.00
1345.00 1046.00
1345.00 1046.00
1345.00 1047.00
1345.00 1047.00
1345.00 1048.00
1345.00 1048.00
1345.00 1055.00
1345.00 1055.00
1345.00 1056.00
1345.00 1056.00
1345.00 1056.00
1345.00 1056.00
1345.00 1056.00
1345.00 1056.00
1345.00 1056.00
1345.00 1056.00
1345.00 1056.00
1345.00 1056.00
1345.00 1056.00
1345.00 1056.00
1345.00 1056.00
1345.00 1057.00
1345.00 1057.00
1345.00 1058.00
1345.00 1058.00
1345.00 1059.00
1345.00 1059.00
1345.00 1060.00
1345.00 1060.00
1345.00 1060.00
1345.00 1061.00
1345.00 1061.00
1345.00 1062.00
1345.00 1062.00
1345.00 1063.00
1345.00 1063.00
1345.00 1064.00
1345.00 1064.00
1345.00 1065.00
1345.00 1065.00
1345.00 1066.00
1345.00 1066.00
1345.00 1067.00
1345.00 1067.00
1345.00 1068.00
1345.00 1068.00
1345.00 1069.00
1345.00 1069.00
1345.00 1070.00
1345.00 1077.00
1345.00 1077.00
1345.00 1078.00
1345.00 1078.00
1345.00 1079.00
1345.00 1079.00
1345.00 1080.00
1345.00 1080.00
1345.00 1081.00
1345.00 1081.00
1345.00 1082.00
1345.00 1082.00
1345.00 1083.00
1345.00 1083.00
1345.00 1084.00
1345.00 1084.00
1344.99 1085.00
1344.99 1085.00
1344.93 1086.00
1344.67 1087.00
1344.67 1087.00
1344.15 1088.00
1344.15 1088.00
1344.02 1089.00
1344.02 1089.00
1344.00 1090.00
1344.00 1090.00
1344.00 1091.00
1344.00 1091.00
1343.99 1092.00
1343.99 1092.00
1343.95 1093.00
1343.95 1093.00
1343.53 1094.00
1343.53 1094.00
1343.18 1095.00
1343.18 1095.00
1343.02 1096.00
1343.02 1096.00
1343.01 1097.00
1343.01 1097.00
1343.01 1097.00
1343.01 1097.00
1342.99 1099.00
1342.99 1099.00
1342.99 1100.00
1342.99 1100.00
1342.99 1100.00
1342.99 1100.00
1342.99 1100.00
1342.88 1102.00
1342.88 1102.00
1342.56 1103.00
1342.56 1103.00
1342.56 1103.00
1342.56 1103.00
1342.56 1103.00
1342.56 1103.00
1342.37 1104.00
1342.37 1104.00
1342.37 1104.00
1342.20 1104.00
1342.20 1104.00
1342.20 1104.00
1342.20 1104.00
1342.37 1104.00
1342.37 1104.00
1342.37 1104.00
1342.09 1105.00
1342.09 1105.00
1342.01 1106.00
1342.01 1106.00
1342.00 1112.00
1342.00 1112.00
1342.00 1112.00
1342.00 1112.00
1342.00 1112.00
1342.00 1112.00
1342.00 1112.00
1342.00 1112.00
1342.00 1112.00
1342.00 1112.00
1342.00 1112.00
1342.00 1112.00
1342.00 1112.00
1342.00 1113.00
1342.00 1113.00
1342.00 1120.00
1342.00 1120.00
1342.00 1120.00
1342.00 1121.00
1342.00 1121.00
1342.00 1122.00
1342.00 1117.00
1342.00 1117.00
1342.00 1118.00
1342.00 1118.00
1342.00 1119.00
1342.00 1119.00
1342.00 1120.00
1342.00 1120.00
1342.00 1127.00
1342.00 1127.00
1342.00 1128.00
1342.00 1128.00
1341.99 1129.00
1341.99 1129.00
1341.99 1130.00
1341.99 1130.00
1341.99 1130.00
1341.99 1130.00
1341.99 1130.00
1341.99 1130.00
1341.93 1133.00
1341.93 1133.00
1341.69 1134.00
1341.69 1134.00
1341.16 1135.00
1341.16 1135.00
1341.01 1136.00
1341.01 1136.00
1341.00 1137.00
1341.00 1137.00
1341.00 1137.00
1341.06 1136.00
1341.16 1135.00
1341.16 1135.00
1341.31 1135.00
1341.31 1135.00
1341.31 1135.00
1341.16 1135.00
1341.06 1136.00
1341.06 1136.00
1340.99 1140.00
1340.94 1141.00
1340.94 1141.00
1340.86 1142.00
1340.94 1141.00
1341.00 1139.00
1340.99 1140.00
1340.99 1140.00
1340.98 1141.00
1340.98 1141.00
1340.98 1141.00
1340.86 1142.00
1340.86 1142.00
1340.35 1143.00
1340.35 1143.00
1340.08 1144.00
1340.08 1144.00
1340.00 1145.00
1340.00 1145.00
1340.00 1146.00
1340.00 1146.00
1339.97 1147.00
1339.97 1147.00
1339.77 1148.00
1339.77 1148.00
1339.41 1149.00
1339.41 1149.00
1339.11 1150.00
1339.11 1150.00
1339.28 1168.00
1339.28 1168.00
1339.76 1169.00
1339.95 1170.00
1339.95 1170.00
1339.99 1171.00
1339.99 1171.00
1339.99 1171.00
1339.99 1171.00
1339.99 1171.00
1339.99 1171.00
1339.99 1171.00
1339.99 1171.00
1339.99 1171.00
1339.99 1171.00
1339.99 1171.00
1339.99 1171.00
1339.99 1171.00
1339.99 1171.00
1339.99 1171.00
1339.99 1171.00
1339.98 1172.00
1339.98 1172.00
1339.83 1173.00
1339.83 1173.00
1339.53 1175.00
1339.53 1175.00
1339.53 1175.00
1339.53 1175.00
1339.36 1176.00
1339.36 1176.00
1339.11 1177.00
1339.11 1177.00
1339.01 1178.00
1339.01 1178.00
1339.00 1179.00
1339.00 1179.00
1339.00 1180.00
1339.00 1180.00
1339.00 1187.00
1339.00 1187.00
1339.00 1188.00
1339.00 1188.00
1339.00 1189.00
1339.00 1189.00
1339.00 1190.00
1339.00 1190.00
1339.00 1190.00
1339.00 1190.00
1339.00 1190.00
1339.00 1190.00
1339.00 1190.00
1339.00 1190.00
1339.00 1190.00
1339.00 1190.00
1339.00 1190.00
1339.00 1190.00
1339.00 1190.00
1339.00 1191.00
1339.00 1191.00
1339.00 1192.00
1339.00 1192.00
1339.00 1193.00
1339.00 1193.00
1339.00 1194.00
1339.00 1194.00
1339.00 1195.00
1339.00 1195.00
1339.00 1202.00
1339.00 1202.00
1339.00 1203.00
1339.00 1203.00
1339.00 1204.00
1339.00 1204.00
1339.00 1205.00
1339.00 1205.00
1339.00 1206.00
1339.00 1206.00
1339.00 1206.00
1339.00 1206.00
1339.00 1206.00
1339.00 1206.00
1339.00 1206.00
1339.00 1206.00
1339.00 1206.00
1338.99 1211.00
1338.99 1211.00
1338.90 1212.00
1338.90 1212.00
1338.56 1213.00
1338.56 1213.00
1338.56 1213.00
1338.28 1214.00
1338.28 1214.00
1338.28 1214.00
1338.28 1214.00
1337.96 1214.00
1337.96 1214.00
1337.96 1214.00
1337.96 1214.00
1337.96 1214.00
1337.96 1214.00
1337.96 1214.00
1338.28 1214.00
1338.28 1214.00
1337.36 1215.00
1337.36 1215.00
1336.91 1216.00
1336.91 1216.00
1336.91 1216.00
1336.49 1217.00
1336.49 1217.00
1336.01 1244.00
1336.01 1244.00
1336.01 1244.00
1336.01 1244.00
1336.01 1244.00
1336.01 1244.00
1336.01 1244.00
1336.01 1244.00
1336.01 1244.00
1336.01 1244.00
1336.01 1244.00
1336.01 1244.00
1336.01 1244.00
1336.01 1245.00
1336.01 1245.00
1336.01 1245.00
1336.01 1246.00
1336.01 1246.00
1336.01 1250.00
1336.01 1250.00
1336.01 1250.00
1336.01 1250.00
1336.01 1250.00
1336.01 1250.00
1336.01 1250.00
1336.01 1250.00
1335.99 1251.00
1335.99 1251.00
1336.01 1270.00
1336.01 1270.00
1336.01 1270.00
1336.01 1270.00
1336.01 1270.00
1336.01 1270.00
1336.02 1277.00
1336.02 1278.00
1336.02 1278.00
1336.02 1278.00
1336.02 1278.00
1336.11 1280.00
1336.11 1280.00
1336.42 1281.00
1336.42 1281.00
1336.78 1282.00
1336.96 1283.00
1336.96 1283.00
1337.00 1284.00
1337.00 1284.00
1337.00 1285.00
1337.00 1285.00
1337.00 1286.00
1337.00 1286.00
1337.00 1287.00
1337.00 1287.00
1337.00 1288.00
1337.00 1288.00
1337.00 1288.00
1337.00 1288.00
1337.00 1288.00
1337.00 1288.00
1337.00 1288.00
1337.00 1285.00
1337.00 1292.00
1337.00 1293.00
1337.00 1293.00
1337.00 1293.00
1337.00 1293.00
1337.00 1293.00
1337.00 1293.00
1337.00 1293.00
1337.00 1293.00
1337.00 1293.00
1337.00 1293.00
1337.00 1293.00
1337.00 1293.00
1337.00 1293.00
1337.00 1293.00
1337.00 1293.00
1337.00 1294.00
1337.00 1295.00
1337.00 1295.00
1337.00 1296.00
1337.00 1296.00
1337.00 1297.00
1337.00 1297.00
1337.00 1298.00
1337.00 1298.00
1337.00 1299.00
1337.00 1299.00
1337.00 1300.00
1337.00 1300.00
1337.00 1307.00
1337.00 1307.00
1337.00 1308.00
1337.00 1308.00
1337.00 1309.00
1337.00 1309.00
1337.00 1310.00
1337.00 1310.00
1336.99 1311.00
1336.99 1311.00
1336.99 1312.00
1336.99 1312.00
1336.99 1312.00
1336.99 1312.00
1336.99 1312.00
1336.99 1312.00
1336.99 1312.00
1336.99 1312.00
1336.99 1312.00
1336.99 1312.00
1336.99 1312.00
1336.99 1312.00
1336.99 1312.00
1336.99 1312.00
1336.99 1313.00
1336.99 1313.00
1337.00 1314.00
1337.00 1314.00
1336.99 1321.00
1336.99 1321.00
1336.98 1322.00
1336.98 1322.00
1336.98 1323.00
1336.98 1323.00
1336.98 1323.00
1336.98 1323.00
1336.95 1325.00
1336.95 1325.00
1336.50 1326.00
1336.50 1326.00
1336.17 1327.00
1336.17 1327.00
1336.02 1328.00
1336.02 1328.00
1336.00 1329.00
1336.00 1329.00
1336.00 1329.00
1336.00 1329.00
1336.00 1329.00
1336.00 1329.00
1336.00 1329.00
1336.00 1329.00
1336.00 1333.00
1336.00 1333.00
1336.00 1334.00
1336.00 1334.00
1336.00 1335.00
1336.00 1335.00
1336.00 1336.00
1336.00 1336.00
1336.00 1336.00
1336.00 1336.00
1336.00 1336.00
1336.00 1336.00
1336.00 1336.00
1336.00 1336.00
1336.00 1336.00
1336.00 1336.00
1336.00 1336.00
1336.00 1336.00
1336.00 1336.00
1336.00 1336.00
1336.00 1336.00
1336.00 1337.00
1336.00 1341.00
1336.00 1341.00
1336.00 1341.00
1336.00 1341.00
1336.00 1345.00
1336.00 1345.00
1336.00 1345.00
1336.00 1345.00
1336.00 1345.00
1336.00 1345.00
1336.00 1345.00
1336.01 1349.00
1336.01 1349.00
1336.06 1350.00
1336.06 1350.00
1336.15 1351.00
1336.06 1350.00
1336.01 1349.00
1336.00 1346.00
1336.00 1347.00
1336.00 1347.00
1336.00 1348.00
1336.00 1348.00
1336.01 1349.00
1336.01 1349.00
1336.02 1350.00
1336.02 1350.00
1336.15 1351.00
1336.17 1358.00
1336.17 1358.00
1336.02 1359.00
1336.02 1359.00
1336.01 1360.00
1336.01 1360.00
1336.01 1360.00
1336.01 1360.00
1336.01 1360.00
1336.00 1362.00
1336.00 1362.00
1336.00 1362.00
1336.00 1362.00
1336.00 1362.00
1336.00 1362.00
1336.00 1362.00
1336.00 1362.00
1336.00 1362.00
1336.00 1362.00
1336.00 1362.00
1336.00 1362.00
1336.00 1362.00
1336.00 1362.00
1336.04 1363.00
1336.04 1363.00
1336.25 1364.00
1336.25 1364.00
1336.48 1368.00
1336.48 1368.00
1336.48 1368.00
1336.48 1368.00
1336.48 1368.00
1336.48 1368.00
1336.48 1368.00
1336.48 1368.00
1336.60 1369.00
1336.60 1369.00
1336.87 1370.00
1336.87 1370.00
1336.87 1370.00
1336.99 1373.00
1336.99 1373.00
1336.99 1373.00
1336.99 1373.00
1336.99 1373.00
1336.99 1373.00
1337.00 1380.00
1337.00 1380.00
1337.00 1380.00
1337.00 1380.00
1337.00 1380.00
1337.00 1380.00
1337.00 1380.00
1337.00 1380.00
1337.00 1380.00
1337.00 1380.00
1337.00 1380.00
1337.00 1380.00
1337.00 1380.00
1337.00 1380.00
1337.00 1381.00
1337.00 1382.00
1337.00 1382.00
1337.00 1383.00
1337.00 1383.00
1337.00 1390.00
1337.00 1390.00
1337.00 1391.00
1337.00 1391.00
1337.00 1392.00
1337.00 1392.00
1337.00 1393.00
1337.00 1393.00
1337.00 1394.00
1337.00 1394.00
1337.00 1395.00
1337.00 1395.00
1337.00 1396.00
1337.00 1396.00
1337.00 1396.00
1337.00 1396.00
1337.00 1396.00
1337.00 1396.00
1337.00 1396.00
1337.00 1410.00
1337.00 1410.00
1336.99 1411.00
1336.99 1411.00
1336.87 1412.00
1336.87 1412.00
1336.56 1413.00
1336.20 1414.00
1336.20 1414.00
1336.02 1415.00
1336.02 1415.00
1336.00 1416.00
1336.00 1416.00
1336.00 1416.00
1336.00 1416.00
1336.00 1416.00
1336.00 1416.00
1336.00 1416.00
1336.00 1416.00
1336.00 1416.00
1336.00 1416.00
1336.00 1416.00
1336.00 1416.00
1336.00 1416.00
1336.00 1416.00
1336.00 1422.00
1336.00 1422.00
1335.99 1423.00
1335.99 1423.00
1335.99 1424.00
1335.99 1424.00
1335.99 1425.00
1335.99 1425.00
1335.99 1425.00
1335.99 1425.00
1335.99 1425.00
1335.99 1425.00
1335.99 1425.00
1335.99 1425.00
1335.99 1425.00
1335.99 1425.00
1335.99 1425.00
1336.00 1430.00
1336.00 1430.00
1336.01 1431.00
1336.01 1431.00
1336.01 1432.00
1336.01 1432.00
1335.99 1427.00
1336.00 1428.00
1336.00 1428.00
1336.00 1429.00
1336.00 1429.00
1336.00 1430.00
1336.00 1430.00
1336.00 1437.00
1336.00 1437.00
1335.99 1438.00
1335.99 1438.00
1335.98 1439.00
1335.98 1439.00
1335.98 1439.00
1335.97 1440.00
1335.97 1440.00
1335.97 1440.00
1335.97 1440.00
1335.97 1440.00
1335.97 1440.00
1335.97 1440.00
1335.97 1440.00
1335.97 1440.00
1335.97 1440.00
1335.97 1440.00
1335.97 1440.00
1335.97 1440.00
1336.01 1446.00
1336.01 1446.00
1336.00 1448.00
1336.00 1448.00
1335.99 1449.00
1335.99 1449.00
1335.99 1450.00
1335.99 1450.00
1335.99 1450.00
1335.99 1450.00
1335.93 1452.00
1335.93 1452.00
1335.93 1452.00
1335.66 1453.00
1335.66 1453.00
1335.82 1453.00
1335.82 1453.00
1335.82 1453.00
1335.82 1453.00
1335.82 1453.00
1335.93 1452.00
1336.00 1451.00
1336.00 1451.00
1335.98 1452.00
1335.98 1452.00
1335.82 1453.00
1335.82 1453.00
1335.82 1453.00
1335.47 1454.00
1335.47 1454.00
1335.07 1461.00
1335.07 1461.00
1335.30 1462.00
1335.30 1462.00
1335.84 1463.00
1335.84 1463.00
1335.99 1464.00
1335.99 1464.00
1336.00 1465.00
1336.00 1465.00
1336.00 1465.00
1336.00 1465.00
1336.00 1465.00
1336.00 1465.00
1336.00 1468.00
1336.00 1468.00
1336.01 1469.00
1336.01 1469.00
1336.01 1470.00
1336.01 1470.00
1336.01 1470.00
1336.01 1470.00
1336.01 1470.00
1336.01 1470.00
1336.01 1470.00
1336.01 1470.00
1336.01 1470.00
1336.01 1470.00
1336.01 1470.00
1336.01 1470.00
1336.01 1470.00
1336.01 1470.00
1336.01 1471.00
1336.01 1471.00
1336.01 1472.00
1336.01 1472.00
1336.00 1473.00
1336.00 1473.00
1336.00 1478.00
1336.00 1478.00
1336.00 1478.00
1336.00 1478.00
1336.00 1478.00
1336.00 1478.00
1336.00 1478.00
1336.00 1478.00
1336.00 1478.00
1336.00 1479.00
1336.00 1479.00
1336.00 1479.00
1336.00 1480.00
1336.00 1480.00
1336.00 1481.00
1336.00 1481.00
1336.00 1482.00
1336.00 1483.00
1336.00 1483.00
1336.00 1483.00
1336.00 1484.00
1336.00 1484.00
1336.00 1485.00
1336.00 1491.00
1336.00 1491.00
1336.00 1491.00
1336.00 1491.00
1336.00 1491.00
1336.00 1488.00
1336.00 1493.00
1336.00 1491.00
1336.00 1491.00
1336.00 1491.00
1336.00 1491.00
1336.00 1491.00
1336.00 1491.00
1336.00 1492.00
1336.00 1492.00
1336.00 1493.00
1336.00 1493.00
1336.00 1494.00
1336.00 1500.00
1336.00 1501.00
1336.00 1501.00
1336.00 1502.00
1336.00 1502.00
1336.00 1503.00
1336.00 1503.00
1336.00 1504.00
1336.00 1504.00
1336.00 1505.00
1336.00 1505.00
1336.00 1506.00
1336.00 1506.00
1336.00 1507.00
1336.00 1507.00
1336.00 1508.00
1336.00 1508.00
1336.00 1508.00
1336.00 1508.00
1336.00 1508.00
1336.00 1508.00
1336.00 1508.00
1336.00 1508.00
1336.00 1508.00
1336.00 1508.00
1336.00 1508.00
1336.00 1508.00
1336.00 1508.00
1336.00 1508.00
1336.00 1509.00
1336.00 1509.00
1336.00 1510.00
1336.00 1510.00
1336.00 1511.00
1336.00 1511.00
1336.00 1512.00
1336.00 1518.00
1336.00 1519.00
1336.00 1519.00
1336.00 1520.00
1336.00 1514.00
1336.00 1515.00
1336.00 1515.00
1336.00 1516.00
1336.00 1516.00
1336.00 1517.00
1336.00 1517.00
1336.00 1518.00
1336.00 1518.00
1336.00 1525.00
1336.00 1525.00
1336.00 1526.00
1336.00 1526.00
1336.00 1527.00
1336.00 1527.00
1335.99 1528.00
1335.99 1528.00
1335.99 1529.00
1336.00 1523.00
1336.00 1523.00
1336.00 1524.00
1336.00 1524.00
1336.00 1525.00
1336.00 1525.00
1336.01 1532.00
1336.01 1532.00
1336.02 1533.00
1336.02 1533.00
1336.02 1533.00
1336.02 1533.00
1336.02 1533.00
1336.02 1533.00
1336.11 1536.00
1336.11 1536.00
1336.42 1537.00
1336.42 1537.00
1336.42 1537.00
1336.42 1537.00
1336.51 1539.00
1336.59 1538.00
1336.67 1539.00
1336.72 1538.00
1336.75 1539.00
1336.75 1539.00
1336.75 1539.00
1336.72 1538.00
1336.67 1539.00
1336.59 1538.00
1336.51 1539.00
1336.51 1539.00
1336.33 1540.00
1336.33 1540.00
1336.33 1540.00
1336.33 1540.00
1336.08 1541.00
1336.08 1541.00
1336.01 1542.00
1336.01 1542.00
1336.00 1543.00
1336.00 1543.00
1336.00 1550.00
1336.00 1550.00
1336.00 1551.00
1336.00 1551.00
1336.00 1551.00
1336.00 1552.00
1336.00 1552.00
1336.00 1553.00
1336.00 1553.00
1336.00 1553.00
1336.00 1553.00
1336.00 1553.00
1336.00 1553.00
1336.00 1553.00
1336.00 1553.00
1336.00 1553.00
1336.00 1553.00
1336.00 1553.00
1336.00 1553.00
1336.00 1553.00
1336.00 1553.00
1336.00 1554.00
1336.00 1554.00
1336.00 1555.00
1336.00 1555.00
1336.00 1556.00
1336.00 1556.00
1336.00 1557.00
1336.00 1557.00
1336.00 1558.00
1336.00 1558.00
1336.00 1559.00
1336.00 1560.00
1336.00 1560.00
1336.00 1567.00
1336.00 1567.00
1336.00 1568.00
1336.00 1568.00
1336.00 1569.00
1336.00 1569.00
1336.00 1570.00
1336.00 1570.00
1336.00 1570.00
1336.00 1571.00
1336.00 1571.00
1336.00 1572.00
1336.00 1572.00
1336.00 1572.00
1336.00 1572.00
1336.00 1572.00
1336.01 1574.00
1336.01 1574.00
1336.12 1575.00
1336.12 1575.00
1336.43 1576.00
1336.43 1576.00
1336.79 1577.00
1336.79 1577.00
1336.79 1577.00
1336.99 1578.00
1336.99 1578.00
1337.01 1579.00
1337.01 1579.00
1337.01 1579.00
1337.01 1579.00
1337.01 1579.00
1337.01 1579.00
1337.01 1579.00
1337.01 1579.00
1337.01 1579.00
1337.01 1579.00
1337.01 1579.00
1337.01 1584.00
1337.01 1584.00
1337.01 1584.00
1337.01 1585.00
1337.01 1585.00
1337.01 1585.00
1337.01 1585.00
1337.01 1585.00
1337.01 1585.00
1337.01 1585.00
1337.01 1585.00
1337.01 1585.00
1337.01 1585.00
1337.01 1585.00
1337.01 1585.00
1337.01 1585.00
1337.01 1586.00
1337.01 1586.00
1337.01 1587.00
1337.01 1587.00
1337.00 1588.00
1337.00 1588.00
1337.00 1589.00
1337.00 1589.00
1337.00 1596.00
1337.00 1596.00
1337.00 1597.00
1337.00 1597.00
1337.00 1598.00
1337.00 1598.00
1337.00 1599.00
1337.00 1600.00
1337.00 1600.00
1337.00 1601.00
1337.00 1595.00
1337.00 1596.00
1337.00 1596.00
1337.00 1597.00
1337.00 1597.00
1337.00 1604.00
1337.00 1604.00
1337.00 1604.00
1337.00 1604.00
1337.00 1604.00
1337.00 1604.00
1337.00 1604.00
1337.00 1604.00
1337.00 1604.00
1337.00 1604.00
1337.00 1604.00
1337.00 1604.00
1337.00 1604.00
1337.02 1605.00
1337.02 1605.00
1337.02 1605.00
1337.16 1606.00
1337.16 1606.00
1337.49 1607.00
1337.49 1607.00
1337.95 1608.00
1337.95 1608.00
1337.98 1610.00
1337.98 1610.00
1337.98 1610.00
1337.98 1610.00
1337.99 1611.00
1337.99 1611.00
1337.99 1612.00
1337.99 1612.00
1337.99 1612.00
1337.99 1618.00
1337.99 1618.00
1337.99 1618.00
1337.99 1618.00
1337.99 1618.00
1337.99 1618.00
1337.99 1622.00
1337.99 1622.00
1337.89 1623.00
1337.89 1623.00
1337.76 1624.00
1337.89 1623.00
1337.96 1623.00
1338.00 1621.00
1338.00 1621.00
1338.00 1621.00
1338.00 1621.00
1338.00 1621.00
1338.00 1621.00
1338.00 1622.00
1338.00 1622.00
1337.96 1623.00
1337.96 1623.00
1337.76 1624.00
1337.76 1624.00
1337.76 1624.00
1337.40 1625.00
1337.40 1625.00
1337.11 1626.00
1337.11 1626.00
1337.01 1627.00
1337.01 1627.00
1336.98 1628.00
1336.98 1628.00
1337.09 1667.00
1337.36 1668.00
1337.36 1668.00
1337.73 1669.00
1337.95 1670.00
1337.95 1670.00
1338.00 1671.00
1338.00 1671.00
1338.00 1672.00
1338.00 1672.00
1338.00 1673.00
1338.00 1673.00
1338.00 1674.00
1338.00 1674.00
1338.00 1674.00
1338.00 1674.00
1338.00 1674.00
1338.00 1674.00
1338.00 1674.00
1338.00 1674.00
1338.00 1674.00
1338.00 1674.00
1338.00 1674.00
1338.00 1674.00
1338.00 1674.00
1338.00 1674.00
1338.00 1674.00
1338.00 1674.00
1338.36 1693.00
1338.36 1693.00
1338.73 1694.00
1338.73 1694.00
1338.99 1695.00
1338.99 1695.00
1339.00 1696.00
1339.00 1696.00
1339.00 1696.00
1339.00 1696.00
1339.00 1698.00
1339.00 1698.00
1339.01 1699.00
1339.01 1699.00
1339.01 1699.00
1339.01 1699.00
1339.07 1701.00
1339.07 1701.00
1339.33 1702.00
1339.33 1702.00
1339.85 1703.00
1339.85 1703.00
1339.98 1704.00
1339.98 1704.00
1340.00 1705.00
1340.00 1705.00
1340.00 1705.00
1340.00 1705.00
1340.00 1705.00
1340.00 1705.00
1340.00 1705.00
1340.00 1705.00
1340.00 1709.00
1340.00 1709.00
1340.01 1710.00
1340.01 1710.00
1340.01 1711.00
1340.01 1711.00
1340.01 1711.00
1340.01 1711.00
1340.01 1711.00
1340.01 1711.00
1340.01 1711.00
1340.01 1711.00
1340.08 1715.00
1340.08 1715.00
1340.35 1716.00
1340.35 1716.00
1340.35 1716.00
1340.73 1717.00
1340.73 1717.00
1340.96 1718.00
1340.96 1718.00
1341.01 1719.00
1341.01 1719.00
1341.01 1719.00
1341.01 1719.00
1341.01 1719.00
1341.01 1719.00
1341.01 1719.00
1341.01 1719.00
1341.01 1723.00
1341.01 1723.00
1341.01 1724.00
1341.01 1724.00
1341.01 1724.00
1341.01 1724.00
1341.01 1724.00
1341.01 1724.00
1341.01 1724.00
1341.01 1724.00
1341.01 1724.00
1341.01 1724.00
1341.01 1724.00
1341.01 1724.00
1341.01 1724.00
1341.02 1730.00
1341.02 1730.00
1341.02 1730.00
1341.02 1730.00
1341.02 1730.00
1341.02 1730.00
1341.13 1733.00
1341.13 1733.00
1341.47 1734.00
1341.47 1734.00
1341.81 1735.00
1341.81 1735.00
1341.97 1736.00
1341.97 1736.00
1341.99 1737.00
1341.99 1737.00
1342.00 1738.00
1342.00 1738.00
1342.01 1739.00
1342.01 1739.00
1342.01 1740.00
1342.01 1740.00
1342.01 1740.00
1342.01 1740.00
1342.11 1742.00
1342.11 1742.00
1342.43 1743.00
1342.43 1743.00
1342.62 1744.00
1342.62 1744.00
1342.62 1744.00
1342.43 1743.00
1342.43 1743.00
1342.25 1743.00
1342.25 1743.00
1342.11 1742.00
1342.11 1742.00
1342.03 1742.00
1342.25 1743.00
1342.25 1743.00
1342.62 1744.00
1342.62 1744.00
1342.91 1745.00
1342.91 1745.00
1342.99 1747.00
1342.99 1747.00
1342.99 1747.00
1342.99 1747.00
1343.00 1748.00
1343.00 1748.00
1343.00 1751.00
1343.00 1751.00
1343.00 1751.00
1343.00 1751.00
1343.00 1751.00
1343.00 1751.00
1343.00 1752.00
1343.00 1752.00
1342.99 1759.00
1342.99 1759.00
1342.99 1759.00
1342.99 1759.00
1342.99 1759.00
1342.99 1759.00
1342.99 1759.00
1342.99 1759.00
1342.99 1759.00
1342.99 1763.00
1342.99 1763.00
1343.01 1761.00
1343.06 1758.00
1343.02 1760.00
1343.02 1760.00
1343.02 1760.00
1343.02 1760.00
1343.02 1760.00
1343.02 1761.00
1343.02 1761.00
1343.00 1762.00
1343.00 1762.00
1342.99 1764.00
1342.99 1764.00
1343.00 1770.00
1343.00 1770.00
1343.00 1770.00
1343.00 1770.00
1343.00 1772.00
1343.00 1772.00
1343.00 1772.00
1343.01 1773.00
1343.01 1773.00
1343.06 1774.00
1343.06 1774.00
1343.48 1775.00
1343.48 1775.00
1343.82 1776.00
1343.82 1776.00
1343.97 1777.00
1343.97 1777.00
1344.00 1778.00
1344.00 1778.00
1344.00 1779.00
1344.00 1779.00
1344.00 1779.00
1344.00 1780.00
1344.00 1780.00
1344.00 1781.00
1344.00 1782.00
1344.00 1783.00
1344.00 1784.00
1344.00 1784.00
1344.00 1785.00
1344.00 1785.00
1344.00 1792.00
1344.00 1792.00
1344.00 1793.00
1344.00 1793.00
1344.00 1794.00
1344.00 1794.00
1344.00 1795.00
1344.00 1795.00
1344.00 1796.00
1344.00 1796.00
1344.00 1797.00
1344.00 1797.00
1344.00 1797.00
1344.00 1797.00
1344.00 1797.00
1344.00 1797.00
1344.00 1797.00
1344.00 1797.00
1344.00 1797.00
1344.00 1797.00
1344.00 1797.00
1344.00 1797.00
1344.00 1797.00
1344.00 1797.00
1344.00 1804.00
1344.00 1804.00
1344.00 1805.00
1344.00 1805.00
1344.00 1805.00
1344.00 1805.00
1344.01 1807.00
1344.01 1807.00
1344.10 1808.00
1344.10 1808.00
1344.39 1809.00
1344.39 1809.00
1344.76 1810.00
1344.76 1810.00
1344.76 1810.00
1344.97 1811.00
1344.97 1811.00
1345.00 1812.00
1345.00 1812.00
1345.00 1812.00
1345.00 1812.00
1345.00 1814.00
1345.00 1814.00
1345.01 1815.00
1345.01 1815.00
1345.01 1816.00
1345.01 1816.00
1345.01 1816.00
1345.01 1816.00
1345.01 1816.00
1345.01 1816.00
1345.01 1816.00
1345.01 1816.00
1345.01 1816.00
1345.01 1816.00
1347.40 1831.00
1347.40 1831.00
1347.78 1832.00
1347.78 1832.00
1347.98 1833.00
1347.98 1833.00
1348.02 1834.00
1348.02 1834.00
1348.02 1834.00
1348.02 1834.00
1348.02 1834.00
1348.02 1834.00
1348.02 1834.00
1348.02 1834.00
1348.02 1834.00
1348.02 1834.00
1348.02 1834.00
1348.02 1834.00
1348.01 1835.00
1348.01 1835.00
1348.00 1836.00
1348.00 1836.00
1348.00 1843.00
1348.00 1843.00
1348.00 1844.00
1348.00 1844.00
1348.00 1845.00
1348.00 1845.00
1348.00 1846.00
1348.00 1846.00
1348.00 1847.00
1348.00 1847.00
1348.00 1848.00
1348.00 1848.00
1348.00 1849.00
1348.00 1849.00
1348.00 1850.00
1348.00 1850.00
1348.00 1851.00
1348.00 1851.00
1348.00 1851.00
1348.00 1851.00
1348.00 1851.00
1348.00 1851.00
1348.00 1851.00
1348.00 1851.00
1348.00 1851.00
1348.00 1851.00
1348.00 1851.00
1348.00 1851.00
1348.00 1851.00
1348.00 1851.00
1348.00 1851.00
1348.00 1852.00
1348.00 1852.00
1348.00 1863.00
1348.00 1863.00
1348.00 1864.00
1348.00 1864.00
1348.00 1871.00
1348.00 1871.00
1348.00 1872.00
1348.00 1872.00
1348.01 1873.00
1348.01 1873.00
1348.01 1874.00
1348.01 1874.00
1348.01 1875.00
1348.01 1875.00
1348.08 1876.00
1348.08 1876.00
1348.34 1877.00
1348.87 1878.00
1348.87 1878.00
1349.09 1879.00
1349.09 1879.00
1349.41 1880.00
1349.41 1880.00
1349.41 1880.00
1349.60 1881.00
1349.60 1881.00
1349.78 1881.00
1349.90 1882.00
1350.07 1883.00
1350.07 1883.00
1350.31 1884.00
1350.31 1884.00
1350.50 1885.00
1350.50 1885.00
1350.50 1885.00
1350.50 1885.00
1350.50 1885.00
1350.69 1885.00
1350.69 1885.00
1350.84 1885.00
1350.99 1887.00
1351.12 1889.00
1351.12 1889.00
1351.42 1890.00
1351.42 1890.00
1351.79 1891.00
1351.79 1891.00
1351.79 1891.00
1351.97 1892.00
1351.97 1892.00
1351.99 1893.00
1351.99 1893.00
1351.99 1893.00
1351.99 1893.00
1351.99 1893.00
1351.99 1893.00
1351.99 1893.00
1351.99 1893.00
1351.99 1893.00
1351.99 1893.00
1351.99 1893.00
1351.99 1893.00
1351.99 1893.00
1351.99 1893.00
1351.99 1893.00
1351.99 1894.00
1351.99 1894.00
1351.97 1895.00
1351.97 1895.00
1351.81 1896.00
1351.81 1896.00
1351.45 1897.00
1351.45 1897.00
1351.45 1897.00
1352.97 1923.00
1352.97 1923.00
1353.00 1924.00
1353.00 1924.00
1353.00 1924.00
1353.00 1924.00
1353.00 1924.00
1530.00 168.00
1529.97 169.00
1529.97 169.00
1529.89 176.00
1529.89 176.00
1529.89 176.00
1529.89 176.00
1529.89 176.00
1529.89 176.00
1529.89 176.00
1529.89 176.00
1529.89 176.00
1529.89 176.00
1529.89 176.00
1529.89 176.00
1529.89 176.00
1529.89 176.00
1529.79 177.00
1529.79 177.00
1529.44 178.00
1529.44 178.00
1529.13 179.00
1529.13 179.00
1529.01 180.00
1529.01 180.00
1529.00 181.00
1529.00 181.00
1528.98 182.00
1528.98 182.00
1528.84 183.00
1528.84 183.00
1528.32 184.00
1528.32 184.00
1528.04 185.00
1528.04 185.00
1527.79 186.00
1527.79 186.00
1527.43 187.00
1527.43 187.00
1527.11 188.00
1527.11 188.00
1526.88 189.00
1526.88 189.00
1526.36 190.00
1526.36 190.00
1526.08 191.00
1526.08 191.00
1526.00 193.00
1526.00 193.00
1526.00 193.00
1526.00 193.00
1525.96 194.00
1525.78 195.00
1525.78 195.00
1525.42 196.00
1525.42 196.00
1525.12 197.00
1525.12 197.00
1524.99 198.00
1524.99 198.00
1524.85 199.00
1524.85 199.00
1524.32 200.00
1524.32 200.00
1524.07 201.00
1524.07 201.00
1524.00 202.00
1524.00 202.00
1524.00 203.00
1524.00 203.00
1523.96 204.00
1523.96 204.00
1523.76 205.00
1523.76 205.00
1523.39 206.00
1523.39 206.00
1523.10 207.00
1523.10 207.00
1522.99 208.00
1522.99 208.00
1522.83 209.00
1522.83 209.00
1522.48 210.00
1522.48 210.00
1522.06 211.00
1522.06 211.00
1522.00 212.00
1521.88 213.00
1521.75 214.00
1521.57 214.00
1521.37 215.00
1521.37 215.00
1521.21 215.00
1521.21 215.00
1521.10 216.00
1521.01 217.00
1520.92 218.00
1520.82 219.00
1520.82 219.00
1520.66 219.00
1520.66 219.00
1520.47 220.00
1520.47 220.00
1520.29 220.00
1520.01 221.00
1519.85 226.00
1519.52 226.00
1519.33 227.00
1519.17 227.00
1519.01 228.00
1518.90 229.00
1518.79 230.00
1518.79 230.00
1518.62 230.00
1518.62 230.00
1518.43 231.00
1518.43 231.00
1518.25 231.00
1518.25 231.00
1518.12 232.00
1518.12 232.00
1518.01 233.00
1517.93 235.00
1517.83 236.00
1517.83 236.00
1517.69 236.00
1517.69 236.00
1517.50 237.00
1517.50 237.00
1517.31 237.00
1517.31 237.00
1517.31 237.00
1517.16 237.00
1517.06 238.00
1517.01 238.00
1516.89 239.00
1516.89 239.00
1516.76 240.00
1516.76 240.00
1516.59 240.00
1516.59 240.00
1516.39 241.00
1516.39 241.00
1516.22 241.00
1516.04 242.00
1515.83 245.00
1515.68 245.00
1515.30 246.00
1515.15 246.00
1515.00 247.00
1514.88 248.00
1514.75 249.00
1514.58 249.00
1514.58 249.00
1514.58 249.00
1514.38 250.00
1514.38 250.00
1514.21 250.00
1514.21 250.00
1514.10 251.00
1514.00 252.00
1513.92 253.00
1513.82 254.00
1513.82 254.00
1513.66 254.00
1513.66 254.00
1513.47 255.00
1513.47 255.00
1513.47 255.00
1513.29 255.00
1513.29 255.00
1513.14 255.00
1513.06 256.00
1512.98 261.00
1512.94 261.00
1512.84 262.00
1512.69 262.00
1512.69 262.00
1512.51 262.00
1512.51 262.00
1512.51 262.00
1512.32 263.00
1512.32 263.00
1512.16 263.00
1512.16 263.00
1512.04 264.00
1511.93 264.00
1511.93 264.00
1511.80 265.00
1511.80 265.00
1511.64 265.00
1511.45 266.00
1511.45 266.00
1511.12 267.00
1511.12 267.00
1511.00 268.00
1510.85 270.00
1510.51 270.00
1510.32 271.00
1510.17 271.00
1510.00 273.00
1509.90 274.00
1509.76 275.00
1509.76 275.00
1509.58 275.00
1509.58 275.00
1509.39 276.00
1509.39 276.00
1509.22 276.00
1509.22 276.00
1509.10 277.00
1509.04 277.00
1508.98 279.00
1508.93 279.00
1508.83 280.00
1508.67 280.00
1508.67 280.00
1508.67 280.00
1508.49 281.00
1508.49 281.00
1508.30 281.00
1508.30 281.00
1508.06 282.00
1508.06 282.00
1508.00 283.00
1507.95 285.00
1507.87 285.00
1507.74 286.00
1507.74 286.00
1507.56 286.00
1507.56 286.00
1507.56 286.00
1507.37 287.00
1507.37 287.00
1507.09 288.00
1507.01 289.00
1507.01 289.00
1506.97 290.00
1506.91 290.00
1506.80 291.00
1506.80 291.00
1506.45 292.00
1506.45 292.00
1506.13 293.00
1506.13 293.00
1506.01 294.00
1506.01 294.00
1505.98 297.00
1505.84 298.00
1505.49 298.00
1505.31 299.00
1505.16 299.00
1505.00 303.00
1505.00 304.00
1505.00 304.00
1504.87 305.00
1504.87 305.00
1504.55 306.00
1504.55 306.00
1504.36 307.00
1504.19 307.00
1504.19 307.00
1504.08 308.00
1504.02 308.00
1504.00 309.00
1503.99 310.00
1503.99 310.00
1503.90 311.00
1503.90 311.00
1503.62 312.00
1503.62 312.00
1503.43 313.00
1503.25 313.00
1503.25 313.00
1503.12 314.00
1503.12 314.00
1502.99 315.00
1502.94 315.00
1502.85 316.00
1502.70 316.00
1502.70 316.00
1502.70 316.00
1502.51 316.00
1502.51 316.00
1502.32 317.00
1502.32 317.00
1502.17 317.00
1502.17 317.00
1502.07 318.00
1501.99 319.00
1501.89 320.00
1501.77 321.00
1501.77 321.00
1501.60 321.00
1501.60 321.00
1501.60 321.00
1501.41 322.00
1501.41 322.00
1501.23 322.00
1501.23 322.00
1501.11 323.00
1501.04 323.00
1500.98 328.00
1500.92 328.00
1500.80 329.00
1500.80 329.00
1500.64 329.00
1500.64 329.00
1500.45 330.00
1500.45 330.00
1500.27 330.00
1500.27 330.00
1500.13 331.00
1500.13 331.00
1500.01 333.00
1499.99 336.00
1499.99 336.00
1499.99 336.00
1499.92 338.00
1499.92 338.00
1499.65 339.00
1499.65 339.00
1499.45 340.00
1499.27 340.00
1499.27 340.00
1499.12 340.00
1499.12 340.00
1499.01 341.00
1498.90 341.00
1498.90 341.00
1498.75 342.00
1498.57 342.00
1498.57 342.00
1498.38 343.00
1498.10 344.00
1497.99 346.00
1497.91 347.00
1497.91 347.00
1497.65 348.00
1497.65 348.00
1497.27 349.00
1497.27 349.00
1497.05 350.00
1497.05 350.00
1497.00 351.00
1497.00 351.00
1497.00 352.00
1497.00 352.00
1496.94 353.00
1496.53 354.00
1496.53 354.00
1496.18 355.00
1496.18 355.00
1496.02 356.00
1496.02 356.00
1496.00 357.00
1496.00 357.00
1496.00 357.00
1496.00 357.00
1495.99 359.00
1495.99 359.00
1495.88 360.00
1495.88 360.00
1495.58 361.00
1495.58 361.00
1495.22 362.00
1495.22 362.00
1495.04 363.00
1495.00 364.00
1495.00 364.00
1494.99 365.00
1494.99 365.00
1494.99 366.00
1494.99 366.00
1494.91 367.00
1494.91 367.00
1494.62 368.00
1494.62 368.00
1494.25 369.00
1494.25 369.00
1494.05 370.00
1494.05 370.00
1494.00 371.00
1494.00 371.00
1494.00 372.00
1494.00 372.00
1493.94 373.00
1493.50 374.00
1493.50 374.00
1493.16 375.00
1493.16 375.00
1493.02 376.00
1493.02 376.00
1493.00 377.00
1493.00 377.00
1492.99 378.00
1492.99 378.00
1492.88 379.00
1492.88 379.00
1492.57 380.00
1492.57 380.00
1492.22 381.00
1492.22 381.00
1492.10 382.00
1492.03 382.00
1492.00 383.00
1492.00 383.00
1492.00 384.00
1491.92 385.00
1491.92 385.00
1491.63 386.00
1491.63 386.00
1491.44 387.00
1491.26 387.00
1491.26 387.00
1491.13 388.00
1491.05 388.00
1491.00 389.00
1491.00 390.00
1491.00 390.00
1490.94 391.00
1490.94 391.00
1490.53 392.00
1490.53 392.00
1490.53 392.00
1490.34 393.00
1490.34 393.00
1490.18 393.00
1490.18 393.00
1490.07 394.00
1490.00 396.00
1489.99 397.00
1489.99 397.00
1489.88 398.00
1489.88 398.00
1489.57 399.00
1489.57 399.00
1489.38 400.00
1489.38 400.00
1489.21 400.00
1489.21 400.00
1489.10 401.00
1489.03 401.00
1489.00 403.00
1489.00 403.00
1489.00 404.00
1489.00 404.00
1488.99 405.00
1488.90 406.00
1488.90 406.00
1488.62 407.00
1488.62 407.00
1488.25 408.00
1488.25 408.00
1488.12 409.00
1488.04 409.00
1488.00 410.00
1488.00 410.00
1488.00 411.00
1488.00 411.00
1487.99 412.00
1487.99 412.00
1487.93 413.00
1487.93 413.00
1487.66 414.00
1487.66 414.00
1487.15 415.00
1487.06 416.00
1487.02 416.00
1487.00 417.00
1487.00 417.00
1487.00 417.00
1487.00 417.00
1487.00 417.00
1487.00 417.00
1486.99 420.00
1486.99 420.00
1486.99 420.00
1486.99 420.00
1486.94 422.00
1486.94 422.00
1486.50 423.00
1486.50 423.00
1486.16 424.00
1486.16 424.00
1486.02 425.00
1486.02 425.00
1486.00 426.00
1486.00 427.00
1486.00 427.00
1485.99 428.00
1485.99 428.00
1485.87 429.00
1485.87 429.00
1485.57 430.00
1485.57 430.00
1485.21 431.00
1485.21 431.00
1485.03 432.00
1485.03 432.00
1485.00 433.00
1485.00 433.00
1484.99 434.00
1484.99 434.00
1484.91 435.00
1484.91 435.00
1484.63 436.00
1484.26 437.00
1484.26 437.00
1484.04 438.00
1484.04 438.00
1484.00 439.00
1484.00 439.00
1484.00 439.00
1484.00 439.00
1484.00 439.00
1484.00 439.00
1484.00 442.00
1484.00 442.00
1483.99 443.00
1483.99 443.00
1483.99 444.00
1483.99 444.00
1483.99 444.00
1483.99 444.00
1483.91 446.00
1483.91 446.00
1483.62 447.00
1483.25 448.00
1483.25 448.00
1483.05 449.00
1483.05 449.00
1483.00 450.00
1483.00 450.00
1483.00 451.00
1483.00 451.00
1483.00 452.00
1483.00 452.00
1482.93 453.00
1482.93 453.00
1482.69 454.00
1482.69 454.00
1482.16 455.00
1482.16 455.00
1482.01 456.00
1482.01 456.00
1482.00 457.00
1482.00 457.00
1482.00 457.00
1482.00 457.00
1482.00 459.00
1482.00 459.00
1481.99 460.00
1481.99 460.00
1481.94 461.00
1481.94 461.00
1481.53 462.00
1481.53 462.00
1481.18 463.00
1481.18 463.00
1481.03 464.00
1481.03 464.00
1481.00 465.00
1481.00 465.00
1481.00 466.00
1480.99 467.00
1480.99 467.00
1480.89 468.00
1480.89 468.00
1480.59 469.00
1480.59 469.00
1480.23 470.00
1480.23 470.00
1480.03 471.00
1480.03 471.00
1480.00 472.00
1480.00 472.00
1479.93 473.00
1479.93 473.00
1479.66 474.00
1479.66 474.00
1479.29 475.00
1479.15 475.00
1479.06 476.00
1478.99 477.00
1478.99 477.00
1478.99 478.00
1478.99 478.00
1478.99 478.00
1478.99 478.00
1478.95 480.00
1478.95 480.00
1478.52 481.00
1478.52 481.00
1478.18 482.00
1478.18 482.00
1478.03 483.00
1478.03 483.00
1478.00 484.00
1478.00 484.00
1478.00 485.00
1478.00 485.00
1478.00 485.00
1478.00 485.00
1478.00 485.00
1478.00 485.00
1478.00 485.00
1478.00 485.00
1478.00 485.00
1478.00 485.00
1478.00 490.00
1478.00 490.00
1477.99 491.00
1477.99 491.00
1477.99 491.00
1477.99 491.00
1477.99 491.00
1477.99 491.00
1477.93 494.00
1477.93 494.00
1477.69 495.00
1477.16 496.00
1477.16 496.00
1477.01 497.00
1477.01 497.00
1477.00 498.00
1477.00 498.00
1476.88 499.00
1476.88 499.00
1476.57 500.00
1476.57 500.00
1476.38 501.00
1476.38 501.00
1476.21 501.00
1476.09 502.00
1476.09 502.00
1476.00 503.00
1476.00 503.00
1476.00 503.00
1476.00 505.00
1476.00 506.00
1476.00 506.00
1476.00 506.00
1476.00 506.00
1476.00 506.00
1476.00 506.00
1475.99 509.00
1475.99 509.00
1475.88 510.00
1475.88 510.00
1475.58 511.00
1475.58 511.00
1475.22 512.00
1475.22 512.00
1475.03 513.00
1475.03 513.00
1475.00 514.00
1475.00 514.00
1475.00 515.00
1475.00 515.00
1474.99 516.00
1474.99 516.00
1474.91 517.00
1474.91 517.00
1474.79 518.00
1474.79 518.00
1474.62 518.00
1474.62 518.00
1474.62 518.00
1474.43 519.00
1474.43 519.00
1474.25 519.00
1474.25 519.00
1474.12 520.00
1474.12 520.00
1474.01 521.00
1473.99 524.00
1473.92 525.00
1473.92 525.00
1473.67 526.00
1473.67 526.00
1473.49 527.00
1473.49 527.00
1473.49 527.00
1473.30 527.00
1473.30 527.00
1473.15 527.00
1473.05 528.00
1473.01 528.00
1473.00 529.00
1473.00 529.00
1472.99 532.00
1472.99 532.00
1472.99 533.00
1472.99 533.00
1472.99 533.00
1472.99 533.00
1472.93 535.00
1472.67 536.00
1472.67 536.00
1472.15 537.00
1472.15 537.00
1472.02 538.00
1472.02 538.00
1472.00 539.00
1472.00 539.00
1472.00 540.00
1472.00 540.00
1472.00 541.00
1472.00 541.00
1471.86 542.00
1471.86 542.00
1471.54 543.00
1471.54 543.00
1471.19 544.00
1471.19 544.00
1471.03 545.00
1471.00 546.00
1471.00 546.00
1470.99 547.00
1470.99 547.00
1470.99 547.00
1470.99 547.00
1470.99 547.00
1470.99 547.00
1470.99 547.00
1470.99 547.00
1470.99 547.00
1470.99 547.00
1470.99 547.00
1470.99 547.00
1470.99 547.00
1470.99 553.00
1470.98 554.00
1470.98 554.00
1470.98 554.00
1470.98 554.00
1470.94 556.00
1470.94 556.00
1470.49 557.00
1470.49 557.00
1470.16 558.00
1470.16 558.00
1470.02 559.00
1470.02 559.00
1470.00 560.00
1470.00 560.00
1469.99 561.00
1469.99 561.00
1469.88 562.00
1469.88 562.00
1469.58 563.00
1469.58 563.00
1469.21 564.00
1469.03 565.00
1469.03 565.00
1469.01 566.00
1469.01 566.00
1469.00 567.00
1469.00 567.00
1468.99 568.00
1468.99 568.00
1468.99 568.00
1468.99 568.00
1468.99 568.00
1469.01 566.00
1469.00 567.00
1468.97 570.00
1468.90 570.00
1468.77 571.00
1468.77 571.00
1468.60 571.00
1468.60 571.00
1468.60 571.00
1468.40 572.00
1468.40 572.00
1468.40 572.00
1468.40 572.00
1468.40 572.00
1468.40 572.00
1468.40 572.00
1468.40 572.00
1468.40 572.00
1468.11 573.00
1468.11 573.00
1468.01 574.00
1468.00 575.00
1468.00 575.00
1467.98 576.00
1467.98 576.00
1467.82 577.00
1467.82 577.00
1467.47 578.00
1467.47 578.00
1466.84 579.00
1466.84 579.00
1466.42 580.00
1466.42 580.00
1466.12 581.00
1466.12 581.00
1466.01 582.00
1466.01 582.00
1466.01 582.00
1466.00 584.00
1466.00 584.00
1466.00 584.00
1466.00 584.00
1466.00 585.00
1466.00 585.00
1466.00 586.00
1466.00 586.00
1466.00 587.00
1466.00 587.00
1465.97 588.00
1465.97 588.00
1465.79 589.00
1465.79 589.00
1465.43 590.00
1465.43 590.00
1460.00 640.00
1460.00 640.00
1460.00 641.00
1460.00 641.00
1460.00 642.00
1460.00 642.00
1460.00 643.00
1460.00 643.00
1460.00 644.00
1460.00 644.00
1460.00 645.00
1460.00 645.00
1460.00 652.00
1460.00 652.00
1460.00 653.00
1460.00 653.00
1460.00 654.00
1460.00 654.00
1460.00 655.00
1460.00 656.00
1460.00 656.00
1460.00 657.00
1460.00 657.00
1460.00 658.00
1460.00 658.00
1460.00 658.00
1460.00 658.00
1460.00 658.00
1460.00 658.00
1460.00 658.00
1460.00 658.00
1460.00 658.00
1460.00 658.00
1460.00 658.00
1460.00 658.00
1460.00 658.00
1460.00 658.00
1460.00 665.00
1460.00 662.00
1460.00 662.00
1460.00 662.00
1460.00 662.00
1460.00 668.00
1460.00 668.00
1459.99 669.00
1459.99 669.00
1459.99 669.00
1459.89 670.00
1459.89 670.00
1459.58 671.00
1459.58 671.00
1459.22 672.00
1459.22 672.00
1459.04 673.00
1459.04 673.00
1459.00 674.00
1459.00 674.00
1459.00 675.00
1459.00 675.00
1459.00 675.00
1459.04 673.00
1459.10 673.00
1459.10 673.00
1459.00 674.00
1458.80 678.00
1458.65 678.00
1458.46 679.00
1458.27 679.00
1458.04 680.00
1458.04 680.00
1458.00 681.00
1458.01 681.00
1458.13 680.00
1458.13 680.00
1458.27 679.00
1458.27 679.00
1458.27 679.00
1458.27 679.00
1458.13 680.00
1458.04 680.00
1458.00 683.00
1457.99 684.00
1457.99 687.00
1457.99 687.00
1457.99 687.00
1457.99 687.00
1457.91 689.00
1457.91 689.00
1457.61 690.00
1457.61 690.00
1457.25 691.00
1457.25 691.00
1457.05 692.00
1457.05 692.00
1457.00 693.00
1457.00 693.00
1457.05 692.00
1457.12 692.00
1457.25 691.00
1457.25 691.00
1457.42 691.00
1457.42 691.00
1457.25 691.00
1457.25 691.00
1457.12 692.00
1457.12 692.00
1457.01 693.00
1456.98 696.00
1456.93 696.00
1456.83 697.00
1456.68 697.00
1456.68 697.00
1456.50 698.00
1456.50 698.00
1456.50 698.00
1456.31 698.00
1456.31 698.00
1456.15 698.00
1456.05 699.00
1456.02 701.00
1455.99 706.00
1455.99 707.00
1455.99 707.00
1455.99 707.00
1455.99 707.00
1455.99 707.00
1455.99 707.00
1455.99 707.00
1455.99 707.00
1455.99 707.00
1455.99 707.00
1455.99 707.00
1455.99 707.00
1455.99 707.00
1455.99 707.00
1455.99 708.00
1455.99 708.00
1456.00 709.00
1456.00 709.00
1456.00 710.00
1456.00 710.00
1456.00 717.00
1456.00 717.00
1456.00 718.00
1456.00 718.00
1456.00 719.00
1456.00 719.00
1455.99 720.00
1455.99 720.00
1455.93 721.00
1455.93 721.00
1455.67 722.00
1455.67 722.00
1455.15 723.00
1455.15 723.00
1455.02 724.00
1454.99 725.00
1454.99 725.00
1454.88 726.00
1454.88 726.00
1454.57 727.00
1454.57 727.00
1454.21 728.00
1454.21 728.00
1454.03 729.00
1454.03 729.00
1454.01 730.00
1454.09 729.00
1454.09 729.00
1454.21 728.00
1454.09 729.00
1454.09 729.00
1454.03 729.00
1453.99 733.00
1453.99 733.00
1453.99 733.00
1453.89 735.00
1453.89 735.00
1453.59 736.00
1453.59 736.00
1453.40 737.00
1453.40 737.00
1453.22 737.00
1453.22 737.00
1453.10 738.00
1453.04 738.00
1453.00 740.00
1453.00 740.00
1453.00 741.00
1453.00 741.00
1452.99 742.00
1453.01 739.00
1453.10 738.00
1453.22 737.00
1453.10 738.00
1453.10 738.00
1453.01 744.00
1453.01 744.00
1453.01 744.00
1453.00 741.00
1452.98 747.00
1452.98 747.00
1452.98 747.00
1452.98 747.00
1452.98 747.00
1452.98 747.00
1452.95 750.00
1452.95 750.00
1452.52 751.00
1452.18 752.00
1452.18 752.00
1452.08 753.00
1452.03 753.00
1452.00 754.00
1452.00 754.00
1452.00 754.00
1452.00 754.00
1452.00 756.00
1452.00 756.00
1452.00 757.00
1452.00 757.00
1451.99 758.00
1451.99 758.00
1451.87 759.00
1451.87 759.00
1451.87 759.00
1451.87 759.00
1451.87 759.00
1451.74 760.00
1451.74 760.00
1451.74 760.00
1451.56 760.00
1451.56 760.00
1451.37 761.00
1451.37 761.00
1451.20 761.00
1451.20 761.00
1451.09 762.00
1451.03 762.00
1451.00 765.00
1451.00 765.00
1451.00 765.00
1451.00 765.00
1451.00 765.00
1451.00 765.00
1451.00 765.00
1451.00 765.00
1451.00 765.00
1451.00 772.00
1451.00 772.00
1451.00 773.00
1451.00 773.00
1451.00 773.00
1451.00 773.00
1451.00 773.00
1451.00 775.00
1451.00 775.00
1450.92 776.00
1450.92 776.00
1450.66 777.00
1450.66 777.00
1450.29 778.00
1450.29 778.00
1450.15 778.00
1450.06 779.00
1450.00 780.00
1450.00 780.00
1450.00 780.00
1449.86 782.00
1449.86 782.00
1449.53 783.00
1449.53 783.00
1449.53 783.00
1449.34 784.00
1449.34 784.00
1449.34 784.00
1449.34 784.00
1449.53 783.00
1449.53 783.00
1449.72 783.00
1449.72 783.00
1449.72 783.00
1449.72 783.00
1449.72 783.00
1449.34 784.00
1449.34 784.00
1449.08 785.00
1449.08 785.00
1449.01 786.00
1449.01 786.00
1449.00 787.00
1449.00 787.00
1449.00 789.00
1449.00 789.00
1449.00 789.00
1449.00 789.00
1449.00 796.00
1449.00 797.00
1449.00 797.00
1448.99 798.00
1448.99 798.00
1448.92 799.00
1448.92 799.00
1448.65 800.00
1448.65 800.00
1448.28 801.00
1448.28 801.00
1448.05 802.00
1448.14 802.00
1448.28 801.00
1448.28 801.00
1448.28 801.00
1448.28 801.00
1448.28 801.00
1448.28 801.00
1448.28 801.00
1448.14 802.00
1448.05 802.00
1448.00 803.00
1448.00 805.00
1448.00 805.00
1447.99 809.00
1447.99 809.00
1447.92 810.00
1447.92 810.00
1447.66 811.00
1447.66 811.00
1447.28 812.00
1447.28 812.00
1447.28 812.00
1447.28 812.00
1447.28 812.00
1447.47 812.00
1447.47 812.00
1447.47 812.00
1447.66 811.00
1447.66 811.00
1447.66 811.00
1447.47 812.00
1447.47 812.00
1447.28 812.00
1447.14 813.00
1447.14 813.00
1447.01 815.00
1447.01 815.00
1446.97 821.00
1446.91 821.00
1446.81 822.00
1446.81 822.00
1446.65 822.00
1446.65 822.00
1446.47 823.00
1446.47 823.00
1446.47 823.00
1446.47 823.00
1446.47 823.00
1446.65 822.00
1446.65 822.00
1446.81 822.00
1446.81 822.00
1446.81 822.00
1446.47 823.00
1446.47 823.00
1446.13 824.00
1446.13 824.00
1446.01 826.00
1446.01 826.00
1446.01 826.00
1446.01 826.00
1446.01 827.00
1446.01 827.00
1446.00 831.00
1446.00 831.00
1446.00 831.00
1446.00 831.00
1446.00 831.00
1446.00 831.00
1446.00 831.00
1446.00 831.00
1446.00 832.00
1446.00 832.00
1445.97 833.00
1445.97 833.00
1445.79 834.00
1445.44 835.00
1445.44 835.00
1445.13 836.00
1445.13 836.00
1445.01 837.00
1445.01 837.00
1445.00 838.00
1445.00 838.00
1445.00 841.00
1445.00 841.00
1445.00 841.00
1445.00 841.00
1445.00 841.00
1445.00 841.00
1445.00 844.00
1445.00 844.00
1445.00 844.00
1445.00 844.00
1445.00 844.00
1445.00 844.00
1445.00 845.00
1445.00 852.00
1445.00 852.00
1445.00 853.00
1445.00 853.00
1445.00 854.00
1445.00 854.00
1445.00 854.00
1445.00 854.00
1445.00 854.00
1444.99 856.00
1444.99 856.00
1444.91 857.00
1444.91 857.00
1444.64 858.00
1444.64 858.00
1444.27 859.00
1444.27 859.00
1444.13 860.00
1444.13 860.00
1444.01 861.00
1444.00 862.00
1444.00 862.00
1444.00 863.00
1444.00 863.00
1444.00 864.00
1444.00 864.00
1444.00 865.00
1444.00 865.00
1443.99 866.00
1443.99 866.00
1443.92 867.00
1443.92 867.00
1443.65 868.00
1443.65 868.00
1443.81 868.00
1443.81 868.00
1443.81 868.00
1443.65 868.00
1443.65 868.00
1443.46 869.00
1443.46 869.00
1443.46 869.00
1443.46 869.00
1443.46 869.00
1443.46 869.00
1443.46 869.00
1443.46 869.00
1443.46 869.00
1443.05 870.00
1443.05 870.00
1443.00 872.00
1443.00 872.00
1443.00 872.00
1443.00 872.00
1443.00 873.00
1443.00 873.00
1443.00 877.00
1443.00 877.00
1443.00 877.00
1443.00 877.00
1443.00 877.00
1443.00 877.00
1443.00 877.00
1443.00 877.00
1442.98 878.00
1442.98 878.00
1442.81 879.00
1442.81 879.00
1442.47 880.00
1442.47 880.00
1442.05 881.00
1442.05 881.00
1442.01 883.00
1442.01 883.00
1442.01 883.00
1442.01 883.00
1442.01 884.00
1442.01 884.00
1442.01 888.00
1442.01 888.00
1442.01 888.00
1442.01 888.00
1442.01 888.00
1442.01 888.00
1442.01 888.00
1442.01 888.00
1442.00 889.00
1442.00 889.00
1442.00 890.00
1442.00 890.00
1442.00 893.00
1442.00 893.00
1442.00 893.00
1442.00 893.00
1442.00 893.00
1442.00 893.00
1441.96 894.00
1441.96 894.00
1441.76 895.00
1441.76 895.00
1441.39 896.00
1441.10 897.00
1441.10 897.00
1441.01 900.00
1441.01 900.00
1441.01 900.00
1441.01 900.00
1441.01 900.00
1441.01 900.00
1441.01 905.00
1441.01 905.00
1441.01 905.00
1441.01 905.00
1441.01 905.00
1441.01 905.00
1441.01 905.00
1441.01 905.00
1441.01 905.00
1441.01 905.00
1440.96 906.00
1440.96 906.00
1440.74 907.00
1440.74 907.00
1440.37 908.00
1440.37 908.00
1440.37 908.00
1440.09 909.00
1440.09 909.00
1440.02 911.00
1440.02 911.00
1440.02 911.00
1440.02 911.00
1440.02 912.00
1440.02 912.00
1440.01 916.00
1440.01 916.00
1440.01 916.00
1440.01 916.00
1440.01 916.00
1440.01 916.00
1440.01 916.00
1439.97 917.00
1439.97 917.00
1439.73 918.00
1439.73 918.00
1439.73 918.00
1439.36 919.00
1439.36 919.00
1439.09 920.00
1439.09 920.00
1439.01 921.00
1439.00 922.00
1439.00 922.00
1439.00 923.00
1439.00 923.00
1439.00 924.00
1439.00 924.00
1439.00 931.00
1439.00 931.00
1439.00 932.00
1439.00 932.00
1439.00 933.00
1439.00 933.00
1439.00 934.00
1439.00 934.00
1439.01 935.00
1439.01 935.00
1439.01 936.00
1439.01 936.00
1439.01 936.00
1439.01 936.00
1439.01 936.00
1439.01 936.00
1439.01 936.00
1439.01 936.00
1439.01 936.00
1439.01 936.00
1439.01 936.00
1439.01 936.00
1439.01 936.00
1439.01 936.00
1439.01 937.00
1439.01 937.00
1439.00 938.00
1439.00 938.00
1439.00 939.00
1439.00 939.00
1439.00 940.00
1439.00 941.00
1439.00 941.00
1439.00 948.00
1439.00 948.00
1439.00 949.00
1439.00 949.00
1439.01 950.00
1439.01 950.00
1439.02 951.00
1439.02 951.00
1439.02 951.00
1439.02 951.00
1439.02 951.00
1439.02 951.00
1439.02 951.00
1439.02 951.00
1439.02 951.00
1439.02 951.00
1439.02 951.00
1439.02 951.00
1438.97 953.00
1438.88 953.00
1438.75 954.00
1438.75 954.00
1438.58 954.00
1438.58 954.00
1438.58 954.00
1438.39 955.00
1438.39 955.00
1438.22 955.00
1438.10 956.00
1438.10 956.00
1438.01 957.00
1438.01 957.00
1438.00 958.00
1438.00 958.00
1438.00 959.00
1438.00 959.00
1438.00 964.00
1438.00 964.00
1438.00 964.00
1438.00 964.00
1438.00 964.00
1438.00 964.00
1438.00 964.00
1438.00 964.00
1438.00 970.00
1438.00 970.00
1438.00 971.00
1438.00 971.00
1438.00 972.00
1438.00 972.00
1438.00 973.00
1438.00 973.00
1438.00 974.00
1438.00 974.00
1438.00 974.00
1438.00 974.00
1438.00 974.00
1438.00 974.00
1437.97 976.00
1437.90 976.00
1437.79 977.00
1437.79 977.00
1437.62 977.00
1437.62 977.00
1437.43 978.00
1437.43 978.00
1437.43 978.00
1437.25 978.00
1437.25 978.00
1437.12 979.00
1437.04 979.00
1437.01 982.00
1437.00 981.00
1437.04 979.00
1437.12 979.00
1437.01 982.00
1437.01 982.00
1437.01 982.00
1437.01 982.00
1437.01 982.00
1437.01 982.00
1437.01 982.00
1437.01 983.00
1437.01 984.00
1437.01 984.00
1437.00 991.00
1437.00 991.00
1437.00 992.00
1437.00 992.00
1437.00 992.00
1437.00 992.00
1437.00 992.00
1437.00 992.00
1437.00 992.00
1437.00 992.00
1437.00 992.00
1437.00 992.00
1437.00 992.00
1437.00 992.00
1437.00 992.00
1437.00 992.00
1437.00 993.00
1437.00 993.00
1437.00 994.00
1437.00 995.00
1437.00 995.00
1437.00 996.00
1437.00 996.00
1437.00 997.00
1437.00 997.00
1437.00 998.00
1437.00 998.00
1437.00 999.00
1437.00 999.00
1437.00 1000.00
1437.00 1000.00
1437.00 1001.00
1437.00 1001.00
1437.00 1008.00
1437.00 1008.00
1437.00 1009.00
1437.00 1009.00
1437.00 1010.00
1436.91 1013.00
1436.91 1013.00
1436.63 1014.00
1436.63 1014.00
1436.26 1015.00
1436.26 1015.00
1436.05 1016.00
1436.05 1016.00
1436.00 1017.00
1436.00 1017.00
1436.00 1017.00
1436.00 1017.00
1436.00 1017.00
1436.00 1017.00
1436.00 1020.00
1436.00 1020.00
1436.00 1021.00
1436.00 1021.00
1436.00 1021.00
1436.00 1021.00
1436.00 1021.00
1436.00 1021.00
1436.00 1021.00
1436.00 1021.00
1435.99 1025.00
1435.99 1025.00
1435.90 1026.00
1435.90 1026.00
1435.60 1027.00
1435.60 1027.00
1435.24 1028.00
1435.24 1028.00
1435.04 1029.00
1435.04 1029.00
1435.00 1030.00
1435.00 1030.00
1435.00 1031.00
1435.00 1031.00
1435.00 1032.00
1435.00 1032.00
1435.00 1032.00
1435.00 1032.00
1435.00 1032.00
1435.00 1032.00
1435.00 1035.00
1435.00 1035.00
1435.00 1036.00
1435.00 1036.00
1434.99 1037.00
1434.99 1037.00
1434.89 1038.00
1434.89 1038.00
1434.60 1039.00
1434.60 1039.00
1434.23 1040.00
1434.23 1040.00
1434.03 1041.00
1434.03 1041.00
1433.99 1042.00
1434.03 1041.00
1434.10 1041.00
1434.10 1041.00
1434.10 1041.00
1434.10 1041.00
1434.23 1040.00
1434.23 1040.00
1434.40 1040.00
1434.40 1040.00
1434.40 1040.00
1434.10 1041.00
1434.10 1041.00
1434.01 1045.00
1434.01 1045.00
1434.01 1045.00
1434.01 1045.00
1434.01 1045.00
1434.01 1045.00
1434.01 1045.00
1433.99 1049.00
1433.99 1049.00
1433.99 1049.00
1433.99 1049.00
1433.94 1054.00
1433.94 1054.00
1433.71 1055.00
1433.85 1055.00
1433.85 1055.00
1433.98 1054.00
1434.00 1053.00
1434.00 1053.00
1434.00 1053.00
1434.00 1053.00
1433.94 1054.00
1433.85 1055.00
1433.85 1055.00
1433.71 1055.00
1433.71 1055.00
1433.71 1055.00
1433.34 1056.00
1433.34 1056.00
1433.07 1057.00
1433.07 1057.00
1433.07 1057.00
1433.01 1059.00
1433.01 1059.00
1433.01 1059.00
1433.01 1059.00
1433.01 1064.00
1433.01 1064.00
1433.01 1064.00
1433.01 1064.00
1433.01 1064.00
1433.01 1064.00
1433.01 1064.00
1433.01 1064.00
1433.01 1064.00
1433.00 1065.00
1433.00 1065.00
1432.99 1067.00
1432.93 1068.00
1432.82 1069.00
1432.82 1069.00
1432.67 1069.00
1432.82 1069.00
1432.82 1069.00
1432.82 1069.00
1432.48 1070.00
1432.48 1070.00
1432.05 1071.00
1432.05 1071.00
1432.01 1076.00
1432.01 1076.00
1432.01 1076.00
1432.01 1076.00
1432.01 1076.00
1432.01 1076.00
1432.01 1076.00
1432.01 1076.00
1432.01 1076.00
1432.01 1076.00
1432.01 1077.00
1432.01 1077.00
1432.01 1084.00
1432.01 1084.00
1432.01 1084.00
1432.00 1083.00
1431.99 1081.00
1432.00 1084.00
1432.01 1084.00
1432.01 1084.00
1432.01 1084.00
1432.01 1084.00
1432.01 1084.00
1432.01 1084.00
1432.01 1084.00
1432.01 1084.00
1432.01 1085.00
1432.01 1085.00
1431.96 1086.00
1431.96 1086.00
1431.75 1087.00
1431.75 1087.00
1431.39 1088.00
1431.39 1088.00
1431.09 1089.00
1431.09 1089.00
1431.02 1092.00
1431.02 1092.00
1431.02 1092.00
1431.02 1092.00
1431.02 1092.00
1431.02 1092.00
1431.01 1097.00
1431.01 1097.00
1431.01 1097.00
1431.01 1097.00
1431.01 1097.00
1431.01 1097.00
1431.01 1097.00
1431.01 1097.00
1431.01 1097.00
1431.01 1097.00
1431.01 1097.00
1430.96 1098.00
1430.96 1098.00
1430.72 1099.00
1430.72 1099.00
1430.35 1100.00
1430.35 1100.00
1429.42 1133.00
1429.42 1133.00
1429.78 1134.00
1429.78 1134.00
1429.98 1135.00
1429.98 1135.00
1430.00 1136.00
1430.00 1136.00
1430.00 1136.00
1430.00 1136.00
1430.00 1136.00
1430.00 1136.00
1430.01 1139.00
1430.01 1139.00
1430.01 1140.00
1430.01 1140.00
1430.01 1140.00
1430.01 1140.00
1430.01 1140.00
1430.01 1140.00
1430.01 1140.00
1430.01 1140.00
1430.01 1140.00
1430.01 1140.00
1430.01 1140.00
1430.01 1140.00
1430.01 1140.00
1430.02 1147.00
1430.01 1141.00
1430.02 1147.00
1430.15 1148.00
1430.15 1148.00
1430.29 1148.00
1430.29 1148.00
1430.29 1148.00
1430.29 1148.00
1430.29 1148.00
1430.29 1148.00
1430.15 1148.00
1430.15 1148.00
1430.02 1147.00
1430.15 1148.00
1430.15 1148.00
1430.66 1149.00
1430.66 1149.00
1430.94 1150.00
1430.94 1150.00
1430.98 1152.00
1430.98 1152.00
1430.98 1152.00
1430.98 1152.00
1430.99 1153.00
1430.99 1153.00
1430.99 1159.00
1430.99 1159.00
1430.99 1159.00
1430.92 1162.00
1430.92 1162.00
1430.66 1163.00
1430.66 1163.00
1430.28 1164.00
1430.28 1164.00
1430.00 1165.00
1430.00 1165.00
1430.00 1166.00
1430.00 1166.00
1430.00 1166.00
1430.00 1166.00
1430.00 1166.00
1430.00 1166.00
1430.00 1166.00
1430.00 1166.00
1429.99 1170.00
1429.99 1170.00
1429.99 1171.00
1429.99 1171.00
1429.99 1171.00
1429.99 1171.00
1429.99 1171.00
1429.99 1171.00
1429.99 1171.00
1429.99 1171.00
1429.99 1171.00
1429.99 1171.00
1429.99 1171.00
1429.99 1171.00
1429.99 1171.00
1429.99 1171.00
1429.99 1172.00
1429.99 1172.00
1429.99 1173.00
1429.99 1173.00
1430.00 1178.00
1430.00 1178.00
1430.00 1178.00
1430.00 1178.00
1430.00 1178.00
1430.00 1178.00
1430.00 1178.00
1430.00 1178.00
1430.00 1178.00
1430.00 1178.00
1430.04 1179.00
1430.04 1179.00
1430.26 1180.00
1430.26 1180.00
1430.63 1181.00
1430.63 1181.00
1430.63 1181.00
1430.91 1182.00
1430.91 1182.00
1430.99 1183.00
1430.99 1183.00
1431.00 1185.00
1431.00 1185.00
1431.00 1185.00
1431.00 1185.00
1431.00 1186.00
1431.00 1186.00
1431.00 1187.00
1431.00 1187.00
1428.00 1232.00
1428.00 1232.00
1428.00 1232.00
1428.00 1232.00
1428.00 1232.00
1428.00 1232.00
1428.00 1232.00
1428.00 1232.00
1428.00 1232.00
1428.00 1232.00
1428.00 1232.00
1428.00 1232.00
1428.00 1232.00
1428.00 1232.00
1428.00 1232.00
1428.00 1239.00
1428.00 1239.00
1428.00 1239.00
1428.00 1240.00
1428.00 1240.00
1428.00 1241.00
1428.00 1241.00
1428.00 1241.00
1428.00 1241.00
1428.00 1241.00
1428.00 1241.00
1428.00 1241.00
1428.00 1241.00
1428.00 1241.00
1428.00 1241.00
1428.00 1241.00
1428.00 1241.00
1428.00 1241.00
1428.00 1241.00
1428.00 1242.00
1428.00 1242.00
1428.00 1243.00
1428.00 1243.00
1428.00 1244.00
1428.00 1244.00
1428.00 1245.00
1428.00 1245.00
1428.00 1246.00
1428.00 1246.00
1428.00 1247.00
1428.00 1247.00
1428.00 1248.00
1428.00 1248.00
1428.00 1255.00
1428.00 1255.00
1428.00 1256.00
1428.00 1256.00
1428.00 1257.00
1428.00 1257.00
1428.00 1258.00
1428.00 1258.00
1428.00 1259.00
1428.00 1259.00
1428.00 1260.00
1428.00 1260.00
1428.00 1261.00
1428.00 1261.00
1428.00 1261.00
1428.00 1261.00
1428.00 1261.00
1428.00 1261.00
1428.00 1261.00
1428.00 1261.00
1428.00 1261.00
1428.00 1261.00
1428.00 1261.00
1428.00 1261.00
1428.00 1261.00
1428.00 1261.00
1428.00 1268.00
1428.00 1268.00
1427.99 1269.00
1427.92 1270.00
1427.92 1270.00
1427.66 1271.00
1427.66 1271.00
1427.15 1272.00
1427.15 1272.00
1427.15 1272.00
1427.02 1273.00
1427.02 1273.00
1427.00 1274.00
1427.00 1274.00
1427.00 1275.00
1427.00 1275.00
1427.00 1276.00
1427.00 1276.00
1427.00 1277.00
1427.00 1277.00
1427.00 1277.00
1427.00 1277.00
1427.00 1277.00
1427.00 1277.00
1427.00 1277.00
1427.00 1277.00
1427.00 1277.00
1427.00 1277.00
1427.00 1277.00
1427.00 1277.00
1427.00 1277.00
1427.00 1277.00
1427.00 1278.00
1427.00 1278.00
1427.00 1285.00
1427.00 1285.00
1427.00 1286.00
1427.00 1286.00
1427.00 1287.00
1427.00 1287.00
1427.00 1288.00
1427.00 1288.00
1427.00 1289.00
1427.00 1289.00
1427.00 1290.00
1427.00 1290.00
1427.00 1291.00
1427.00 1291.00
1427.00 1292.00
1427.00 1292.00
1427.00 1293.00
1427.00 1293.00
1427.00 1294.00
1427.00 1294.00
1427.00 1295.00
1427.00 1295.00
1427.00 1296.00
1427.00 1296.00
1427.00 1296.00
1427.00 1296.00
1427.00 1296.00
1427.00 1296.00
1427.00 1296.00
1427.00 1296.00
1427.00 1296.00
1427.00 1296.00
1427.00 1296.00
1427.00 1296.00
1427.00 1296.00
1427.00 1296.00
1427.00 1297.00
1427.00 1297.00
1427.00 1298.00
1427.00 1298.00
1427.00 1299.00
1427.00 1299.00
1427.00 1300.00
1427.00 1300.00
1427.00 1301.00
1427.00 1301.00
1427.00 1302.00
1427.00 1302.00
1427.00 1303.00
1427.00 1303.00
1427.00 1304.00
1427.00 1304.00
1427.00 1311.00
1427.00 1311.00
1427.00 1312.00
1427.00 1312.00
1427.00 1313.00
1427.00 1313.00
1427.00 1314.00
1427.00 1314.00
1427.00 1314.00
1427.00 1314.00
1427.00 1316.00
1427.00 1316.00
1426.86 1317.00
1426.86 1317.00
1426.55 1318.00
1426.55 1318.00
1426.19 1319.00
1426.19 1319.00
1426.03 1320.00
1426.03 1320.00
1426.00 1321.00
1426.00 1321.00
1426.00 1321.00
1426.00 1321.00
1426.00 1323.00
1426.00 1323.00
1426.00 1324.00
1426.00 1324.00
1426.00 1325.00
1426.00 1325.00
1426.00 1325.00
1426.00 1325.00
1426.00 1325.00
1426.00 1325.00
1426.00 1325.00
1426.00 1325.00
1426.00 1325.00
1426.00 1325.00
1426.00 1323.00
1426.00 1329.00
1426.00 1329.00
1426.00 1329.00
1426.00 1329.00
1426.00 1329.00
1426.00 1329.00
1426.00 1329.00
1426.00 1329.00
1426.00 1329.00
1426.00 1329.00
1426.00 1329.00
1426.00 1329.00
1426.00 1330.00
1426.00 1330.00
1425.98 1331.00
1425.98 1331.00
1425.84 1332.00
1425.84 1332.00
1425.31 1333.00
1425.31 1333.00
1425.07 1334.00
1425.07 1334.00
1425.00 1335.00
1425.00 1335.00
1425.00 1342.00
1425.00 1342.00
1425.00 1342.00
1425.00 1342.00
1425.00 1342.00
1425.00 1342.00
1425.00 1342.00
1425.00 1342.00
1425.00 1342.00
1425.00 1342.00
1425.00 1342.00
1425.00 1342.00
1425.00 1342.00
1425.00 1342.00
1425.00 1343.00
1425.00 1343.00
1425.00 1344.00
1425.00 1344.00
1425.00 1344.00
1425.00 1345.00
1425.00 1345.00
1425.00 1346.00
1425.00 1346.00
1425.00 1347.00
1425.00 1347.00
1425.00 1354.00
1425.00 1354.00
1425.00 1355.00
1425.00 1355.00
1425.00 1356.00
1425.00 1356.00
1425.00 1357.00
1425.00 1357.00
1425.00 1358.00
1425.00 1358.00
1425.00 1359.00
1425.00 1359.00
1425.00 1360.00
1425.00 1360.00
1425.00 1360.00
1425.00 1360.00
1425.00 1360.00
1425.00 1360.00
1425.00 1360.00
1425.00 1360.00
1425.00 1360.00
1425.00 1360.00
1425.00 1360.00
1425.00 1360.00
1425.00 1360.00
1425.00 1360.00
1425.00 1360.00
1425.00 1361.00
1425.00 1361.00
1425.00 1362.00
1425.00 1362.00
1425.00 1363.00
1425.00 1363.00
1425.01 1370.00
1425.01 1370.00
1425.01 1370.00
1425.01 1370.00
1425.01 1370.00
1425.01 1370.00
1425.01 1370.00
1425.01 1370.00
1425.01 1370.00
1425.01 1370.00
1425.01 1370.00
1425.01 1370.00
1425.01 1370.00
1425.01 1376.00
1425.01 1376.00
1425.01 1376.00
1425.01 1376.00
1425.01 1376.00
1425.01 1376.00
1425.01 1376.00
1425.01 1376.00
1425.01 1376.00
1425.01 1376.00
1425.01 1376.00
1425.01 1376.00
1425.01 1376.00
1425.01 1376.00
1425.01 1382.00
1425.01 1382.00
1425.01 1382.00
1425.01 1382.00
1425.01 1382.00
1425.01 1382.00
1425.01 1386.00
1425.01 1386.00
1425.13 1387.00
1425.13 1387.00
1425.43 1388.00
1425.43 1388.00
1425.79 1389.00
1425.79 1389.00
1425.98 1390.00
1425.98 1390.00
1426.01 1391.00
1426.01 1391.00
1426.01 1391.00
1426.01 1391.00
1426.01 1391.00
1426.01 1391.00
1426.01 1391.00
1426.01 1391.00
1426.01 1391.00
1426.01 1391.00
1426.01 1391.00
1426.01 1391.00
1426.01 1391.00
1426.01 1391.00
1426.01 1391.00
1426.01 1392.00
1426.00 1393.00
1426.00 1393.00
1426.00 1400.00
1426.00 1400.00
1426.00 1401.00
1426.00 1401.00
1426.00 1402.00
1426.00 1402.00
1426.00 1403.00
1426.00 1403.00
1426.00 1404.00
1426.00 1404.00
1426.00 1405.00
1426.00 1405.00
1426.00 1400.00
1426.00 1400.00
1426.00 1401.00
1426.00 1401.00
1426.00 1402.00
1426.00 1402.00
1426.00 1409.00
1426.00 1410.00
1426.00 1410.00
1426.00 1411.00
1426.00 1411.00
1426.00 1412.00
1426.00 1412.00
1426.00 1413.00
1426.00 1413.00
1426.00 1414.00
1426.00 1414.00
1426.00 1415.00
1426.00 1415.00
1426.00 1416.00
1426.00 1416.00
1426.00 1417.00
1426.00 1417.00
1426.00 1418.00
1426.00 1418.00
1426.00 1418.00
1426.00 1418.00
1426.00 1418.00
1426.00 1418.00
1426.00 1418.00
1426.00 1418.00
1426.00 1418.00
1426.00 1418.00
1426.00 1418.00
1426.00 1418.00
1426.00 1418.00
1426.00 1419.00
1426.00 1419.00
1426.00 1420.00
1426.00 1420.00
1426.00 1421.00
1426.00 1421.00
1426.00 1422.00
1426.00 1422.00
1426.00 1423.00
1426.00 1423.00
1425.99 1430.00
1425.99 1430.00
1425.99 1430.00
1425.99 1430.00
1425.99 1430.00
1425.99 1430.00
1426.02 1431.00
1426.65 1444.00
1426.28 1445.00
1426.28 1445.00
1426.01 1446.00
1426.01 1446.00
1426.00 1447.00
1426.00 1447.00
1426.00 1447.00
1426.00 1447.00
1426.00 1447.00
1426.00 1449.00
1426.00 1449.00
1426.00 1450.00
1426.00 1450.00
1426.00 1451.00
1426.00 1451.00
1426.00 1451.00
1426.00 1451.00
1426.00 1451.00
1426.00 1451.00
1426.00 1451.00
1426.00 1451.00
1426.00 1451.00
1426.00 1451.00
1426.00 1451.00
1426.00 1451.00
1426.00 1451.00
1426.00 1451.00
1426.00 1452.00
1426.00 1452.00
1426.00 1459.00
1426.00 1459.00
1426.00 1460.00
1426.00 1460.00
1426.00 1461.00
1426.00 1461.00
1426.00 1462.00
1426.00 1462.00
1426.00 1462.00
1426.00 1462.00
1426.00 1462.00
1426.00 1462.00
1426.00 1462.00
1426.00 1462.00
1426.00 1462.00
1426.00 1462.00
1426.00 1462.00
1426.00 1462.00
1426.00 1462.00
1426.00 1462.00
1426.00 1462.00
1426.00 1463.00
1426.00 1463.00
1426.00 1464.00
1426.00 1464.00
1426.00 1465.00
1426.00 1465.00
1426.00 1466.00
1426.00 1466.00
1426.00 1467.00
1426.00 1467.00
1426.00 1468.00
1426.00 1468.00
1426.00 1469.00
1426.00 1469.00
1426.00 1470.00
1426.00 1470.00
1426.00 1471.00
1426.00 1471.00
1426.00 1472.00
1426.00 1476.00
1426.00 1476.00
1426.00 1476.00
1426.00 1476.00
1426.00 1476.00
1426.00 1480.00
1426.00 1481.00
1426.00 1482.00
1426.00 1482.00
1426.00 1483.00
1426.00 1483.00
1425.99 1484.00
1425.99 1484.00
1425.99 1485.00
1426.00 1479.00
1426.00 1480.00
1426.00 1480.00
1426.00 1480.00
1426.00 1481.00
1425.99 1487.00
1425.99 1487.00
1425.99 1487.00
1425.99 1487.00
1425.99 1487.00
1425.99 1487.00
1425.99 1487.00
1425.99 1487.00
1425.99 1487.00
1425.99 1487.00
1425.99 1487.00
1425.99 1487.00
1425.99 1487.00
1425.99 1488.00
1425.99 1488.00
1426.00 1492.00
1426.00 1492.00
1426.00 1492.00
1426.00 1492.00
1426.00 1492.00
1426.01 1493.00
1426.07 1493.00
1426.18 1494.00
1426.22 1499.00
1426.22 1499.00
1426.18 1494.00
1426.10 1500.00
1426.04 1500.00
1426.00 1501.00
1426.00 1502.00
1426.00 1502.00
1426.04 1500.00
1426.10 1500.00
1426.22 1499.00
1426.22 1499.00
1426.38 1499.00
1426.38 1499.00
1426.10 1500.00
1426.10 1500.00
1426.01 1501.00
1426.01 1501.00
1426.00 1504.00
1426.00 1502.00
1426.00 1509.00
1426.00 1509.00
1426.00 1509.00
1426.00 1509.00
1426.00 1509.00
1426.00 1509.00
1426.00 1509.00
1426.00 1509.00
1426.00 1509.00
1426.00 1509.00
1426.00 1514.00
1426.00 1514.00
1426.00 1509.00
1426.00 1509.00
1426.00 1510.00
1426.00 1510.00
1426.00 1517.00
1426.00 1514.00
1426.00 1514.00
1426.00 1514.00
1426.00 1514.00
1426.00 1514.00
1426.00 1514.00
1426.00 1514.00
1426.00 1521.00
1426.00 1521.00
1426.00 1522.00
1426.00 1522.00
1426.00 1522.00
1426.00 1522.00
1426.00 1522.00
1426.00 1522.00
1426.00 1522.00
1426.00 1522.00
1426.00 1522.00
1426.00 1522.00
1426.00 1522.00
1426.00 1527.00
1426.00 1527.00
1426.01 1528.00
1426.01 1528.00
1426.08 1529.00
1426.08 1529.00
1426.33 1530.00
1426.33 1530.00
1426.85 1531.00
1426.85 1531.00
1426.98 1532.00
1426.98 1532.00
1427.00 1533.00
1427.00 1533.00
1427.00 1534.00
1427.00 1534.00
1427.00 1535.00
1427.00 1535.00
1426.98 1532.00
1426.85 1531.00
1426.85 1531.00
1426.71 1531.00
1426.94 1532.00
1426.94 1532.00
1427.00 1533.00
1427.00 1533.00
1427.00 1534.00
1427.00 1536.00
1427.00 1536.00
1427.00 1536.00
1427.00 1542.00
1427.00 1542.00
1427.00 1540.00
1427.00 1540.00
1427.00 1540.00
1427.00 1540.00
1427.00 1540.00
1427.00 1540.00
1427.00 1540.00
1427.00 1540.00
1427.00 1541.00
1427.00 1541.00
1427.00 1542.00
1427.00 1542.00
1427.00 1543.00
1427.00 1543.00
1427.04 1544.00
1427.04 1544.00
1427.22 1545.00
1427.22 1545.00
1427.48 1546.00
1427.48 1546.00
1427.48 1547.00
1427.48 1547.00
1427.56 1548.00
1427.56 1548.00
1427.56 1548.00
1427.59 1555.00
1427.59 1555.00
1427.48 1556.00
1427.48 1556.00
1427.48 1556.00
1427.48 1556.00
1427.48 1556.00
1427.48 1556.00
1427.48 1556.00
1427.48 1556.00
1427.48 1556.00
1427.48 1556.00
1427.48 1556.00
1427.48 1556.00
1427.48 1556.00
1427.48 1556.00
1427.56 1557.00
1427.56 1557.00
1427.94 1558.00
1427.94 1558.00
1427.98 1560.00
1427.98 1560.00
1427.98 1560.00
1427.98 1560.00
1427.98 1561.00
1427.98 1561.00
1427.99 1562.00
1427.99 1562.00
1427.99 1563.00
1427.99 1563.00
1428.00 1564.00
1428.00 1564.00
1428.00 1571.00
1428.00 1571.00
1428.00 1571.00
1428.00 1572.00
1428.01 1567.00
1428.01 1567.00
1428.01 1567.00
1428.01 1568.00
1428.01 1568.00
1428.01 1569.00
1428.01 1569.00
1428.00 1570.00
1428.00 1570.00
1427.99 1575.00
1427.99 1575.00
1427.99 1575.00
1427.99 1575.00
1427.99 1575.00
1427.99 1575.00
1427.99 1575.00
1427.99 1575.00
1427.99 1576.00
1428.07 1581.00
1428.07 1581.00
1428.07 1581.00
1428.07 1581.00
1428.00 1577.00
1428.00 1580.00
1428.00 1580.00
1428.00 1580.00
1428.00 1580.00
1428.00 1580.00
1428.00 1580.00
1428.01 1581.00
1428.01 1581.00
1428.18 1582.00
1428.18 1582.00
1428.54 1583.00
1428.54 1583.00
1428.94 1584.00
1428.94 1584.00
1429.00 1585.00
1429.00 1585.00
1429.00 1585.00
1429.00 1589.00
1429.00 1589.00
1429.00 1589.00
1429.00 1589.00
1429.00 1589.00
1429.00 1589.00
1429.00 1589.00
1429.00 1589.00
1429.00 1589.00
1429.00 1589.00
1429.00 1590.00
1429.00 1590.00
1429.00 1591.00
1429.00 1591.00
1429.00 1598.00
1429.00 1599.00
1429.00 1599.00
1429.00 1600.00
1429.00 1600.00
1429.00 1601.00
1429.00 1601.00
1429.00 1602.00
1429.00 1602.00
1429.00 1603.00
1429.00 1603.00
1429.00 1604.00
1429.00 1598.00
1429.00 1599.00
1429.00 1599.00
1429.00 1600.00
1429.00 1600.00
1429.00 1601.00
1429.00 1601.00
1429.00 1602.00
1429.00 1609.00
1429.00 1609.00
1429.00 1610.00
1429.00 1610.00
1429.00 1611.00
1429.00 1611.00
1429.00 1612.00
1429.00 1612.00
1429.00 1613.00
1429.00 1613.00
1429.00 1613.00
1429.00 1614.00
1429.00 1614.00
1429.00 1615.00
1429.00 1615.00
1429.00 1616.00
1429.00 1616.00
1429.00 1617.00
1429.00 1617.00
1429.00 1618.00
1429.00 1618.00
1429.00 1619.00
1429.00 1619.00
1429.00 1620.00
1429.00 1620.00
1429.00 1621.00
1429.00 1621.00
1429.00 1622.00
1429.00 1622.00
1429.00 1622.00
1429.00 1622.00
1429.00 1622.00
1429.00 1622.00
1429.00 1622.00
1429.00 1622.00
1429.00 1622.00
1429.00 1622.00
1429.00 1622.00
1429.00 1622.00
1429.00 1622.00
1429.00 1622.00
1429.00 1623.00
1429.00 1623.00
1429.00 1624.00
1429.00 1624.00
1429.00 1625.00
1429.00 1625.00
1429.00 1626.00
1429.00 1626.00
1429.00 1627.00
1429.00 1627.00
1429.00 1628.00
1429.00 1628.00
1429.00 1629.00
1429.00 1629.00
1429.00 1630.00
1429.00 1630.00
1429.00 1637.00
1429.00 1637.00
1429.00 1638.00
1429.00 1638.00
1429.00 1638.00
1429.01 1635.00
1429.01 1635.00
1429.01 1635.00
1429.01 1635.00
1429.01 1635.00
1429.01 1635.00
1429.01 1636.00
1429.01 1636.00
1429.02 1643.00
1429.02 1643.00
1429.02 1644.00
1429.02 1644.00
1429.02 1644.00
1429.02 1644.00
1429.02 1644.00
1429.02 1644.00
1429.02 1644.00
1429.07 1647.00
1429.07 1647.00
1429.36 1648.00
1429.36 1648.00
1429.87 1649.00
1429.87 1649.00
1430.10 1650.00
1430.10 1650.00
1430.10 1650.00
1430.10 1650.00
1429.99 1650.00
1429.87 1649.00
1429.87 1649.00
1429.73 1649.00
1429.73 1649.00
1429.55 1649.00
1429.55 1649.00
1429.99 1650.00
1429.99 1650.00
1430.24 1651.00
1430.24 1651.00
1430.61 1652.00
1430.61 1652.00
1430.61 1652.00
1430.90 1653.00
1430.90 1653.00
1431.01 1654.00
1431.01 1654.00
1431.17 1655.00
1431.17 1655.00
1431.52 1656.00
1431.94 1657.00
1431.94 1657.00
1431.99 1660.00
1431.99 1660.00
1431.99 1660.00
1431.99 1660.00
1431.99 1660.00
1431.99 1660.00
1431.99 1661.00
1431.99 1661.00
1432.00 1662.00
1432.00 1662.00
1432.00 1666.00
1432.00 1666.00
1432.00 1666.00
1432.00 1666.00
1432.00 1666.00
1432.00 1666.00
1432.00 1666.00
1432.00 1666.00
1432.00 1666.00
1432.00 1667.00
1432.00 1667.00
1432.03 1668.00
1432.03 1668.00
1432.20 1669.00
1432.20 1669.00
1432.20 1669.00
1432.56 1670.00
1432.56 1670.00
1432.87 1671.00
1432.87 1671.00
1432.99 1672.00
1432.99 1672.00
1433.00 1679.00
1433.00 1679.00
1433.00 1679.00
1433.00 1679.00
1433.00 1679.00
1433.00 1679.00
1433.00 1679.00
1433.00 1679.00
1433.00 1679.00
1433.00 1679.00
1433.00 1679.00
1433.00 1679.00
1433.00 1679.00
1433.00 1679.00
1433.00 1680.00
1433.00 1680.00
1433.00 1681.00
1433.00 1681.00
1433.00 1682.00
1433.00 1682.00
1433.00 1683.00
1433.00 1683.00
1433.00 1690.00
1433.00 1690.00
1432.99 1693.00
1432.99 1693.00
1433.00 1697.00
1433.00 1697.00
1433.00 1697.00
1433.00 1697.00
1433.04 1698.00
1433.04 1698.00
1433.27 1699.00
1433.27 1699.00
1433.64 1700.00
1433.64 1700.00
1433.91 1701.00
1433.91 1701.00
1435.00 1718.00
1435.00 1718.00
1435.00 1718.00
1435.00 1720.00
1435.00 1720.00
1434.95 1721.00
1434.95 1721.00
1434.54 1722.00
1434.54 1722.00
1434.54 1722.00
1434.20 1723.00
1434.20 1723.00
1434.11 1724.00
1434.11 1724.00
1434.11 1724.00
1434.11 1724.00
1434.11 1724.00
1434.11 1724.00
1434.11 1724.00
1434.11 1724.00
1434.11 1724.00
1434.11 1724.00
1434.11 1724.00
1434.11 1724.00
1434.11 1724.00
1434.11 1724.00
1434.11 1724.00
1434.19 1731.00
1434.19 1731.00
1434.02 1732.00
1434.02 1732.00
1434.00 1733.00
1434.00 1733.00
1434.00 1733.00
1434.00 1733.00
1434.00 1735.00
1434.02 1732.00
1434.08 1732.00
1434.19 1731.00
1434.36 1731.00
1434.36 1731.00
1434.08 1732.00
1434.08 1732.00
1434.08 1732.00
1434.01 1734.00
1434.01 1734.00
1434.01 1734.00
1434.01 1734.00
1434.01 1735.00
1434.01 1735.00
1434.01 1741.00
1434.01 1741.00
1434.01 1741.00
1434.01 1741.00
1434.01 1741.00
1434.01 1741.00
1434.01 1741.00
1434.01 1741.00
1434.01 1741.00
1434.01 1741.00
1434.01 1741.00
1434.01 1741.00
1434.01 1748.00
1434.01 1748.00
1434.10 1749.00
1434.10 1749.00
1434.10 1749.00
1434.43 1750.00
1434.43 1750.00
1435.34 1751.00
1435.34 1751.00
1435.81 1752.00
1435.81 1752.00
1435.81 1752.00
1436.05 1753.00
1436.05 1753.00
1436.33 1754.00
1436.33 1754.00
1436.86 1755.00
1436.86 1755.00
1436.99 1756.00
1436.99 1756.00
1437.00 1757.00
1437.00 1757.00
1437.00 1757.00
1437.00 1757.00
1437.00 1757.00
1437.00 1757.00
1437.00 1757.00
1437.00 1757.00
1437.00 1757.00
1437.00 1757.00
1437.00 1762.00
1436.99 1756.00
1436.99 1759.00
1436.99 1759.00
1436.99 1759.00
1436.99 1759.00
1436.99 1759.00
1436.99 1759.00
1436.99 1760.00
1436.99 1760.00
1437.00 1761.00
1437.00 1761.00
1437.00 1764.00
1437.00 1764.00
1437.00 1764.00
1437.00 1764.00
1437.00 1764.00
1437.00 1764.00
1437.00 1764.00
1437.00 1765.00
1437.00 1765.00
1437.00 1766.00
1437.00 1767.00
1437.00 1767.00
1437.00 1768.00
1437.00 1768.00
1437.00 1769.00
1437.00 1769.00
1437.00 1770.00
1437.00 1773.00
1437.00 1773.00
1437.00 1773.00
1437.00 1773.00
1437.00 1778.00
1437.00 1779.00
1437.00 1779.00
1437.00 1780.00
1437.00 1780.00
1437.00 1780.00
1437.00 1781.00
1437.00 1781.00
1437.00 1782.00
1437.00 1782.00
1437.00 1783.00
1437.00 1783.00
1437.00 1784.00
1437.00 1784.00
1437.00 1784.00
1437.00 1784.00
1437.00 1784.00
1437.00 1784.00
1437.00 1784.00
1437.00 1784.00
1437.00 1784.00
1437.00 1784.00
1437.00 1784.00
1437.00 1784.00
1437.00 1784.00
1437.00 1784.00
1437.00 1784.00
1437.00 1785.00
1437.00 1785.00
1437.00 1786.00
1437.00 1786.00
1437.00 1787.00
1437.00 1787.00
1437.00 1788.00
1437.00 1789.00
1437.00 1789.00
1437.00 1790.00
1437.00 1790.00
1437.00 1791.00
1437.00 1791.00
1437.00 1792.00
1437.00 1792.00
1437.00 1793.00
1437.00 1793.00
1437.00 1800.00
1437.00 1800.00
1437.00 1801.00
1437.00 1801.00
1437.00 1802.00
1437.00 1802.00
1437.00 1803.00
1437.00 1797.00
1437.00 1798.00
1437.00 1798.00
1437.00 1799.00
1437.00 1799.00
1437.00 1800.00
1437.00 1800.00
1437.00 1801.00
1437.00 1801.00
1437.00 1801.00
1437.00 1802.00
1437.00 1802.00
1437.00 1803.00
1437.10 1805.00
1437.47 1806.00
1437.78 1806.00
1438.13 1807.00
1438.46 1807.00
1438.46 1807.00
1438.71 1807.00
1438.89 1808.00
1439.02 1808.00
1439.31 1809.00
1439.31 1809.00
1439.51 1809.00
1439.72 1810.00
1439.93 1810.00
1439.93 1810.00
1440.14 1811.00
1440.09 1816.00
1440.09 1816.00
1440.14 1811.00
1440.14 1811.00
1440.19 1815.00
1440.19 1815.00
1440.36 1815.00
1440.37 1819.00
1440.55 1814.00
1440.55 1814.00
1440.57 1820.00
1440.37 1819.00
1440.37 1819.00
1440.37 1819.00
1440.21 1819.00
1440.21 1819.00
1440.37 1819.00
1440.37 1819.00
1440.37 1819.00
1440.57 1820.00
1440.57 1820.00
1440.57 1820.00
1440.57 1820.00
1440.88 1821.00
1440.88 1821.00
1440.99 1822.00
1440.99 1822.00
1441.00 1823.00
1441.02 1825.00
1441.17 1826.00
1441.17 1826.00
1441.32 1826.00
1441.32 1826.00
1441.51 1827.00
1441.69 1827.00
1441.84 1827.00
1441.94 1828.00
1442.00 1833.00
1442.00 1833.00
1442.00 1833.00
1442.00 1833.00
1442.00 1833.00
1442.00 1833.00
1442.00 1833.00
1442.00 1833.00
1442.00 1833.00
1442.00 1833.00
1442.00 1833.00
1442.00 1833.00
1442.00 1833.00
1442.00 1833.00
1442.00 1834.00
1442.00 1834.00
1442.00 1840.00
1442.00 1840.00
1442.00 1840.00
1442.00 1840.00
1442.00 1840.00
1442.00 1840.00
1442.00 1840.00
1442.00 1840.00
1442.00 1845.00
1442.00 1845.00
1442.00 1846.00
1442.00 1846.00
1442.06 1847.00
1442.06 1847.00
1442.46 1848.00
1442.46 1848.00
1442.82 1849.00
1442.82 1849.00
1442.98 1850.00
1442.98 1850.00
1442.98 1850.00
1443.00 1851.00
1443.00 1851.00
1443.00 1851.00
1443.00 1851.00
1443.01 1853.00
1443.01 1853.00
1443.01 1854.00
1443.01 1854.00
1443.12 1855.00
1443.12 1855.00
1443.43 1856.00
1443.43 1856.00
1443.79 1857.00
1443.79 1857.00
1443.97 1858.00
1443.97 1858.00
1444.00 1859.00
1444.00 1859.00
1444.00 1860.00
1444.00 1860.00
1444.00 1860.00
1444.00 1860.00
1444.00 1860.00
1444.00 1860.00
1444.00 1860.00
1444.01 1863.00
1444.01 1863.00
1444.01 1864.00
1444.01 1864.00
1444.01 1864.00
1444.01 1864.00
1444.12 1866.00
1444.12 1866.00
1444.44 1867.00
1444.44 1867.00
1444.79 1868.00
1444.79 1868.00
1444.79 1868.00
1444.97 1869.00
1444.97 1869.00
1445.00 1870.00
1445.00 1870.00
1445.00 1871.00
1445.00 1871.00
1445.00 1872.00
1445.00 1872.00
1445.01 1873.00
1445.01 1873.00
1445.10 1874.00
1445.10 1874.00
1445.39 1875.00
1445.39 1875.00
1445.76 1876.00
1445.76 1876.00
1445.96 1877.00
1445.96 1877.00
1446.00 1878.00
1446.00 1878.00
1446.00 1879.00
1446.00 1879.00
1446.00 1879.00
1446.00 1879.00
1446.00 1879.00
1446.00 1879.00
1446.00 1879.00
1446.00 1879.00
1446.00 1879.00
1446.00 1879.00
1446.00 1879.00
1446.00 1884.00
1446.00 1884.00
1446.00 1885.00
1446.00 1885.00
1446.01 1886.00
1446.01 1886.00
1446.11 1887.00
1446.11 1887.00
1446.41 1888.00
1446.41 1888.00
1446.41 1888.00
1446.78 1889.00
1446.78 1889.00
1446.97 1890.00
1446.97 1890.00
1447.00 1891.00
1447.00 1891.00
1447.00 1891.00
1447.00 1891.00
1447.00 1893.00
1447.00 1893.00
1447.01 1894.00
1447.01 1894.00
1447.09 1895.00
1447.09 1895.00
1447.37 1896.00
1447.37 1896.00
1447.75 1897.00
1447.75 1897.00
1447.75 1897.00
1447.96 1898.00
1447.96 1898.00
1447.99 1899.00
1447.99 1899.00
1448.00 1900.00
1448.00 1900.00
1448.01 1901.00
1448.01 1901.00
1448.01 1901.00
1448.01 1901.00
1448.07 1903.00
1448.07 1903.00
1448.35 1904.00
1448.35 1904.00
1448.35 1904.00
1448.86 1905.00
1448.86 1905.00
1448.98 1906.00
1448.98 1906.00
1449.00 1907.00
1449.00 1907.00
1449.00 1907.00
1449.00 1907.00
1449.00 1909.00
1449.00 1909.00
1449.00 1910.00
1449.00 1910.00
1449.00 1911.00
1449.00 1911.00
1449.00 1912.00
1449.00 1912.00
1449.00 1912.00
1449.00 1912.00
1449.00 1912.00
1449.00 1912.00
1449.01 1915.00
1449.01 1915.00
1449.09 1916.00
1449.09 1916.00
1449.37 1917.00
1449.37 1917.00
1449.37 1917.00
1449.74 1918.00
1449.74 1918.00
1449.95 1919.00
1449.95 1919.00
1450.00 1920.00
1450.00 1920.00
1450.00 1920.00
1450.00 1920.00
1450.00 1920.00
1450.00 1920.00
1450.00 1923.00
1450.00 1923.00
1450.01 1924.00
1450.01 1924.00
1450.01 1924.00
1450.01 1924.00
1450.01 1924.00
1450.01 1924.00
1450.01 1924.00
1450.01 1924.00
1450.01 1924.00
1450.01 1924.00
1450.01 1924.00
1450.01 1929.00
1450.01 1929.00
1450.01 1930.00
1450.01 1930.00
1450.01 1930.00
1450.01 1930.00
1450.12 1932.00
1450.12 1932.00
1450.45 1933.00
1450.45 1933.00
1450.80 1934.00
1450.80 1934.00
1450.97 1935.00
1450.97 1935.00
1451.00 1936.00
1451.00 1936.00
1451.00 1937.00
1451.00 1937.00
1451.01 1938.00
1451.01 1938.00
1451.01 1938.00
1451.10 1939.00
1451.10 1939.00
1451.38 1940.00
1451.38 1940.00
1451.75 1941.00
1451.75 1941.00
1451.96 1942.00
1451.96 1942.00
1451.99 1943.00
1451.99 1943.00
1452.00 1944.00
1452.00 1944.00
1452.00 1945.00
1452.00 1945.00
1452.00 1945.00
1452.00 1945.00
1452.00 1945.00
1452.00 1945.00
1452.00 1945.00
1452.00 1945.00
1452.01 1949.00
1452.01 1949.00
1452.01 1949.00
1452.01 1949.00
1452.01 1949.00
1452.10 1951.00
1452.10 1951.00
1452.41 1952.00
1452.41 1952.00
1452.77 1953.00
1452.77 1953.00
1452.96 1954.00
1452.96 1954.00
1453.00 1955.00
1453.00 1955.00
1453.00 1956.00
1453.00 1956.00
1453.00 1957.00
1453.00 1957.00
1453.00 1958.00
1453.00 1958.00
1453.01 1959.00
1453.01 1959.00
1453.01 1959.00
1453.01 1959.00
1453.01 1959.00
1453.01 1959.00
1453.01 1959.00
1452.00 2040.00
1452.00 2040.00
1452.00 2040.00
1452.00 2040.00
1452.00 2041.00
1452.00 2041.00
1452.00 2042.00
1452.00 2042.00
1452.00 2046.00
1452.00 2046.00
1452.00 2046.00
1627.83 169.00
1627.01 172.00
1627.00 173.00
1627.00 173.00
1627.00 174.00
1627.00 174.00
1627.00 176.00
1627.00 176.00
1627.00 176.00
1627.00 176.00
1626.98 177.00
1626.98 177.00
1626.84 178.00
1626.84 178.00
1626.51 179.00
1626.51 179.00
1626.06 180.00
1626.06 180.00
1626.06 180.00
1625.96 181.00
1625.96 181.00
1625.76 182.00
1625.76 182.00
1625.39 183.00
1625.10 184.00
1625.10 184.00
1624.99 185.00
1624.99 185.00
1624.82 186.00
1624.82 186.00
1624.46 187.00
1624.46 187.00
1624.06 188.00
1624.06 188.00
1624.00 189.00
1624.00 189.00
1624.00 190.00
1624.00 190.00
1623.97 191.00
1623.97 191.00
1623.77 192.00
1623.77 192.00
1622.91 193.00
1622.91 193.00
1622.53 194.00
1622.53 194.00
1622.11 195.00
1622.11 195.00
1621.52 196.00
1621.52 196.00
1621.13 197.00
1621.13 197.00
1621.01 199.00
1621.01 199.00
1621.01 199.00
1621.01 199.00
1621.00 200.00
1621.00 200.00
1620.99 201.00
1620.99 201.00
1620.99 201.00
1620.97 202.00
1620.97 202.00
1620.81 203.00
1620.81 203.00
1620.45 204.00
1620.45 204.00
1620.13 205.00
1620.13 205.00
1620.00 206.00
1620.00 206.00
1619.72 207.00
1619.72 207.00
1619.72 207.00
1619.34 208.00
1619.34 208.00
1619.08 209.00
1619.08 209.00
1618.98 210.00
1618.98 210.00
1618.78 211.00
1618.78 211.00
1618.42 212.00
1618.12 213.00
1618.12 213.00
1618.12 213.00
1618.01 214.00
1617.92 216.00
1617.66 217.00
1617.47 218.00
1617.29 218.00
1617.14 218.00
1617.00 220.00
1616.94 221.00
1616.86 222.00
1616.72 222.00
1616.72 222.00
1616.54 222.00
1616.54 222.00
1616.35 223.00
1616.35 223.00
1616.18 223.00
1616.18 223.00
1616.08 224.00
1616.02 224.00
1615.90 225.00
1615.78 226.00
1615.78 226.00
1615.60 226.00
1615.60 226.00
1615.41 227.00
1615.41 227.00
1615.24 227.00
1615.11 228.00
1615.01 229.00
1614.83 231.00
1614.67 231.00
1614.29 232.00
1614.15 232.00
1613.96 234.00
1613.74 235.00
1613.56 235.00
1613.56 235.00
1613.37 236.00
1613.37 236.00
1613.37 236.00
1613.20 236.00
1613.09 237.00
1613.03 237.00
1612.98 238.00
1612.92 238.00
1612.81 239.00
1612.64 239.00
1612.64 239.00
1612.64 239.00
1612.45 240.00
1612.45 240.00
1612.27 240.00
1612.13 241.00
1612.13 241.00
1612.00 242.00
1612.00 242.00
1611.86 243.00
1611.86 243.00
1611.30 244.00
1611.30 244.00
1610.89 245.00
1610.89 245.00
1610.47 246.00
1610.47 246.00
1610.14 247.00
1610.14 247.00
1610.02 248.00
1610.02 248.00
1609.93 251.00
1609.82 252.00
1609.82 252.00
1609.66 252.00
1609.66 252.00
1609.47 253.00
1609.47 253.00
1609.29 253.00
1609.29 253.00
1609.15 253.00
1609.06 254.00
1609.02 254.00
1608.95 256.00
1608.87 256.00
1608.73 257.00
1608.73 257.00
1608.55 257.00
1608.36 258.00
1608.36 258.00
1608.09 259.00
1607.96 261.00
1607.78 262.00
1607.42 263.00
1607.25 263.00
1607.11 264.00
1606.93 266.00
1606.83 267.00
1606.68 267.00
1606.68 267.00
1606.49 268.00
1606.49 268.00
1606.49 268.00
1606.30 268.00
1606.30 268.00
1606.15 268.00
1606.06 269.00
1606.00 270.00
1605.95 271.00
1605.87 271.00
1605.73 272.00
1605.73 272.00
1605.55 272.00
1605.55 272.00
1605.36 273.00
1605.36 273.00
1605.19 273.00
1605.19 273.00
1605.01 275.00
1604.89 277.00
1604.60 278.00
1604.41 279.00
1604.23 279.00
1603.93 281.00
1603.82 282.00
1603.66 282.00
1603.47 283.00
1603.47 283.00
1603.28 283.00
1603.14 283.00
1603.14 283.00
1603.06 284.00
1603.00 286.00
1603.00 286.00
1602.94 287.00
1602.94 287.00
1602.70 288.00
1602.52 288.00
1602.52 288.00
1602.33 289.00
1602.33 289.00
1602.17 289.00
1602.17 289.00
1602.07 290.00
1601.99 291.00
1601.89 292.00
1601.89 292.00
1601.76 293.00
1601.58 293.00
1601.58 293.00
1601.58 293.00
1601.39 294.00
1601.39 294.00
1601.22 294.00
1601.22 294.00
1601.10 295.00
1601.01 296.00
1600.92 297.00
1600.81 298.00
1600.81 298.00
1600.65 298.00
1600.65 298.00
1600.46 299.00
1600.46 299.00
1600.27 299.00
1600.27 299.00
1600.13 300.00
1600.05 300.00
1599.95 301.00
1599.86 302.00
1599.52 302.00
1599.33 303.00
1599.08 304.00
1598.89 306.00
1598.77 307.00
1598.60 307.00
1598.40 308.00
1598.23 308.00
1598.23 308.00
1598.11 309.00
1598.04 309.00
1598.00 311.00
1597.99 312.00
1597.99 312.00
1597.99 312.00
1597.99 312.00
1597.90 314.00
1597.90 314.00
1597.59 315.00
1597.59 315.00
1597.23 316.00
1597.11 317.00
1597.11 317.00
1597.00 318.00
1597.00 318.00
1596.93 319.00
1596.93 319.00
1596.66 320.00
1596.66 320.00
1596.46 321.00
1596.46 321.00
1596.28 321.00
1596.28 321.00
1596.14 321.00
1596.14 321.00
1596.02 322.00
1595.94 324.00
1595.86 325.00
1595.72 325.00
1595.72 325.00
1595.54 325.00
1595.54 325.00
1595.54 325.00
1595.34 326.00
1595.34 326.00
1595.18 326.00
1595.18 326.00
1595.05 327.00
1594.94 327.00
1594.94 327.00
1594.81 328.00
1594.64 328.00
1594.64 328.00
1594.64 328.00
1594.45 329.00
1594.45 329.00
1594.27 329.00
1594.27 329.00
1594.13 330.00
1594.01 331.00
1594.00 332.00
1593.93 333.00
1593.83 334.00
1593.68 334.00
1593.68 334.00
1593.49 335.00
1593.49 335.00
1593.49 335.00
1593.30 335.00
1593.06 336.00
1593.06 336.00
1592.96 337.00
1592.96 337.00
1592.74 338.00
1592.74 338.00
1592.37 339.00
1592.37 339.00
1592.09 340.00
1592.01 341.00
1592.01 341.00
1591.97 342.00
1591.97 342.00
1591.80 343.00
1591.80 343.00
1591.45 344.00
1591.45 344.00
1591.12 345.00
1591.12 345.00
1591.01 346.00
1591.01 346.00
1591.01 347.00
1591.01 347.00
1591.00 350.00
1591.00 350.00
1590.96 352.00
1590.77 353.00
1590.41 354.00
1590.24 354.00
1590.11 355.00
1590.04 355.00
1590.01 356.00
1590.04 355.00
1590.11 355.00
1590.24 354.00
1590.24 354.00
1590.24 354.00
1590.24 354.00
1590.11 355.00
1590.04 355.00
1589.81 359.00
1589.64 359.00
1589.45 360.00
1589.13 361.00
1588.93 364.00
1588.93 364.00
1588.70 365.00
1588.70 365.00
1588.51 366.00
1588.32 366.00
1588.32 366.00
1588.16 366.00
1588.16 366.00
1588.06 367.00
1587.99 369.00
1587.99 369.00
1587.87 370.00
1587.74 371.00
1587.74 371.00
1587.56 371.00
1587.56 371.00
1587.37 372.00
1587.37 372.00
1587.20 372.00
1587.20 372.00
1587.08 373.00
1587.02 373.00
1586.96 376.00
1586.89 376.00
1586.76 377.00
1586.76 377.00
1586.59 377.00
1586.59 377.00
1586.40 378.00
1586.40 378.00
1586.23 378.00
1586.23 378.00
1586.11 379.00
1586.04 379.00
1585.97 382.00
1585.91 382.00
1585.80 383.00
1585.65 383.00
1585.65 383.00
1585.65 383.00
1585.45 384.00
1585.45 384.00
1585.27 384.00
1585.27 384.00
1585.13 385.00
1585.04 385.00
1585.00 388.00
1584.99 389.00
1584.99 389.00
1584.91 390.00
1584.64 391.00
1584.64 391.00
1584.45 392.00
1584.27 392.00
1584.13 393.00
1584.05 393.00
1584.05 393.00
1584.00 394.00
1584.00 394.00
1583.99 395.00
1583.99 395.00
1583.94 396.00
1583.94 396.00
1583.68 397.00
1583.68 397.00
1583.15 398.00
1583.01 399.00
1583.01 399.00
1582.89 400.00
1582.89 400.00
1582.57 401.00
1582.57 401.00
1582.21 402.00
1582.21 402.00
1582.03 403.00
1582.03 403.00
1582.01 404.00
1582.01 404.00
1582.01 404.00
1582.01 404.00
1581.99 406.00
1581.99 406.00
1581.99 407.00
1581.99 407.00
1581.99 407.00
1581.99 407.00
1581.88 409.00
1581.88 409.00
1581.56 410.00
1581.56 410.00
1581.37 411.00
1581.37 411.00
1581.37 411.00
1581.20 411.00
1581.20 411.00
1581.09 412.00
1581.03 412.00
1581.00 414.00
1580.99 415.00
1580.99 415.00
1580.99 415.00
1580.88 417.00
1580.88 417.00
1580.57 418.00
1580.57 418.00
1580.37 419.00
1580.21 419.00
1580.21 419.00
1580.10 420.00
1580.00 421.00
1580.00 421.00
1579.99 422.00
1579.99 422.00
1579.91 423.00
1579.91 423.00
1579.63 424.00
1579.63 424.00
1579.26 425.00
1579.26 425.00
1579.12 426.00
1579.12 426.00
1579.01 427.00
1578.93 428.00
1578.93 428.00
1578.83 429.00
1578.68 429.00
1578.68 429.00
1578.49 430.00
1578.49 430.00
1578.31 430.00
1578.31 430.00
1578.16 430.00
1578.16 430.00
1578.07 431.00
1577.99 434.00
1577.99 434.00
1577.94 435.00
1577.94 435.00
1577.71 436.00
1577.52 436.00
1577.52 436.00
1577.33 437.00
1577.33 437.00
1577.17 437.00
1577.17 437.00
1577.07 438.00
1577.00 440.00
1576.98 441.00
1576.98 441.00
1576.87 442.00
1576.87 442.00
1576.55 443.00
1576.55 443.00
1576.36 444.00
1576.36 444.00
1576.19 444.00
1576.19 444.00
1576.08 445.00
1576.02 445.00
1575.91 446.00
1575.80 447.00
1575.80 447.00
1575.63 447.00
1575.63 447.00
1575.44 448.00
1575.44 448.00
1575.44 448.00
1575.25 448.00
1575.25 448.00
1575.12 449.00
1575.04 449.00
1574.99 453.00
1574.99 453.00
1574.99 453.00
1574.91 455.00
1574.91 455.00
1574.63 456.00
1574.44 457.00
1574.44 457.00
1574.25 457.00
1574.25 457.00
1574.11 458.00
1574.03 458.00
1574.00 459.00
1574.00 459.00
1574.00 459.00
1574.00 459.00
1573.99 462.00
1573.99 462.00
1573.91 463.00
1573.91 463.00
1573.63 464.00
1573.63 464.00
1573.31 465.00
1573.31 465.00
1573.26 466.00
1573.26 466.00
1573.26 466.00
1573.26 466.00
1573.26 466.00
1573.13 469.00
1573.13 469.00
1572.90 470.00
1572.90 470.00
1572.58 471.00
1572.58 471.00
1572.22 472.00
1572.22 472.00
1572.03 473.00
1572.03 473.00
1572.09 473.00
1572.22 472.00
1572.22 472.00
1572.39 472.00
1572.39 472.00
1572.39 472.00
1572.39 472.00
1572.39 472.00
1572.22 472.00
1572.22 472.00
1572.09 473.00
1572.01 474.00
1571.90 476.00
1571.90 476.00
1571.79 477.00
1571.63 477.00
1571.63 477.00
1571.63 477.00
1571.44 478.00
1571.44 478.00
1571.25 478.00
1571.12 479.00
1571.12 479.00
1571.01 480.00
1570.99 486.00
1570.88 487.00
1570.88 487.00
1570.75 488.00
1570.57 488.00
1570.57 488.00
1570.38 489.00
1570.38 489.00
1570.38 489.00
1570.21 489.00
1570.09 490.00
1570.09 490.00
1569.99 491.00
1569.91 492.00
1569.80 493.00
1569.80 493.00
1569.63 493.00
1569.63 493.00
1569.43 494.00
1569.43 494.00
1569.26 494.00
1569.26 494.00
1569.13 495.00
1569.13 495.00
1569.05 495.00
1569.05 495.00
1569.13 495.00
1569.26 494.00
1569.13 495.00
1569.13 495.00
1569.02 496.00
1569.02 496.00
1569.00 497.00
1569.00 497.00
1568.99 498.00
1568.99 498.00
1568.98 499.00
1568.98 499.00
1568.81 500.00
1568.81 500.00
1568.46 501.00
1568.46 501.00
1568.06 502.00
1568.06 502.00
1568.00 503.00
1568.00 503.00
1568.00 504.00
1568.00 504.00
1567.98 505.00
1567.98 505.00
1567.85 506.00
1567.33 507.00
1567.33 507.00
1567.07 508.00
1567.07 508.00
1567.00 509.00
1567.00 509.00
1567.00 510.00
1567.00 510.00
1566.95 511.00
1566.95 511.00
1566.74 512.00
1566.74 512.00
1566.36 513.00
1566.36 513.00
1566.09 514.00
1566.09 514.00
1566.01 515.00
1566.01 515.00
1566.01 516.00
1566.00 517.00
1566.00 517.00
1566.00 518.00
1566.00 518.00
1565.99 519.00
1565.99 519.00
1565.99 519.00
1565.95 520.00
1565.95 520.00
1565.74 521.00
1565.74 521.00
1565.36 522.00
1565.36 522.00
1565.08 523.00
1565.08 523.00
1565.01 524.00
1565.00 525.00
1565.00 525.00
1565.00 526.00
1565.00 526.00
1564.96 527.00
1564.96 527.00
1564.76 528.00
1564.76 528.00
1564.40 529.00
1564.40 529.00
1564.09 530.00
1564.09 530.00
1564.01 532.00
1564.01 532.00
1564.01 532.00
1564.01 532.00
1564.00 533.00
1564.00 533.00
1564.00 535.00
1564.00 535.00
1564.00 535.00
1564.00 535.00
1563.96 536.00
1563.96 536.00
1563.74 537.00
1563.74 537.00
1563.36 538.00
1563.36 538.00
1563.09 539.00
1563.09 539.00
1563.01 540.00
1563.01 540.00
1563.00 541.00
1563.00 541.00
1562.96 542.00
1562.79 543.00
1562.79 543.00
1562.43 544.00
1562.43 544.00
1562.11 545.00
1562.11 545.00
1562.01 546.00
1562.01 546.00
1562.01 546.00
1562.01 547.00
1562.01 547.00
1562.00 548.00
1562.00 548.00
1562.00 548.00
1561.97 549.00
1561.97 549.00
1561.81 550.00
1561.81 550.00
1561.45 551.00
1561.45 551.00
1558.00 579.00
1558.00 580.00
1558.00 580.00
1558.00 581.00
1558.00 581.00
1558.00 581.00
1558.00 581.00
1558.00 581.00
1558.00 581.00
1558.00 581.00
1558.00 581.00
1558.00 581.00
1558.00 581.00
1558.00 581.00
1558.00 581.00
1558.00 581.00
1558.00 581.00
1558.00 582.00
1558.00 582.00
1558.00 583.00
1558.00 584.00
1558.00 584.00
1558.00 585.00
1558.00 585.00
1558.00 586.00
1558.00 586.00
1558.00 593.00
1558.00 593.00
1558.00 594.00
1558.00 594.00
1558.00 595.00
1558.00 595.00
1558.00 596.00
1558.00 596.00
1558.00 597.00
1558.00 597.00
1558.00 592.00
1558.00 592.00
1558.00 593.00
1558.00 594.00
1558.00 594.00
1558.00 595.00
1558.00 595.00
1558.00 596.00
1558.00 596.00
1558.00 603.00
1558.00 603.00
1558.00 604.00
1558.00 604.00
1558.00 605.00
1558.00 605.00
1558.00 606.00
1558.00 606.00
1558.00 607.00
1558.00 607.00
1558.00 608.00
1558.00 608.00
1558.00 609.00
1558.00 609.00
1558.00 609.00
1558.00 609.00
1558.00 609.00
1558.00 609.00
1558.00 609.00
1558.00 609.00
1558.00 609.00
1558.00 609.00
1558.00 609.00
1558.00 609.00
1558.00 609.00
1558.00 610.00
1558.00 610.00
1558.00 617.00
1557.16 621.00
1557.16 621.00
1557.01 622.00
1557.01 622.00
1556.88 623.00
1556.88 623.00
1556.58 624.00
1556.58 624.00
1556.22 625.00
1556.22 625.00
1556.03 626.00
1556.03 626.00
1556.01 627.00
1556.01 627.00
1556.01 628.00
1556.01 628.00
1556.00 629.00
1555.99 630.00
1555.99 630.00
1553.66 651.00
1553.66 651.00
1553.14 652.00
1553.14 652.00
1553.02 653.00
1553.02 653.00
1553.01 654.00
1553.01 654.00
1553.01 654.00
1553.00 655.00
1553.00 655.00
1553.00 656.00
1553.00 656.00
1553.00 656.00
1553.00 656.00
1553.00 656.00
1553.00 656.00
1553.00 659.00
1552.99 660.00
1552.99 660.00
1552.99 661.00
1552.99 661.00
1552.90 662.00
1552.90 662.00
1552.55 663.00
1552.55 663.00
1551.63 664.00
1551.63 664.00
1551.19 665.00
1551.19 665.00
1551.02 666.00
1551.02 666.00
1551.19 665.00
1551.19 665.00
1551.37 665.00
1551.37 665.00
1551.37 665.00
1551.19 665.00
1551.19 665.00
1551.19 665.00
1551.19 665.00
1551.19 665.00
1551.37 665.00
1551.08 666.00
1551.08 666.00
1551.00 667.00
1551.00 667.00
1551.00 667.00
1551.00 668.00
1551.00 668.00
1550.96 669.00
1550.96 669.00
1550.75 670.00
1550.75 670.00
1550.38 671.00
1550.38 671.00
1550.10 672.00
1550.10 672.00
1549.98 673.00
1549.98 673.00
1549.82 674.00
1549.47 675.00
1549.47 675.00
1549.06 676.00
1549.06 676.00
1549.01 677.00
1549.01 677.00
1549.00 683.00
1549.00 683.00
1549.00 683.00
1549.00 683.00
1549.00 683.00
1549.00 683.00
1549.00 683.00
1549.00 683.00
1549.00 683.00
1549.00 683.00
1549.00 683.00
1549.00 683.00
1549.00 684.00
1549.00 685.00
1548.95 687.00
1548.88 687.00
1548.74 688.00
1548.74 688.00
1548.56 688.00
1548.56 688.00
1548.37 689.00
1548.37 689.00
1548.20 689.00
1548.09 690.00
1548.09 690.00
1548.01 691.00
1548.00 694.00
1548.00 694.00
1548.00 694.00
1548.00 694.00
1548.00 694.00
1548.00 694.00
1548.00 694.00
1547.99 701.00
1547.99 701.00
1547.99 702.00
1547.99 702.00
1548.01 698.00
1548.01 698.00
1547.99 702.00
1547.91 703.00
1547.79 704.00
1547.79 704.00
1547.62 704.00
1547.62 704.00
1547.62 704.00
1547.43 705.00
1547.43 705.00
1547.25 705.00
1547.25 705.00
1547.12 706.00
1547.05 706.00
1547.00 710.00
1547.00 710.00
1547.00 710.00
1547.00 710.00
1547.00 710.00
1547.00 710.00
1547.00 710.00
1547.00 710.00
1547.00 715.00
1547.00 715.00
1547.00 716.00
1547.00 716.00
1546.99 717.00
1546.99 717.00
1546.94 718.00
1546.94 718.00
1546.70 719.00
1546.70 719.00
1546.70 719.00
1546.52 719.00
1546.52 719.00
1546.33 720.00
1546.33 720.00
1546.17 720.00
1546.17 720.00
1546.06 721.00
1546.00 722.00
1546.00 722.00
1545.99 725.00
1545.99 725.00
1545.93 726.00
1545.54 727.00
1545.54 727.00
1545.34 728.00
1545.34 728.00
1545.18 728.00
1545.18 728.00
1545.06 729.00
1545.00 730.00
1545.00 730.00
1545.00 730.00
1545.00 730.00
1545.00 730.00
1545.00 733.00
1545.00 733.00
1544.99 734.00
1544.99 734.00
1544.99 734.00
1544.99 734.00
1544.99 734.00
1544.99 734.00
1544.99 734.00
1544.99 734.00
1544.99 734.00
1544.99 734.00
1544.91 739.00
1544.91 739.00
1544.63 740.00
1544.63 740.00
1544.43 741.00
1544.43 741.00
1544.25 741.00
1544.12 742.00
1544.12 742.00
1544.01 743.00
1544.00 744.00
1544.00 744.00
1544.00 744.00
1544.00 744.00
1544.00 744.00
1544.00 744.00
1544.00 744.00
1543.99 748.00
1543.99 748.00
1543.98 749.00
1543.98 749.00
1543.98 749.00
1543.98 749.00
1543.98 749.00
1543.98 749.00
1543.87 752.00
1543.87 752.00
1543.72 753.00
1543.53 753.00
1543.53 753.00
1543.53 753.00
1543.34 754.00
1543.34 754.00
1543.19 754.00
1543.08 755.00
1543.03 755.00
1543.00 756.00
1543.00 758.00
1543.00 758.00
1543.00 759.00
1543.00 759.00
1543.00 759.00
1543.00 759.00
1543.00 759.00
1543.00 759.00
1542.94 762.00
1542.54 763.00
1542.54 763.00
1542.18 764.00
1542.18 764.00
1542.01 765.00
1542.01 765.00
1541.99 766.00
1541.99 766.00
1541.99 766.00
1541.99 766.00
1541.99 766.00
1542.01 767.00
1542.07 765.00
1542.07 765.00
1542.07 765.00
1542.02 767.00
1541.99 770.00
1541.99 770.00
1541.93 772.00
1541.93 772.00
1541.69 773.00
1541.69 773.00
1541.50 774.00
1541.50 774.00
1541.31 774.00
1541.31 774.00
1541.16 774.00
1541.16 774.00
1541.06 775.00
1541.06 775.00
1541.16 774.00
1541.16 774.00
1541.31 774.00
1541.50 774.00
1541.50 774.00
1541.50 774.00
1541.06 775.00
1541.06 775.00
1541.01 776.00
1541.01 776.00
1541.01 777.00
1541.01 777.00
1540.99 782.00
1540.91 783.00
1540.81 784.00
1540.81 784.00
1540.65 784.00
1540.65 784.00
1540.46 785.00
1540.46 785.00
1540.46 785.00
1540.46 785.00
1540.46 785.00
1540.65 784.00
1540.65 784.00
1540.81 784.00
1540.46 785.00
1540.46 785.00
1540.13 786.00
1540.13 786.00
1540.02 788.00
1540.02 788.00
1540.02 788.00
1540.02 788.00
1540.01 789.00
1540.01 789.00
1540.01 796.00
1540.01 796.00
1540.01 795.00
1539.99 792.00
1539.99 792.00
1539.98 799.00
1539.98 799.00
1539.98 800.00
1539.98 800.00
1539.98 800.00
1539.98 800.00
1539.92 802.00
1539.92 802.00
1539.63 803.00
1539.63 803.00
1539.26 804.00
1539.26 804.00
1539.05 805.00
1539.05 805.00
1539.00 806.00
1539.05 805.00
1539.13 805.00
1539.26 804.00
1539.26 804.00
1539.26 804.00
1539.26 804.00
1539.13 805.00
1539.13 805.00
1539.02 806.00
1538.99 811.00
1538.99 811.00
1538.91 812.00
1538.91 812.00
1538.63 813.00
1538.63 813.00
1538.44 814.00
1538.44 814.00
1538.26 814.00
1538.26 814.00
1538.12 815.00
1538.03 815.00
1538.00 816.00
1538.00 816.00
1538.00 816.00
1537.99 819.00
1537.99 819.00
1537.99 820.00
1537.99 820.00
1537.99 820.00
1537.99 820.00
1537.99 820.00
1537.99 820.00
1538.01 818.00
1538.01 817.00
1538.00 822.00
1537.99 820.00
1537.99 820.00
1537.99 820.00
1537.99 820.00
1537.99 820.00
1537.99 821.00
1537.99 821.00
1537.99 828.00
1537.99 828.00
1537.99 829.00
1537.99 829.00
1537.99 830.00
1537.99 830.00
1537.91 831.00
1537.91 831.00
1537.63 832.00
1537.26 833.00
1537.26 833.00
1537.04 834.00
1537.04 834.00
1537.04 834.00
1537.01 835.00
1537.04 834.00
1537.12 834.00
1537.04 834.00
1537.04 834.00
1537.00 837.00
1536.99 838.00
1536.99 838.00
1536.99 838.00
1536.99 838.00
1536.99 838.00
1536.99 841.00
1536.99 841.00
1536.89 842.00
1536.89 842.00
1536.59 843.00
1536.59 843.00
1536.22 844.00
1536.22 844.00
1536.02 845.00
1536.02 845.00
1536.00 846.00
1536.00 846.00
1536.00 846.00
1536.00 846.00
1536.00 846.00
1536.09 845.00
1536.09 845.00
1536.09 845.00
1536.09 845.00
1536.09 845.00
1535.99 851.00
1535.99 850.00
1535.99 850.00
1535.99 850.00
1535.99 850.00
1535.99 850.00
1535.99 850.00
1535.99 850.00
1535.99 850.00
1535.99 850.00
1535.99 850.00
1535.99 850.00
1535.99 851.00
1535.99 851.00
1536.00 852.00
1536.00 852.00
1536.00 853.00
1536.00 853.00
1536.00 860.00
1536.00 860.00
1536.00 861.00
1536.00 861.00
1536.00 862.00
1536.00 862.00
1536.00 863.00
1536.00 863.00
1535.99 864.00
1535.99 864.00
1535.99 864.00
1535.99 864.00
1535.99 864.00
1535.93 867.00
1535.93 867.00
1535.68 868.00
1535.68 868.00
1535.15 869.00
1535.15 869.00
1535.01 870.00
1535.01 870.00
1535.00 871.00
1535.00 871.00
1535.00 871.00
1535.00 871.00
1535.00 871.00
1535.00 871.00
1535.00 874.00
1535.00 874.00
1534.99 875.00
1534.99 875.00
1534.99 875.00
1534.99 875.00
1534.99 875.00
1534.99 875.00
1534.99 875.00
1534.99 875.00
1534.99 875.00
1534.99 875.00
1534.99 875.00
1534.99 875.00
1534.99 875.00
1534.99 875.00
1534.99 876.00
1534.99 876.00
1534.99 882.00
1534.99 882.00
1534.94 884.00
1534.51 885.00
1534.51 885.00
1534.17 886.00
1534.17 886.00
1534.02 887.00
1534.02 887.00
1534.00 888.00
1534.00 888.00
1534.00 889.00
1534.00 889.00
1534.00 890.00
1534.00 890.00
1534.00 891.00
1534.00 891.00
1534.00 892.00
1534.00 892.00
1534.00 892.00
1534.00 892.00
1534.00 892.00
1534.00 892.00
1534.00 892.00
1534.00 892.00
1534.00 892.00
1534.00 892.00
1534.00 892.00
1534.00 892.00
1534.00 892.00
1534.00 892.00
1534.00 899.00
1534.00 899.00
1534.00 900.00
1534.00 900.00
1534.00 900.00
1534.00 900.00
1534.00 900.00
1534.00 900.00
1534.00 900.00
1534.00 900.00
1533.27 909.00
1533.27 909.00
1533.05 910.00
1533.05 910.00
1533.01 911.00
1533.01 911.00
1533.00 912.00
1533.00 912.00
1532.99 913.00
1532.99 913.00
1532.92 914.00
1532.92 914.00
1532.92 914.00
1532.66 915.00
1532.66 915.00
1532.13 916.00
1532.13 916.00
1531.90 917.00
1531.90 917.00
1531.58 918.00
1531.58 918.00
1531.21 919.00
1531.21 919.00
1531.38 919.00
1531.38 919.00
1531.38 919.00
1531.38 919.00
1531.38 919.00
1531.38 919.00
1531.38 919.00
1531.38 919.00
1531.38 919.00
1531.58 918.00
1531.38 919.00
1531.38 919.00
1531.10 920.00
1531.10 920.00
1531.01 921.00
1531.01 921.00
1531.00 925.00
1531.00 925.00
1531.00 925.00
1531.00 925.00
1531.00 925.00
1531.00 925.00
1531.00 925.00
1531.00 925.00
1531.00 930.00
1531.00 930.00
1531.00 930.00
1531.00 930.00
1531.00 930.00
1531.00 930.00
1531.00 930.00
1531.00 936.00
1531.00 936.00
1530.98 937.00
1530.98 937.00
1530.87 938.00
1530.87 938.00
1530.54 939.00
1530.54 939.00
1530.54 939.00
1530.54 939.00
1530.54 939.00
1530.54 939.00
1530.54 939.00
1530.35 940.00
1530.35 940.00
1530.19 940.00
1530.19 940.00
1530.08 941.00
1530.03 941.00
1530.00 945.00
1530.00 945.00
1530.00 945.00
1530.00 945.00
1530.00 945.00
1530.00 945.00
1530.00 945.00
1530.00 945.00
1530.00 945.00
1530.00 945.00
1530.00 945.00
1530.00 945.00
1530.00 945.00
1530.00 946.00
1530.00 946.00
1530.00 953.00
1530.00 953.00
1530.00 954.00
1530.00 954.00
1530.00 954.00
1530.00 954.00
1530.00 954.00
1530.00 954.00
1530.00 954.00
1530.00 954.00
1530.00 954.00
1530.00 954.00
1530.00 954.00
1530.00 954.00
1530.00 954.00
1530.00 961.00
1530.00 961.00
1530.00 962.00
1530.00 962.00
1529.99 963.00
1529.99 963.00
1529.90 964.00
1529.90 964.00
1529.62 965.00
1529.62 965.00
1529.25 966.00
1529.25 966.00
1529.04 967.00
1529.04 967.00
1529.01 968.00
1529.01 968.00
1529.00 969.00
1529.00 969.00
1528.99 970.00
1528.99 970.00
1528.99 970.00
1528.99 970.00
1528.91 972.00
1528.91 972.00
1528.61 973.00
1528.61 973.00
1528.25 974.00
1528.25 974.00
1528.04 975.00
1528.04 975.00
1527.94 976.00
1527.94 976.00
1527.85 977.00
1528.04 975.00
1528.25 974.00
1528.42 974.00
1528.61 973.00
1528.61 973.00
1528.79 973.00
1528.42 974.00
1528.42 974.00
1528.12 975.00
1528.12 975.00
1527.99 976.00
1527.99 976.00
1527.85 977.00
1527.85 977.00
1527.32 978.00
1527.32 978.00
1527.07 979.00
1527.07 979.00
1527.01 980.00
1527.01 980.00
1527.01 987.00
1527.01 987.00
1527.01 988.00
1527.01 988.00
1527.01 988.00
1527.01 988.00
1527.01 988.00
1527.01 988.00
1527.01 988.00
1527.01 988.00
1527.01 988.00
1527.01 988.00
1527.01 988.00
1527.01 988.00
1527.01 988.00
1527.01 988.00
1527.01 989.00
1527.01 989.00
1527.00 993.00
1527.00 993.00
1527.00 993.00
1527.00 993.00
1527.00 993.00
1527.00 993.00
1527.00 993.00
1527.00 994.00
1527.00 994.00
1526.86 995.00
1526.86 995.00
1526.84 1002.00
1526.84 1002.00
1526.99 1003.00
1526.99 1003.00
1527.00 1004.00
1527.00 1004.00
1527.00 1004.00
1527.00 1004.00
1526.98 1005.00
1526.84 1002.00
1526.84 1002.00
1526.68 1002.00
1526.68 1002.00
1526.50 1002.00
1526.94 1003.00
1526.98 1005.00
1526.98 1005.00
1526.98 1005.00
1526.98 1005.00
1526.99 1006.00
1526.99 1006.00
1526.99 1007.00
1526.99 1007.00
1526.99 1013.00
1526.99 1013.00
1526.99 1013.00
1526.99 1013.00
1526.99 1013.00
1526.99 1013.00
1526.99 1013.00
1526.99 1013.00
1526.99 1013.00
1526.99 1013.00
1526.99 1013.00
1526.99 1013.00
1526.99 1014.00
1526.99 1014.00
1527.00 1021.00
1527.00 1021.00
1527.00 1021.00
1527.00 1021.00
1527.00 1021.00
1527.00 1021.00
1527.00 1021.00
1527.00 1021.00
1527.00 1025.00
1527.00 1025.00
1526.98 1026.00
1526.98 1026.00
1526.87 1027.00
1526.87 1027.00
1526.55 1028.00
1526.55 1028.00
1526.20 1029.00
1526.20 1029.00
1526.03 1030.00
1526.03 1030.00
1526.01 1031.00
1526.01 1031.00
1526.00 1032.00
1526.00 1032.00
1526.00 1033.00
1526.00 1033.00
1526.00 1034.00
1526.00 1034.00
1526.00 1034.00
1526.00 1034.00
1526.00 1034.00
1526.00 1034.00
1526.00 1034.00
1526.00 1034.00
1526.00 1034.00
1526.00 1034.00
1526.00 1034.00
1526.00 1034.00
1526.00 1034.00
1526.00 1034.00
1526.00 1035.00
1526.00 1035.00
1526.00 1036.00
1526.00 1036.00
1526.00 1037.00
1526.00 1038.00
1526.00 1038.00
1526.00 1045.00
1526.00 1045.00
1526.00 1045.00
1526.00 1046.00
1526.00 1046.00
1526.00 1047.00
1526.00 1047.00
1526.00 1048.00
1526.00 1048.00
1526.00 1049.00
1526.00 1049.00
1526.00 1050.00
1526.00 1050.00
1526.00 1051.00
1526.00 1052.00
1526.00 1052.00
1526.00 1053.00
1526.00 1053.00
1526.00 1054.00
1526.00 1054.00
1526.00 1055.00
1526.00 1055.00
1526.00 1056.00
1526.00 1056.00
1526.00 1057.00
1526.00 1057.00
1526.00 1058.00
1526.00 1058.00
1526.00 1058.00
1526.00 1058.00
1526.00 1058.00
1526.00 1058.00
1526.00 1058.00
1526.00 1058.00
1526.00 1059.00
1526.00 1059.00
1526.00 1060.00
1524.03 1101.00
1524.03 1101.00
1524.00 1102.00
1524.00 1102.00
1524.00 1103.00
1524.00 1103.00
1523.99 1104.00
1523.99 1104.00
1523.88 1105.00
1523.88 1105.00
1523.59 1106.00
1523.59 1106.00
1523.22 1107.00
1523.22 1107.00
1523.03 1108.00
1523.03 1108.00
1523.00 1109.00
1523.00 1109.00
1523.00 1110.00
1523.00 1110.00
1522.99 1111.00
1522.99 1111.00
1522.90 1112.00
1522.90 1112.00
1522.59 1113.00
1522.59 1113.00
1522.23 1114.00
1522.23 1114.00
1521.98 1115.00
1521.98 1115.00
1521.51 1116.00
1521.51 1116.00
1521.17 1117.00
1521.17 1117.00
1521.02 1118.00
1521.07 1118.00
1521.17 1117.00
1521.32 1117.00
1521.32 1117.00
1521.51 1116.00
1521.51 1116.00
1521.70 1116.00
1521.70 1116.00
1521.70 1116.00
1521.70 1116.00
1521.32 1117.00
1521.32 1117.00
1521.07 1118.00
1521.07 1118.00
1521.01 1119.00
1521.01 1119.00
1521.00 1120.00
1521.00 1120.00
1521.00 1127.00
1521.00 1127.00
1521.00 1128.00
1521.00 1128.00
1521.00 1128.00
1521.00 1128.00
1521.00 1128.00
1521.00 1128.00
1521.00 1128.00
1521.00 1128.00
1521.00 1128.00
1521.00 1128.00
1521.00 1128.00
1521.00 1128.00
1521.00 1128.00
1521.00 1128.00
1521.00 1129.00
1521.00 1129.00
1521.00 1130.00
1521.00 1130.00
1521.00 1131.00
1521.00 1131.00
1521.00 1138.00
1521.00 1138.00
1521.00 1139.00
1521.00 1139.00
1521.00 1140.00
1521.00 1140.00
1521.00 1140.00
1521.00 1140.00
1521.00 1140.00
1521.00 1140.00
1521.00 1140.00
1521.00 1140.00
1521.00 1140.00
1521.00 1140.00
1521.00 1140.00
1521.00 1140.00
1521.00 1140.00
1521.00 1140.00
1521.00 1141.00
1521.00 1141.00
1521.00 1142.00
1521.00 1142.00
1521.00 1143.00
1521.00 1143.00
1520.99 1144.00
1520.99 1144.00
1520.98 1145.00
1520.98 1145.00
1520.85 1146.00
1520.85 1146.00
1520.32 1147.00
1520.32 1147.00
1520.07 1148.00
1520.07 1148.00
1520.01 1149.00
1520.01 1149.00
1520.00 1150.00
1520.00 1150.00
1520.00 1151.00
1520.00 1151.00
1520.00 1152.00
1520.00 1152.00
1519.98 1153.00
1519.98 1153.00
1520.00 1160.00
1520.00 1160.00
1520.00 1161.00
1520.00 1161.00
1520.00 1162.00
1520.00 1162.00
1520.00 1163.00
1520.00 1163.00
1520.00 1164.00
1520.00 1164.00
1520.00 1165.00
1520.00 1165.00
1520.00 1166.00
1520.00 1166.00
1520.00 1166.00
1520.00 1167.00
1520.00 1167.00
1520.00 1168.00
1520.00 1168.00
1520.00 1169.00
1520.00 1170.00
1520.00 1170.00
1520.00 1171.00
1520.00 1171.00
1520.00 1172.00
1520.00 1172.00
1520.00 1173.00
1520.00 1173.00
1520.00 1174.00
1520.00 1174.00
1520.00 1174.00
1520.00 1174.00
1520.00 1174.00
1520.00 1174.00
1520.00 1174.00
1520.00 1174.00
1520.00 1174.00
1520.00 1174.00
1520.00 1174.00
1520.00 1174.00
1520.00 1174.00
1520.00 1174.00
1520.00 1175.00
1520.00 1175.00
1520.00 1176.00
1520.00 1176.00
1520.00 1177.00
1520.00 1177.00
1520.00 1178.00
1520.00 1178.00
1520.00 1179.00
1520.00 1179.00
1520.00 1180.00
1520.00 1180.00
1520.00 1181.00
1520.00 1182.00
1520.00 1182.00
1520.00 1183.00
1520.00 1183.00
1520.00 1189.00
1520.00 1189.00
1520.00 1189.00
1520.00 1189.00
1520.00 1189.00
1520.00 1189.00
1520.00 1189.00
1520.00 1189.00
1520.00 1189.00
1520.00 1189.00
1520.00 1189.00
1520.00 1189.00
1520.00 1190.00
1520.00 1190.00
1520.00 1191.00
1520.00 1192.00
1520.00 1192.00
1520.00 1193.00
1520.00 1193.00
1520.00 1200.00
1520.00 1200.00
1519.99 1201.00
1519.99 1201.00
1519.91 1202.00
1519.91 1202.00
1519.63 1203.00
1519.63 1203.00
1519.26 1204.00
1519.26 1204.00
1519.05 1205.00
1519.05 1205.00
1519.00 1206.00
1519.00 1206.00
1519.00 1207.00
1519.00 1207.00
1519.00 1207.00
1519.00 1207.00
1519.00 1207.00
1519.00 1207.00
1519.00 1207.00
1519.00 1207.00
1519.00 1207.00
1519.00 1207.00
1519.00 1207.00
1519.00 1207.00
1519.00 1207.00
1519.00 1207.00
1519.00 1207.00
1519.01 1213.00
1519.05 1212.00
1519.07 1214.00
1519.13 1212.00
1519.07 1214.00
1519.01 1213.00
1519.01 1213.00
1519.01 1213.00
1519.01 1213.00
1519.01 1213.00
1519.01 1213.00
1519.01 1213.00
1519.02 1214.00
1519.02 1214.00
1519.17 1215.00
1519.17 1215.00
1519.26 1220.00
1519.26 1220.00
1519.26 1223.00
1519.26 1223.00
1519.04 1224.00
1519.04 1224.00
1519.00 1225.00
1519.00 1225.00
1519.00 1225.00
1519.00 1225.00
1519.04 1224.00
1519.12 1224.00
1519.26 1223.00
1519.26 1223.00
1519.26 1223.00
1519.12 1224.00
1519.12 1224.00
1519.00 1226.00
1518.99 1231.00
1518.99 1231.00
1518.99 1232.00
1518.99 1232.00
1518.99 1232.00
1518.99 1232.00
1518.99 1232.00
1518.99 1232.00
1518.99 1232.00
1518.99 1232.00
1518.99 1232.00
1518.99 1232.00
1518.99 1232.00
1518.99 1232.00
1518.99 1232.00
1518.99 1232.00
1519.00 1233.00
1519.00 1233.00
1519.00 1234.00
1519.00 1234.00
1519.00 1235.00
1519.00 1235.00
1519.00 1236.00
1519.00 1236.00
1519.00 1237.00
1519.00 1237.00
1519.00 1244.00
1519.00 1244.00
1519.00 1245.00
1519.00 1245.00
1519.00 1246.00
1519.00 1246.00
1519.00 1247.00
1519.00 1247.00
1519.00 1248.00
1519.00 1248.00
1519.00 1249.00
1519.00 1249.00
1519.00 1250.00
1519.00 1250.00
1519.00 1250.00
1519.00 1250.00
1519.00 1250.00
1519.00 1250.00
1519.00 1250.00
1519.00 1250.00
1519.00 1250.00
1519.00 1250.00
1519.00 1250.00
1519.00 1250.00
1519.00 1250.00
1519.00 1250.00
1519.00 1251.00
1519.00 1251.00
1519.00 1252.00
1519.00 1252.00
1519.00 1253.00
1519.00 1253.00
1519.00 1254.00
1519.00 1254.00
1519.00 1261.00
1519.00 1261.00
1519.00 1262.00
1519.00 1262.00
1519.00 1263.00
1519.00 1263.00
1519.00 1264.00
1519.00 1264.00
1519.00 1264.00
1519.00 1264.00
1519.00 1264.00
1519.00 1264.00
1519.00 1264.00
1519.00 1264.00
1519.00 1264.00
1519.00 1264.00
1518.99 1269.00
1518.99 1269.00
1518.93 1270.00
1518.93 1270.00
1518.68 1271.00
1518.68 1271.00
1518.15 1272.00
1518.15 1272.00
1518.01 1273.00
1518.01 1273.00
1518.01 1274.00
1518.01 1274.00
1518.01 1274.00
1518.01 1274.00
1518.01 1274.00
1518.01 1274.00
1518.06 1273.00
1518.06 1273.00
1518.02 1276.00
1518.01 1274.00
1518.01 1274.00
1518.01 1274.00
1518.01 1274.00
1518.01 1274.00
1518.01 1275.00
1518.01 1275.00
1518.01 1282.00
1518.01 1282.00
1518.00 1283.00
1518.00 1283.00
1518.00 1284.00
1518.00 1284.00
1518.00 1284.00
1518.00 1284.00
1518.00 1284.00
1518.00 1284.00
1518.00 1284.00
1518.00 1284.00
1518.00 1284.00
1518.00 1284.00
1518.00 1284.00
1518.00 1284.00
1518.00 1290.00
1518.00 1290.00
1517.99 1291.00
1517.99 1291.00
1517.99 1292.00
1517.99 1292.00
1517.99 1292.00
1517.99 1292.00
1517.99 1292.00
1517.99 1292.00
1517.99 1292.00
1517.99 1292.00
1517.99 1292.00
1517.99 1292.00
1517.99 1292.00
1517.99 1292.00
1517.99 1292.00
1517.99 1292.00
1517.99 1293.00
1517.99 1293.00
1518.00 1294.00
1518.00 1294.00
1518.00 1297.00
1518.00 1297.00
1518.00 1297.00
1518.00 1297.00
1518.00 1297.00
1518.00 1297.00
1518.02 1298.00
1518.02 1298.00
1518.11 1303.00
1518.11 1303.00
1518.11 1303.00
1518.11 1303.00
1518.11 1303.00
1518.11 1303.00
1518.11 1303.00
1518.11 1303.00
1518.11 1303.00
1518.20 1304.00
1518.20 1304.00
1518.54 1305.00
1518.54 1305.00
1518.54 1305.00
1518.86 1306.00
1518.86 1306.00
1518.98 1307.00
1518.98 1307.00
1519.00 1328.00
1518.99 1329.00
1518.99 1329.00
1518.91 1330.00
1518.91 1330.00
1518.63 1331.00
1518.63 1331.00
1518.26 1332.00
1518.26 1332.00
1518.05 1333.00
1518.05 1333.00
1518.05 1333.00
1518.01 1334.00
1518.01 1334.00
1518.01 1335.00
1518.00 1336.00
1518.00 1336.00
1518.00 1337.00
1518.00 1337.00
1518.00 1338.00
1518.00 1338.00
1518.00 1338.00
1518.00 1338.00
1518.00 1338.00
1518.00 1338.00
1518.00 1338.00
1518.00 1338.00
1518.00 1338.00
1518.00 1338.00
1518.00 1338.00
1518.00 1338.00
1518.00 1338.00
1518.00 1338.00
1518.00 1338.00
1518.00 1339.00
1518.00 1339.00
1518.00 1340.00
1518.00 1340.00
1518.00 1341.00
1518.00 1341.00
1518.00 1342.00
1518.00 1342.00
1518.00 1343.00
1518.00 1343.00
1518.00 1344.00
1518.00 1344.00
1518.00 1345.00
1518.00 1345.00
1518.00 1346.00
1518.00 1346.00
1518.00 1347.00
1518.00 1347.00
1518.00 1348.00
1518.00 1348.00
1518.00 1349.00
1518.00 1349.00
1518.00 1356.00
1518.00 1356.00
1518.00 1357.00
1518.00 1357.00
1518.00 1358.00
1518.00 1358.00
1518.00 1359.00
1518.00 1359.00
1518.00 1360.00
1518.00 1360.00
1518.00 1361.00
1518.00 1361.00
1518.00 1362.00
1518.00 1362.00
1518.00 1363.00
1518.00 1363.00
1518.00 1364.00
1518.00 1364.00
1518.00 1365.00
1518.00 1365.00
1518.00 1366.00
1518.00 1366.00
1518.00 1367.00
1518.00 1368.00
1518.00 1368.00
1518.00 1369.00
1518.00 1369.00
1518.00 1370.00
1518.00 1370.00
1518.00 1371.00
1518.00 1371.00
1518.00 1371.00
1518.00 1371.00
1518.00 1371.00
1518.00 1371.00
1518.00 1376.00
1518.00 1377.00
1518.00 1377.00
1518.00 1378.00
1518.00 1378.00
1518.00 1379.00
1518.00 1379.00
1518.00 1379.00
1518.00 1380.00
1518.00 1380.00
1518.00 1381.00
1518.00 1381.00
1518.00 1388.00
1518.00 1388.00
1518.00 1389.00
1518.00 1389.00
1518.00 1390.00
1518.00 1390.00
1518.00 1391.00
1518.00 1391.00
1518.00 1391.00
1518.00 1391.00
1518.00 1391.00
1518.00 1391.00
1518.00 1391.00
1518.87 1417.00
1518.87 1417.00
1518.56 1418.00
1518.56 1418.00
1518.56 1418.00
1518.20 1419.00
1518.20 1419.00
1518.03 1420.00
1518.03 1420.00
1518.00 1421.00
1518.00 1421.00
1517.99 1422.00
1517.99 1422.00
1517.90 1423.00
1517.90 1423.00
1517.60 1424.00
1517.60 1424.00
1517.23 1425.00
1517.40 1425.00
1517.60 1424.00
1517.60 1424.00
1517.60 1424.00
1517.77 1424.00
1517.90 1423.00
1517.97 1423.00
1518.00 1422.00
1517.97 1423.00
1517.97 1423.00
1517.98 1430.00
1517.98 1430.00
1518.00 1431.00
1518.00 1431.00
1518.00 1432.00
1518.00 1432.00
1518.00 1433.00
1518.00 1433.00
1518.00 1434.00
1518.00 1434.00
1518.00 1434.00
1518.00 1434.00
1518.00 1434.00
1518.00 1434.00
1518.00 1434.00
1518.00 1434.00
1518.00 1434.00
1518.00 1434.00
1518.00 1434.00
1518.00 1434.00
1518.00 1434.00
1518.00 1434.00
1518.00 1434.00
1518.00 1434.00
1518.00 1435.00
1518.00 1435.00
1518.00 1436.00
1518.00 1436.00
1518.00 1437.00
1518.00 1437.00
1518.00 1438.00
1518.00 1438.00
1518.00 1445.00
1518.00 1445.00
1518.00 1446.00
1518.00 1447.00
1518.00 1447.00
1518.00 1448.00
1518.00 1448.00
1518.00 1449.00
1518.00 1449.00
1518.00 1450.00
1518.00 1450.00
1518.00 1451.00
1518.00 1451.00
1518.00 1452.00
1518.00 1452.00
1518.00 1452.00
1518.00 1452.00
1518.00 1452.00
1518.00 1452.00
1518.00 1452.00
1518.00 1452.00
1518.00 1452.00
1518.00 1452.00
1518.00 1452.00
1518.00 1452.00
1518.00 1458.00
1518.00 1459.00
1518.00 1459.00
1518.00 1460.00
1518.00 1460.00
1518.00 1461.00
1518.00 1461.00
1518.00 1462.00
1518.00 1462.00
1518.00 1463.00
1518.00 1463.00
1518.00 1463.00
1518.00 1463.00
1518.00 1463.00
1518.00 1463.00
1518.00 1463.00
1518.00 1463.00
1518.00 1463.00
1518.00 1463.00
1518.00 1463.00
1518.00 1463.00
1518.00 1463.00
1518.00 1464.00
1518.00 1464.00
1518.00 1465.00
1518.00 1465.00
1518.00 1466.00
1518.00 1466.00
1518.00 1467.00
1518.00 1467.00
1518.00 1468.00
1518.00 1468.00
1518.00 1469.00
1518.00 1469.00
1518.00 1469.00
1518.00 1470.00
1518.00 1470.00
1518.00 1471.00
1518.00 1471.00
1518.00 1471.00
1518.03 1472.00
1518.03 1472.00
1518.21 1473.00
1518.58 1474.00
1518.58 1474.00
1518.89 1475.00
1518.89 1475.00
1519.01 1476.00
1519.01 1476.00
1519.16 1477.00
1519.16 1477.00
1519.50 1478.00
1519.50 1478.00
1519.94 1479.00
1519.94 1479.00
1519.99 1483.00
1519.99 1483.00
1519.99 1483.00
1519.99 1483.00
1519.99 1483.00
1519.99 1483.00
1519.99 1483.00
1519.99 1483.00
1519.99 1490.00
1519.99 1490.00
1519.99 1490.00
1519.99 1490.00
1519.99 1490.00
1519.06 1501.00
1519.03 1502.00
1519.03 1502.00
1519.03 1502.00
1519.03 1502.00
1519.03 1502.00
1519.03 1502.00
1519.03 1502.00
1519.03 1502.00
1519.03 1502.00
1519.03 1502.00
1519.03 1502.00
1519.03 1502.00
1519.03 1502.00
1519.03 1502.00
1519.03 1502.00
1519.14 1503.00
1519.14 1503.00
1519.66 1504.00
1519.66 1504.00
1519.93 1505.00
1519.93 1505.00
1519.99 1507.00
1519.99 1507.00
1519.99 1507.00
1519.99 1507.00
1519.99 1507.00
1519.99 1508.00
1519.99 1508.00
1520.00 1515.00
1520.00 1515.00
1520.00 1516.00
1520.00 1516.00
1520.00 1516.00
1520.00 1516.00
1520.00 1516.00
1520.00 1516.00
1520.00 1516.00
1520.00 1516.00
1520.00 1516.00
1520.00 1516.00
1520.00 1516.00
1520.00 1516.00
1520.00 1516.00
1520.00 1516.00
1520.00 1516.00
1520.00 1517.00
1520.00 1517.00
1520.00 1518.00
1520.00 1518.00
1520.05 1521.00
1520.14 1522.00
1520.14 1522.00
1520.14 1522.00
1520.14 1522.00
1520.05 1521.00
1520.14 1522.00
1520.14 1522.00
1520.64 1523.00
1520.64 1523.00
1520.93 1524.00
1520.93 1524.00
1520.99 1526.00
1520.99 1526.00
1520.99 1526.00
1520.99 1527.00
1520.99 1527.00
1520.99 1533.00
1520.99 1533.00
1520.99 1533.00
1520.99 1533.00
1520.99 1533.00
1520.99 1533.00
1520.99 1533.00
1520.99 1533.00
1520.99 1533.00
1520.99 1533.00
1520.99 1533.00
1520.99 1533.00
1521.00 1534.00
1521.00 1534.00
1521.00 1535.00
1521.00 1535.00
1521.00 1536.00
1521.00 1536.00
1521.00 1537.00
1521.00 1537.00
1521.00 1538.00
1521.00 1538.00
1521.05 1539.00
1521.05 1539.00
1521.26 1540.00
1521.99 1546.00
1521.99 1546.00
1521.99 1546.00
1521.99 1547.00
1521.99 1547.00
1522.00 1548.00
1522.00 1548.00
1522.00 1549.00
1522.00 1549.00
1522.00 1550.00
1522.00 1550.00
1522.00 1551.00
1522.00 1551.00
1522.00 1552.00
1522.00 1552.00
1522.00 1553.00
1522.00 1553.00
1522.00 1560.00
1522.00 1560.00
1522.00 1561.00
1522.00 1561.00
1522.00 1561.00
1522.00 1562.00
1522.00 1562.00
1522.00 1563.00
1522.00 1563.00
1522.00 1564.00
1522.00 1564.00
1522.00 1565.00
1522.00 1565.00
1522.00 1566.00
1522.00 1566.00
1522.00 1567.00
1522.00 1567.00
1522.00 1568.00
1522.00 1569.00
1522.00 1569.00
1522.00 1570.00
1522.00 1570.00
1522.00 1571.00
1522.00 1571.00
1522.00 1571.00
1522.00 1571.00
1522.00 1571.00
1522.00 1571.00
1522.00 1571.00
1522.00 1571.00
1522.00 1571.00
1522.00 1571.00
1522.00 1571.00
1522.00 1571.00
1522.00 1571.00
1522.00 1571.00
1522.00 1572.00
1522.00 1572.00
1522.00 1573.00
1522.00 1573.00
1522.00 1574.00
1522.00 1574.00
1522.00 1574.00
1522.00 1575.00
1522.00 1575.00
1522.00 1576.00
1522.00 1576.00
1522.00 1582.00
1522.00 1582.00
1522.00 1582.00
1522.00 1582.00
1522.00 1582.00
1522.00 1582.00
1522.00 1582.00
1522.00 1582.00
1522.00 1582.00
1522.00 1582.00
1522.00 1582.00
1522.00 1582.00
1522.00 1583.00
1522.00 1583.00
1522.00 1584.00
1522.00 1584.00
1522.00 1590.00
1522.00 1590.00
1522.00 1590.00
1522.00 1590.00
1521.99 1593.00
1521.99 1593.00
1521.99 1593.00
1521.99 1593.00
1521.99 1593.00
1521.99 1593.00
1521.99 1593.00
1521.99 1593.00
1521.99 1593.00
1521.99 1593.00
1521.99 1593.00
1521.99 1593.00
1521.99 1593.00
1521.99 1593.00
1521.99 1593.00
1522.02 1594.00
1522.02 1594.00
1522.23 1595.00
1522.23 1595.00
1522.60 1596.00
1522.60 1596.00
1522.89 1597.00
1522.89 1597.00
1522.99 1600.00
1522.99 1600.00
1522.99 1600.00
1522.99 1600.00
1522.99 1600.00
1522.99 1600.00
1522.99 1601.00
1522.99 1601.00
1523.00 1602.00
1523.00 1602.00
1523.00 1603.00
1523.00 1603.00
1523.00 1603.00
1523.00 1604.00
1523.00 1604.00
1523.00 1605.00
1523.05 1606.00
1523.05 1606.00
1523.05 1606.00
1523.26 1607.00
1523.26 1607.00
1523.64 1608.00
1523.64 1608.00
1523.92 1609.00
1523.92 1609.00
1523.99 1611.00
1523.99 1611.00
1523.99 1611.00
1523.99 1611.00
1523.99 1612.00
1523.99 1612.00
1523.99 1618.00
1523.99 1618.00
1523.99 1618.00
1523.99 1618.00
1524.01 1614.00
1524.01 1615.00
1524.01 1615.00
1524.00 1616.00
1524.00 1616.00
1524.00 1623.00
1524.00 1623.00
1524.00 1624.00
1524.00 1624.00
1524.00 1625.00
1524.00 1625.00
1524.00 1626.00
1524.00 1626.00
1524.00 1621.00
1524.00 1621.00
1524.00 1622.00
1524.00 1622.00
1524.00 1629.00
1524.00 1629.00
1524.00 1630.00
1524.00 1630.00
1524.00 1631.00
1524.00 1631.00
1524.00 1632.00
1524.00 1632.00
1524.00 1633.00
1524.00 1634.00
1524.00 1634.00
1524.00 1635.00
1524.00 1635.00
1524.00 1635.00
1524.00 1635.00
1524.00 1635.00
1524.00 1635.00
1524.00 1635.00
1524.00 1635.00
1524.00 1635.00
1524.00 1635.00
1524.00 1635.00
1524.00 1635.00
1524.00 1635.00
1524.00 1635.00
1524.00 1636.00
1524.00 1636.00
1524.00 1637.00
1524.00 1637.00
1524.00 1637.00
1524.00 1638.00
1524.00 1638.00
1524.00 1639.00
1524.00 1639.00
1524.00 1640.00
1524.00 1640.00
1524.00 1641.00
1524.00 1641.00
1524.00 1642.00
1524.00 1642.00
1524.04 1643.00
1524.04 1643.00
1524.22 1644.00
1524.22 1644.00
1524.58 1645.00
1524.58 1645.00
1524.88 1646.00
1524.88 1646.00
1524.99 1647.00
1524.99 1647.00
1525.02 1648.00
1525.02 1648.00
1525.18 1649.00
1525.18 1649.00
1525.52 1650.00
1525.52 1650.00
1525.94 1651.00
1525.94 1651.00
1526.00 1652.00
1526.00 1652.00
1526.00 1653.00
1526.00 1653.00
1526.01 1654.00
1526.01 1654.00
1526.14 1655.00
1526.14 1655.00
1526.67 1656.00
1526.67 1656.00
1526.99 1666.00
1526.99 1666.00
1526.99 1666.00
1526.99 1666.00
1526.99 1666.00
1526.99 1666.00
1526.99 1667.00
1526.99 1667.00
1527.00 1670.00
1527.00 1670.00
1527.00 1670.00
1527.00 1670.00
1527.00 1670.00
1527.00 1670.00
1527.04 1671.00
1527.04 1671.00
1527.26 1672.00
1527.26 1672.00
1528.00 1680.00
1528.00 1680.00
1528.00 1680.00
1528.00 1680.00
1527.99 1686.00
1527.99 1686.00
1527.99 1687.00
1527.99 1687.00
1527.99 1687.00
1527.99 1687.00
1527.99 1687.00
1527.99 1687.00
1527.99 1687.00
1527.99 1687.00
1527.99 1687.00
1527.99 1687.00
1527.99 1687.00
1527.99 1687.00
1527.99 1687.00
1527.99 1687.00
1528.00 1688.00
1528.00 1688.00
1528.00 1690.00
1528.00 1690.00
1528.00 1690.00
1528.00 1690.00
1528.00 1690.00
1528.04 1691.00
1528.04 1691.00
1528.26 1692.00
1528.26 1692.00
1528.64 1693.00
1528.64 1693.00
1528.92 1694.00
1528.92 1694.00
1528.99 1696.00
1528.99 1696.00
1528.99 1696.00
1528.99 1696.00
1528.99 1697.00
1528.99 1697.00
1528.99 1703.00
1528.99 1703.00
1528.99 1703.00
1528.99 1703.00
1528.99 1703.00
1528.99 1703.00
1528.99 1703.00
1528.99 1703.00
1528.99 1703.00
1528.99 1703.00
1528.99 1703.00
1528.99 1703.00
1528.99 1703.00
1528.99 1704.00
1528.99 1704.00
1528.99 1711.00
1528.99 1711.00
1528.99 1712.00
1528.99 1712.00
1528.99 1713.00
1528.99 1713.00
1528.99 1713.00
1528.99 1713.00
1528.99 1713.00
1528.99 1713.00
1528.99 1713.00
1528.99 1713.00
1528.99 1713.00
1528.99 1713.00
1528.99 1713.00
1528.99 1713.00
1528.99 1713.00
1528.99 1713.00
1528.99 1713.00
1528.99 1714.00
1528.99 1714.00
1529.00 1718.00
1529.00 1718.00
1529.00 1718.00
1529.00 1718.00
1529.00 1718.00
1529.00 1718.00
1529.00 1718.00
1529.00 1718.00
1529.03 1719.00
1529.03 1719.00
1529.24 1720.00
1529.24 1720.00
1529.62 1721.00
1529.62 1721.00
1529.90 1722.00
1529.90 1722.00
1529.99 1726.00
1529.99 1726.00
1529.99 1726.00
1529.99 1726.00
1529.99 1726.00
1529.99 1726.00
1529.99 1726.00
1529.99 1726.00
1529.99 1726.00
1530.00 1727.00
1530.00 1727.00
1530.00 1729.00
1530.00 1729.00
1530.00 1729.00
1530.00 1729.00
1530.04 1730.00
1530.04 1730.00
1530.28 1731.00
1530.28 1731.00
1530.66 1732.00
1530.66 1732.00
1530.92 1733.00
1530.92 1733.00
1530.99 1734.00
1530.99 1734.00
1531.00 1735.00
1531.00 1735.00
1531.00 1736.00
1531.00 1736.00
1531.00 1737.00
1531.00 1737.00
1531.05 1738.00
1531.05 1738.00
1531.26 1739.00
1531.26 1739.00
1531.63 1740.00
1531.63 1740.00
1531.92 1741.00
1531.92 1741.00
1531.92 1741.00
1531.99 1743.00
1531.99 1743.00
1531.99 1743.00
1531.99 1743.00
1531.99 1748.00
1531.99 1748.00
1531.99 1748.00
1531.99 1748.00
1531.99 1748.00
1531.99 1748.00
1531.99 1748.00
1531.99 1748.00
1531.99 1748.00
1531.99 1748.00
1532.00 1749.00
1532.00 1749.00
1532.00 1750.00
1532.00 1750.00
1532.00 1751.00
1532.00 1751.00
1532.00 1751.00
1532.00 1752.00
1532.03 1753.00
1532.03 1753.00
1532.20 1754.00
1532.20 1754.00
1532.56 1755.00
1532.56 1755.00
1532.56 1755.00
1532.88 1756.00
1532.88 1756.00
1532.99 1757.00
1532.99 1757.00
1533.00 1758.00
1533.00 1758.00
1533.00 1759.00
1533.00 1759.00
1533.03 1760.00
1533.03 1760.00
1533.18 1761.00
1533.18 1761.00
1533.52 1762.00
1533.52 1762.00
1533.95 1763.00
1533.95 1763.00
1533.99 1765.00
1533.99 1765.00
1533.99 1765.00
1533.99 1765.00
1534.00 1766.00
1534.00 1766.00
1534.01 1767.00
1534.01 1767.00
1534.02 1768.00
1534.02 1768.00
1534.18 1769.00
1534.18 1769.00
1534.18 1769.00
1534.53 1770.00
1534.53 1770.00
1534.95 1771.00
1534.95 1771.00
1534.99 1774.00
1534.99 1774.00
1534.99 1774.00
1534.99 1774.00
1534.99 1774.00
1534.99 1774.00
1534.99 1775.00
1534.99 1775.00
1534.99 1781.00
1534.99 1781.00
1534.99 1781.00
1534.99 1781.00
1534.99 1781.00
1534.99 1781.00
1534.99 1781.00
1534.99 1781.00
1534.99 1781.00
1534.99 1781.00
1534.99 1781.00
1534.99 1781.00
1534.99 1781.00
1535.04 1782.00
1535.04 1782.00
1535.25 1783.00
1535.25 1783.00
1535.61 1784.00
1535.61 1784.00
1535.91 1785.00
1535.91 1785.00
1535.98 1788.00
1535.98 1788.00
1535.98 1788.00
1535.98 1788.00
1535.98 1788.00
1535.98 1788.00
1535.98 1788.00
1536.00 1789.00
1536.00 1789.00
1536.01 1791.00
1536.01 1791.00
1536.01 1791.00
1536.01 1791.00
1536.05 1792.00
1536.05 1792.00
1536.27 1793.00
1536.27 1793.00
1536.64 1794.00
1536.64 1794.00
1536.92 1795.00
1536.92 1795.00
1536.99 1796.00
1536.99 1796.00
1536.99 1796.00
1537.00 1797.00
1537.00 1797.00
1537.00 1798.00
1537.00 1798.00
1537.05 1799.00
1537.05 1799.00
1537.25 1800.00
1537.25 1800.00
1537.62 1801.00
1537.62 1801.00
1537.91 1802.00
1537.91 1802.00
1537.99 1803.00
1537.99 1803.00
1537.99 1804.00
1537.99 1804.00
1538.01 1806.00
1538.01 1806.00
1538.01 1806.00
1538.01 1806.00
1538.04 1807.00
1538.04 1807.00
1538.04 1807.00
1538.25 1808.00
1538.25 1808.00
1538.63 1809.00
1538.63 1809.00
1538.90 1810.00
1538.90 1810.00
1538.99 1811.00
1538.99 1811.00
1539.00 1812.00
1539.00 1812.00
1539.00 1814.00
1539.00 1814.00
1539.00 1814.00
1539.00 1814.00
1539.00 1814.00
1539.00 1815.00
1539.00 1815.00
1539.00 1816.00
1539.00 1816.00
1539.05 1817.00
1539.05 1817.00
1539.26 1818.00
1539.26 1818.00
1539.63 1819.00
1539.63 1819.00
1539.92 1820.00
1539.92 1820.00
1539.99 1821.00
1539.99 1821.00
1540.00 1822.00
1540.00 1822.00
1540.00 1822.00
1540.04 1823.00
1540.04 1823.00
1540.23 1824.00
1540.23 1824.00
1540.60 1825.00
1540.60 1825.00
1540.89 1826.00
1540.89 1826.00
1540.99 1827.00
1540.99 1827.00
1540.99 1827.00
1541.00 1828.00
1541.00 1828.00
1541.03 1829.00
1541.03 1829.00
1541.20 1830.00
1541.20 1830.00
1541.56 1831.00
1541.56 1831.00
1541.87 1832.00
1541.87 1832.00
1541.99 1833.00
1541.99 1833.00
1542.02 1834.00
1542.02 1834.00
1542.16 1835.00
1542.16 1835.00
1542.16 1835.00
1542.26 1837.00
1542.26 1837.00
1542.26 1837.00
1542.26 1837.00
1542.31 1838.00
1542.45 1838.00
1542.63 1839.00
1542.63 1839.00
1542.91 1840.00
1542.91 1840.00
1542.99 1841.00
1542.99 1841.00
1543.03 1844.00
1543.11 1844.00
1543.24 1845.00
1543.24 1845.00
1543.41 1845.00
1543.41 1845.00
1543.61 1846.00
1543.61 1846.00
1543.61 1846.00
1543.61 1846.00
1543.61 1846.00
1543.90 1847.00
1543.90 1847.00
1543.99 1848.00
1544.03 1849.00
1544.08 1849.00
1544.08 1849.00
1544.18 1850.00
1544.18 1850.00
1544.52 1851.00
1544.52 1851.00
1544.95 1852.00
1544.95 1852.00
1544.95 1852.00
1544.99 1854.00
1544.99 1854.00
1545.07 1857.00
1545.18 1858.00
1545.34 1858.00
1545.34 1858.00
1545.34 1858.00
1545.34 1858.00
1545.34 1858.00
1545.54 1859.00
1545.54 1859.00
1545.72 1859.00
1545.86 1859.00
1546.02 1863.00
1546.15 1864.00
1546.29 1864.00
1546.47 1864.00
1546.47 1864.00
1546.47 1864.00
1546.47 1864.00
1546.47 1864.00
1546.66 1865.00
1546.66 1865.00
1546.93 1866.00
1547.13 1870.00
1547.13 1870.00
1547.44 1871.00
1547.44 1871.00
1547.80 1872.00
1547.80 1872.00
1547.92 1873.00
1547.92 1873.00
1547.97 1873.00
1548.00 1874.00
1548.00 1874.00
1548.00 1875.00
1548.00 1875.00
1548.01 1876.00
1548.01 1876.00
1548.12 1877.00
1548.12 1877.00
1548.44 1878.00
1548.44 1878.00
1548.63 1879.00
1548.63 1879.00
1548.79 1879.00
1548.79 1879.00
1548.79 1879.00
1548.79 1879.00
1548.91 1880.00
1548.97 1880.00
1549.09 1882.00
1549.20 1883.00
1549.37 1883.00
1549.56 1884.00
1549.74 1884.00
1549.87 1885.00
1549.95 1885.00
1549.99 1886.00
1549.99 1886.00
1550.01 1887.00
1550.01 1887.00
1550.01 1888.00
1730.49 177.00
1730.47 177.00
1730.43 178.00
1730.43 178.00
1730.22 178.00
1729.92 179.00
1729.92 179.00
1729.13 180.00
1729.13 180.00
1729.13 180.00
1729.01 181.00
1728.89 183.00
1728.60 184.00
1728.40 185.00
1728.22 185.00
1727.97 186.00
1727.69 187.00
1727.49 187.00
1727.28 188.00
1727.07 188.00
1727.07 188.00
1726.86 189.00
1726.86 189.00
1726.61 189.00
1726.31 190.00
1726.31 190.00
1726.00 190.00
1725.72 190.00
1725.48 191.00
1725.26 193.00
1725.13 194.00
1725.05 194.00
1724.97 198.00
1724.92 198.00
1724.81 199.00
1724.65 199.00
1724.65 199.00
1724.45 200.00
1724.45 200.00
1724.23 200.00
1724.02 200.00
1723.81 201.00
1723.60 201.00
1723.38 202.00
1723.16 202.00
1722.94 203.00
1722.94 203.00
1722.71 203.00
1722.71 203.00
1722.44 203.00
1722.44 203.00
1722.44 203.00
1722.13 204.00
1721.81 204.00
1721.81 204.00
1721.51 205.00
1721.28 205.00
1721.04 206.00
1720.83 210.00
1720.68 210.00
1720.68 210.00
1720.49 211.00
1720.30 211.00
1720.15 211.00
1719.88 213.00
1719.74 214.00
1719.56 214.00
1719.20 215.00
1719.20 215.00
1718.96 216.00
1718.96 216.00
1718.67 217.00
1718.67 217.00
1718.67 217.00
1718.48 218.00
1718.48 218.00
1718.29 218.00
1718.29 218.00
1718.15 218.00
1718.06 219.00
1717.99 221.00
1717.86 222.00
1717.72 222.00
1717.53 222.00
1717.18 223.00
1717.02 224.00
1717.02 224.00
1716.90 225.00
1716.90 225.00
1716.61 226.00
1716.61 226.00
1716.24 227.00
1716.24 227.00
1715.98 228.00
1715.98 228.00
1715.71 229.00
1715.71 229.00
1715.52 229.00
1715.33 230.00
1715.16 230.00
1714.93 231.00
1714.79 232.00
1714.62 232.00
1714.25 233.00
1714.25 233.00
1714.04 234.00
1714.04 234.00
1713.94 235.00
1713.94 235.00
1713.68 236.00
1713.48 236.00
1713.48 236.00
1713.48 236.00
1713.27 237.00
1713.27 237.00
1713.06 237.00
1713.06 237.00
1712.85 238.00
1712.64 238.00
1712.43 239.00
1712.25 239.00
1712.05 240.00
1711.93 242.00
1711.68 243.00
1711.68 243.00
1711.30 244.00
1711.30 244.00
1711.15 244.00
1711.06 245.00
1710.99 246.00
1710.99 246.00
1710.87 247.00
1710.87 247.00
1710.55 248.00
1710.55 248.00
1710.19 249.00
1710.19 249.00
1710.02 250.00
1710.02 250.00
1709.91 251.00
1709.91 251.00
1709.62 252.00
1709.62 252.00
1709.25 253.00
1709.25 253.00
1708.99 254.00
1708.99 254.00
1708.53 255.00
1708.53 255.00
1708.34 256.00
1708.34 256.00
1708.17 256.00
1708.04 257.00
1707.93 257.00
1707.80 258.00
1707.62 258.00
1707.42 259.00
1706.99 260.00
1706.78 260.00
1706.57 260.00
1706.57 260.00
1706.37 261.00
1706.37 261.00
1706.20 261.00
1706.09 262.00
1706.03 262.00
1705.96 264.00
1705.90 264.00
1705.79 265.00
1705.79 265.00
1705.62 265.00
1705.62 265.00
1705.43 266.00
1705.43 266.00
1705.25 266.00
1705.25 266.00
1705.11 267.00
1704.99 268.00
1704.84 269.00
1704.69 269.00
1704.51 269.00
1704.34 270.00
1704.26 270.00
1704.26 270.00
1704.26 270.00
1704.26 270.00
1704.18 274.00
1704.18 274.00
1704.02 275.00
1704.02 275.00
1703.91 276.00
1703.91 276.00
1703.62 277.00
1703.62 277.00
1703.25 278.00
1703.25 278.00
1703.04 279.00
1703.04 279.00
1702.94 280.00
1702.94 280.00
1702.49 281.00
1702.49 281.00
1702.16 282.00
1702.16 282.00
1702.01 283.00
1702.01 283.00
1701.89 284.00
1701.89 284.00
1701.59 285.00
1701.59 285.00
1701.22 286.00
1701.22 286.00
1701.03 287.00
1701.03 287.00
1701.00 288.00
1701.00 288.00
1700.91 289.00
1700.91 289.00
1700.64 290.00
1700.64 290.00
1700.27 291.00
1700.27 291.00
1700.05 292.00
1700.05 292.00
1700.00 293.00
1700.00 293.00
1699.99 294.00
1699.93 295.00
1699.93 295.00
1699.67 296.00
1699.67 296.00
1699.14 297.00
1699.14 297.00
1698.91 298.00
1698.91 298.00
1698.59 299.00
1698.59 299.00
1698.23 300.00
1698.23 300.00
1698.23 300.00
1698.03 301.00
1698.03 301.00
1697.93 302.00
1697.67 303.00
1697.67 303.00
1697.15 304.00
1697.15 304.00
1697.02 305.00
1697.02 305.00
1697.01 306.00
1697.01 306.00
1697.00 307.00
1697.00 307.00
1696.99 308.00
1696.99 308.00
1696.94 309.00
1696.94 309.00
1696.42 310.00
1696.42 310.00
1695.80 311.00
1695.80 311.00
1695.27 312.00
1695.27 312.00
1695.12 313.00
1695.12 313.00
1695.01 314.00
1695.00 315.00
1695.00 315.00
1694.99 316.00
1694.99 316.00
1694.92 317.00
1694.92 317.00
1694.66 318.00
1694.66 318.00
1694.28 319.00
1694.14 319.00
1694.02 320.00
1694.02 320.00
1694.00 321.00
1694.00 321.00
1694.00 321.00
1693.94 322.00
1693.94 322.00
1693.94 322.00
1693.53 323.00
1693.53 323.00
1693.18 324.00
1693.18 324.00
1693.03 325.00
1693.03 325.00
1693.01 326.00
1693.01 326.00
1693.00 327.00
1693.00 327.00
1693.00 328.00
1693.00 328.00
1692.99 329.00
1692.94 330.00
1692.94 330.00
1692.52 331.00
1692.52 331.00
1692.10 332.00
1692.10 332.00
1691.68 333.00
1691.68 333.00
1691.28 334.00
1691.28 334.00
1691.06 335.00
1691.06 335.00
1691.00 336.00
1691.00 336.00
1690.99 337.00
1690.99 337.00
1690.99 337.00
1690.99 337.00
1690.93 339.00
1690.93 339.00
1690.67 340.00
1690.67 340.00
1690.15 341.00
1690.15 341.00
1690.02 342.00
1690.02 342.00
1689.99 343.00
1689.99 343.00
1689.87 344.00
1689.87 344.00
1689.56 345.00
1689.56 345.00
1689.20 346.00
1689.20 346.00
1689.02 347.00
1689.02 347.00
1689.00 348.00
1689.00 348.00
1688.90 349.00
1688.58 350.00
1688.58 350.00
1688.22 351.00
1688.22 351.00
1687.98 352.00
1687.98 352.00
1687.52 353.00
1687.52 353.00
1687.17 354.00
1687.17 354.00
1687.02 355.00
1687.02 355.00
1687.00 356.00
1687.00 356.00
1687.00 357.00
1687.00 357.00
1686.99 358.00
1686.99 358.00
1686.94 359.00
1686.94 359.00
1686.54 360.00
1686.54 360.00
1686.19 361.00
1686.03 362.00
1686.03 362.00
1686.00 363.00
1686.00 363.00
1685.99 364.00
1685.99 364.00
1685.88 365.00
1685.88 365.00
1685.58 366.00
1685.58 366.00
1685.21 367.00
1685.21 367.00
1685.03 368.00
1685.03 368.00
1685.00 369.00
1685.00 369.00
1684.91 370.00
1684.91 370.00
1684.91 370.00
1684.65 371.00
1684.65 371.00
1684.27 372.00
1684.27 372.00
1684.04 373.00
1684.04 373.00
1684.00 374.00
1684.00 374.00
1683.94 375.00
1683.94 375.00
1683.50 376.00
1683.50 376.00
1683.16 377.00
1683.16 377.00
1683.02 378.00
1683.02 378.00
1683.00 379.00
1683.00 379.00
1683.00 380.00
1683.00 380.00
1682.99 381.00
1682.99 381.00
1682.94 382.00
1682.94 382.00
1682.53 383.00
1682.53 383.00
1682.18 384.00
1682.18 384.00
1682.03 385.00
1682.03 385.00
1682.00 386.00
1682.00 386.00
1681.99 387.00
1681.99 387.00
1681.88 388.00
1681.57 389.00
1681.57 389.00
1681.21 390.00
1681.21 390.00
1681.03 391.00
1681.03 391.00
1680.92 392.00
1680.92 392.00
1680.64 393.00
1680.64 393.00
1680.27 394.00
1680.27 394.00
1680.06 395.00
1680.06 395.00
1680.01 396.00
1680.01 396.00
1679.99 397.00
1679.99 397.00
1679.99 398.00
1679.99 398.00
1679.93 399.00
1679.66 400.00
1679.66 400.00
1679.15 401.00
1679.15 401.00
1679.01 402.00
1679.01 402.00
1679.00 403.00
1679.00 403.00
1679.00 403.00
1679.00 403.00
1678.95 405.00
1678.95 405.00
1678.51 406.00
1678.51 406.00
1678.17 407.00
1678.17 407.00
1678.03 408.00
1678.03 408.00
1678.00 409.00
1678.00 409.00
1677.99 410.00
1677.99 411.00
1677.99 411.00
1677.87 412.00
1677.87 412.00
1677.54 413.00
1677.54 413.00
1677.19 414.00
1677.19 414.00
1677.03 415.00
1677.03 415.00
1676.99 416.00
1676.99 416.00
1676.90 417.00
1676.90 417.00
1676.61 418.00
1676.61 418.00
1676.24 419.00
1676.24 419.00
1676.04 420.00
1676.04 420.00
1676.00 421.00
1676.00 422.00
1676.00 422.00
1676.00 423.00
1676.00 423.00
1676.00 423.00
1676.00 423.00
1675.99 425.00
1675.99 425.00
1675.89 426.00
1675.89 426.00
1675.60 427.00
1675.60 427.00
1675.23 428.00
1675.23 428.00
1675.03 429.00
1675.03 429.00
1674.93 430.00
1674.93 430.00
1674.68 431.00
1674.68 431.00
1674.15 432.00
1674.15 432.00
1674.02 433.00
1674.01 434.00
1674.01 434.00
1674.00 435.00
1674.00 435.00
1673.99 436.00
1673.99 436.00
1673.99 436.00
1673.99 436.00
1673.94 438.00
1673.94 438.00
1673.67 439.00
1673.67 439.00
1673.15 440.00
1673.15 440.00
1673.02 441.00
1673.02 441.00
1672.99 442.00
1672.99 442.00
1672.87 443.00
1672.87 443.00
1672.56 444.00
1672.20 445.00
1672.20 445.00
1672.03 446.00
1672.03 446.00
1672.00 447.00
1672.00 447.00
1672.00 448.00
1672.00 448.00
1671.99 449.00
1671.99 449.00
1671.89 450.00
1671.89 450.00
1671.59 451.00
1671.59 451.00
1671.22 452.00
1671.22 452.00
1671.03 453.00
1671.03 453.00
1671.00 454.00
1671.00 454.00
1670.91 455.00
1670.64 456.00
1670.64 456.00
1670.27 457.00
1670.27 457.00
1670.05 458.00
1670.05 458.00
1670.00 459.00
1670.00 459.00
1670.00 460.00
1670.00 460.00
1669.93 461.00
1669.93 461.00
1669.69 462.00
1669.69 462.00
1669.16 463.00
1669.16 463.00
1669.01 464.00
1669.01 464.00
1669.00 465.00
1669.00 465.00
1669.00 465.00
1669.00 465.00
1669.00 465.00
1668.99 468.00
1668.99 468.00
1668.99 469.00
1668.99 469.00
1668.93 470.00
1668.93 470.00
1668.67 471.00
1668.67 471.00
1668.15 472.00
1668.15 472.00
1668.02 473.00
1668.02 473.00
1668.00 474.00
1668.00 474.00
1668.00 475.00
1668.00 475.00
1667.94 476.00
1667.94 476.00
1667.53 477.00
1667.53 477.00
1667.18 478.00
1667.02 479.00
1667.02 479.00
1667.01 480.00
1667.01 480.00
1667.00 481.00
1667.00 481.00
1666.99 482.00
1666.99 482.00
1666.99 483.00
1666.99 483.00
1666.94 484.00
1666.94 484.00
1666.53 485.00
1666.53 485.00
1666.18 486.00
1666.18 486.00
1666.03 487.00
1666.03 487.00
1666.00 488.00
1666.00 488.00
1666.00 489.00
1665.98 490.00
1665.98 490.00
1665.87 491.00
1665.87 491.00
1665.55 492.00
1665.55 492.00
1665.20 493.00
1665.20 493.00
1665.03 494.00
1665.03 494.00
1665.00 495.00
1665.00 495.00
1664.99 496.00
1664.99 496.00
1664.99 497.00
1664.99 497.00
1664.99 497.00
1664.89 498.00
1664.57 499.00
1664.57 499.00
1664.21 500.00
1664.21 500.00
1664.10 501.00
1664.03 501.00
1664.00 502.00
1664.00 502.00
1664.00 503.00
1664.00 503.00
1663.99 504.00
1663.99 504.00
1663.90 505.00
1663.90 505.00
1663.60 506.00
1663.60 506.00
1663.23 507.00
1663.23 507.00
1663.04 508.00
1663.04 508.00
1663.01 509.00
1663.00 510.00
1663.00 510.00
1663.00 511.00
1663.00 511.00
1662.99 512.00
1662.99 512.00
1662.90 513.00
1662.90 513.00
1662.62 514.00
1662.62 514.00
1662.24 515.00
1662.24 515.00
1662.04 516.00
1662.04 516.00
1662.01 517.00
1662.01 517.00
1662.00 518.00
1662.00 518.00
1661.99 519.00
1661.99 519.00
1661.99 520.00
1661.99 520.00
1661.90 521.00
1661.61 522.00
1661.61 522.00
1661.24 523.00
1661.24 523.00
1661.04 524.00
1661.04 524.00
1661.00 525.00
1661.00 525.00
1660.99 526.00
1660.99 526.00
1660.92 527.00
1660.92 527.00
1660.65 528.00
1660.65 528.00
1660.14 529.00
1660.14 529.00
1660.02 530.00
1660.02 530.00
1660.01 531.00
1660.01 531.00
1660.00 532.00
1660.00 533.00
1660.00 533.00
1660.00 534.00
1660.00 534.00
1659.99 535.00
1659.99 535.00
1659.99 535.00
1659.92 536.00
1659.92 536.00
1659.65 537.00
1659.65 537.00
1659.46 538.00
1659.27 538.00
1659.27 538.00
1659.13 539.00
1659.13 539.00
1659.00 540.00
1659.00 540.00
1659.00 542.00
1659.00 542.00
1658.99 543.00
1658.99 543.00
1658.99 544.00
1658.99 544.00
1658.91 545.00
1658.91 545.00
1658.63 546.00
1658.63 546.00
1658.26 547.00
1658.26 547.00
1658.05 548.00
1658.05 548.00
1658.00 549.00
1658.00 549.00
1658.00 550.00
1658.00 550.00
1658.00 551.00
1658.00 551.00
1658.00 552.00
1657.99 553.00
1657.99 553.00
1657.91 554.00
1657.91 554.00
1657.63 555.00
1657.63 555.00
1657.25 556.00
1657.25 556.00
1657.04 557.00
1657.04 557.00
1657.01 558.00
1657.01 558.00
1657.00 559.00
1657.00 559.00
1657.00 560.00
1657.00 560.00
1657.00 560.00
1657.00 560.00
1657.00 560.00
1657.00 560.00
1656.99 563.00
1656.99 563.00
1656.89 564.00
1656.59 565.00
1656.59 565.00
1656.23 566.00
1656.23 566.00
1656.04 567.00
1656.04 567.00
1656.04 567.00
1656.00 568.00
1656.00 568.00
1656.00 569.00
1656.00 569.00
1656.00 569.00
1656.00 569.00
1656.00 571.00
1656.00 571.00
1655.99 572.00
1655.99 572.00
1655.88 573.00
1655.58 574.00
1655.58 574.00
1655.22 575.00
1655.22 575.00
1655.03 576.00
1655.03 576.00
1655.00 577.00
1655.00 577.00
1655.00 577.00
1655.00 577.00
1655.00 579.00
1655.00 579.00
1654.99 580.00
1654.99 580.00
1654.99 581.00
1654.99 581.00
1654.88 582.00
1654.88 582.00
1654.57 583.00
1654.57 583.00
1654.21 584.00
1654.03 585.00
1654.03 585.00
1654.01 586.00
1654.01 586.00
1654.01 587.00
1654.01 587.00
1653.99 588.00
1653.99 588.00
1653.99 589.00
1653.99 589.00
1653.99 589.00
1653.99 589.00
1653.87 591.00
1653.87 591.00
1653.54 592.00
1653.54 592.00
1653.19 593.00
1653.19 593.00
1653.03 594.00
1653.03 594.00
1653.00 595.00
1653.00 595.00
1653.00 596.00
1653.00 596.00
1653.00 597.00
1653.00 597.00
1653.00 597.00
1653.00 597.00
1653.00 597.00
1653.00 597.00
1653.00 597.00
1653.00 597.00
1652.99 601.00
1652.99 601.00
1652.93 602.00
1652.93 602.00
1652.51 603.00
1652.51 603.00
1652.17 604.00
1652.02 605.00
1652.02 605.00
1652.00 606.00
1652.00 606.00
1652.00 607.00
1652.00 607.00
1651.99 608.00
1651.99 608.00
1651.94 609.00
1651.94 609.00
1651.53 610.00
1651.53 610.00
1651.18 611.00
1651.18 611.00
1651.03 612.00
1651.03 612.00
1651.01 613.00
1651.01 613.00
1650.99 614.00
1650.99 614.00
1650.99 615.00
1650.99 615.00
1650.99 615.00
1650.99 615.00
1650.86 617.00
1650.86 617.00
1650.53 618.00
1650.53 618.00
1650.18 619.00
1650.18 619.00
1650.02 620.00
1650.02 620.00
1650.01 621.00
1650.01 621.00
1650.01 621.00
1650.01 621.00
1650.00 623.00
1650.00 623.00
1649.99 624.00
1649.99 624.00
1649.99 624.00
1649.99 624.00
1649.99 624.00
1649.94 627.00
1649.94 627.00
1649.50 628.00
1649.50 628.00
1649.16 629.00
1649.16 629.00
1649.02 630.00
1649.02 630.00
1649.00 631.00
1649.00 631.00
1649.00 631.00
1649.00 631.00
1649.00 633.00
1649.00 633.00
1648.99 634.00
1648.99 634.00
1648.99 634.00
1648.99 634.00
1648.93 636.00
1648.93 636.00
1648.68 637.00
1648.68 637.00
1648.31 638.00
1648.31 638.00
1648.16 638.00
1648.16 638.00
1648.02 639.00
1648.00 640.00
1648.00 641.00
1648.00 641.00
1648.00 642.00
1648.00 642.00
1648.00 642.00
1648.00 642.00
1648.00 642.00
1648.00 642.00
1647.99 645.00
1647.99 645.00
1647.99 645.00
1647.92 647.00
1647.92 647.00
1647.64 648.00
1647.64 648.00
1647.26 649.00
1647.26 649.00
1647.05 650.00
1647.05 650.00
1647.01 651.00
1647.01 651.00
1647.00 652.00
1647.00 652.00
1647.00 653.00
1647.00 653.00
1647.00 654.00
1647.00 654.00
1647.00 654.00
1647.00 654.00
1647.00 654.00
1647.00 654.00
1647.00 654.00
1647.00 654.00
1646.99 658.00
1646.99 658.00
1646.88 659.00
1646.88 659.00
1646.58 660.00
1646.58 660.00
1646.21 661.00
1646.21 661.00
1646.03 662.00
1646.03 662.00
1646.00 663.00
1646.00 663.00
1646.00 663.00
1646.00 663.00
1646.00 663.00
1646.00 663.00
1646.00 663.00
1645.99 667.00
1645.99 667.00
1645.99 668.00
1645.99 668.00
1645.99 668.00
1645.99 668.00
1645.94 670.00
1645.94 670.00
1645.53 671.00
1645.53 671.00
1645.18 672.00
1645.18 672.00
1645.02 673.00
1645.02 673.00
1644.99 674.00
1644.99 674.00
1644.89 675.00
1644.89 675.00
1644.59 676.00
1644.59 676.00
1644.59 676.00
1644.40 677.00
1644.40 677.00
1644.40 677.00
1644.40 677.00
1644.59 676.00
1644.59 676.00
1644.77 676.00
1644.77 676.00
1644.89 675.00
1644.77 676.00
1644.77 676.00
1644.77 676.00
1644.40 677.00
1644.10 678.00
1644.10 678.00
1644.01 680.00
1644.01 680.00
1644.01 680.00
1644.01 680.00
1644.01 681.00
1644.00 685.00
1643.99 684.00
1643.99 684.00
1643.99 684.00
1643.99 684.00
1643.99 684.00
1643.99 684.00
1644.00 685.00
1644.00 685.00
1644.00 686.00
1644.00 686.00
1644.00 693.00
1644.00 693.00
1643.99 694.00
1643.99 695.00
1643.99 695.00
1643.87 696.00
1643.87 696.00
1643.56 697.00
1643.56 697.00
1643.20 698.00
1643.20 698.00
1643.03 699.00
1643.03 699.00
1642.99 700.00
1642.99 700.00
1642.90 701.00
1642.90 701.00
1642.61 702.00
1642.61 702.00
1642.24 703.00
1642.24 703.00
1642.05 704.00
1642.05 704.00
1642.00 705.00
1642.00 705.00
1642.05 704.00
1642.05 704.00
1642.05 704.00
1641.99 706.00
1641.91 708.00
1641.91 708.00
1641.79 709.00
1641.62 709.00
1641.62 709.00
1641.43 710.00
1641.43 710.00
1641.43 710.00
1641.25 710.00
1641.25 710.00
1641.25 710.00
1641.25 710.00
1641.25 710.00
1641.43 710.00
1641.43 710.00
1641.62 709.00
1641.43 710.00
1641.43 710.00
1641.12 711.00
1641.12 711.00
1641.01 712.00
1641.01 712.00
1641.00 714.00
1641.00 714.00
1641.00 714.00
1641.00 714.00
1640.97 718.00
1640.90 718.00
1640.78 719.00
1640.78 719.00
1640.60 719.00
1640.60 719.00
1640.41 720.00
1640.41 720.00
1640.24 720.00
1640.24 720.00
1640.11 721.00
1640.11 721.00
1640.00 722.00
1639.89 728.00
1639.89 728.00
1639.75 729.00
1639.75 729.00
1639.75 729.00
1639.75 729.00
1639.75 729.00
1639.75 729.00
1639.89 728.00
1640.00 727.00
1640.00 727.00
1640.00 727.00
1639.97 728.00
1639.97 728.00
1639.75 729.00
1639.75 729.00
1639.37 730.00
1639.37 730.00
1639.09 731.00
1639.09 731.00
1639.01 732.00
1639.01 732.00
1639.00 733.00
1639.00 733.00
1639.00 736.00
1639.00 736.00
1638.98 739.00
1638.85 740.00
1638.85 740.00
1638.71 740.00
1638.71 740.00
1638.71 740.00
1638.53 740.00
1638.71 740.00
1638.71 740.00
1638.85 740.00
1638.85 740.00
1638.85 740.00
1638.34 741.00
1638.34 741.00
1638.08 742.00
1638.08 742.00
1638.01 743.00
1638.01 743.00
1638.00 744.00
1638.00 744.00
1638.00 745.00
1638.00 745.00
1638.00 746.00
1638.00 747.00
1638.00 747.00
1637.98 748.00
1637.98 748.00
1637.85 749.00
1637.85 749.00
1637.33 750.00
1637.33 750.00
1637.07 751.00
1637.07 751.00
1637.01 753.00
1637.01 753.00
1637.01 753.00
1637.01 753.00
1637.00 758.00
1637.00 758.00
1636.99 760.00
1636.91 761.00
1636.79 762.00
1636.79 762.00
1636.79 762.00
1636.79 762.00
1636.79 762.00
1636.91 761.00
1637.00 759.00
1637.00 759.00
1637.00 760.00
1637.00 760.00
1636.96 761.00
1636.96 761.00
1636.79 762.00
1636.79 762.00
1636.44 763.00
1636.44 763.00
1636.12 764.00
1636.12 764.00
1636.01 766.00
1636.01 766.00
1636.01 766.00
1636.01 766.00
1636.01 767.00
1636.00 771.00
1636.00 771.00
1635.96 772.00
1635.89 772.00
1635.89 772.00
1635.89 772.00
1635.89 772.00
1635.96 772.00
1635.96 772.00
1635.96 772.00
1635.96 772.00
1635.76 773.00
1635.76 773.00
1635.39 774.00
1635.39 774.00
1635.09 775.00
1635.02 778.00
1635.02 778.00
1635.02 778.00
1635.02 778.00
1635.02 778.00
1635.02 778.00
1635.01 784.00
1635.01 784.00
1635.01 784.00
1635.01 784.00
1635.01 784.00
1635.01 784.00
1635.01 784.00
1634.91 787.00
1634.81 788.00
1634.81 788.00
1634.65 788.00
1634.65 788.00
1634.46 789.00
1634.46 789.00
1634.46 789.00
1634.28 789.00
1634.28 789.00
1634.28 789.00
1634.46 789.00
1634.46 789.00
1634.46 789.00
1634.46 789.00
1634.13 790.00
1634.13 790.00
1634.01 791.00
1634.01 791.00
1634.01 792.00
1634.01 792.00
1634.01 798.00
1634.01 798.00
1634.01 798.00
1634.01 798.00
1634.01 798.00
1633.99 795.00
1633.99 802.00
1633.99 802.00
1633.99 802.00
1633.99 802.00
1633.99 802.00
1633.93 805.00
1633.93 805.00
1633.66 806.00
1633.66 806.00
1633.14 807.00
1633.14 807.00
1633.02 808.00
1633.02 808.00
1633.01 809.00
1633.01 809.00
1633.00 810.00
1633.00 810.00
1633.00 811.00
1633.00 811.00
1633.00 812.00
1633.00 812.00
1633.00 812.00
1633.00 812.00
1633.00 812.00
1633.00 812.00
1633.00 812.00
1633.00 812.00
1632.99 816.00
1632.99 816.00
1632.89 817.00
1632.89 817.00
1632.63 818.00
1632.63 818.00
1632.47 819.00
1632.47 819.00
1632.47 819.00
1632.47 819.00
1632.15 821.00
1632.15 821.00
1632.02 822.00
1632.01 823.00
1632.01 823.00
1632.01 824.00
1632.01 824.00
1632.00 825.00
1632.00 825.00
1632.00 825.00
1632.01 824.00
1632.06 822.00
1632.15 821.00
1632.06 822.00
1632.06 822.00
1632.00 825.00
1631.99 829.00
1631.99 829.00
1631.90 830.00
1631.90 830.00
1631.62 831.00
1631.62 831.00
1631.43 832.00
1631.43 832.00
1631.25 832.00
1631.25 832.00
1631.12 833.00
1631.05 833.00
1631.00 835.00
1631.00 835.00
1631.00 835.00
1631.00 835.00
1631.00 835.00
1631.00 835.00
1631.00 835.00
1631.00 839.00
1631.00 839.00
1630.99 840.00
1630.99 840.00
1631.01 837.00
1631.01 837.00
1631.01 837.00
1630.99 841.00
1630.99 841.00
1630.99 841.00
1630.95 844.00
1630.95 844.00
1630.51 845.00
1630.51 845.00
1630.51 845.00
1630.32 846.00
1630.32 846.00
1630.17 846.00
1630.17 846.00
1630.17 846.00
1630.17 846.00
1630.32 846.00
1630.51 845.00
1630.51 845.00
1630.51 845.00
1630.51 845.00
1630.32 846.00
1630.32 846.00
1630.07 847.00
1630.07 847.00
1630.01 848.00
1630.01 848.00
1630.01 849.00
1630.01 849.00
1629.99 852.00
1629.99 852.00
1629.99 852.00
1629.99 852.00
1629.99 858.00
1629.99 858.00
1629.99 859.00
1629.99 859.00
1629.89 860.00
1629.58 861.00
1629.58 861.00
1629.21 862.00
1629.21 862.00
1629.02 863.00
1629.02 863.00
1629.00 864.00
1629.09 863.00
1629.21 862.00
1629.21 862.00
1629.39 862.00
1629.39 862.00
1629.39 862.00
1629.39 862.00
1629.21 862.00
1629.21 862.00
1629.09 863.00
1629.00 868.00
1628.99 869.00
1628.99 869.00
1628.99 869.00
1628.99 869.00
1628.99 869.00
1628.99 869.00
1628.99 869.00
1628.99 869.00
1628.92 874.00
1628.92 874.00
1628.67 875.00
1628.67 875.00
1628.14 876.00
1628.14 876.00
1628.01 877.00
1628.01 877.00
1628.00 878.00
1628.05 877.00
1628.14 876.00
1628.29 876.00
1628.29 876.00
1628.29 876.00
1628.29 876.00
1628.14 876.00
1628.14 876.00
1628.05 877.00
1627.99 881.00
1627.99 881.00
1627.99 884.00
1627.99 884.00
1627.99 885.00
1627.99 885.00
1627.99 885.00
1627.99 885.00
1627.89 887.00
1627.89 887.00
1627.58 888.00
1627.58 888.00
1627.22 889.00
1627.22 889.00
1627.22 889.00
1627.22 889.00
1627.39 889.00
1627.39 889.00
1627.58 888.00
1627.58 888.00
1627.58 888.00
1627.39 889.00
1627.39 889.00
1627.22 889.00
1627.22 889.00
1627.09 890.00
1627.03 890.00
1626.99 895.00
1626.99 895.00
1626.99 895.00
1626.99 895.00
1626.99 895.00
1626.99 895.00
1626.99 894.00
1627.01 899.00
1627.01 899.00
1627.01 899.00
1627.01 899.00
1627.01 899.00
1627.01 899.00
1627.01 899.00
1626.98 903.00
1626.98 903.00
1626.98 903.00
1626.90 905.00
1626.90 905.00
1626.58 906.00
1626.58 906.00
1626.39 907.00
1626.39 907.00
1626.22 907.00
1626.22 907.00
1626.10 908.00
1626.00 909.00
1626.00 910.00
1626.00 910.00
1626.00 910.00
1626.00 910.00
1626.00 910.00
1626.00 910.00
1626.00 910.00
1626.00 910.00
1626.00 910.00
1626.00 910.00
1626.00 910.00
1626.00 910.00
1626.00 910.00
1626.00 911.00
1626.00 911.00
1626.00 912.00
1626.00 912.00
1626.00 919.00
1626.00 919.00
1626.00 920.00
1626.00 920.00
1626.00 921.00
1626.00 921.00
1626.00 922.00
1626.00 922.00
1626.00 923.00
1626.00 923.00
1626.00 923.00
1626.00 923.00
1626.00 923.00
1626.00 923.00
1626.00 923.00
1626.00 923.00
1626.00 923.00
1626.00 923.00
1626.00 923.00
1626.00 923.00
1626.00 923.00
1626.00 924.00
1626.00 924.00
1626.00 931.00
1626.00 931.00
1626.00 931.00
1625.99 932.00
1625.99 932.00
1625.99 933.00
1625.99 933.00
1625.90 934.00
1625.90 934.00
1625.60 935.00
1625.60 935.00
1625.24 936.00
1625.04 937.00
1625.04 937.00
1625.00 938.00
1625.00 938.00
1625.00 939.00
1625.00 939.00
1625.00 940.00
1625.00 940.00
1625.00 940.00
1625.00 940.00
1625.00 940.00
1625.00 940.00
1625.00 943.00
1625.00 943.00
1624.98 944.00
1624.98 944.00
1624.98 944.00
1624.87 945.00
1624.56 946.00
1624.56 946.00
1624.20 947.00
1624.20 947.00
1624.02 948.00
1624.02 948.00
1624.00 949.00
1624.00 949.00
1624.00 949.00
1624.00 949.00
1624.00 949.00
1624.00 949.00
1624.00 949.00
1624.00 949.00
1623.99 953.00
1623.99 953.00
1623.99 953.00
1623.99 954.00
1623.99 954.00
1623.99 954.00
1623.99 954.00
1623.99 954.00
1623.99 954.00
1623.99 954.00
1623.99 954.00
1623.99 954.00
1623.99 959.00
1623.99 959.00
1623.91 960.00
1623.91 960.00
1623.63 961.00
1623.63 961.00
1623.25 962.00
1623.25 962.00
1623.05 963.00
1623.12 963.00
1623.05 963.00
1623.05 963.00
1623.00 965.00
1623.00 965.00
1623.00 966.00
1623.00 966.00
1623.00 967.00
1623.00 967.00
1623.05 963.00
1623.12 963.00
1623.25 962.00
1623.12 963.00
1623.12 963.00
1623.01 964.00
1623.01 964.00
1623.00 965.00
1623.00 967.00
1623.00 972.00
1623.00 973.00
1623.00 973.00
1622.99 974.00
1622.99 974.00
1622.94 975.00
1622.94 975.00
1622.52 976.00
1622.52 976.00
1622.17 977.00
1622.17 977.00
1622.06 978.00
1622.06 978.00
1622.17 977.00
1622.17 977.00
1622.33 977.00
1622.33 977.00
1622.52 976.00
1622.52 976.00
1622.52 976.00
1622.52 976.00
1622.33 977.00
1622.33 977.00
1622.06 978.00
1622.06 978.00
1622.01 980.00
1621.99 983.00
1621.99 983.00
1621.99 983.00
1621.99 983.00
1621.99 983.00
1621.99 983.00
1621.99 983.00
1621.99 983.00
1621.99 983.00
1621.99 984.00
1621.99 984.00
1622.01 987.00
1622.01 987.00
1622.01 987.00
1621.99 991.00
1621.99 991.00
1621.99 991.00
1621.99 991.00
1621.99 991.00
1621.99 991.00
1621.99 991.00
1621.99 991.00
1621.99 991.00
1621.98 997.00
1621.98 997.00
1621.98 997.00
1621.98 997.00
1621.98 997.00
1621.98 997.00
1621.89 1000.00
1621.89 1000.00
1621.58 1001.00
1621.58 1001.00
1621.22 1002.00
1621.22 1002.00
1621.03 1003.00
1621.03 1003.00
1621.00 1004.00
1621.00 1004.00
1621.00 1004.00
1621.00 1004.00
1621.00 1004.00
1621.00 1004.00
1621.00 1007.00
1621.00 1007.00
1621.00 1008.00
1621.00 1008.00
1620.99 1009.00
1620.99 1009.00
1620.99 1010.00
1620.99 1010.00
1620.99 1010.00
1620.99 1010.00
1620.99 1010.00
1620.99 1010.00
1620.99 1010.00
1620.99 1010.00
1620.99 1010.00
1620.99 1010.00
1620.99 1010.00
1620.99 1010.00
1620.99 1010.00
1620.99 1010.00
1621.00 1011.00
1621.00 1011.00
1621.00 1012.00
1621.00 1012.00
1621.00 1019.00
1621.00 1019.00
1621.00 1019.00
1621.00 1019.00
1621.00 1019.00
1621.00 1019.00
1621.00 1019.00
1620.99 1023.00
1620.99 1023.00
1620.93 1024.00
1620.93 1024.00
1620.68 1025.00
1620.68 1025.00
1620.16 1026.00
1620.16 1026.00
1620.02 1027.00
1620.02 1027.00
1620.00 1028.00
1620.00 1028.00
1620.00 1029.00
1620.00 1029.00
1620.00 1030.00
1620.00 1030.00
1620.00 1031.00
1620.00 1031.00
1619.99 1032.00
1619.99 1032.00
1619.93 1033.00
1619.93 1033.00
1619.93 1033.00
1619.83 1034.00
1619.68 1034.00
1619.68 1034.00
1619.68 1034.00
1619.68 1034.00
1619.49 1035.00
1619.49 1035.00
1619.49 1035.00
1619.68 1034.00
1619.68 1034.00
1619.83 1034.00
1619.93 1033.00
1619.83 1034.00
1619.83 1034.00
1619.49 1035.00
1619.49 1035.00
1619.06 1036.00
1619.06 1036.00
1619.01 1037.00
1619.01 1037.00
1619.00 1038.00
1619.00 1038.00
1619.00 1041.00
1619.00 1041.00
1619.00 1041.00
1619.00 1041.00
1619.00 1041.00
1619.00 1041.00
1619.00 1042.00
1619.00 1042.00
1618.97 1043.00
1618.97 1043.00
1618.81 1044.00
1618.81 1044.00
1618.81 1044.00
1618.45 1045.00
1618.45 1045.00
1618.13 1046.00
1618.13 1046.00
1618.02 1047.00
1618.02 1047.00
1618.00 1048.00
1618.00 1048.00
1618.00 1053.00
1618.00 1053.00
1618.00 1053.00
1618.00 1053.00
1618.00 1053.00
1618.00 1053.00
1618.00 1053.00
1618.00 1053.00
1618.00 1053.00
1618.00 1053.00
1618.00 1054.00
1618.00 1054.00
1618.00 1055.00
1618.00 1056.00
1618.00 1056.00
1618.00 1063.00
1618.00 1063.00
1618.00 1064.00
1618.00 1064.00
1618.00 1065.00
1618.00 1065.00
1618.00 1066.00
1618.00 1066.00
1618.00 1067.00
1618.00 1067.00
1618.00 1068.00
1618.00 1068.00
1618.00 1068.00
1618.00 1068.00
1618.00 1068.00
1618.00 1068.00
1618.00 1068.00
1618.00 1068.00
1618.00 1068.00
1618.00 1068.00
1618.00 1068.00
1618.00 1068.00
1618.00 1068.00
1617.99 1075.00
1617.99 1075.00
1617.99 1076.00
1617.99 1076.00
1617.99 1076.00
1617.99 1076.00
1617.99 1076.00
1617.99 1076.00
1617.99 1076.00
1617.99 1076.00
1617.99 1076.00
1617.99 1076.00
1617.99 1076.00
1617.99 1076.00
1617.99 1076.00
1617.99 1076.00
1617.92 1083.00
1617.92 1083.00
1617.64 1084.00
1617.64 1084.00
1617.45 1085.00
1617.45 1085.00
1617.27 1085.00
1617.27 1085.00
1617.13 1086.00
1617.13 1086.00
1617.13 1086.00
1617.13 1086.00
1617.13 1086.00
1617.27 1085.00
1617.27 1085.00
1617.45 1085.00
1617.45 1085.00
1617.45 1085.00
1617.13 1086.00
1617.13 1086.00
1617.00 1087.00
1617.00 1087.00
1617.00 1094.00
1617.00 1094.00
1617.00 1095.00
1617.00 1095.00
1617.00 1096.00
1617.00 1096.00
1617.00 1096.00
1617.00 1096.00
1617.00 1096.00
1617.00 1096.00
1617.00 1096.00
1617.00 1096.00
1617.00 1096.00
1617.00 1096.00
1617.00 1096.00
1617.00 1096.00
1617.00 1096.00
1617.00 1096.00
1617.00 1096.00
1617.00 1097.00
1617.00 1097.00
1617.00 1098.00
1617.00 1098.00
1617.00 1099.00
1617.00 1099.00
1617.00 1100.00
1617.00 1100.00
1617.00 1107.00
1617.00 1107.00
1617.00 1108.00
1617.00 1109.00
1617.00 1109.00
1617.00 1104.00
1617.00 1104.00
1617.00 1111.00
1617.00 1111.00
1616.98 1112.00
1616.98 1112.00
1616.88 1113.00
1616.88 1113.00
1616.57 1114.00
1616.57 1114.00
1616.20 1115.00
1616.20 1115.00
1616.20 1115.00
1616.38 1115.00
1616.38 1115.00
1616.57 1114.00
1616.57 1114.00
1616.75 1114.00
1616.75 1114.00
1616.88 1113.00
1616.95 1113.00
1616.75 1114.00
1616.75 1114.00
1616.38 1115.00
1616.38 1115.00
1616.08 1116.00
1616.08 1116.00
1616.01 1120.00
1616.01 1120.00
1616.01 1120.00
1616.01 1120.00
1616.01 1120.00
1616.01 1120.00
1616.01 1120.00
1616.01 1121.00
1616.01 1121.00
1616.01 1122.00
1616.01 1122.00
1616.00 1123.00
1616.00 1123.00
1616.00 1124.00
1615.99 1128.00
1615.99 1128.00
1615.99 1128.00
1615.99 1128.00
1616.00 1132.00
1616.00 1133.00
1616.00 1133.00
1616.00 1133.00
1616.00 1134.00
1616.00 1134.00
1616.00 1135.00
1616.00 1136.00
1616.00 1136.00
1616.01 1137.00
1616.00 1131.00
1616.00 1132.00
1616.00 1132.00
1616.00 1133.00
1616.00 1133.00
1616.00 1134.00
1616.00 1134.00
1616.00 1135.00
1616.00 1135.00
1616.00 1142.00
1616.00 1142.00
1616.00 1143.00
1616.01 1139.00
1616.00 1143.00
1616.00 1144.00
1615.99 1145.00
1615.99 1145.00
1615.99 1146.00
1615.99 1146.00
1615.98 1147.00
1615.98 1147.00
1615.98 1148.00
1615.98 1148.00
1615.98 1148.00
1615.98 1148.00
1615.98 1148.00
1615.98 1148.00
1615.90 1151.00
1615.90 1151.00
1615.76 1152.00
1615.76 1152.00
1615.76 1152.00
1615.58 1152.00
1615.58 1152.00
1615.58 1152.00
1615.39 1153.00
1615.31 1155.00
1615.23 1153.00
1615.17 1155.00
1615.11 1154.00
1615.11 1154.00
1615.11 1154.00
1615.11 1154.00
1615.11 1154.00
1615.11 1154.00
1615.11 1154.00
1615.11 1154.00
1615.17 1155.00
1615.17 1155.00
1615.69 1156.00
1615.69 1156.00
1615.97 1157.00
1615.97 1157.00
1615.57 1164.00
1615.57 1164.00
1614.65 1165.00
1614.65 1165.00
1614.40 1166.00
1614.40 1166.00
1614.65 1165.00
1614.65 1165.00
1614.65 1165.00
1614.96 1165.00
1614.96 1165.00
1614.96 1165.00
1615.28 1165.00
1615.57 1164.00
1615.57 1164.00
1615.28 1165.00
1615.28 1165.00
1615.28 1165.00
1614.40 1166.00
1614.40 1166.00
1614.09 1167.00
1614.09 1167.00
1614.01 1173.00
1614.01 1173.00
1614.01 1173.00
1614.01 1173.00
1614.01 1173.00
1614.01 1173.00
1614.01 1173.00
1614.01 1173.00
1614.01 1173.00
1614.01 1173.00
1614.01 1173.00
1614.01 1174.00
1614.01 1174.00
1614.01 1175.00
1614.01 1175.00
1614.01 1176.00
1614.01 1176.00
1614.00 1177.00
1614.00 1177.00
1614.00 1178.00
1614.00 1178.00
1614.00 1179.00
1614.00 1179.00
1614.00 1180.00
1614.00 1180.00
1614.00 1181.00
1614.00 1181.00
1614.00 1188.00
1614.00 1188.00
1614.00 1189.00
1614.00 1190.00
1614.00 1190.00
1614.00 1191.00
1614.00 1191.00
1614.00 1192.00
1614.00 1192.00
1614.00 1192.00
1614.00 1193.00
1614.00 1193.00
1614.00 1194.00
1614.00 1194.00
1614.00 1195.00
1614.00 1195.00
1614.00 1196.00
1614.00 1196.00
1614.00 1197.00
1614.00 1197.00
1614.00 1198.00
1614.00 1199.00
1614.00 1199.00
1614.00 1194.00
1614.00 1194.00
1614.00 1195.00
1614.00 1195.00
1614.00 1196.00
1614.00 1196.00
1614.00 1197.00
1614.00 1197.00
1614.00 1198.00
1614.00 1198.00
1614.00 1205.00
1614.00 1205.00
1614.00 1206.00
1614.00 1206.00
1614.00 1207.00
1614.00 1207.00
1614.00 1208.00
1614.00 1208.00
1614.00 1209.00
1614.00 1209.00
1614.00 1210.00
1614.00 1210.00
1613.99 1211.00
1613.99 1211.00
1613.99 1212.00
1613.99 1212.00
1613.99 1212.00
1613.99 1212.00
1613.99 1212.00
1613.99 1212.00
1613.95 1215.00
1613.95 1215.00
1613.95 1215.00
1613.87 1216.00
1613.99 1215.00
1614.00 1214.00
1614.00 1214.00
1614.00 1214.00
1614.00 1214.00
1614.00 1214.00
1614.00 1214.00
1614.00 1214.00
1613.99 1215.00
1613.95 1215.00
1613.87 1216.00
1613.73 1216.00
1613.73 1216.00
1613.35 1217.00
1613.35 1217.00
1613.08 1218.00
1613.08 1218.00
1613.48 1225.00
1613.48 1225.00
1613.82 1226.00
1613.82 1226.00
1613.98 1227.00
1613.98 1227.00
1613.93 1227.00
1613.82 1226.00
1613.82 1226.00
1613.67 1226.00
1613.67 1226.00
1613.48 1225.00
1613.48 1225.00
1613.29 1225.00
1613.67 1226.00
1613.67 1226.00
1613.93 1227.00
1613.93 1227.00
1613.99 1229.00
1613.99 1229.00
1613.99 1229.00
1614.00 1230.00
1614.00 1230.00
1614.01 1231.00
1614.01 1231.00
1614.02 1232.00
1614.02 1232.00
1614.14 1233.00
1614.14 1233.00
1614.66 1234.00
1614.66 1234.00
1614.02 1263.00
1614.02 1263.00
1614.01 1264.00
1614.01 1264.00
1614.00 1265.00
1614.00 1265.00
1613.99 1266.00
1613.99 1266.00
1613.99 1266.00
1613.99 1266.00
1613.99 1266.00
1613.93 1268.00
1613.93 1268.00
1613.66 1269.00
1613.66 1269.00
1613.15 1270.00
1613.15 1270.00
1613.02 1271.00
1613.02 1271.00
1613.00 1272.00
1613.00 1272.00
1613.00 1273.00
1613.00 1273.00
1613.00 1274.00
1613.00 1274.00
1613.00 1275.00
1613.00 1275.00
1613.00 1276.00
1613.00 1276.00
1613.00 1276.00
1613.00 1276.00
1613.00 1276.00
1613.00 1272.00
1613.00 1272.00
1613.00 1273.00
1613.00 1273.00
1613.00 1274.00
1613.00 1274.00
1613.00 1280.00
1613.00 1280.00
1613.00 1280.00
1613.00 1280.00
1613.00 1280.00
1613.00 1280.00
1613.00 1280.00
1613.00 1280.00
1613.00 1280.00
1613.00 1280.00
1613.00 1280.00
1613.00 1280.00
1613.00 1281.00
1613.00 1281.00
1613.00 1282.00
1613.00 1282.00
1613.00 1283.00
1613.00 1283.00
1613.00 1284.00
1613.00 1284.00
1613.00 1285.00
1613.00 1285.00
1612.98 1286.00
1612.98 1286.00
1612.84 1287.00
1612.84 1287.00
1612.51 1288.00
1612.51 1288.00
1612.51 1288.00
1612.06 1289.00
1612.06 1289.00
1612.02 1292.00
1612.02 1292.00
1612.02 1292.00
1612.02 1292.00
1612.02 1292.00
1612.02 1292.00
1612.01 1293.00
1612.01 1293.00
1612.00 1294.00
1612.00 1294.00
1612.00 1301.00
1612.00 1301.00
1612.00 1302.00
1612.00 1302.00
1612.00 1303.00
1612.00 1303.00
1612.01 1304.00
1612.01 1304.00
1612.01 1305.00
1612.01 1305.00
1612.01 1305.00
1612.01 1305.00
1612.01 1305.00
1612.01 1305.00
1612.01 1305.00
1612.01 1305.00
1612.01 1305.00
1612.01 1305.00
1612.01 1305.00
1612.01 1305.00
1612.01 1305.00
1612.01 1305.00
1612.01 1306.00
1612.01 1306.00
1612.00 1307.00
1612.00 1307.00
1612.00 1307.00
1612.00 1308.00
1612.00 1308.00
1612.00 1309.00
1612.00 1309.00
1612.00 1316.00
1612.01 1317.00
1612.01 1317.00
1612.01 1318.00
1612.01 1318.00
1612.01 1318.00
1612.01 1318.00
1612.01 1318.00
1612.01 1318.00
1612.11 1321.00
1612.11 1321.00
1612.41 1322.00
1612.41 1322.00
1612.78 1323.00
1612.78 1323.00
1612.96 1324.00
1612.96 1324.00
1613.01 1325.00
1613.01 1325.00
1613.03 1326.00
1613.03 1326.00
1613.08 1326.00
1613.19 1327.00
1613.35 1327.00
1613.35 1327.00
1613.35 1327.00
1613.35 1327.00
1613.35 1327.00
1613.35 1327.00
1613.19 1327.00
1613.19 1327.00
1613.08 1326.00
1613.03 1326.00
1613.19 1327.00
1613.19 1327.00
1613.54 1328.00
1613.54 1328.00
1613.86 1329.00
1613.86 1329.00
1613.98 1330.00
1614.00 1331.00
1614.00 1331.00
1614.00 1336.00
1614.00 1336.00
1614.00 1336.00
1614.00 1336.00
1614.00 1336.00
1614.00 1336.00
1614.00 1336.00
1614.00 1336.00
1614.00 1336.00
1614.00 1336.00
1614.00 1336.00
1614.00 1337.00
1614.00 1337.00
1614.00 1338.00
1614.00 1338.00
1614.00 1339.00
1614.00 1340.00
1614.00 1340.00
1614.02 1341.00
1614.02 1341.00
1614.14 1342.00
1614.14 1342.00
1614.50 1352.00
1614.50 1352.00
1614.16 1353.00
1614.16 1353.00
1614.16 1353.00
1614.02 1354.00
1614.01 1355.00
1614.01 1355.00
1614.01 1355.00
1614.01 1355.00
1614.01 1355.00
1614.01 1355.00
1614.01 1355.00
1614.01 1355.00
1614.01 1355.00
1614.01 1355.00
1614.01 1355.00
1614.01 1355.00
1614.01 1355.00
1614.01 1355.00
1614.01 1355.00
1614.00 1362.00
1614.00 1362.00
1614.00 1363.00
1614.00 1363.00
1613.94 1364.00
1613.94 1364.00
1613.53 1365.00
1613.53 1365.00
1613.18 1366.00
1613.18 1366.00
1613.02 1367.00
1613.02 1367.00
1613.01 1368.00
1613.01 1368.00
1613.01 1368.00
1613.01 1368.00
1613.01 1368.00
1613.01 1368.00
1613.01 1368.00
1613.01 1368.00
1613.01 1368.00
1613.04 1369.00
1613.11 1369.00
1613.11 1369.00
1613.11 1369.00
1613.11 1369.00
1613.04 1369.00
1613.04 1369.00
1613.04 1369.00
1613.23 1370.00
1613.23 1370.00
1613.59 1371.00
1613.59 1371.00
1613.90 1372.00
1613.90 1372.00
1613.98 1375.00
1613.98 1375.00
1613.98 1375.00
1613.98 1375.00
1613.98 1375.00
1613.98 1375.00
1613.99 1376.00
1613.99 1376.00
1613.99 1383.00
1613.99 1383.00
1613.99 1384.00
1613.99 1384.00
1613.99 1384.00
1613.99 1384.00
1613.99 1384.00
1613.99 1384.00
1613.99 1384.00
1613.99 1384.00
1613.99 1384.00
1613.99 1384.00
1613.99 1384.00
1613.99 1384.00
1613.99 1384.00
1613.99 1384.00
1613.99 1385.00
1613.99 1385.00
1614.00 1386.00
1614.00 1386.00
1614.00 1387.00
1614.00 1387.00
1614.01 1390.00
1614.01 1390.00
1614.01 1390.00
1614.01 1390.00
1614.01 1390.00
1614.01 1390.00
1614.01 1390.00
1614.02 1391.00
1614.02 1391.00
1614.14 1392.00
1614.14 1392.00
1614.66 1393.00
1614.66 1393.00
1614.92 1394.00
1614.92 1394.00
1614.99 1395.00
1614.99 1395.00
1615.00 1396.00
1615.00 1396.00
1615.00 1397.00
1615.00 1397.00
1615.00 1404.00
1615.00 1404.00
1615.00 1405.00
1615.00 1405.00
1615.00 1406.00
1615.00 1406.00
1615.00 1406.00
1615.00 1406.00
1615.00 1406.00
1615.00 1406.00
1615.00 1406.00
1615.00 1406.00
1615.00 1406.00
1615.00 1406.00
1615.00 1406.00
1615.00 1406.00
1615.00 1406.00
1615.00 1407.00
1615.00 1407.00
1615.00 1408.00
1615.00 1408.00
1615.00 1415.00
1615.00 1415.00
1615.00 1416.00
1615.00 1416.00
1615.00 1418.00
1615.00 1418.00
1615.00 1418.00
1615.00 1419.00
1615.00 1419.00
1615.00 1420.00
1615.00 1420.00
1615.00 1421.00
1615.00 1421.00
1615.02 1422.00
1615.02 1422.00
1615.15 1423.00
1615.15 1423.00
1615.99 1429.00
1615.99 1429.00
1616.00 1430.00
1616.00 1430.00
1616.00 1437.00
1616.00 1437.00
1616.00 1438.00
1616.00 1438.00
1616.00 1443.00
1616.00 1443.00
1616.00 1444.00
1616.00 1444.00
1616.00 1445.00
1616.00 1481.00
1616.00 1481.00
1616.00 1481.00
1616.00 1481.00
1616.00 1481.00
1616.00 1481.00
1616.00 1481.00
1616.00 1481.00
1616.01 1482.00
1616.01 1482.00
1616.14 1483.00
1616.14 1483.00
1618.27 1525.00
1618.27 1525.00
1618.27 1526.00
1618.27 1526.00
1618.27 1526.00
1618.27 1526.00
1618.27 1526.00
1618.27 1526.00
1618.27 1526.00
1618.27 1526.00
1618.27 1526.00
1618.27 1526.00
1618.27 1526.00
1618.27 1526.00
1618.27 1526.00
1618.27 1526.00
1618.27 1526.00
1618.54 1527.00
1618.54 1527.00
1618.99 1530.00
1618.99 1530.00
1619.00 1531.00
1619.00 1531.00
1619.00 1536.00
1619.00 1536.00
1619.00 1536.00
1619.00 1536.00
1619.00 1536.00
1619.00 1536.00
1619.00 1536.00
1619.00 1536.00
1619.00 1536.00
1619.00 1536.00
1619.00 1536.00
1619.00 1537.00
1619.00 1537.00
1619.00 1538.00
1619.00 1538.00
1619.00 1545.00
1619.00 1545.00
1619.00 1546.00
1619.00 1546.00
1618.99 1547.00
1618.99 1547.00
1618.99 1548.00
1618.99 1548.00
1618.99 1548.00
1618.99 1548.00
1618.99 1548.00
1618.99 1548.00
1618.99 1548.00
1618.99 1548.00
1618.99 1548.00
1618.99 1548.00
1618.99 1548.00
1618.99 1548.00
1618.99 1548.00
1618.99 1548.00
1618.99 1548.00
1618.99 1549.00
1618.99 1549.00
1618.99 1556.00
1618.99 1556.00
1618.99 1556.00
1618.99 1556.00
1618.99 1556.00
1618.99 1556.00
1618.99 1556.00
1618.99 1556.00
1618.99 1556.00
1618.99 1556.00
1618.99 1556.00
1618.99 1556.00
1618.99 1556.00
1618.99 1556.00
1619.02 1557.00
1619.02 1557.00
1619.22 1558.00
1619.22 1558.00
1619.59 1559.00
1619.59 1559.00
1619.89 1560.00
1619.89 1560.00
1619.99 1561.00
1619.99 1561.00
1619.99 1562.00
1619.99 1562.00
1619.99 1563.00
1619.99 1563.00
1620.00 1564.00
1620.00 1564.00
1620.00 1571.00
1620.00 1571.00
1619.99 1572.00
1619.99 1572.00
1619.99 1573.00
1619.99 1573.00
1619.99 1573.00
1619.99 1573.00
1619.99 1573.00
1619.99 1573.00
1619.99 1573.00
1619.99 1573.00
1619.99 1573.00
1619.99 1573.00
1619.99 1573.00
1619.99 1573.00
1619.99 1573.00
1619.99 1573.00
1619.99 1573.00
1619.99 1574.00
1619.99 1574.00
1619.99 1575.00
1619.99 1582.00
1619.99 1582.00
1619.99 1582.00
1619.99 1582.00
1619.99 1582.00
1619.99 1582.00
1619.99 1582.00
1619.99 1582.00
1619.99 1582.00
1619.99 1582.00
1619.99 1582.00
1619.99 1582.00
1619.99 1582.00
1619.99 1582.00
1619.99 1582.00
1620.01 1583.00
1620.01 1583.00
1620.18 1584.00
1620.18 1584.00
1620.53 1585.00
1620.53 1585.00
1620.94 1586.00
1620.94 1586.00
1620.99 1589.00
1620.99 1589.00
1620.99 1589.00
1620.99 1589.00
1620.99 1589.00
1620.99 1589.00
1620.99 1590.00
1620.99 1590.00
1620.99 1590.00
1621.00 1593.00
1621.00 1593.00
1621.00 1593.00
1621.00 1593.00
1621.00 1593.00
1621.00 1593.00
1621.02 1594.00
1621.02 1594.00
1621.21 1595.00
1621.21 1595.00
1621.57 1596.00
1621.57 1596.00
1621.88 1597.00
1621.88 1597.00
1621.99 1598.00
1621.99 1598.00
1621.99 1599.00
1621.99 1599.00
1622.00 1600.00
1622.00 1600.00
1622.00 1600.00
1622.00 1606.00
1622.00 1606.00
1622.00 1606.00
1622.00 1606.00
1622.00 1606.00
1622.00 1606.00
1622.00 1606.00
1622.00 1606.00
1622.00 1606.00
1622.00 1606.00
1622.00 1606.00
1622.00 1606.00
1622.00 1607.00
1622.00 1607.00
1622.00 1608.00
1622.00 1608.00
1622.00 1609.00
1622.00 1609.00
1622.00 1609.00
1622.00 1616.00
1622.00 1616.00
1622.00 1616.00
1622.00 1616.00
1622.00 1616.00
1622.00 1616.00
1622.00 1616.00
1622.00 1616.00
1622.00 1616.00
1622.00 1616.00
1622.00 1616.00
1622.00 1616.00
1622.00 1616.00
1622.00 1616.00
1622.00 1617.00
1622.00 1617.00
1622.00 1618.00
1622.00 1618.00
1622.02 1619.00
1622.02 1619.00
1622.15 1620.00
1622.15 1620.00
1622.66 1621.00
1622.66 1621.00
1622.93 1622.00
1622.93 1622.00
1623.03 1623.00
1623.03 1623.00
1623.03 1623.00
1623.23 1624.00
1623.23 1624.00
1623.60 1625.00
1623.60 1625.00
1623.92 1626.00
1623.92 1626.00
1624.15 1627.00
1624.15 1627.00
1624.15 1627.00
1624.69 1628.00
1624.69 1628.00
1624.93 1629.00
1624.93 1629.00
1624.99 1630.00
1624.99 1630.00
1625.00 1636.00
1625.00 1636.00
1625.00 1636.00
1625.00 1636.00
1625.00 1636.00
1625.00 1636.00
1625.00 1636.00
1625.00 1636.00
1625.00 1636.00
1625.00 1636.00
1625.00 1636.00
1625.00 1637.00
1625.00 1637.00
1625.00 1644.00
1625.00 1644.00
1625.00 1645.00
1625.00 1645.00
1624.99 1646.00
1624.99 1646.00
1624.99 1647.00
1624.99 1647.00
1624.99 1648.00
1624.99 1648.00
1624.99 1648.00
1624.99 1648.00
1624.99 1648.00
1624.99 1648.00
1624.99 1648.00
1624.99 1648.00
1624.99 1648.00
1624.99 1648.00
1624.99 1648.00
1624.99 1648.00
1624.99 1655.00
1624.99 1655.00
1624.99 1655.00
1624.99 1655.00
1624.99 1655.00
1624.99 1655.00
1624.99 1655.00
1624.99 1655.00
1624.99 1655.00
1624.99 1655.00
1624.99 1655.00
1624.99 1655.00
1624.99 1655.00
1624.99 1655.00
1625.00 1656.00
1625.00 1656.00
1625.00 1656.00
1625.17 1657.00
1625.17 1657.00
1625.52 1658.00
1625.52 1658.00
1625.94 1659.00
1625.94 1659.00
1626.00 1660.00
1626.00 1660.00
1626.00 1662.00
1626.00 1662.00
1626.00 1662.00
1626.00 1662.00
1626.00 1663.00
1626.00 1663.00
1626.00 1664.00
1626.00 1664.00
1626.00 1665.00
1626.00 1665.00
1626.03 1666.00
1626.03 1666.00
1626.18 1667.00
1626.18 1667.00
1626.52 1668.00
1626.52 1668.00
1626.52 1668.00
1626.86 1669.00
1626.86 1669.00
1626.98 1672.00
1626.98 1672.00
1626.98 1672.00
1626.98 1672.00
1626.98 1672.00
1626.98 1672.00
1626.99 1673.00
1626.99 1673.00
1626.99 1678.00
1626.99 1678.00
1626.99 1678.00
1626.99 1678.00
1626.99 1678.00
1626.99 1678.00
1626.99 1678.00
1626.99 1678.00
1626.99 1678.00
1626.99 1678.00
1626.99 1678.00
1627.00 1679.00
1627.00 1679.00
1627.05 1680.00
1627.05 1680.00
1627.26 1681.00
1627.26 1681.00
1627.64 1682.00
1627.64 1682.00
1627.92 1683.00
1627.92 1683.00
1627.99 1685.00
1627.99 1685.00
1627.99 1685.00
1627.99 1685.00
1627.99 1686.00
1627.99 1686.00
1628.00 1689.00
1628.00 1689.00
1628.00 1689.00
1628.00 1689.00
1628.00 1689.00
1628.00 1689.00
1628.00 1689.00
1628.00 1690.00
1628.00 1690.00
1628.15 1691.00
1628.15 1691.00
1628.67 1692.00
1628.67 1692.00
1628.93 1693.00
1628.93 1693.00
1628.99 1694.00
1628.99 1694.00
1629.00 1695.00
1629.00 1695.00
1629.01 1696.00
1629.01 1696.00
1629.05 1697.00
1629.05 1697.00
1629.27 1698.00
1629.27 1698.00
1629.27 1698.00
1629.65 1699.00
1629.65 1699.00
1629.92 1700.00
1629.92 1700.00
1629.99 1701.00
1629.99 1701.00
1629.99 1704.00
1629.99 1704.00
1629.99 1704.00
1629.99 1704.00
1629.99 1704.00
1629.99 1704.00
1630.00 1705.00
1630.00 1705.00
1630.00 1706.00
1630.00 1706.00
1630.00 1707.00
1630.00 1707.00
1630.02 1708.00
1630.02 1708.00
1630.16 1709.00
1630.16 1709.00
1630.16 1709.00
1630.70 1710.00
1630.70 1710.00
1630.93 1711.00
1630.93 1711.00
1631.00 1712.00
1631.00 1712.00
1631.00 1716.00
1631.00 1716.00
1631.00 1716.00
1631.00 1716.00
1631.00 1716.00
1631.00 1716.00
1631.00 1716.00
1631.00 1716.00
1631.00 1717.00
1631.00 1717.00
1631.00 1718.00
1631.00 1718.00
1631.01 1719.00
1631.01 1719.00
1631.01 1719.00
1631.03 1720.00
1631.03 1720.00
1631.21 1721.00
1631.21 1721.00
1631.59 1722.00
1631.59 1722.00
1632.02 1723.00
1632.02 1723.00
1632.11 1726.00
1632.11 1726.00
1632.11 1726.00
1632.11 1726.00
1632.11 1726.00
1632.11 1726.00
1632.11 1726.00
1632.24 1727.00
1632.24 1727.00
1632.60 1728.00
1632.60 1728.00
1632.90 1729.00
1632.90 1729.00
1632.99 1731.00
1632.99 1731.00
1632.99 1731.00
1632.99 1731.00
1633.00 1732.00
1633.00 1732.00
1633.00 1734.00
1633.00 1734.00
1633.00 1734.00
1633.00 1734.00
1633.04 1735.00
1633.04 1735.00
1633.04 1735.00
1633.25 1736.00
1633.25 1736.00
1633.62 1737.00
1633.62 1737.00
1633.91 1738.00
1633.91 1738.00
1633.99 1739.00
1633.99 1739.00
1633.99 1740.00
1633.99 1740.00
1634.00 1741.00
1634.00 1741.00
1634.01 1743.00
1634.01 1743.00
1634.01 1743.00
1634.01 1743.00
1634.01 1743.00
1634.04 1744.00
1634.04 1744.00
1634.26 1745.00
1634.26 1745.00
1634.63 1746.00
1634.63 1746.00
1634.91 1747.00
1634.91 1747.00
1634.99 1748.00
1634.99 1748.00
1635.00 1749.00
1635.00 1749.00
1635.00 1749.00
1635.04 1750.00
1635.04 1750.00
1635.22 1751.00
1635.22 1751.00
1635.59 1752.00
1635.59 1752.00
1635.89 1753.00
1635.89 1753.00
1636.01 1754.00
1636.01 1754.00
1636.17 1755.00
1636.17 1755.00
1636.26 1758.00
1636.26 1758.00
1636.26 1758.00
1636.26 1758.00
1636.26 1758.00
1636.26 1758.00
1636.26 1758.00
1636.65 1759.00
1636.65 1759.00
1636.92 1760.00
1636.92 1760.00
1636.99 1761.00
1636.99 1761.00
1637.00 1762.00
1637.00 1762.00
1637.04 1763.00
1815.01 256.00
1815.01 256.00
1815.01 256.00
1815.01 256.00
1815.00 257.00
1814.68 259.00
1814.50 260.00
1814.31 260.00
1814.03 261.00
1813.78 262.00
1813.60 262.00
1813.23 263.00
1813.09 264.00
1812.86 265.00
1812.70 265.00
1812.70 265.00
1812.51 265.00
1812.51 265.00
1812.32 266.00
1812.16 266.00
1812.16 266.00
1811.93 267.00
1811.79 268.00
1811.62 268.00
1811.25 269.00
1811.04 270.00
1810.84 272.00
1810.69 272.00
1810.50 272.00
1810.31 273.00
1810.31 273.00
1810.15 273.00
1810.03 274.00
1809.92 274.00
1809.79 275.00
1809.79 275.00
1809.61 275.00
1809.24 276.00
1809.04 277.00
1808.84 279.00
1808.51 279.00
1808.32 280.00
1808.16 280.00
1808.07 281.00
1807.96 282.00
1807.89 282.00
1807.76 283.00
1807.76 283.00
1807.58 283.00
1807.58 283.00
1807.37 284.00
1807.37 284.00
1807.37 284.00
1807.16 284.00
1807.16 284.00
1806.95 285.00
1806.95 285.00
1806.75 285.00
1806.53 285.00
1806.34 286.00
1806.07 287.00
1805.77 289.00
1805.60 289.00
1805.40 290.00
1805.23 290.00
1805.09 291.00
1805.09 291.00
1804.98 291.00
1804.86 292.00
1804.70 292.00
1804.70 292.00
1804.52 292.00
1804.52 292.00
1804.33 293.00
1804.33 293.00
1804.17 293.00
1803.97 295.00
1803.77 296.00
1803.41 297.00
1803.23 297.00
1802.99 299.00
1802.83 300.00
1802.67 300.00
1802.47 301.00
1802.47 301.00
1802.26 301.00
1802.26 301.00
1802.26 301.00
1802.05 301.00
1802.05 301.00
1801.84 302.00
1801.84 302.00
1801.63 302.00
1801.63 302.00
1801.42 303.00
1801.42 303.00
1801.12 304.00
1800.93 306.00
1800.67 307.00
1800.49 308.00
1800.16 308.00
1800.01 311.00
1799.86 312.00
1799.86 312.00
1799.71 313.00
1799.52 313.00
1799.52 313.00
1799.34 314.00
1799.34 314.00
1799.18 314.00
1799.08 315.00
1799.02 315.00
1798.97 317.00
1798.90 317.00
1798.77 318.00
1798.60 318.00
1798.41 319.00
1798.23 319.00
1797.98 320.00
1797.98 320.00
1797.52 321.00
1797.52 321.00
1797.17 322.00
1797.17 322.00
1796.93 323.00
1796.93 323.00
1796.63 324.00
1796.63 324.00
1796.43 325.00
1796.43 325.00
1796.43 325.00
1796.25 325.00
1796.25 325.00
1796.12 326.00
1796.04 326.00
1795.94 327.00
1795.85 328.00
1795.70 328.00
1795.70 328.00
1795.52 328.00
1795.52 328.00
1795.33 329.00
1795.33 329.00
1795.17 329.00
1795.07 330.00
1794.90 331.00
1794.62 332.00
1794.43 333.00
1794.11 334.00
1794.00 335.00
1794.00 335.00
1794.00 335.00
1793.92 337.00
1793.92 337.00
1793.66 338.00
1793.66 338.00
1793.14 339.00
1793.14 339.00
1793.00 340.00
1793.00 340.00
1792.87 341.00
1792.73 342.00
1792.55 342.00
1792.55 342.00
1792.35 343.00
1792.35 343.00
1792.19 343.00
1792.08 344.00
1792.02 344.00
1791.98 345.00
1791.91 345.00
1791.80 346.00
1791.64 346.00
1791.64 346.00
1791.44 347.00
1791.13 348.00
1790.95 349.00
1790.71 350.00
1790.52 350.00
1790.17 351.00
1790.17 351.00
1789.93 352.00
1789.93 352.00
1789.64 353.00
1789.64 353.00
1789.45 354.00
1789.45 354.00
1789.45 354.00
1789.26 354.00
1789.13 355.00
1789.13 355.00
1789.01 356.00
1789.00 357.00
1789.00 358.00
1789.00 358.00
1788.99 359.00
1788.99 359.00
1788.92 360.00
1788.92 360.00
1788.65 361.00
1788.27 362.00
1788.27 362.00
1788.05 363.00
1788.05 363.00
1787.95 364.00
1787.86 364.00
1787.72 365.00
1787.72 365.00
1787.54 365.00
1787.54 365.00
1787.35 366.00
1787.35 366.00
1787.19 366.00
1787.00 368.00
1787.00 368.00
1787.00 368.00
1786.89 370.00
1786.89 370.00
1786.57 371.00
1786.57 371.00
1786.22 372.00
1786.22 372.00
1785.97 373.00
1785.97 373.00
1785.51 374.00
1785.51 374.00
1785.17 375.00
1785.17 375.00
1785.02 376.00
1785.02 376.00
1784.99 377.00
1784.99 377.00
1784.88 378.00
1784.88 378.00
1784.58 379.00
1784.58 379.00
1784.22 380.00
1784.22 380.00
1784.03 381.00
1784.00 382.00
1784.00 382.00
1783.92 383.00
1783.92 383.00
1783.64 384.00
1783.64 384.00
1783.27 385.00
1783.27 385.00
1783.13 386.00
1783.13 386.00
1783.13 386.00
1783.13 386.00
1783.13 386.00
1783.27 385.00
1783.27 385.00
1783.45 385.00
1783.45 385.00
1783.45 385.00
1783.45 385.00
1783.45 385.00
1783.13 386.00
1783.13 386.00
1783.00 387.00
1783.00 387.00
1782.86 388.00
1782.86 388.00
1782.36 389.00
1782.36 389.00
1782.08 390.00
1782.08 390.00
1782.01 392.00
1782.01 392.00
1782.01 392.00
1782.01 392.00
1781.97 393.00
1781.97 393.00
1781.77 394.00
1781.77 394.00
1781.41 395.00
1781.10 396.00
1781.10 396.00
1781.01 397.00
1781.01 397.00
1780.98 398.00
1780.98 398.00
1780.82 399.00
1780.82 399.00
1780.47 400.00
1780.47 400.00
1780.05 401.00
1780.05 401.00
1779.95 402.00
1779.95 402.00
1779.74 403.00
1779.74 403.00
1779.74 403.00
1779.37 404.00
1779.37 404.00
1779.09 405.00
1779.09 405.00
1779.01 406.00
1779.01 406.00
1779.00 407.00
1779.00 407.00
1778.89 409.00
1778.76 410.00
1778.59 410.00
1778.40 411.00
1778.40 411.00
1778.23 411.00
1778.23 411.00
1778.10 412.00
1778.03 412.00
1777.93 413.00
1777.83 414.00
1777.83 414.00
1777.68 414.00
1777.49 415.00
1777.49 415.00
1777.30 415.00
1777.06 416.00
1776.87 418.00
1776.55 419.00
1776.36 420.00
1776.09 421.00
1775.99 423.00
1775.99 423.00
1775.89 425.00
1775.57 426.00
1775.57 426.00
1775.38 427.00
1775.38 427.00
1775.21 427.00
1775.21 427.00
1775.08 428.00
1774.97 428.00
1774.85 429.00
1774.85 429.00
1774.69 429.00
1774.69 429.00
1774.51 430.00
1774.51 430.00
1774.32 430.00
1774.16 430.00
1774.00 434.00
1774.00 434.00
1773.94 435.00
1773.94 435.00
1773.53 436.00
1773.53 436.00
1773.19 437.00
1773.19 437.00
1773.03 438.00
1773.03 438.00
1773.00 439.00
1773.00 439.00
1773.00 439.00
1773.00 439.00
1773.00 441.00
1773.00 441.00
1773.00 442.00
1773.00 442.00
1773.00 443.00
1773.00 443.00
1772.94 444.00
1772.94 444.00
1772.54 445.00
1772.19 446.00
1772.19 446.00
1772.03 447.00
1772.03 447.00
1771.99 448.00
1771.99 448.00
1771.90 449.00
1771.90 449.00
1771.90 449.00
1771.61 450.00
1771.61 450.00
1771.42 451.00
1771.24 451.00
1771.24 451.00
1771.24 451.00
1771.11 452.00
1771.04 452.00
1770.98 454.00
1770.93 454.00
1770.82 455.00
1770.67 455.00
1770.67 455.00
1770.48 456.00
1770.48 456.00
1770.30 456.00
1770.30 456.00
1770.15 456.00
1770.15 456.00
1770.02 457.00
1769.95 460.00
1769.86 461.00
1769.72 461.00
1769.72 461.00
1769.53 461.00
1769.53 461.00
1769.34 462.00
1769.02 463.00
1769.00 464.00
1769.00 465.00
1769.00 465.00
1768.99 466.00
1768.99 466.00
1768.88 467.00
1768.88 467.00
1768.57 468.00
1768.57 468.00
1768.21 469.00
1768.21 469.00
1768.04 470.00
1768.04 470.00
1768.01 471.00
1768.01 471.00
1768.00 472.00
1768.00 472.00
1767.99 473.00
1767.99 473.00
1767.99 473.00
1767.89 475.00
1767.89 475.00
1767.58 476.00
1767.58 476.00
1767.22 477.00
1767.22 477.00
1767.04 478.00
1767.04 478.00
1767.00 479.00
1767.00 479.00
1766.99 480.00
1766.99 480.00
1766.92 481.00
1766.92 481.00
1766.64 482.00
1766.64 482.00
1766.27 483.00
1766.27 483.00
1766.05 484.00
1766.05 484.00
1765.95 485.00
1765.53 486.00
1765.53 486.00
1765.18 487.00
1765.18 487.00
1765.03 488.00
1765.03 488.00
1765.00 489.00
1765.00 489.00
1765.00 490.00
1765.00 490.00
1764.99 491.00
1764.99 491.00
1764.88 492.00
1764.88 492.00
1764.57 493.00
1764.57 493.00
1764.21 494.00
1764.21 494.00
1764.04 495.00
1764.04 495.00
1764.00 496.00
1764.00 496.00
1764.00 497.00
1763.99 498.00
1763.99 498.00
1763.90 499.00
1763.90 499.00
1763.62 500.00
1763.62 500.00
1763.25 501.00
1763.25 501.00
1763.03 502.00
1763.03 502.00
1762.99 503.00
1762.99 503.00
1762.99 503.00
1762.99 503.00
1762.99 503.00
1762.99 503.00
1762.91 506.00
1762.91 506.00
1762.64 507.00
1762.64 507.00
1762.27 508.00
1762.05 509.00
1762.05 509.00
1762.00 510.00
1762.00 510.00
1762.00 511.00
1762.00 511.00
1762.00 512.00
1762.00 512.00
1761.99 513.00
1761.99 513.00
1761.92 514.00
1761.92 514.00
1761.92 514.00
1761.66 515.00
1761.66 515.00
1761.15 516.00
1761.15 516.00
1761.02 517.00
1761.00 518.00
1761.00 518.00
1761.00 519.00
1761.00 519.00
1761.00 520.00
1761.00 520.00
1760.93 521.00
1760.93 521.00
1760.51 522.00
1760.51 522.00
1760.17 523.00
1760.17 523.00
1760.02 524.00
1760.02 524.00
1760.00 525.00
1760.00 525.00
1760.00 526.00
1760.00 526.00
1759.99 527.00
1759.99 527.00
1759.87 528.00
1759.56 529.00
1759.56 529.00
1759.20 530.00
1759.20 530.00
1759.01 531.00
1759.01 531.00
1758.99 532.00
1758.99 532.00
1758.99 532.00
1758.99 532.00
1758.99 532.00
1758.99 532.00
1758.98 535.00
1758.98 535.00
1758.87 536.00
1758.87 536.00
1758.57 537.00
1758.57 537.00
1758.21 538.00
1758.21 538.00
1758.03 539.00
1758.00 540.00
1758.00 540.00
1758.00 541.00
1758.00 541.00
1758.00 542.00
1758.00 542.00
1758.00 543.00
1758.00 543.00
1757.99 544.00
1757.99 544.00
1757.88 545.00
1757.88 545.00
1757.56 546.00
1757.56 546.00
1757.21 547.00
1757.21 547.00
1757.04 548.00
1757.04 548.00
1757.00 549.00
1757.00 549.00
1756.99 550.00
1756.99 550.00
1756.99 550.00
1756.90 552.00
1756.90 552.00
1756.59 553.00
1756.59 553.00
1756.23 554.00
1756.23 554.00
1756.23 554.00
1756.04 555.00
1756.04 555.00
1756.01 556.00
1756.01 556.00
1756.00 557.00
1756.00 557.00
1755.99 558.00
1755.99 558.00
1755.99 558.00
1755.91 560.00
1755.91 560.00
1755.62 561.00
1755.62 561.00
1755.25 562.00
1755.25 562.00
1755.04 563.00
1755.04 563.00
1755.00 564.00
1755.00 564.00
1755.00 565.00
1755.00 565.00
1754.99 566.00
1754.99 566.00
1754.92 567.00
1754.92 567.00
1754.65 568.00
1754.65 568.00
1754.14 569.00
1754.14 569.00
1754.02 570.00
1754.00 571.00
1754.00 571.00
1754.00 572.00
1754.00 572.00
1753.99 573.00
1753.99 573.00
1753.93 574.00
1753.93 574.00
1753.70 575.00
1753.70 575.00
1753.16 576.00
1753.16 576.00
1753.02 577.00
1753.02 577.00
1753.01 578.00
1753.01 578.00
1753.00 579.00
1753.00 579.00
1752.99 580.00
1752.99 580.00
1752.99 581.00
1752.99 581.00
1752.99 581.00
1752.94 583.00
1752.94 583.00
1752.50 584.00
1752.50 584.00
1752.16 585.00
1752.16 585.00
1752.16 585.00
1752.02 586.00
1752.02 586.00
1752.00 587.00
1752.00 587.00
1752.00 588.00
1752.00 588.00
1752.00 589.00
1752.00 589.00
1752.00 590.00
1751.94 591.00
1751.94 591.00
1751.53 592.00
1751.53 592.00
1751.18 593.00
1751.18 593.00
1751.02 594.00
1751.02 594.00
1751.00 595.00
1751.00 595.00
1751.00 595.00
1751.00 595.00
1751.00 595.00
1751.00 595.00
1751.00 598.00
1751.00 598.00
1750.99 599.00
1750.99 599.00
1750.99 599.00
1750.99 599.00
1750.94 601.00
1750.94 601.00
1750.51 602.00
1750.51 602.00
1750.17 603.00
1750.17 603.00
1750.02 604.00
1750.02 604.00
1750.00 605.00
1750.00 605.00
1750.00 606.00
1750.00 606.00
1749.99 607.00
1749.99 607.00
1749.99 607.00
1749.99 607.00
1749.94 609.00
1749.94 609.00
1749.54 610.00
1749.19 611.00
1749.19 611.00
1749.01 612.00
1749.01 612.00
1748.99 613.00
1748.99 613.00
1748.99 613.00
1748.99 613.00
1748.99 613.00
1748.99 613.00
1748.99 613.00
1748.99 613.00
1748.99 613.00
1748.99 613.00
1748.95 618.00
1748.95 618.00
1748.53 619.00
1748.53 619.00
1748.18 620.00
1748.18 620.00
1748.02 621.00
1748.02 621.00
1748.01 622.00
1748.00 623.00
1748.00 623.00
1747.99 624.00
1747.99 624.00
1747.99 625.00
1747.99 625.00
1747.99 625.00
1747.99 625.00
1747.95 627.00
1747.95 627.00
1747.55 628.00
1747.55 628.00
1747.20 629.00
1747.20 629.00
1747.01 630.00
1747.01 630.00
1746.99 631.00
1746.99 631.00
1746.99 631.00
1746.99 631.00
1746.99 631.00
1746.99 631.00
1746.98 634.00
1746.98 634.00
1746.87 635.00
1746.87 635.00
1746.56 636.00
1746.56 636.00
1746.20 637.00
1746.20 637.00
1746.03 638.00
1746.03 638.00
1746.00 639.00
1746.00 639.00
1746.00 639.00
1746.00 639.00
1746.00 641.00
1746.00 641.00
1746.00 642.00
1746.00 643.00
1746.00 643.00
1746.00 643.00
1746.00 643.00
1746.00 643.00
1746.00 643.00
1746.00 643.00
1746.00 643.00
1745.94 647.00
1745.94 647.00
1745.51 648.00
1745.51 648.00
1745.17 649.00
1745.17 649.00
1745.02 650.00
1745.02 650.00
1745.00 651.00
1745.00 651.00
1745.00 652.00
1745.00 652.00
1745.00 653.00
1745.00 653.00
1745.00 654.00
1745.00 654.00
1744.94 655.00
1744.94 655.00
1744.53 656.00
1744.53 656.00
1744.18 657.00
1744.18 657.00
1744.02 658.00
1744.02 658.00
1744.00 659.00
1744.00 659.00
1744.00 660.00
1744.00 660.00
1744.00 661.00
1744.00 661.00
1743.98 662.00
1743.86 663.00
1743.86 663.00
1743.54 664.00
1743.54 664.00
1743.19 665.00
1743.19 665.00
1743.03 666.00
1743.03 666.00
1743.00 667.00
1743.00 667.00
1743.00 667.00
1743.00 667.00
1743.00 669.00
1743.00 669.00
1743.00 670.00
1743.00 670.00
1743.00 671.00
1743.00 671.00
1743.00 672.00
1743.00 672.00
1742.94 673.00
1742.94 673.00
1742.53 674.00
1742.53 674.00
1742.18 675.00
1742.18 675.00
1742.03 676.00
1742.03 676.00
1742.00 677.00
1742.00 677.00
1742.00 678.00
1742.00 678.00
1742.00 679.00
1742.00 679.00
1741.98 680.00
1741.98 680.00
1741.87 681.00
1741.87 681.00
1741.55 682.00
1741.20 683.00
1741.20 683.00
1741.03 684.00
1741.03 684.00
1741.00 685.00
1741.00 685.00
1741.00 685.00
1741.00 685.00
1741.09 684.00
1741.09 684.00
1741.09 684.00
1741.09 684.00
1741.03 684.00
1741.00 688.00
1741.00 688.00
1741.00 688.00
1741.00 688.00
1741.00 688.00
1741.00 688.00
1741.00 688.00
1741.00 693.00
1741.00 693.00
1740.99 694.00
1740.99 694.00
1740.92 695.00
1740.92 695.00
1740.66 696.00
1740.66 696.00
1740.14 697.00
1740.14 697.00
1740.02 698.00
1740.02 698.00
1740.00 699.00
1740.00 699.00
1740.00 700.00
1740.00 700.00
1740.00 701.00
1740.00 701.00
1739.93 702.00
1739.51 703.00
1739.51 703.00
1739.17 704.00
1739.17 704.00
1739.02 705.00
1739.02 705.00
1739.00 706.00
1739.00 706.00
1739.00 706.00
1739.00 706.00
1739.00 706.00
1739.00 706.00
1739.00 709.00
1739.00 709.00
1739.00 710.00
1739.00 710.00
1739.00 710.00
1739.00 710.00
1739.00 710.00
1739.00 710.00
1739.00 710.00
1739.00 710.00
1738.99 714.00
1738.99 714.00
1738.91 715.00
1738.91 715.00
1738.63 716.00
1738.63 716.00
1738.26 717.00
1738.26 717.00
1738.05 718.00
1738.05 718.00
1738.00 719.00
1738.00 719.00
1738.00 720.00
1738.00 720.00
1738.00 721.00
1738.00 721.00
1738.00 721.00
1738.00 721.00
1738.00 721.00
1738.00 721.00
1737.99 724.00
1737.99 724.00
1737.99 725.00
1737.99 725.00
1737.99 725.00
1737.99 725.00
1737.89 727.00
1737.89 727.00
1737.60 728.00
1737.60 728.00
1737.24 729.00
1737.24 729.00
1737.02 730.00
1737.02 730.00
1736.99 731.00
1736.99 731.00
1736.99 731.00
1736.99 731.00
1736.99 731.00
1736.99 734.00
1736.99 734.00
1736.89 735.00
1736.89 735.00
1736.61 736.00
1736.61 736.00
1736.24 737.00
1736.24 737.00
1736.04 738.00
1736.04 738.00
1736.00 739.00
1736.00 739.00
1736.00 740.00
1736.00 740.00
1736.00 741.00
1736.00 741.00
1736.00 741.00
1736.00 741.00
1736.00 741.00
1736.00 741.00
1736.00 741.00
1736.00 741.00
1736.00 741.00
1736.00 741.00
1735.99 746.00
1735.99 746.00
1735.99 747.00
1735.99 747.00
1735.99 747.00
1735.99 747.00
1735.99 747.00
1735.99 747.00
1735.94 750.00
1735.94 750.00
1735.52 751.00
1735.17 752.00
1735.17 752.00
1735.01 753.00
1735.01 753.00
1734.99 754.00
1734.99 754.00
1734.99 754.00
1734.99 754.00
1734.99 754.00
1734.99 754.00
1734.99 754.00
1734.99 754.00
1734.99 754.00
1734.99 754.00
1734.94 759.00
1734.94 759.00
1734.51 760.00
1734.51 760.00
1734.17 761.00
1734.17 761.00
1734.02 762.00
1734.02 762.00
1734.00 763.00
1734.00 763.00
1734.00 764.00
1734.00 764.00
1734.00 765.00
1734.00 765.00
1734.00 766.00
1734.00 766.00
1734.00 767.00
1734.00 767.00
1733.94 768.00
1733.94 768.00
1733.51 769.00
1733.51 769.00
1733.17 770.00
1733.17 770.00
1733.02 771.00
1733.02 771.00
1733.07 771.00
1733.07 771.00
1733.07 771.00
1733.00 773.00
1733.00 774.00
1733.00 774.00
1733.00 774.00
1733.00 774.00
1733.00 774.00
1733.00 774.00
1732.99 777.00
1732.99 777.00
1732.99 778.00
1732.99 778.00
1732.99 778.00
1732.99 778.00
1732.93 780.00
1732.65 781.00
1732.65 781.00
1732.14 782.00
1732.14 782.00
1732.02 783.00
1732.02 783.00
1732.01 784.00
1732.01 784.00
1732.00 785.00
1732.00 785.00
1732.00 785.00
1732.00 786.00
1732.00 786.00
1731.99 787.00
1731.99 787.00
1731.99 787.00
1731.99 787.00
1731.99 787.00
1731.99 787.00
1731.99 787.00
1731.99 787.00
1731.99 787.00
1731.99 787.00
1731.99 787.00
1731.99 793.00
1731.99 793.00
1731.99 793.00
1731.99 793.00
1731.99 795.00
1731.99 795.00
1731.87 796.00
1731.87 796.00
1731.55 797.00
1731.55 797.00
1731.19 798.00
1731.19 798.00
1731.03 799.00
1731.03 799.00
1731.00 800.00
1731.00 800.00
1731.00 801.00
1731.00 801.00
1731.00 802.00
1731.00 802.00
1730.99 803.00
1730.99 803.00
1730.88 804.00
1730.88 804.00
1730.57 805.00
1730.57 805.00
1730.21 806.00
1730.21 806.00
1730.03 807.00
1730.03 807.00
1730.00 808.00
1730.00 808.00
1730.00 809.00
1730.00 810.00
1730.00 810.00
1730.00 811.00
1730.00 811.00
1730.00 811.00
1730.00 811.00
1730.00 811.00
1730.00 811.00
1730.00 811.00
1730.00 811.00
1729.99 815.00
1729.99 815.00
1729.99 815.00
1729.99 816.00
1729.99 816.00
1729.99 816.00
1729.93 818.00
1729.93 818.00
1729.67 819.00
1729.67 819.00
1729.15 820.00
1729.15 820.00
1729.02 821.00
1729.02 821.00
1729.00 822.00
1729.00 822.00
1729.00 823.00
1729.00 823.00
1729.00 824.00
1729.00 824.00
1729.00 825.00
1729.00 825.00
1729.00 825.00
1729.00 825.00
1728.99 827.00
1728.99 827.00
1728.92 828.00
1728.92 828.00
1728.66 829.00
1728.66 829.00
1728.14 830.00
1728.14 830.00
1728.02 831.00
1728.02 831.00
1728.00 832.00
1728.00 832.00
1728.00 833.00
1728.00 833.00
1728.00 833.00
1728.00 833.00
1728.00 835.00
1728.00 835.00
1728.00 836.00
1728.00 836.00
1728.00 837.00
1728.00 837.00
1728.00 837.00
1728.00 837.00
1728.00 837.00
1728.00 837.00
1728.00 837.00
1728.00 837.00
1728.00 837.00
1728.00 837.00
1728.00 837.00
1728.00 837.00
1728.00 843.00
1728.00 843.00
1728.00 844.00
1728.00 844.00
1727.94 845.00
1727.94 845.00
1727.53 846.00
1727.18 847.00
1727.18 847.00
1727.03 848.00
1727.03 848.00
1727.00 849.00
1727.00 849.00
1727.00 850.00
1727.00 850.00
1727.00 851.00
1727.00 851.00
1727.00 852.00
1727.00 852.00
1727.00 852.00
1727.00 852.00
1727.00 852.00
1727.00 852.00
1727.00 852.00
1727.00 852.00
1727.00 856.00
1727.00 856.00
1726.99 857.00
1726.99 857.00
1726.92 858.00
1726.92 858.00
1726.66 859.00
1726.66 859.00
1726.14 860.00
1726.14 860.00
1726.01 861.00
1726.01 861.00
1726.00 862.00
1726.00 862.00
1726.00 862.00
1726.00 862.00
1726.00 862.00
1726.00 862.00
1726.00 865.00
1726.00 865.00
1725.99 866.00
1725.99 866.00
1725.99 867.00
1725.99 867.00
1725.99 867.00
1725.99 867.00
1725.99 867.00
1725.99 867.00
1725.90 870.00
1725.90 870.00
1725.61 871.00
1725.61 871.00
1725.24 872.00
1725.24 872.00
1725.04 873.00
1725.04 873.00
1725.00 874.00
1725.00 874.00
1725.00 874.00
1725.00 876.00
1725.00 876.00
1725.00 877.00
1725.00 877.00
1725.00 878.00
1725.00 878.00
1725.00 878.00
1725.00 878.00
1725.00 878.00
1725.00 878.00
1724.99 881.00
1724.99 881.00
1724.88 882.00
1724.88 882.00
1724.58 883.00
1724.58 883.00
1724.58 883.00
1724.21 884.00
1724.09 885.00
1724.09 885.00
1724.01 886.00
1724.01 886.00
1724.01 886.00
1724.01 886.00
1724.00 888.00
1724.00 888.00
1723.99 889.00
1723.99 889.00
1723.99 890.00
1723.99 890.00
1723.99 890.00
1723.99 890.00
1723.99 890.00
1723.99 890.00
1723.99 890.00
1723.99 890.00
1723.99 890.00
1723.99 890.00
1723.99 890.00
1723.99 890.00
1723.99 890.00
1723.99 890.00
1723.99 891.00
1723.99 891.00
1724.00 898.00
1724.00 898.00
1724.00 898.00
1724.00 898.00
1724.00 898.00
1724.00 898.00
1724.00 898.00
1724.00 898.00
1724.00 898.00
1724.00 898.00
1723.98 903.00
1723.98 903.00
1723.86 904.00
1723.86 904.00
1723.55 905.00
1723.55 905.00
1723.19 906.00
1723.19 906.00
1723.03 907.00
1723.03 907.00
1723.00 908.00
1723.00 908.00
1723.00 908.00
1723.00 908.00
1723.00 908.00
1723.00 908.00
1723.00 911.00
1723.00 911.00
1723.00 912.00
1723.00 912.00
1723.00 912.00
1723.00 912.00
1723.00 912.00
1723.00 912.00
1723.00 912.00
1723.00 912.00
1723.00 912.00
1723.00 912.00
1723.00 912.00
1723.00 912.00
1723.00 912.00
1723.00 912.00
1723.00 913.00
1723.00 913.00
1723.00 914.00
1723.00 914.00
1723.00 919.00
1723.00 919.00
1723.00 919.00
1723.00 923.00
1723.00 923.00
1723.00 924.00
1723.00 924.00
1722.86 925.00
1722.86 925.00
1722.55 926.00
1722.55 926.00
1722.19 927.00
1722.19 927.00
1722.02 928.00
1722.02 928.00
1722.02 928.00
1722.00 929.00
1722.00 929.00
1722.00 929.00
1722.00 929.00
1722.00 929.00
1722.00 929.00
1722.00 929.00
1722.00 933.00
1722.00 933.00
1721.99 934.00
1721.99 934.00
1721.99 934.00
1721.99 934.00
1721.99 934.00
1721.99 934.00
1721.99 934.00
1721.99 934.00
1721.93 938.00
1721.93 938.00
1721.67 939.00
1721.67 939.00
1721.15 940.00
1721.15 940.00
1721.02 941.00
1721.02 941.00
1721.01 942.00
1721.01 942.00
1721.01 942.00
1721.01 942.00
1721.00 944.00
1721.00 944.00
1720.99 945.00
1720.99 945.00
1720.99 945.00
1720.99 945.00
1720.99 945.00
1720.99 945.00
1720.99 945.00
1720.99 945.00
1720.99 945.00
1720.99 945.00
1720.99 945.00
1720.99 945.00
1720.99 945.00
1720.99 945.00
1721.00 946.00
1721.00 946.00
1721.00 951.00
1721.00 951.00
1721.00 951.00
1721.00 951.00
1721.00 955.00
1721.00 955.00
1720.94 956.00
1720.94 956.00
1720.52 957.00
1720.52 957.00
1720.18 958.00
1720.18 958.00
1720.02 959.00
1720.02 959.00
1720.00 960.00
1720.00 960.00
1720.00 960.00
1720.00 960.00
1720.00 962.00
1720.00 962.00
1720.00 963.00
1720.00 963.00
1720.00 964.00
1720.00 964.00
1720.00 964.00
1720.00 964.00
1720.00 964.00
1720.00 964.00
1720.00 964.00
1720.00 964.00
1720.00 964.00
1720.00 964.00
1720.00 964.00
1720.00 964.00
1719.99 970.00
1719.99 970.00
1719.99 971.00
1719.99 971.00
1719.99 971.00
1719.99 971.00
1719.99 971.00
1719.99 971.00
1719.88 974.00
1719.88 974.00
1719.57 975.00
1719.57 975.00
1719.21 976.00
1719.21 976.00
1719.03 977.00
1719.03 977.00
1719.00 978.00
1719.00 978.00
1719.00 978.00
1719.00 978.00
1719.00 978.00
1719.00 978.00
1719.00 981.00
1719.00 981.00
1719.00 982.00
1719.00 982.00
1719.00 983.00
1719.00 983.00
1719.00 983.00
1719.00 983.00
1719.00 983.00
1719.00 983.00
1719.00 983.00
1719.00 983.00
1719.00 983.00
1719.00 983.00
1719.00 983.00
1719.00 983.00
1719.00 983.00
1719.00 983.00
1719.00 990.00
1719.00 990.00
1718.99 991.00
1718.99 991.00
1718.90 992.00
1718.90 992.00
1718.62 993.00
1718.62 993.00
1718.24 994.00
1718.24 994.00
1718.03 995.00
1717.99 996.00
1717.99 996.00
1717.99 996.00
1717.99 996.00
1717.99 996.00
1717.99 996.00
1717.99 996.00
1717.99 996.00
1717.99 996.00
1717.99 996.00
1717.99 996.00
1717.99 996.00
1717.99 996.00
1717.99 996.00
1717.99 996.00
1717.99 997.00
1717.99 997.00
1718.00 998.00
1718.00 1005.00
1718.00 1005.00
1718.00 1006.00
1718.00 1006.00
1718.00 1007.00
1718.00 1007.00
1717.99 1008.00
1717.99 1008.00
1717.99 1009.00
1717.99 1009.00
1717.99 1010.00
1717.99 1010.00
1717.99 1010.00
1717.99 1011.00
1717.99 1011.00
1717.99 1012.00
1717.99 1012.00
1717.99 1012.00
1717.99 1012.00
1717.99 1012.00
1717.99 1012.00
1717.99 1012.00
1717.99 1012.00
1717.99 1012.00
1717.99 1012.00
1717.99 1012.00
1717.99 1012.00
1717.99 1012.00
1717.99 1013.00
1717.99 1013.00
1717.99 1014.00
1717.99 1014.00
1717.99 1015.00
1717.99 1015.00
1717.89 1022.00
1717.89 1022.00
1717.60 1023.00
1717.60 1023.00
1717.26 1024.00
1717.26 1024.00
1717.06 1025.00
1717.06 1025.00
1717.01 1026.00
1717.01 1026.00
1717.00 1027.00
1717.00 1027.00
1717.00 1028.00
1717.00 1028.00
1716.99 1029.00
1716.99 1029.00
1716.99 1029.00
1716.99 1029.00
1716.99 1029.00
1716.99 1029.00
1716.99 1029.00
1716.99 1029.00
1716.99 1029.00
1716.99 1029.00
1716.99 1029.00
1716.99 1029.00
1716.99 1029.00
1716.99 1029.00
1716.99 1030.00
1716.99 1030.00
1717.00 1037.00
1717.00 1037.00
1716.99 1038.00
1716.99 1038.00
1716.98 1039.00
1716.98 1039.00
1716.98 1040.00
1716.98 1040.00
1716.98 1040.00
1716.98 1040.00
1716.98 1040.00
1716.98 1040.00
1716.98 1040.00
1716.98 1040.00
1716.98 1040.00
1716.98 1040.00
1716.98 1040.00
1716.98 1040.00
1716.88 1046.00
1716.88 1046.00
1716.57 1047.00
1716.57 1047.00
1716.22 1048.00
1716.22 1048.00
1716.04 1049.00
1716.04 1049.00
1716.00 1050.00
1716.00 1050.00
1716.00 1050.00
1716.00 1050.00
1716.00 1050.00
1716.00 1050.00
1716.00 1053.00
1716.00 1053.00
1716.00 1054.00
1716.00 1054.00
1716.00 1055.00
1716.00 1055.00
1716.00 1055.00
1716.00 1055.00
1716.00 1055.00
1716.00 1055.00
1716.00 1055.00
1716.00 1055.00
1716.00 1055.00
1716.00 1055.00
1716.00 1055.00
1716.00 1055.00
1716.00 1055.00
1716.00 1055.00
1716.00 1056.00
1716.00 1056.00
1716.00 1057.00
1716.00 1057.00
1716.00 1064.00
1716.00 1064.00
1716.00 1065.00
1716.00 1065.00
1716.00 1066.00
1716.00 1066.00
1716.00 1067.00
1716.00 1067.00
1716.00 1068.00
1716.00 1068.00
1716.00 1068.00
1716.00 1068.00
1716.00 1068.00
1715.94 1071.00
1715.94 1071.00
1715.94 1071.00
1715.53 1072.00
1715.53 1072.00
1715.18 1073.00
1715.18 1073.00
1715.02 1074.00
1715.02 1074.00
1715.00 1075.00
1715.00 1075.00
1715.00 1075.00
1715.00 1075.00
1715.00 1075.00
1715.00 1075.00
1715.00 1075.00
1715.00 1075.00
1715.00 1075.00
1715.00 1075.00
1715.00 1075.00
1714.99 1081.00
1714.99 1081.00
1714.99 1081.00
1714.99 1082.00
1714.99 1082.00
1714.99 1082.00
1714.99 1082.00
1714.99 1082.00
1714.99 1082.00
1714.99 1082.00
1714.99 1082.00
1714.99 1082.00
1714.99 1082.00
1714.99 1082.00
1714.99 1082.00
1714.99 1082.00
1715.00 1083.00
1715.00 1083.00
1715.00 1090.00
1715.00 1090.00
1714.94 1091.00
1714.94 1091.00
1714.54 1092.00
1714.54 1092.00
1714.54 1092.00
1714.19 1093.00
1714.19 1093.00
1714.03 1094.00
1714.03 1094.00
1714.00 1095.00
1714.00 1095.00
1714.00 1095.00
1714.00 1095.00
1714.00 1097.00
1714.00 1097.00
1714.00 1098.00
1714.00 1098.00
1714.00 1099.00
1714.00 1099.00
1714.00 1099.00
1714.00 1099.00
1714.00 1099.00
1714.00 1099.00
1714.00 1102.00
1714.00 1102.00
1714.00 1102.00
1714.00 1099.00
1714.00 1104.00
1714.00 1104.00
1713.99 1105.00
1713.99 1105.00
1713.91 1106.00
1713.91 1106.00
1713.63 1107.00
1713.63 1107.00
1713.31 1108.00
1713.31 1108.00
1713.25 1109.00
1713.25 1109.00
1713.25 1109.00
1713.25 1109.00
1713.25 1109.00
1713.25 1109.00
1713.25 1109.00
1713.31 1108.00
1713.45 1109.00
1713.45 1109.00
1713.45 1109.00
1713.31 1108.00
1713.25 1109.00
1713.25 1109.00
1713.60 1116.00
1713.60 1116.00
1713.23 1117.00
1713.23 1117.00
1713.04 1118.00
1713.04 1118.00
1713.00 1119.00
1713.00 1119.00
1713.11 1118.00
1713.23 1117.00
1713.23 1117.00
1713.23 1117.00
1713.23 1117.00
1713.23 1117.00
1713.11 1118.00
1713.04 1118.00
1713.00 1124.00
1713.00 1124.00
1713.00 1124.00
1713.00 1124.00
1713.00 1124.00
1713.00 1124.00
1713.00 1124.00
1713.00 1124.00
1713.00 1124.00
1713.00 1124.00
1713.00 1124.00
1713.00 1124.00
1713.00 1124.00
1713.00 1124.00
1713.00 1125.00
1713.00 1125.00
1713.00 1126.00
1713.00 1126.00
1713.00 1127.00
1713.00 1127.00
1713.00 1128.00
1713.00 1128.00
1713.00 1135.00
1713.00 1135.00
1713.00 1136.00
1713.00 1136.00
1713.00 1137.00
1713.00 1137.00
1713.00 1138.00
1713.00 1138.00
1713.00 1139.00
1713.00 1139.00
1713.00 1139.00
1713.00 1139.00
1713.00 1139.00
1713.00 1139.00
1713.00 1139.00
1713.00 1139.00
1713.00 1139.00
1713.00 1139.00
1713.00 1139.00
1713.00 1139.00
1713.00 1139.00
1713.00 1139.00
1713.00 1140.00
1713.00 1140.00
1713.00 1141.00
1713.00 1141.00
1713.00 1142.00
1713.00 1149.00
1713.00 1149.00
1713.00 1150.00
1713.00 1150.00
1713.00 1151.00
1713.00 1151.00
1713.00 1151.00
1713.00 1152.00
1713.00 1152.00
1713.00 1153.00
1713.00 1153.00
1712.93 1154.00
1712.93 1154.00
1712.67 1155.00
1712.67 1155.00
1712.15 1156.00
1712.15 1156.00
1712.15 1156.00
1712.15 1156.00
1712.06 1157.00
1712.01 1158.00
1712.01 1158.00
1712.01 1158.00
1712.00 1160.00
1712.00 1160.00
1711.99 1161.00
1711.99 1161.00
1711.99 1162.00
1711.99 1162.00
1711.99 1162.00
1711.99 1162.00
1711.99 1162.00
1711.99 1162.00
1711.99 1162.00
1711.99 1162.00
1711.99 1162.00
1711.99 1162.00
1711.99 1162.00
1711.98 1168.00
1711.98 1168.00
1711.98 1168.00
1711.98 1168.00
1711.98 1168.00
1711.98 1168.00
1711.98 1168.00
1711.98 1168.00
1711.98 1168.00
1711.98 1168.00
1711.98 1168.00
1711.98 1168.00
1711.98 1168.00
1711.98 1168.00
1711.98 1168.00
1712.03 1169.00
1712.26 1170.00
1712.26 1170.00
1712.62 1171.00
1712.62 1171.00
1712.91 1172.00
1712.91 1172.00
1712.91 1172.00
1712.99 1175.00
1712.99 1175.00
1712.99 1175.00
1712.99 1175.00
1712.99 1175.00
1712.99 1175.00
1712.99 1176.00
1712.99 1176.00
1713.00 1177.00
1713.00 1177.00
1713.00 1184.00
1712.99 1185.00
1712.99 1185.00
1712.99 1186.00
1712.99 1186.00
1712.99 1186.00
1712.99 1186.00
1712.99 1186.00
1712.99 1186.00
1712.99 1186.00
1712.89 1189.00
1712.89 1189.00
1712.58 1190.00
1712.58 1190.00
1712.23 1191.00
1712.23 1191.00
1712.04 1192.00
1712.03 1193.00
1712.03 1193.00
1712.03 1193.00
1712.03 1193.00
1712.03 1193.00
1712.03 1193.00
1712.03 1193.00
1712.03 1193.00
1712.03 1193.00
1712.03 1193.00
1712.03 1193.00
1712.00 1198.00
1712.00 1198.00
1712.00 1199.00
1712.00 1199.00
1712.00 1199.00
1712.00 1199.00
1712.00 1199.00
1712.00 1199.00
1712.00 1199.00
1712.00 1199.00
1712.00 1203.00
1712.00 1203.00
1712.00 1204.00
1712.00 1204.00
1711.99 1205.00
1711.99 1205.00
1711.88 1206.00
1711.88 1206.00
1711.58 1207.00
1711.58 1207.00
1711.21 1208.00
1711.21 1208.00
1711.03 1209.00
1711.03 1209.00
1711.00 1210.00
1711.00 1210.00
1711.00 1210.00
1711.03 1209.00
1711.09 1209.00
1711.09 1209.00
1711.09 1209.00
1711.09 1209.00
1711.03 1209.00
1711.00 1214.00
1711.00 1214.00
1711.00 1214.00
1711.00 1214.00
1711.00 1214.00
1711.00 1214.00
1711.00 1214.00
1711.00 1214.00
1711.00 1214.00
1711.00 1214.00
1711.00 1214.00
1711.00 1214.00
1711.05 1216.00
1711.13 1216.00
1711.26 1217.00
1711.43 1217.00
1711.43 1217.00
1711.62 1218.00
1711.62 1218.00
1711.62 1218.00
1711.62 1218.00
1711.62 1218.00
1711.91 1219.00
1711.91 1219.00
1711.99 1221.00
1711.99 1221.00
1711.99 1221.00
1711.99 1221.00
1711.99 1222.00
1711.99 1222.00
1712.00 1229.00
1712.00 1229.00
1712.00 1230.00
1712.00 1230.00
1712.00 1231.00
1712.00 1231.00
1712.00 1231.00
1712.00 1231.00
1712.00 1231.00
1712.00 1231.00
1712.00 1231.00
1712.00 1231.00
1712.00 1231.00
1712.00 1231.00
1712.00 1231.00
1712.00 1231.00
1712.00 1231.00
1712.00 1231.00
1712.00 1232.00
1712.00 1232.00
1712.00 1233.00
1712.00 1233.00
1712.00 1234.00
1712.00 1234.00
1712.00 1235.00
1712.00 1235.00
1712.00 1236.00
1712.00 1236.00
1712.00 1237.00
1712.00 1237.00
1712.00 1238.00
1712.00 1238.00
1712.00 1239.00
1712.00 1239.00
1712.00 1240.00
1712.00 1240.00
1712.00 1241.00
1712.00 1241.00
1712.00 1248.00
1712.00 1248.00
1712.00 1249.00
1712.00 1249.00
1712.00 1250.00
1712.00 1250.00
1712.00 1251.00
1712.00 1251.00
1712.00 1252.00
1712.00 1253.00
1712.00 1253.00
1712.00 1253.00
1712.00 1254.00
1712.00 1254.00
1712.00 1255.00
1712.00 1255.00
1712.00 1256.00
1712.00 1256.00
1712.00 1257.00
1712.00 1257.00
1712.00 1258.00
1712.00 1258.00
1712.00 1259.00
1712.00 1259.00
1712.00 1260.00
1712.00 1260.00
1712.00 1261.00
1712.00 1262.00
1712.00 1262.00
1712.00 1262.00
1712.00 1263.00
1712.00 1263.00
1712.00 1263.00
1712.00 1263.00
1712.00 1263.00
1712.00 1263.00
1712.00 1263.00
1712.00 1263.00
1712.00 1263.00
1712.00 1263.00
1712.00 1263.00
1712.00 1263.00
1712.00 1269.00
1712.00 1270.00
1712.00 1270.00
1712.00 1271.00
1712.00 1271.00
1712.00 1272.00
1712.00 1272.00
1712.00 1273.00
1712.00 1273.00
1712.00 1274.00
1712.00 1274.00
1712.00 1275.00
1712.00 1275.00
1712.00 1276.00
1712.00 1276.00
1712.00 1281.00
1712.00 1281.00
1712.00 1282.00
1712.00 1282.00
1712.00 1283.00
1712.00 1283.00
1712.00 1290.00
1712.00 1290.00
1712.00 1291.00
1712.00 1291.00
1712.00 1291.00
1712.00 1292.00
1712.00 1292.00
1712.00 1293.00
1712.00 1293.00
1712.00 1294.00
1712.00 1295.00
1712.00 1295.00
1712.00 1295.00
1712.00 1296.00
1712.00 1296.00
1712.00 1297.00
1712.00 1297.00
1712.00 1298.00
1712.00 1298.00
1712.00 1299.00
1712.00 1299.00
1712.00 1300.00
1712.00 1300.00
1712.00 1301.00
1712.00 1301.00
1712.00 1302.00
1712.00 1302.00
1712.00 1303.00
1712.00 1303.00
1712.00 1304.00
1712.00 1304.00
1712.00 1305.00
1712.00 1305.00
1712.00 1306.00
1712.00 1306.00
1712.00 1307.00
1712.00 1307.00
1712.00 1307.00
1712.00 1308.00
1712.00 1308.00
1712.00 1309.00
1712.00 1310.00
1712.00 1310.00
1712.00 1311.00
1712.00 1311.00
1712.00 1312.00
1712.00 1312.00
1712.00 1312.00
1712.00 1312.00
1712.00 1312.00
1712.00 1312.00
1712.00 1312.00
1712.00 1312.00
1712.00 1312.00
1712.00 1312.00
1712.00 1312.00
1712.00 1312.00
1712.00 1312.00
1712.00 1312.00
1712.00 1313.00
1712.00 1313.00
1712.00 1314.00
1712.00 1314.00
1712.00 1315.00
1712.00 1315.00
1712.00 1316.00
1712.00 1316.00
1712.00 1316.00
1712.00 1317.00
1712.00 1317.00
1712.00 1318.00
1712.00 1318.00
1712.00 1319.00
1712.00 1319.00
1712.00 1320.00
1712.00 1320.00
1712.00 1321.00
1712.00 1322.00
1712.00 1322.00
1712.00 1323.00
1712.00 1323.00
1712.00 1324.00
1712.00 1324.00
1712.00 1331.00
1712.00 1331.00
1712.00 1332.00
1712.00 1332.00
1712.00 1333.00
1712.00 1333.00
1712.00 1334.00
1712.00 1334.00
1712.00 1334.00
1712.00 1334.00
1712.00 1334.00
1712.00 1334.00
1712.00 1334.00
1712.00 1334.00
1712.00 1334.00
1712.00 1334.00
1712.00 1334.00
1712.00 1334.00
1712.00 1334.00
1712.00 1334.00
1712.00 1334.00
1712.00 1335.00
1712.00 1335.00
1712.00 1336.00
1712.00 1336.00
1712.00 1337.00
1712.00 1337.00
1712.00 1338.00
1712.00 1338.00
1712.00 1339.00
1712.00 1339.00
1712.04 1340.00
1712.04 1340.00
1712.25 1341.00
1712.25 1341.00
1712.62 1342.00
1712.62 1342.00
1720.00 1543.00
1720.00 1543.00
1720.00 1543.00
1720.00 1545.00
1720.00 1545.00
1720.00 1545.00
1720.00 1545.00
1720.02 1546.00
1720.02 1546.00
1720.16 1547.00
1720.16 1547.00
1733.00 1668.00
1733.00 1668.00
1733.03 1669.00
1733.03 1669.00
1733.03 1669.00
1733.20 1670.00
1733.20 1670.00
1733.55 1671.00
1733.55 1671.00
1733.87 1672.00
1733.87 1672.00
1734.00 1673.00
1734.14 1674.00
1736.00 1681.00
1736.00 1681.00
1736.01 1682.00
1736.01 1682.00
1736.16 1683.00
1736.16 1683.00
1736.51 1684.00
1736.51 1684.00
1736.94 1685.00
1737.04 1686.00
1666.99 483.00
1666.98 484.00
1666.98 484.00
1666.86 485.00
1666.86 485.00
1666.00 489.00
1665.99 490.00
1665.99 490.00
1665.95 491.00
1665.95 491.00
1665.73 492.00
1665.73 492.00
1665.36 493.00
1665.01 495.00
1665.00 497.00
1665.00 497.00
1665.00 497.00
1665.00 497.00
1664.96 498.00
1664.96 498.00
1664.75 499.00
1664.75 499.00
1664.38 500.00
1664.38 500.00
1664.10 501.00
1664.10 501.00
1664.01 502.00
1664.01 502.00
1664.00 503.00
1664.00 503.00
1664.00 504.00
1664.00 504.00
1663.96 505.00
1663.96 505.00
1663.77 506.00
1663.77 506.00
1663.41 507.00
1663.41 507.00
1663.11 508.00
1663.01 509.00
1663.01 509.00
1663.01 510.00
1663.01 510.00
1663.00 511.00
1663.00 511.00
1662.99 512.00
1662.99 512.00
1662.96 513.00
1662.96 513.00
1662.78 514.00
1662.78 514.00
1662.42 515.00
1662.42 515.00
1662.11 516.00
1662.11 516.00
1662.01 517.00
1662.01 517.00
1662.01 518.00
1662.01 518.00
1662.00 519.00
1661.99 520.00
1661.99 520.00
1661.97 521.00
1661.97 521.00
1661.78 522.00
1661.78 522.00
1661.41 523.00
1661.41 523.00
1661.11 524.00
1661.11 524.00
1661.01 525.00
1661.01 525.00
1661.00 526.00
1661.00 526.00
1660.97 527.00
1660.97 527.00
1660.81 528.00
1660.81 528.00
1660.46 529.00
1660.46 529.00
1660.05 530.00
1660.05 530.00
1660.01 531.00
1660.01 531.00
1660.00 532.00
1660.00 532.00
1660.00 533.00
1660.00 533.00
1660.00 534.00
1660.00 534.00
1660.00 535.00
1660.00 535.00
1659.97 536.00
1659.97 536.00
1659.81 537.00
1659.81 537.00
1659.46 538.00
1659.46 538.00
1659.13 539.00
1659.01 540.00
1659.01 540.00
1659.01 541.00
1659.01 541.00
1659.01 542.00
1659.01 542.00
1659.00 543.00
1659.00 543.00
1658.99 544.00
1658.99 544.00
1658.97 545.00
1658.97 545.00
1658.80 546.00
1658.80 546.00
1658.44 547.00
1658.44 547.00
1658.13 548.00
1658.13 548.00
1658.01 549.00
1658.01 549.00
1658.00 551.00
1658.00 551.00
1658.00 551.00
1658.00 552.00
1658.00 552.00
1658.00 553.00
1658.00 553.00
1657.97 554.00
1657.97 554.00
1657.79 555.00
1657.79 555.00
1657.44 556.00
1657.44 556.00
1657.12 557.00
1657.12 557.00
1657.01 558.00
1657.01 558.00
1657.01 559.00
1657.01 559.00
1657.00 562.00
1657.00 562.00
1657.00 562.00
1657.00 562.00
1657.00 562.00
1657.00 563.00
1657.00 563.00
1656.89 564.00
1656.89 564.00
1656.76 565.00
1656.59 565.00
1656.40 566.00
1656.40 566.00
1656.11 567.00
1656.11 567.00
1656.01 568.00
1656.01 568.00
1656.00 570.00
1655.99 572.00
1655.88 573.00
1655.88 573.00
1655.76 574.00
1655.76 574.00
1655.76 574.00
1655.76 574.00
1655.76 574.00
1655.88 573.00
1655.76 574.00
1655.76 574.00
1655.39 575.00
1655.39 575.00
1655.10 576.00
1655.10 576.00
1655.01 577.00
1655.01 577.00
1655.00 578.00
1655.00 578.00
1655.00 579.00
1655.00 579.00
1655.00 581.00
1655.00 581.00
1655.00 581.00
1655.00 581.00
1654.96 582.00
1654.75 583.00
1654.75 583.00
1654.37 584.00
1654.37 584.00
1654.09 585.00
1654.09 585.00
1654.01 587.00
1654.01 587.00
1654.01 587.00
1654.01 587.00
1654.00 590.00
1654.00 590.00
1653.99 589.00
1653.87 591.00
1653.87 591.00
1653.73 592.00
1653.73 592.00
1653.54 592.00
1653.54 592.00
1653.35 593.00
1653.35 593.00
1653.09 594.00
1653.09 594.00
1653.01 595.00
1652.99 601.00
1652.93 602.00
1652.93 602.00
1652.69 603.00
1652.69 603.00
1652.51 603.00
1652.51 603.00
1652.32 604.00
1652.32 604.00
1652.32 604.00
1652.32 604.00
1652.32 604.00
1652.32 604.00
1652.51 603.00
1652.69 603.00
1652.69 603.00
1652.69 603.00
1652.32 604.00
1652.32 604.00
1652.07 605.00
1652.07 605.00
1652.01 606.00
1652.01 606.00
1652.00 607.00
1652.00 607.00
1651.99 608.00
1651.94 609.00
1651.86 610.00
1651.86 610.00
1651.72 610.00
1651.72 610.00
1651.34 611.00
1651.34 611.00
1651.08 612.00
1651.08 612.00
1651.01 613.00
1651.00 614.00
1651.00 614.00
1650.95 617.00
1650.86 617.00
1650.71 618.00
1650.71 618.00
1650.53 618.00
1650.53 618.00
1650.53 618.00
1650.34 619.00
1650.34 619.00
1650.18 619.00
1650.08 620.00
1650.01 622.00
1649.94 627.00
1649.94 627.00
1649.69 628.00
1649.69 628.00
1649.50 628.00
1649.50 628.00
1649.50 628.00
1649.32 629.00
1649.32 629.00
1649.16 629.00
1649.06 630.00
1649.01 631.00
1649.00 633.00
1648.99 634.00
1648.99 634.00
1648.99 634.00
1648.99 634.00
1648.93 636.00
1648.93 636.00
1648.68 637.00
1648.68 637.00
1648.16 638.00
1648.16 638.00
1648.07 639.00
1648.07 639.00
1648.16 638.00
1648.16 638.00
1648.31 638.00
1648.49 638.00
1648.49 638.00
1648.49 638.00
1648.49 638.00
1648.49 638.00
1648.31 638.00
1648.31 638.00
1648.07 639.00
1648.07 639.00
1648.00 642.00
1647.99 645.00
1647.92 647.00
1647.92 647.00
1647.64 648.00
1647.64 648.00
1647.44 649.00
1647.44 649.00
1647.26 649.00
1647.26 649.00
1647.13 650.00
1647.05 650.00
1647.00 652.00
1647.00 653.00
1647.00 653.00
1647.00 654.00
1647.00 654.00
1647.00 654.00
1647.00 654.00
1647.00 654.00
1647.00 654.00
1647.00 654.00
1647.00 654.00
1646.99 658.00
1646.99 658.00
1646.88 659.00
1646.88 659.00
1646.88 659.00
1646.88 659.00
1646.76 660.00
1646.76 660.00
1646.58 660.00
1646.58 660.00
1646.39 661.00
1646.39 661.00
1646.21 661.00
1646.21 661.00
1646.09 662.00
1646.00 664.00
1646.00 663.00
1646.00 663.00
1645.99 667.00
1645.99 667.00
1645.99 668.00
1645.99 668.00
1645.99 668.00
1645.99 668.00
1645.94 670.00
1645.53 671.00
1645.53 671.00
1645.18 672.00
1645.18 672.00
1645.02 673.00
1645.02 673.00
1644.99 674.00
1644.99 674.00
1644.89 675.00
1644.89 675.00
1644.59 676.00
1644.59 676.00
1644.40 677.00
1644.40 677.00
1644.59 676.00
1644.77 676.00
1644.77 676.00
1644.77 676.00
1644.77 676.00
1644.77 676.00
1644.77 676.00
1644.59 676.00
1644.59 676.00
1644.40 677.00
1644.40 677.00
1644.22 677.00
1644.10 678.00
1644.03 678.00
1643.99 684.00
1643.99 684.00
1643.99 684.00
1643.99 684.00
1643.99 684.00
1643.99 684.00
1643.99 684.00
1643.99 684.00
1643.99 684.00
1643.99 684.00
1643.99 684.00
1644.00 685.00
1644.00 685.00
1644.00 686.00
1644.00 686.00
1644.00 693.00
1644.00 693.00
1643.99 694.00
1643.99 694.00
1643.99 695.00
1643.99 695.00
1643.87 696.00
1643.87 696.00
1643.56 697.00
1643.56 697.00
1643.20 698.00
1643.20 698.00
1643.03 699.00
1643.03 699.00
1642.99 700.00
1642.99 700.00
1642.90 701.00
1642.90 701.00
1642.61 702.00
1642.61 702.00
1642.24 703.00
1642.24 703.00
1642.05 704.00
1642.05 704.00
1642.00 705.00
1642.00 705.00
1641.99 706.00
1641.99 706.00
1641.99 706.00
1641.99 706.00
1641.91 708.00
1641.91 708.00
1641.62 709.00
1641.62 709.00
1641.25 710.00
1641.25 710.00
1641.05 711.00
1641.00 712.00
1641.00 712.00
1641.00 713.00
1641.00 713.00
1641.00 713.00
1641.00 713.00
1641.00 715.00
1641.00 715.00
1640.99 716.00
1640.99 716.00
1640.99 716.00
1640.99 716.00
1640.99 716.00
1640.90 718.00
1640.90 718.00
1640.78 719.00
1640.60 719.00
1640.60 719.00
1640.41 720.00
1640.41 720.00
1640.24 720.00
1640.24 720.00
1640.11 721.00
1640.03 721.00
1640.00 724.00
1640.00 724.00
1639.98 725.00
1639.98 725.00
1639.98 725.00
1639.98 725.00
1639.98 725.00
1639.98 725.00
1639.89 728.00
1639.89 728.00
1639.57 729.00
1639.57 729.00
1639.21 730.00
1639.21 730.00
1639.03 731.00
1639.01 732.00
1639.01 732.00
1639.00 733.00
1639.00 733.00
1639.00 733.00
1639.09 731.00
1639.09 731.00
1639.21 730.00
1639.21 730.00
1639.09 731.00
1639.09 731.00
1639.00 734.00
1639.00 734.00
1638.99 738.00
1638.99 738.00
1638.94 739.00
1638.53 740.00
1638.53 740.00
1638.34 741.00
1638.34 741.00
1638.18 741.00
1638.18 741.00
1638.08 742.00
1638.00 743.00
1638.00 744.00
1638.00 744.00
1638.00 745.00
1638.00 745.00
1638.00 746.00
1638.00 746.00
1637.99 747.00
1637.99 747.00
1637.94 748.00
1637.98 748.00
1638.01 743.00
1638.01 743.00
1638.00 744.00
1637.98 748.00
1637.94 748.00
1637.85 749.00
1637.71 749.00
1637.71 749.00
1637.52 749.00
1637.52 749.00
1637.33 750.00
1637.33 750.00
1637.17 750.00
1637.17 750.00
1637.07 751.00
1636.99 755.00
1636.99 755.00
1636.99 755.00
1636.99 755.00
1636.99 755.00
1636.99 755.00
1636.99 760.00
1636.99 760.00
1636.91 761.00
1636.91 761.00
1636.63 762.00
1636.63 762.00
1636.26 763.00
1636.26 763.00
1636.04 764.00
1636.04 764.00
1636.01 765.00
1636.01 765.00
1636.01 765.00
1636.01 765.00
1636.00 767.00
1636.04 764.00
1636.12 764.00
1636.12 764.00
1636.12 764.00
1636.04 764.00
1635.99 769.00
1635.99 769.00
1635.99 769.00
1635.99 769.00
1635.89 772.00
1635.89 772.00
1635.58 773.00
1635.58 773.00
1635.39 774.00
1635.22 774.00
1635.09 775.00
1635.09 775.00
1634.99 776.00
1634.99 776.00
1634.99 776.00
1634.99 776.00
1634.99 776.00
1634.99 776.00
1634.99 776.00
1634.99 776.00
1634.99 780.00
1634.99 780.00
1634.99 780.00
1634.99 780.00
1634.99 780.00
1634.99 780.00
1634.99 780.00
1634.99 780.00
1634.99 780.00
1634.99 780.00
1634.99 780.00
1634.99 780.00
1634.99 780.00
1634.99 780.00
1634.91 787.00
1634.91 787.00
1634.65 788.00
1634.28 789.00
1634.28 789.00
1634.05 790.00
1634.05 790.00
1634.01 791.00
1634.01 791.00
1634.01 791.00
1634.01 791.00
1634.00 793.00
1634.00 793.00
1633.99 794.00
1633.99 794.00
1633.99 795.00
1633.99 795.00
1633.99 795.00
1633.99 795.00
1633.99 795.00
1633.99 795.00
1633.99 795.00
1633.99 795.00
1633.99 795.00
1633.99 795.00
1633.99 795.00
1633.99 795.00
1633.99 795.00
1633.99 795.00
1633.99 802.00
1633.99 802.00
1633.99 802.00
1633.99 802.00
1633.99 802.00
1633.99 802.00
1633.93 805.00
1633.93 805.00
1633.66 806.00
1633.66 806.00
1633.14 807.00
1633.14 807.00
1633.02 808.00
1633.02 808.00
1633.01 809.00
1633.00 810.00
1633.00 810.00
1633.00 811.00
1633.00 811.00
1633.00 812.00
1633.00 812.00
1633.00 812.00
1633.00 812.00
1633.00 812.00
1633.00 812.00
1633.00 812.00
1633.00 812.00
1633.00 812.00
1632.99 816.00
1632.99 816.00
1632.89 817.00
1632.63 818.00
1632.63 818.00
1632.47 819.00
1632.47 819.00
1632.47 819.00
1632.47 819.00
1632.15 821.00
1632.15 821.00
1632.02 822.00
1632.02 822.00
1632.01 823.00
1632.01 823.00
1632.01 824.00
1632.01 824.00
1632.00 825.00
1632.00 825.00
1631.99 826.00
1631.99 826.00
1631.99 826.00
1631.99 826.00
1631.99 826.00
1631.99 826.00
1631.99 829.00
1631.99 829.00
1631.90 830.00
1631.90 830.00
1631.62 831.00
1631.62 831.00
1631.25 832.00
1631.25 832.00
1631.05 833.00
1631.05 833.00
1631.00 834.00
1631.00 834.00
1631.00 835.00
1631.00 835.00
1631.00 835.00
1631.00 835.00
1631.00 835.00
1631.00 835.00
1631.00 835.00
1631.00 839.00
1631.00 839.00
1630.99 840.00
1630.99 840.00
1630.99 841.00
1630.99 841.00
1630.99 841.00
1630.99 841.00
1630.99 841.00
1630.99 841.00
1630.99 841.00
1630.95 844.00
1630.95 844.00
1630.51 845.00
1630.51 845.00
1630.17 846.00
1630.02 847.00
1630.02 847.00
1630.01 848.00
1630.01 848.00
1630.01 849.00
1630.01 849.00
1630.00 850.00
1630.00 850.00
1630.00 851.00
1630.00 851.00
1629.99 852.00
1629.99 852.00
1629.99 852.00
1629.99 852.00
1629.99 852.00
1629.99 852.00
1629.99 852.00
1629.99 852.00
1629.99 852.00
1629.99 852.00
1629.99 852.00
1629.99 852.00
1629.99 858.00
1629.99 858.00
1629.99 859.00
1629.99 859.00
1629.89 860.00
1629.89 860.00
1629.58 861.00
1629.58 861.00
1629.21 862.00
1629.21 862.00
1629.02 863.00
1629.02 863.00
1629.00 864.00
1629.00 864.00
1629.00 864.00
1629.00 864.00
1629.00 864.00
1629.00 864.00
1629.00 864.00
1629.00 864.00
1629.00 864.00
1629.00 864.00
1628.99 869.00
1628.99 869.00
1628.99 869.00
1628.99 869.00
1628.99 869.00
1628.99 869.00
1628.99 869.00
1628.99 869.00
1628.99 869.00
1628.99 869.00
1628.92 874.00
1628.92 874.00
1628.67 875.00
1628.67 875.00
1628.14 876.00
1628.14 876.00
1628.01 877.00
1628.01 877.00
1628.00 878.00
1628.00 878.00
1628.00 878.00
1628.00 878.00
1628.00 880.00
1628.00 880.00
1627.99 881.00
1627.99 881.00
1627.99 881.00
1627.99 881.00
1627.99 881.00
1627.99 881.00
1627.99 884.00
1627.99 885.00
1627.99 885.00
1627.99 885.00
1627.99 885.00
1627.89 887.00
1627.89 887.00
1627.58 888.00
1627.58 888.00
1627.22 889.00
1627.22 889.00
1627.03 890.00
1627.03 890.00
1627.00 891.00
1627.00 891.00
1627.00 891.00
1627.00 891.00
1627.00 891.00
1627.00 891.00
1626.99 894.00
1626.99 894.00
1626.99 895.00
1626.99 895.00
1626.99 895.00
1626.99 895.00
1626.99 895.00
1626.99 895.00
1626.99 895.00
1626.99 895.00
1626.99 895.00
1626.99 895.00
1626.99 895.00
1626.99 895.00
1626.99 895.00
1626.99 895.00
1626.98 902.00
1626.98 902.00
1626.98 903.00
1626.98 903.00
1626.98 903.00
1626.90 905.00
1626.90 905.00
1626.58 906.00
1626.58 906.00
1626.22 907.00
1626.22 907.00
1626.22 907.00
1626.04 908.00
1626.04 908.00
1626.00 909.00
1626.00 909.00
1626.00 910.00
1626.00 910.00
1626.00 910.00
1626.00 910.00
1626.00 910.00
1626.00 910.00
1626.00 910.00
1626.00 910.00
1626.00 910.00
1626.00 910.00
1626.00 910.00
1626.00 910.00
1626.00 910.00
1626.00 910.00
1626.00 911.00
1626.00 911.00
1626.00 912.00
1626.00 912.00
1626.00 919.00
1626.00 919.00
1626.00 920.00
1626.00 920.00
1626.00 921.00
1626.00 921.00
1626.00 922.00
1626.00 922.00
1626.00 923.00
1626.00 923.00
1626.00 923.00
1626.00 923.00
1626.00 923.00
1626.00 923.00
1626.00 923.00
1626.00 923.00
1626.00 923.00
1626.00 923.00
1626.00 923.00
1626.00 923.00
1626.00 923.00
1626.00 923.00
1626.00 924.00
1626.00 924.00
1626.00 931.00
1626.00 931.00
1625.99 932.00
1625.99 932.00
1625.99 933.00
1625.99 933.00
1625.90 934.00
1625.90 934.00
1625.60 935.00
1625.60 935.00
1625.24 936.00
1625.24 936.00
1625.04 937.00
1625.04 937.00
1625.00 938.00
1625.00 938.00
1625.00 939.00
1625.00 939.00
1625.00 940.00
1625.00 940.00
1625.00 940.00
1625.00 940.00
1625.00 940.00
1625.00 943.00
1625.00 943.00
1625.00 943.00
1624.98 944.00
1624.98 944.00
1624.87 945.00
1624.87 945.00
1624.56 946.00
1624.56 946.00
1624.20 947.00
1624.20 947.00
1624.02 948.00
1624.00 949.00
1624.00 949.00
1624.00 949.00
1624.00 949.00
1624.00 949.00
1624.00 949.00
1624.00 949.00
1624.00 949.00
1623.99 953.00
1623.99 953.00
1623.99 954.00
1623.99 954.00
1623.99 954.00
1623.99 954.00
1623.99 954.00
1623.99 954.00
1623.99 954.00
1623.99 954.00
1623.99 954.00
1623.99 954.00
1623.99 959.00
1623.99 959.00
1623.91 960.00
1623.91 960.00
1623.63 961.00
1623.63 961.00
1623.25 962.00
1623.25 962.00
1623.05 963.00
1623.05 963.00
1623.00 964.00
1623.00 964.00
1623.00 965.00
1623.00 965.00
1623.00 966.00
1623.00 966.00
1623.00 967.00
1623.00 967.00
1623.00 967.00
1623.00 967.00
1623.00 967.00
1623.00 967.00
1623.00 967.00
1623.00 967.00
1623.00 967.00
1623.00 967.00
1623.00 972.00
1623.00 972.00
1623.00 973.00
1623.00 973.00
1622.99 974.00
1622.99 974.00
1622.94 975.00
1622.94 975.00
1622.52 976.00
1622.52 976.00
1622.17 977.00
1622.17 977.00
1622.02 978.00
1622.02 978.00
1622.01 979.00
1622.01 979.00
1622.01 979.00
1622.01 979.00
1622.00 981.00
1622.00 981.00
1621.99 982.00
1621.99 982.00
1621.99 983.00
1621.99 983.00
1621.99 983.00
1621.99 983.00
1621.99 983.00
1621.99 983.00
1621.99 983.00
1621.99 983.00
1621.99 983.00
1621.99 983.00
1621.99 983.00
1621.99 983.00
1621.99 983.00
1621.99 983.00
1621.99 984.00
1621.99 984.00
1621.99 991.00
1621.99 991.00
1621.99 991.00
1621.99 991.00
1621.99 991.00
1621.99 991.00
1621.99 991.00
1621.99 991.00
1621.99 991.00
1621.99 991.00
1621.99 991.00
1621.99 991.00
1621.98 997.00
1621.98 997.00
1621.98 997.00
1621.98 997.00
1621.98 997.00
1621.98 997.00
1621.89 1000.00
1621.89 1000.00
1621.58 1001.00
1621.58 1001.00
1621.22 1002.00
1621.22 1002.00
1621.03 1003.00
1621.03 1003.00
1621.00 1004.00
1621.00 1004.00
1621.00 1004.00
1621.00 1004.00
1621.00 1004.00
1621.00 1004.00
1621.00 1007.00
1621.00 1007.00
1621.00 1008.00
1621.00 1008.00
1620.99 1009.00
1620.99 1009.00
1620.99 1010.00
1620.99 1010.00
1620.99 1010.00
1620.99 1010.00
1620.99 1010.00
1620.99 1010.00
1620.99 1010.00
1620.99 1010.00
1620.99 1010.00
1620.99 1010.00
1620.99 1010.00
1620.99 1010.00
1620.99 1010.00
1621.00 1011.00
1621.00 1011.00
1621.00 1012.00
1621.00 1012.00
1621.00 1012.00
1621.00 1019.00
1621.00 1019.00
1621.00 1019.00
1621.00 1019.00
1621.00 1019.00
1621.00 1019.00
1621.00 1019.00
1620.99 1023.00
1620.99 1023.00
1620.99 1023.00
1620.93 1024.00
1620.93 1024.00
1620.68 1025.00
1620.68 1025.00
1620.16 1026.00
1620.16 1026.00
1620.02 1027.00
1620.02 1027.00
1620.00 1028.00
1620.00 1028.00
1620.00 1029.00
1620.00 1029.00
1620.00 1030.00
1620.00 1030.00
1620.00 1031.00
1619.99 1032.00
1619.99 1032.00
1619.93 1033.00
1619.93 1033.00
1619.93 1033.00
1619.68 1034.00
1619.68 1034.00
1619.30 1035.00
1619.30 1035.00
1619.15 1035.00
1619.15 1035.00
1619.06 1036.00
1619.02 1036.00
1619.01 1037.00
1619.02 1036.00
1619.06 1036.00
1619.15 1035.00
1619.30 1035.00
1619.30 1035.00
1619.49 1035.00
1619.49 1035.00
1619.06 1036.00
1619.06 1036.00
1619.01 1037.00
1619.01 1037.00
1619.00 1038.00
1619.00 1038.00
1618.91 1043.00
1618.81 1044.00
1618.81 1044.00
1618.65 1044.00
1618.65 1044.00
1618.45 1045.00
1618.45 1045.00
1618.27 1045.00
1618.27 1045.00
1618.13 1046.00
1618.13 1046.00
1618.02 1047.00
1618.00 1050.00
1618.00 1050.00
1618.00 1050.00
1618.00 1050.00
1618.00 1050.00
1618.00 1050.00
1618.00 1050.00
1618.00 1050.00
1618.00 1050.00
1618.00 1050.00
1618.00 1050.00
1618.00 1057.00
1618.00 1057.00
1618.00 1058.00
1618.00 1058.00
1618.00 1059.00
1618.00 1059.00
1618.00 1059.00
1618.00 1059.00
1618.00 1059.00
1618.00 1059.00
1618.00 1059.00
1618.00 1059.00
1618.00 1059.00
1618.00 1059.00
1618.00 1059.00
1618.00 1059.00
1618.00 1059.00
1618.00 1059.00
1618.00 1060.00
1618.00 1060.00
1618.00 1061.00
1618.00 1061.00
1618.00 1062.00
1618.00 1062.00
1618.00 1063.00
1618.00 1063.00
1618.00 1064.00
1618.00 1064.00
1618.00 1071.00
1618.00 1071.00
1618.00 1072.00
1618.00 1072.00
1618.00 1073.00
1618.00 1073.00
1617.99 1074.00
1617.99 1074.00
1617.99 1075.00
1617.99 1075.00
1617.99 1076.00
1617.99 1076.00
1617.99 1076.00
1617.99 1076.00
1617.99 1076.00
1617.99 1076.00
1617.99 1076.00
1617.99 1076.00
1617.99 1076.00
1617.99 1076.00
1617.99 1076.00
1617.99 1076.00
1617.99 1076.00
1617.99 1076.00
1617.92 1083.00
1617.92 1083.00
1617.64 1084.00
1617.64 1084.00
1617.27 1085.00
1617.27 1085.00
1617.04 1086.00
1617.04 1086.00
1616.95 1087.00
1616.95 1087.00
1616.86 1088.00
1616.95 1087.00
1617.04 1086.00
1617.13 1086.00
1617.27 1085.00
1617.27 1085.00
1617.27 1085.00
1617.13 1086.00
1617.13 1086.00
1617.13 1086.00
1617.13 1086.00
1617.00 1087.00
1617.00 1087.00
1617.00 1094.00
1617.00 1094.00
1617.00 1095.00
1617.00 1095.00
1617.00 1096.00
1617.00 1096.00
1617.00 1096.00
1617.00 1096.00
1617.00 1096.00
1617.00 1096.00
1617.00 1096.00
1617.00 1096.00
1617.00 1096.00
1617.00 1096.00
1617.00 1096.00
1617.00 1096.00
1617.00 1096.00
1617.00 1096.00
1617.00 1096.00
1617.00 1097.00
1617.00 1097.00
1617.00 1098.00
1617.00 1098.00
1617.00 1099.00
1617.00 1099.00
1617.00 1100.00
1617.00 1100.00
1617.00 1107.00
1617.00 1107.00
1617.00 1108.00
1617.00 1109.00
1617.00 1109.00
1617.00 1109.00
1617.00 1109.00
1617.00 1109.00
1617.00 1109.00
1617.00 1109.00
1617.00 1109.00
1617.00 1109.00
1617.00 1109.00
1616.95 1113.00
1616.88 1113.00
1616.75 1114.00
1616.75 1114.00
1616.57 1114.00
1616.57 1114.00
1616.38 1115.00
1616.38 1115.00
1616.20 1115.00
1616.20 1115.00
1616.08 1116.00
1616.02 1116.00
1615.99 1117.00
1615.99 1117.00
1615.99 1117.00
1615.99 1117.00
1615.99 1117.00
1615.99 1117.00
1615.99 1117.00
1616.00 1118.00
1616.00 1118.00
1616.00 1125.00
1616.00 1125.00
1615.99 1126.00
1615.99 1126.00
1615.99 1127.00
1615.99 1127.00
1615.99 1128.00
1615.99 1128.00
1615.99 1128.00
1615.99 1128.00
1615.99 1128.00
1615.99 1128.00
1615.99 1128.00
1615.99 1128.00
1615.99 1128.00
1615.99 1128.00
1615.99 1128.00
1615.99 1128.00
1615.99 1128.00
1615.99 1129.00
1615.99 1129.00
1615.99 1130.00
1615.99 1130.00
1615.99 1130.00
1616.00 1131.00
1616.00 1131.00
1616.00 1132.00
1616.00 1132.00
1616.00 1133.00
1616.00 1134.00
1616.00 1134.00
1616.00 1135.00
1616.00 1135.00
1616.00 1142.00
1616.00 1142.00
1616.00 1143.00
1616.00 1143.00
1616.00 1144.00
1616.00 1144.00
1615.99 1145.00
1615.99 1145.00
1615.58 1152.00
1615.58 1152.00
1615.23 1153.00
1615.23 1153.00
1615.11 1154.00
1615.11 1154.00
1615.11 1154.00
1615.11 1154.00
1615.11 1154.00
1615.11 1154.00
1615.11 1154.00
1615.11 1154.00
1615.11 1154.00
1615.11 1154.00
1615.11 1154.00
1615.11 1154.00
1615.11 1154.00
1615.11 1154.00
1615.11 1154.00
1615.17 1155.00
1615.17 1155.00
1615.69 1156.00
1615.69 1156.00
1615.97 1157.00
1615.97 1157.00
1615.97 1157.00
1615.57 1164.00
1615.57 1164.00
1614.96 1165.00
1615.28 1165.00
1615.28 1165.00
1615.28 1165.00
1615.28 1165.00
1615.28 1165.00
1614.96 1165.00
1614.96 1165.00
1614.96 1165.00
1614.96 1165.00
1614.96 1165.00
1614.96 1165.00
1614.96 1165.00
1614.96 1165.00
1614.40 1166.00
1614.40 1166.00
1614.09 1167.00
1614.09 1167.00
1614.01 1173.00
1614.01 1173.00
1614.01 1173.00
1614.01 1173.00
1614.01 1173.00
1614.01 1173.00
1614.01 1173.00
1614.01 1173.00
1614.01 1173.00
1614.01 1173.00
1614.01 1173.00
1614.01 1173.00
1614.01 1174.00
1614.01 1174.00
1614.01 1175.00
1614.01 1176.00
1614.00 1182.00
1614.00 1183.00
1614.00 1183.00
1614.00 1184.00
1614.00 1184.00
1614.00 1185.00
1614.00 1185.00
1614.00 1185.00
1614.00 1185.00
1614.00 1185.00
1614.00 1185.00
1614.00 1185.00
1614.00 1185.00
1614.00 1185.00
1614.00 1185.00
1614.00 1185.00
1614.00 1185.00
1614.00 1185.00
1614.00 1185.00
1614.00 1186.00
1614.00 1186.00
1614.00 1187.00
1614.00 1188.00
1614.00 1188.00
1614.00 1189.00
1614.00 1189.00
1614.00 1190.00
1614.00 1190.00
1614.00 1191.00
1614.00 1191.00
1614.00 1192.00
1614.00 1192.00
1614.00 1193.00
1614.00 1193.00
1614.00 1194.00
1614.00 1205.00
1614.00 1205.00
1614.00 1206.00
1614.00 1206.00
1614.00 1206.00
1614.00 1207.00
1614.00 1207.00
1614.00 1208.00
1614.00 1208.00
1614.00 1209.00
1614.00 1209.00
1614.00 1210.00
1614.00 1210.00
1613.99 1211.00
1613.99 1211.00
1613.99 1212.00
1613.99 1212.00
1613.99 1212.00
1613.99 1212.00
1613.99 1212.00
1613.99 1212.00
1613.95 1215.00
1613.95 1215.00
1613.54 1216.00
1613.54 1216.00
1613.19 1217.00
1613.19 1217.00
1613.03 1218.00
1613.03 1218.00
1613.03 1218.00
1613.00 1219.00
1613.00 1219.00
1613.08 1218.00
1613.19 1217.00
1613.19 1217.00
1613.19 1217.00
1613.19 1217.00
1613.08 1218.00
1613.08 1218.00
1613.00 1219.00
1613.00 1220.00
1613.00 1220.00
1613.05 1224.00
1613.14 1225.00
1613.29 1225.00
1613.29 1225.00
1613.48 1225.00
1613.48 1225.00
1613.29 1225.00
1613.29 1225.00
1613.29 1225.00
1613.14 1225.00
1613.14 1225.00
1613.14 1225.00
1613.14 1225.00
1613.29 1225.00
1613.67 1226.00
1613.67 1226.00
1613.93 1227.00
1613.93 1227.00
1613.99 1229.00
1613.99 1229.00
1613.99 1229.00
1613.99 1229.00
1614.00 1230.00
1614.00 1230.00
1614.00 1230.00
1614.01 1231.00
1614.01 1231.00
1614.02 1232.00
1614.02 1232.00
1614.14 1233.00
1614.14 1233.00
1614.66 1234.00
1614.66 1234.00
1614.92 1235.00
1614.92 1235.00
1614.99 1236.00
1614.99 1236.00
1615.00 1238.00
1615.00 1238.00
1615.00 1238.00
1615.00 1238.00
1615.06 1241.00
1615.06 1241.00
1615.06 1241.00
1615.02 1241.00
1615.00 1240.00
1615.02 1241.00
1615.02 1241.00
1615.04 1248.00
1615.00 1249.00
1615.00 1249.00
1615.00 1250.00
1615.00 1250.00
1615.00 1250.00
1615.00 1250.00
1615.00 1250.00
1615.00 1250.00
1615.00 1250.00
1615.00 1250.00
1615.00 1250.00
1615.00 1250.00
1615.00 1250.00
1614.98 1255.00
1614.98 1255.00
1614.98 1256.00
1614.98 1256.00
1614.98 1257.00
1614.98 1257.00
1614.98 1257.00
1614.98 1257.00
1614.98 1257.00
1614.93 1260.00
1614.93 1260.00
1614.65 1261.00
1614.65 1261.00
1614.14 1262.00
1614.14 1262.00
1614.02 1263.00
1614.02 1263.00
1614.01 1264.00
1614.01 1264.00
1614.00 1265.00
1614.00 1265.00
1613.99 1266.00
1613.99 1266.00
1613.99 1266.00
1613.99 1266.00
1613.93 1268.00
1613.93 1268.00
1613.66 1269.00
1613.66 1269.00
1613.29 1270.00
1613.29 1270.00
1613.29 1270.00
1613.29 1270.00
1613.15 1270.00
1613.06 1271.00
1613.00 1273.00
1613.00 1273.00
1613.00 1274.00
1613.00 1274.00
1613.00 1275.00
1613.00 1275.00
1613.00 1276.00
1613.00 1276.00
1613.00 1276.00
1613.00 1276.00
1613.00 1276.00
1613.00 1276.00
1613.00 1276.00
1613.00 1276.00
1613.00 1276.00
1613.00 1276.00
1613.00 1276.00
1613.00 1276.00
1613.00 1276.00
1613.00 1276.00
1613.00 1283.00
1613.00 1283.00
1613.00 1284.00
1613.00 1284.00
1612.99 1285.00
1612.99 1285.00
1612.93 1286.00
1612.93 1286.00
1612.70 1287.00
1612.70 1287.00
1612.70 1287.00
1612.70 1287.00
1612.70 1287.00
1612.70 1287.00
1612.51 1288.00
1612.51 1288.00
1612.51 1288.00
1612.51 1288.00
1612.51 1288.00
1612.70 1287.00
1612.70 1287.00
1612.84 1287.00
1612.51 1288.00
1612.51 1288.00
1612.06 1289.00
1612.06 1289.00
1612.02 1292.00
1612.02 1292.00
1612.02 1292.00
1612.02 1292.00
1612.02 1292.00
1612.02 1292.00
1612.01 1293.00
1612.01 1293.00
1612.00 1294.00
1612.00 1294.00
1612.00 1301.00
1612.00 1301.00
1612.00 1302.00
1612.00 1302.00
1612.00 1303.00
1612.00 1303.00
1612.01 1304.00
1612.01 1304.00
1612.01 1305.00
1612.01 1305.00
1612.01 1305.00
1612.01 1305.00
1612.01 1305.00
1612.01 1305.00
1612.01 1305.00
1612.01 1305.00
1612.01 1305.00
1612.01 1305.00
1612.01 1305.00
1612.01 1305.00
1612.01 1305.00
1612.01 1305.00
1612.01 1305.00
1612.01 1306.00
1612.01 1306.00
1612.00 1307.00
1612.00 1307.00
1612.00 1308.00
1612.00 1308.00
1612.00 1309.00
1612.00 1309.00
1612.00 1316.00
1612.00 1316.00
1612.01 1317.00
1612.01 1317.00
1612.01 1318.00
1612.01 1318.00
1612.01 1318.00
1612.01 1318.00
1612.01 1318.00
1612.01 1318.00
1612.11 1321.00
1612.11 1321.00
1612.41 1322.00
1612.41 1322.00
1612.78 1323.00
1612.78 1323.00
1612.78 1323.00
1612.78 1323.00
1612.61 1323.00
1612.78 1323.00
1612.78 1323.00
1612.90 1324.00
1612.96 1324.00
1613.03 1326.00
1613.08 1326.00
1613.08 1326.00
1613.08 1326.00
1613.03 1326.00
1612.96 1324.00
1612.90 1324.00
1612.99 1325.00
1612.99 1325.00
1613.03 1326.00
1613.03 1326.00
1613.19 1327.00
1613.19 1327.00
1613.54 1328.00
1613.54 1328.00
1613.86 1329.00
1613.86 1329.00
1613.98 1330.00
1613.98 1330.00
1614.00 1331.00
1614.00 1331.00
1614.00 1331.00
1614.00 1336.00
1614.00 1336.00
1614.00 1336.00
1614.00 1336.00
1614.00 1336.00
1614.00 1336.00
1614.00 1336.00
1614.00 1336.00
1614.00 1336.00
1614.06 1341.00
1614.14 1342.00
1614.14 1342.00
1614.14 1342.00
1614.06 1341.00
1614.00 1339.00
1614.00 1339.00
1614.00 1340.00
1614.00 1340.00
1614.02 1341.00
1614.02 1341.00
1614.14 1342.00
1614.28 1342.00
1614.65 1343.00
1614.65 1343.00
1614.92 1344.00
1614.92 1344.00
1614.94 1351.00
1614.94 1351.00
1614.50 1352.00
1614.50 1352.00
1614.50 1352.00
1614.50 1352.00
1614.69 1352.00
1614.69 1352.00
1614.69 1352.00
1614.50 1352.00
1614.50 1352.00
1614.50 1352.00
1614.31 1353.00
1614.31 1353.00
1614.25 1357.00
1614.25 1357.00
1614.25 1357.00
1614.31 1353.00
1614.43 1357.00
1614.48 1360.00
1614.60 1358.00
1614.64 1359.00
1614.64 1359.00
1614.64 1359.00
1614.60 1358.00
1614.60 1358.00
1614.60 1358.00
1614.64 1359.00
1614.72 1358.00
1614.74 1359.00
1614.74 1359.00
1614.48 1360.00
1614.48 1360.00
1614.06 1361.00
1614.06 1361.00
1614.00 1362.00
1614.00 1362.00
1614.00 1363.00
1614.00 1363.00
1613.98 1364.00
1613.98 1364.00
1613.86 1365.00
1613.86 1365.00
1613.98 1372.00
1613.98 1372.00
1614.01 1373.00
1614.01 1373.00
1614.01 1373.00
1614.01 1373.00
1614.01 1373.00
1614.01 1373.00
1614.01 1373.00
1614.01 1373.00
1614.01 1373.00
1614.01 1373.00
1614.01 1373.00
1614.01 1378.00
1614.01 1378.00
1614.01 1378.00
1614.01 1378.00
1614.01 1378.00
1614.01 1378.00
1614.01 1378.00
1614.01 1378.00
1614.01 1378.00
1614.01 1378.00
1614.01 1378.00
1614.01 1378.00
1614.01 1378.00
1614.01 1378.00
1614.01 1379.00
1614.01 1379.00
1614.01 1380.00
1614.01 1380.00
1614.01 1381.00
1614.01 1381.00
1614.01 1388.00
1614.01 1388.00
1614.01 1389.00
1614.01 1389.00
1614.01 1389.00
1614.01 1389.00
1614.05 1391.00
1614.05 1391.00
1614.47 1392.00
1614.47 1392.00
1614.82 1393.00
1614.82 1393.00
1614.97 1394.00
1614.97 1394.00
1615.00 1395.00
1615.00 1395.00
1615.00 1395.00
1615.00 1396.00
1615.00 1396.00
1615.00 1397.00
1615.00 1397.00
1615.00 1398.00
1615.00 1399.00
1615.00 1399.00
1615.00 1400.00
1615.00 1400.00
1615.00 1401.00
1615.00 1401.00
1615.00 1401.00
1615.00 1401.00
1615.00 1401.00
1615.00 1401.00
1615.00 1401.00
1615.00 1401.00
1615.00 1401.00
1615.00 1401.00
1615.00 1401.00
1615.00 1401.00
1615.00 1401.00
1615.00 1401.00
1615.00 1401.00
1615.00 1402.00
1615.00 1402.00
1615.00 1403.00
1615.00 1403.00
1615.00 1410.00
1615.00 1410.00
1615.00 1411.00
1615.00 1411.00
1615.00 1412.00
1615.00 1412.00
1615.00 1412.00
1615.00 1412.00
1615.00 1412.00
1615.00 1412.00
1615.00 1412.00
1615.00 1412.00
1615.00 1412.00
1615.00 1412.00
1615.00 1412.00
1615.00 1412.00
1615.00 1412.00
1615.00 1412.00
1615.00 1412.00
1615.00 1419.00
1615.00 1419.00
1615.00 1420.00
1615.00 1420.00
1615.01 1421.00
1615.01 1421.00
1615.06 1422.00
1615.06 1422.00
1615.48 1423.00
1615.48 1423.00
1615.83 1424.00
1615.83 1424.00
1615.99 1425.00
1615.99 1425.00
1616.00 1426.00
1616.00 1426.00
1616.00 1426.00
1616.00 1426.00
1616.00 1426.00
1616.00 1426.00
1616.00 1426.00
1616.00 1426.00
1616.00 1430.00
1616.00 1430.00
1616.01 1431.00
1616.01 1431.00
1616.01 1432.00
1616.01 1432.00
1616.01 1432.00
1616.01 1432.00
1616.01 1432.00
1616.01 1432.00
1616.01 1432.00
1616.01 1432.00
1616.01 1432.00
1616.01 1432.00
1616.01 1432.00
1616.01 1432.00
1616.01 1432.00
1616.01 1432.00
1616.01 1432.00
1616.01 1433.00
1616.01 1433.00
1616.01 1434.00
1616.01 1434.00
1616.00 1435.00
1616.00 1435.00
1616.00 1436.00
1616.00 1436.00
1616.00 1437.00
1616.00 1437.00
1616.00 1438.00
1616.00 1438.00
1616.00 1439.00
1616.00 1439.00
1616.00 1440.00
1616.00 1440.00
1616.00 1441.00
1616.00 1441.00
1616.00 1448.00
1616.00 1448.00
1616.00 1449.00
1616.00 1449.00
1616.00 1449.00
1616.00 1450.00
1616.00 1450.00
1616.00 1451.00
1616.00 1451.00
1616.00 1452.00
1616.00 1452.00
1616.00 1453.00
1616.00 1453.00
1616.00 1454.00
1616.00 1454.00
1616.00 1455.00
1616.00 1455.00
1616.00 1456.00
1616.00 1456.00
1616.00 1457.00
1616.00 1457.00
1616.00 1458.00
1616.00 1458.00
1616.00 1459.00
1616.00 1459.00
1616.00 1460.00
1379.01 586.00
1379.01 586.00
1379.01 586.00
1379.01 586.00
1379.01 586.00
1379.01 586.00
1379.01 586.00
1379.01 586.00
1379.01 587.00
1379.01 587.00
1379.00 588.00
1379.00 588.00
1379.00 592.00
1379.00 592.00
1379.00 592.00
1379.00 592.00
1379.00 592.00
1379.00 592.00
1379.00 592.00
1379.00 592.00
1378.99 593.00
1378.99 593.00
1378.87 594.00
1378.87 594.00
1378.35 595.00
1378.35 595.00
1378.08 596.00
1378.08 596.00
1378.01 599.00
1378.01 599.00
1378.01 599.00
1378.01 599.00
1378.01 599.00
1378.01 600.00
1378.01 600.00
1378.00 601.00
1378.00 601.00
1377.99 602.00
1377.99 602.00
1377.99 604.00
1377.99 604.00
1377.99 604.00
1377.99 604.00
1377.98 605.00
1377.98 605.00
1377.86 606.00
1377.86 606.00
1377.34 607.00
1377.34 607.00
1377.07 608.00
1377.07 608.00
1377.01 610.00
1377.01 610.00
1377.01 610.00
1377.01 610.00
1377.01 611.00
1377.01 615.00
1377.01 615.00
1377.01 615.00
1377.01 615.00
1377.01 615.00
1376.95 616.00
1376.86 617.00
1376.86 617.00
1376.71 617.00
1376.71 617.00
1376.52 617.00
1376.52 617.00
1376.33 618.00
1376.33 618.00
1376.08 619.00
1376.08 619.00
1376.01 620.00
1376.01 620.00
1376.00 621.00
1376.00 621.00
1376.00 622.00
1376.00 622.00
1375.96 623.00
1375.96 623.00
1375.77 624.00
1375.77 624.00
1375.40 625.00
1375.40 625.00
1375.10 626.00
1375.10 626.00
1374.99 627.00
1374.99 627.00
1374.84 628.00
1374.84 628.00
1374.50 629.00
1374.50 629.00
1374.06 630.00
1374.06 630.00
1374.01 631.00
1374.01 631.00
1374.00 632.00
1374.00 632.00
1373.99 633.00
1373.99 633.00
1373.97 639.00
1373.97 639.00
1373.97 639.00
1373.97 639.00
1373.97 639.00
1373.97 639.00
1373.97 639.00
1373.97 639.00
1373.97 639.00
1373.97 639.00
1373.97 639.00
1373.95 640.00
1373.95 640.00
1373.77 641.00
1373.77 641.00
1373.41 642.00
1373.41 642.00
1373.10 643.00
1373.10 643.00
1373.02 646.00
1373.02 646.00
1373.02 646.00
1373.02 646.00
1373.02 646.00
1373.02 646.00
1372.99 648.00
1372.97 650.00
1372.90 650.00
1372.97 650.00
1372.99 649.00
1372.99 649.00
1372.97 650.00
1372.97 650.00
1372.78 651.00
1372.78 651.00
1372.41 652.00
1372.41 652.00
1372.11 653.00
1372.11 653.00
1372.01 654.00
1372.01 654.00
1372.00 655.00
1372.00 655.00
1371.98 656.00
1371.98 656.00
1371.83 657.00
1371.83 657.00
1371.49 658.00
1371.05 659.00
1371.05 659.00
1371.01 662.00
1371.01 662.00
1371.01 662.00
1371.01 662.00
1371.01 662.00
1371.01 662.00
1371.01 663.00
1371.01 663.00
1371.01 670.00
1371.01 670.00
1371.01 671.00
1371.01 671.00
1371.01 672.00
1371.01 672.00
1370.99 667.00
1370.99 667.00
1370.98 674.00
1370.98 674.00
1370.98 674.00
1370.98 674.00
1370.98 674.00
1370.98 674.00
1370.96 677.00
1370.53 678.00
1370.53 678.00
1370.18 679.00
1370.18 679.00
1370.03 680.00
1370.03 680.00
1370.00 681.00
1370.00 681.00
1370.00 682.00
1370.00 682.00
1369.99 683.00
1369.99 683.00
1369.89 684.00
1369.89 684.00
1369.77 685.00
1369.89 684.00
1369.89 684.00
1369.96 684.00
1369.96 684.00
1369.89 684.00
1369.77 685.00
1369.77 685.00
1369.60 685.00
1369.60 685.00
1369.41 686.00
1369.41 686.00
1369.41 686.00
1369.23 686.00
1369.23 686.00
1369.11 687.00
1369.01 688.00
1368.93 689.00
1368.84 690.00
1368.84 690.00
1368.69 690.00
1368.69 690.00
1368.51 691.00
1368.51 691.00
1368.32 691.00
1368.32 691.00
1368.06 692.00
1368.06 692.00
1368.01 694.00
1367.99 696.00
1367.85 699.00
1367.85 699.00
1367.71 699.00
1367.71 699.00
1367.52 699.00
1367.52 699.00
1367.33 700.00
1367.33 700.00
1367.17 700.00
1367.17 700.00
1367.07 701.00
1367.02 701.00
1366.99 705.00
1366.99 705.00
1366.99 705.00
1366.99 705.00
1366.99 705.00
1366.99 705.00
1366.99 705.00
1366.94 710.00
1366.94 710.00
1366.52 711.00
1366.71 711.00
1366.71 711.00
1366.85 711.00
1366.85 711.00
1366.85 711.00
1366.85 711.00
1366.85 711.00
1366.71 711.00
1366.71 711.00
1366.52 711.00
1366.52 711.00
1366.33 712.00
1366.33 712.00
1366.17 712.00
1366.17 712.00
1366.07 713.00
1365.99 719.00
1365.99 718.00
1365.99 718.00
1365.99 718.00
1365.99 718.00
1365.99 718.00
1365.99 718.00
1365.99 718.00
1365.99 718.00
1365.99 718.00
1365.99 719.00
1365.99 719.00
1365.99 725.00
1365.99 725.00
1365.91 727.00
1365.91 727.00
1365.63 728.00
1365.63 728.00
1365.25 729.00
1365.25 729.00
1365.04 730.00
1365.04 730.00
1365.12 730.00
1365.12 730.00
1365.12 730.00
1365.12 730.00
1365.04 730.00
1365.00 731.00
1365.00 731.00
1365.00 734.00
1364.99 735.00
1364.99 735.00
1364.99 736.00
1364.99 736.00
1364.92 737.00
1364.92 737.00
1364.65 738.00
1364.65 738.00
1364.28 739.00
1364.28 739.00
1364.04 740.00
1364.04 740.00
1364.00 741.00
1364.00 741.00
1364.00 741.00
1364.00 741.00
1364.00 741.00
1364.00 741.00
1363.99 744.00
1363.99 744.00
1363.99 744.00
1363.99 744.00
1363.99 744.00
1363.99 744.00
1363.99 744.00
1363.99 744.00
1363.99 744.00
1363.91 749.00
1363.91 749.00
1363.63 750.00
1363.63 750.00
1363.26 751.00
1363.26 751.00
1363.04 752.00
1363.04 752.00
1362.99 753.00
1362.99 753.00
1362.99 753.00
1362.99 753.00
1362.99 753.00
1362.99 753.00
1362.99 753.00
1362.99 753.00
1362.99 753.00
1362.99 753.00
1362.99 753.00
1362.99 753.00
1362.99 759.00
1362.99 759.00
1362.99 760.00
1362.99 760.00
1362.99 760.00
1362.99 760.00
1362.99 760.00
1362.99 760.00
1362.90 763.00
1362.90 763.00
1362.59 764.00
1362.59 764.00
1362.23 765.00
1362.23 765.00
1362.04 766.00
1362.04 766.00
1362.00 767.00
1362.00 767.00
1362.00 768.00
1362.00 768.00
1362.00 769.00
1362.00 769.00
1362.00 769.00
1362.00 769.00
1362.00 769.00
1362.00 769.00
1362.00 769.00
1362.00 769.00
1362.00 769.00
1362.00 774.00
1362.00 774.00
1361.99 775.00
1361.99 775.00
1361.99 775.00
1361.99 775.00
1361.99 775.00
1361.99 775.00
1361.87 778.00
1361.87 778.00
1361.54 779.00
1361.54 779.00
1361.19 780.00
1361.19 780.00
1361.03 781.00
1361.03 781.00
1361.00 782.00
1361.00 782.00
1361.00 783.00
1361.00 783.00
1361.00 784.00
1361.00 784.00
1361.00 784.00
1361.00 784.00
1361.00 784.00
1361.00 784.00
1361.00 784.00
1361.00 784.00
1361.00 784.00
1361.00 784.00
1361.00 784.00
1361.00 784.00
1360.99 790.00
1360.99 790.00
1360.99 791.00
1360.99 791.00
1360.99 791.00
1360.99 791.00
1360.94 793.00
1360.94 793.00
1360.68 794.00
1360.68 794.00
1360.15 795.00
1360.15 795.00
1360.01 796.00
1360.01 796.00
1360.00 797.00
1360.00 797.00
1360.00 797.00
1360.00 797.00
1360.00 797.00
1360.00 797.00
1360.00 797.00
1360.00 797.00
1360.00 801.00
1360.00 801.00
1359.99 802.00
1359.99 802.00
1359.99 803.00
1359.99 803.00
1359.93 804.00
1359.93 804.00
1359.69 805.00
1359.69 805.00
1359.16 806.00
1359.16 806.00
1359.02 807.00
1359.02 807.00
1359.00 808.00
1359.00 808.00
1359.00 808.00
1359.00 808.00
1359.00 810.00
1359.00 810.00
1358.99 811.00
1358.99 811.00
1358.99 812.00
1358.99 812.00
1358.94 813.00
1358.94 813.00
1358.53 814.00
1358.18 815.00
1358.18 815.00
1358.02 816.00
1358.02 816.00
1358.01 817.00
1358.01 817.00
1358.00 818.00
1358.00 818.00
1358.00 819.00
1358.00 819.00
1358.00 819.00
1358.00 819.00
1358.00 819.00
1358.00 819.00
1358.00 819.00
1358.00 819.00
1358.00 819.00
1357.99 823.00
1357.99 823.00
1357.99 823.00
1357.94 825.00
1357.94 825.00
1357.50 826.00
1357.50 826.00
1357.17 827.00
1357.17 827.00
1357.02 828.00
1357.02 828.00
1357.00 829.00
1357.00 829.00
1357.00 830.00
1357.00 830.00
1357.00 831.00
1357.00 831.00
1356.99 832.00
1356.99 832.00
1356.99 832.00
1356.99 832.00
1356.99 832.00
1356.99 832.00
1356.99 832.00
1356.99 832.00
1356.99 832.00
1356.99 832.00
1356.99 837.00
1356.99 837.00
1356.99 838.00
1356.99 838.00
1356.99 838.00
1356.99 838.00
1356.92 840.00
1356.92 840.00
1356.64 841.00
1356.64 841.00
1356.14 842.00
1356.14 842.00
1356.02 843.00
1356.02 843.00
1356.00 844.00
1356.00 844.00
1356.00 845.00
1356.00 845.00
1356.00 845.00
1356.00 845.00
1356.00 845.00
1356.00 845.00
1356.00 845.00
1355.99 849.00
1355.99 849.00
1355.99 849.00
1355.99 849.00
1355.93 851.00
1355.93 851.00
1355.65 852.00
1355.65 852.00
1355.14 853.00
1355.14 853.00
1355.02 854.00
1355.02 854.00
1355.00 855.00
1355.00 855.00
1355.00 855.00
1355.00 855.00
1355.00 855.00
1355.00 855.00
1355.00 855.00
1355.00 858.00
1355.00 859.00
1355.00 859.00
1354.99 860.00
1354.99 860.00
1354.99 860.00
1354.99 860.00
1354.99 860.00
1354.99 860.00
1354.99 860.00
1354.99 860.00
1354.99 860.00
1354.99 860.00
1354.99 860.00
1354.99 860.00
1354.99 860.00
1354.99 866.00
1354.99 866.00
1354.98 867.00
1354.98 867.00
1354.98 867.00
1354.98 867.00
1354.88 869.00
1354.55 870.00
1354.55 870.00
1354.20 871.00
1354.20 871.00
1354.20 871.00
1354.03 872.00
1354.03 872.00
1354.00 873.00
1354.00 873.00
1354.00 874.00
1354.00 874.00
1354.00 875.00
1354.00 875.00
1354.00 876.00
1354.00 876.00
1354.00 876.00
1354.00 876.00
1354.00 876.00
1354.00 876.00
1354.00 876.00
1354.00 876.00
1354.00 876.00
1354.00 876.00
1354.00 876.00
1354.00 876.00
1354.00 876.00
1354.00 876.00
1354.00 877.00
1354.00 877.00
1354.00 884.00
1354.00 884.00
1353.99 885.00
1353.99 885.00
1353.93 886.00
1353.93 886.00
1353.68 887.00
1353.68 887.00
1353.15 888.00
1353.15 888.00
1353.02 889.00
1353.01 890.00
1353.01 890.00
1353.01 891.00
1353.01 891.00
1353.00 892.00
1353.00 892.00
1352.99 893.00
1352.99 893.00
1352.99 893.00
1352.99 893.00
1352.95 895.00
1352.95 895.00
1352.51 896.00
1352.51 896.00
1352.17 897.00
1352.17 897.00
1352.02 898.00
1352.02 898.00
1352.00 899.00
1352.00 899.00
1352.00 900.00
1352.00 900.00
1352.00 901.00
1352.00 901.00
1352.00 902.00
1352.00 902.00
1352.00 903.00
1352.00 903.00
1352.00 903.00
1352.00 903.00
1352.00 903.00
1352.00 903.00
1352.00 903.00
1352.00 903.00
1352.00 903.00
1352.00 903.00
1352.00 903.00
1352.00 903.00
1352.00 903.00
1352.00 903.00
1352.00 904.00
1352.00 904.00
1351.99 911.00
1351.99 911.00
1351.91 912.00
1351.91 912.00
1351.63 913.00
1351.63 913.00
1351.26 914.00
1351.26 914.00
1351.04 915.00
1351.04 915.00
1351.00 916.00
1351.00 916.00
1351.00 916.00
1351.00 916.00
1351.00 916.00
1351.00 916.00
1350.99 919.00
1350.99 919.00
1350.99 920.00
1350.99 920.00
1350.99 920.00
1350.99 920.00
1350.92 922.00
1350.92 922.00
1350.66 923.00
1350.66 923.00
1350.28 924.00
1350.28 924.00
1350.01 925.00
1350.01 925.00
1350.00 926.00
1350.00 926.00
1350.00 926.00
1350.00 926.00
1350.00 928.00
1350.00 928.00
1349.99 929.00
1349.99 929.00
1349.99 929.00
1349.99 929.00
1349.99 929.00
1349.99 929.00
1349.99 929.00
1349.99 929.00
1349.99 929.00
1349.99 929.00
1349.99 929.00
1349.99 929.00
1349.99 935.00
1349.99 935.00
1349.90 936.00
1349.90 936.00
1349.61 937.00
1349.61 937.00
1349.24 938.00
1349.24 938.00
1349.04 939.00
1349.04 939.00
1349.01 940.00
1349.01 940.00
1349.00 941.00
1349.00 941.00
1349.00 942.00
1349.00 942.00
1349.00 943.00
1349.00 943.00
1349.00 944.00
1349.00 944.00
1349.00 944.00
1349.00 944.00
1349.00 944.00
1349.00 944.00
1349.00 944.00
1349.00 944.00
1349.00 944.00
1349.00 944.00
1349.00 944.00
1349.00 944.00
1349.00 944.00
1349.00 944.00
1349.00 945.00
1349.00 945.00
1349.00 946.00
1349.00 946.00
1349.00 953.00
1349.00 953.00
1349.00 954.00
1349.00 954.00
1349.00 955.00
1349.00 955.00
1349.00 956.00
1349.00 956.00
1349.00 957.00
1349.00 957.00
1349.00 958.00
1349.00 958.00
1349.00 958.00
1349.00 958.00
1349.00 958.00
1349.00 958.00
1349.00 958.00
1349.00 958.00
1349.00 958.00
1349.00 958.00
1349.00 958.00
1349.00 958.00
1349.00 958.00
1349.00 958.00
1349.00 959.00
1349.00 959.00
1349.00 960.00
1349.00 960.00
1349.00 961.00
1349.00 961.00
1349.00 962.00
1349.00 962.00
1349.00 963.00
1349.00 963.00
1349.00 964.00
1349.00 964.00
1349.00 965.00
1349.00 965.00
1349.00 966.00
1349.00 966.00
1349.00 967.00
1349.00 967.00
1349.00 968.00
1349.00 968.00
1349.00 975.00
1349.00 975.00
1349.00 976.00
1349.00 976.00
1349.00 977.00
1349.00 977.00
1349.00 978.00
1349.00 978.00
1349.00 979.00
1349.00 979.00
1349.00 980.00
1349.00 980.00
1349.00 981.00
1349.00 981.00
1349.00 982.00
1349.00 982.00
1349.00 983.00
1349.00 983.00
1349.00 989.00
1349.00 989.00
1348.99 990.00
1348.20 995.00
1348.20 995.00
1348.03 996.00
1348.03 996.00
1348.00 997.00
1348.00 997.00
1348.00 997.00
1348.00 997.00
1348.00 999.00
1348.00 999.00
1348.00 1000.00
1348.00 1000.00
1348.00 1001.00
1348.00 1001.00
1348.00 1001.00
1348.00 1001.00
1348.00 1001.00
1348.00 1001.00
1348.00 1001.00
1348.00 1001.00
1348.00 1001.00
1348.00 1001.00
1347.94 1006.00
1347.94 1006.00
1347.55 1007.00
1347.55 1007.00
1347.19 1008.00
1347.19 1008.00
1347.01 1009.00
1347.01 1009.00
1347.00 1010.00
1347.00 1010.00
1347.00 1010.00
1347.00 1010.00
1347.00 1010.00
1347.00 1010.00
1347.00 1010.00
1347.00 1010.00
1347.00 1014.00
1347.00 1014.00
1346.99 1015.00
1346.99 1015.00
1346.99 1016.00
1346.99 1016.00
1346.99 1016.00
1346.99 1016.00
1346.99 1016.00
1346.99 1016.00
1346.99 1016.00
1346.99 1016.00
1346.99 1016.00
1346.99 1016.00
1346.99 1016.00
1346.99 1016.00
1346.99 1016.00
1346.99 1016.00
1346.99 1017.00
1346.99 1017.00
1346.99 1018.00
1346.99 1018.00
1347.00 1019.00
1347.00 1019.00
1346.99 1026.00
1346.99 1026.00
1346.89 1027.00
1346.89 1027.00
1346.60 1028.00
1346.60 1028.00
1346.23 1029.00
1346.23 1029.00
1346.04 1030.00
1346.04 1030.00
1346.00 1031.00
1346.00 1031.00
1346.00 1032.00
1346.00 1032.00
1346.00 1033.00
1346.00 1033.00
1346.00 1034.00
1346.00 1034.00
1345.99 1035.00
1345.99 1035.00
1345.91 1036.00
1345.91 1036.00
1345.63 1037.00
1345.63 1037.00
1345.25 1038.00
1345.25 1038.00
1345.04 1039.00
1345.04 1039.00
1345.00 1040.00
1345.00 1040.00
1345.00 1041.00
1345.00 1041.00
1345.00 1041.00
1345.00 1041.00
1345.00 1041.00
1345.00 1041.00
1345.00 1041.00
1345.00 1041.00
1345.00 1045.00
1345.00 1045.00
1345.00 1046.00
1345.00 1046.00
1345.00 1047.00
1345.00 1047.00
1345.00 1048.00
1345.00 1048.00
1345.00 1049.00
1345.00 1049.00
1345.00 1050.00
1345.00 1050.00
1345.00 1051.00
1345.00 1051.00
1345.00 1052.00
1345.00 1052.00
1345.00 1052.00
1345.00 1053.00
1345.00 1053.00
1345.00 1054.00
1345.00 1054.00
1345.00 1055.00
1345.00 1056.00
1345.00 1056.00
1345.00 1056.00
1345.00 1056.00
1345.00 1056.00
1345.00 1056.00
1345.00 1056.00
1345.00 1056.00
1345.00 1056.00
1345.00 1056.00
1345.00 1056.00
1345.00 1056.00
1345.00 1056.00
1345.00 1056.00
1345.00 1056.00
1345.00 1057.00
1345.00 1057.00
1345.00 1058.00
1345.00 1058.00
1345.00 1059.00
1345.00 1060.00
1345.00 1060.00
1345.00 1061.00
1345.00 1061.00
1345.00 1062.00
1345.00 1062.00
1345.00 1062.00
1345.00 1063.00
1345.00 1063.00
1345.00 1064.00
1345.00 1064.00
1345.00 1065.00
1345.00 1065.00
1345.00 1066.00
1345.00 1066.00
1345.00 1067.00
1345.00 1067.00
1345.00 1068.00
1345.00 1068.00
1345.00 1069.00
1345.00 1069.00
1345.00 1070.00
1345.00 1070.00
1345.00 1077.00
1345.00 1077.00
1345.00 1078.00
1345.00 1078.00
1345.00 1079.00
1345.00 1079.00
1345.00 1080.00
1345.00 1080.00
1345.00 1081.00
1345.00 1081.00
1345.00 1082.00
1345.00 1082.00
1345.00 1083.00
1345.00 1083.00
1345.00 1084.00
1345.00 1084.00
1344.99 1085.00
1344.99 1085.00
1344.93 1086.00
1344.93 1086.00
1344.67 1087.00
1344.67 1087.00
1344.15 1088.00
1344.15 1088.00
1344.02 1089.00
1344.02 1089.00
1344.00 1090.00
1344.00 1090.00
1344.00 1091.00
1344.00 1091.00
1343.99 1092.00
1343.99 1092.00
1343.95 1093.00
1343.95 1093.00
1343.53 1094.00
1343.53 1094.00
1343.18 1095.00
1343.18 1095.00
1343.02 1096.00
1343.02 1096.00
1343.01 1097.00
1343.01 1097.00
1343.01 1097.00
1343.01 1097.00
1342.99 1099.00
1342.99 1099.00
1342.99 1100.00
1342.99 1100.00
1342.99 1100.00
1342.99 1100.00
1342.88 1102.00
1342.88 1102.00
1342.56 1103.00
1342.56 1103.00
1342.37 1104.00
1342.56 1103.00
1342.37 1104.00
1342.37 1104.00
1342.37 1104.00
1342.20 1104.00
1342.20 1104.00
1342.09 1105.00
1342.01 1106.00
1342.00 1108.00
1342.00 1109.00
1342.00 1109.00
1342.00 1109.00
1342.00 1109.00
1342.00 1109.00
1342.00 1109.00
1342.00 1109.00
1342.01 1106.00
1342.00 1112.00
1342.00 1112.00
1342.00 1112.00
1342.00 1112.00
1342.00 1112.00
1342.00 1115.00
1342.00 1116.00
1342.00 1116.00
1342.00 1117.00
1342.00 1117.00
1342.00 1117.00
1342.00 1117.00
1342.00 1117.00
1342.00 1117.00
1342.00 1117.00
1342.00 1117.00
1342.00 1117.00
1342.00 1121.00
1342.00 1121.00
1342.00 1117.00
1342.00 1117.00
1342.00 1117.00
1342.00 1117.00
1342.00 1118.00
1342.00 1118.00
1342.00 1119.00
1342.00 1120.00
1342.00 1120.00
1342.00 1120.00
1342.00 1127.00
1342.00 1127.00
1342.00 1128.00
1342.00 1128.00
1341.99 1129.00
1341.99 1129.00
1341.99 1130.00
1341.99 1130.00
1341.99 1130.00
1341.99 1130.00
1341.99 1130.00
1341.99 1130.00
1341.93 1133.00
1341.93 1133.00
1341.69 1134.00
1341.69 1134.00
1341.31 1135.00
1341.50 1135.00
1341.50 1135.00
1341.69 1134.00
1341.69 1134.00
1341.69 1134.00
1341.69 1134.00
1341.69 1134.00
1341.50 1135.00
1341.50 1135.00
1341.50 1135.00
1341.50 1135.00
1341.50 1135.00
1341.50 1135.00
1341.06 1136.00
1341.06 1136.00
1341.01 1138.00
1341.01 1138.00
1341.01 1138.00
1341.01 1138.00
1341.00 1139.00
1341.00 1139.00
1340.99 1140.00
1340.99 1140.00
1340.98 1141.00
1340.98 1141.00
1340.86 1142.00
1340.86 1142.00
1340.35 1143.00
1340.35 1143.00
1340.08 1144.00
1340.08 1144.00
1340.08 1144.00
1340.00 1145.00
1340.00 1145.00
1340.00 1146.00
1340.00 1146.00
1339.97 1147.00
1339.77 1148.00
1339.77 1148.00
1339.41 1149.00
1339.41 1149.00
1339.11 1150.00
1339.11 1150.00
1339.01 1151.00
1339.01 1151.00
1339.01 1151.00
1339.00 1152.00
1339.00 1152.00
1339.00 1153.00
1339.00 1153.00
1338.97 1154.00
1338.97 1154.00
1338.82 1155.00
1338.82 1155.00
1338.48 1156.00
1338.48 1156.00
1338.02 1164.00
1338.02 1164.00
1338.02 1164.00
1338.02 1164.00
1338.06 1166.00
1338.06 1166.00
1338.38 1167.00
1338.38 1167.00
1339.28 1168.00
1339.28 1168.00
1339.76 1169.00
1339.76 1169.00
1339.95 1170.00
1339.95 1170.00
1339.99 1171.00
1339.99 1171.00
1339.99 1171.00
1339.99 1171.00
1339.99 1171.00
1339.99 1171.00
1339.99 1171.00
1339.99 1171.00
1339.99 1171.00
1339.99 1171.00
1339.99 1171.00
1339.99 1171.00
1339.99 1171.00
1339.99 1171.00
1339.99 1171.00
1339.98 1172.00
1339.98 1172.00
1339.83 1173.00
1339.83 1173.00
1339.53 1175.00
1339.53 1175.00
1339.53 1175.00
1339.53 1175.00
1339.36 1176.00
1339.36 1176.00
1339.11 1177.00
1339.11 1177.00
1339.01 1178.00
1339.01 1178.00
1339.00 1179.00
1339.00 1179.00
1339.00 1180.00
1339.00 1180.00
1339.00 1187.00
1339.00 1187.00
1339.00 1188.00
1339.00 1188.00
1339.00 1188.00
1339.00 1189.00
1339.00 1189.00
1339.00 1190.00
1339.00 1190.00
1339.00 1190.00
1339.00 1190.00
1339.00 1190.00
1339.00 1190.00
1339.00 1190.00
1339.00 1190.00
1339.00 1190.00
1339.00 1190.00
1339.00 1190.00
1339.00 1190.00
1339.00 1190.00
1339.00 1190.00
1339.00 1191.00
1339.00 1191.00
1339.00 1192.00
1339.00 1192.00
1339.00 1193.00
1339.00 1193.00
1339.00 1194.00
1339.00 1194.00
1339.00 1195.00
1339.00 1195.00
1339.00 1202.00
1339.00 1202.00
1339.00 1203.00
1339.00 1203.00
1339.00 1204.00
1339.00 1204.00
1339.00 1205.00
1339.00 1205.00
1339.00 1206.00
1339.00 1206.00
1339.00 1206.00
1339.00 1206.00
1339.00 1206.00
1339.00 1206.00
1339.00 1206.00
1339.00 1206.00
1339.00 1206.00
1339.00 1206.00
1339.00 1206.00
1339.00 1206.00
1339.00 1206.00
1339.00 1206.00
1339.00 1207.00
1339.00 1207.00
1339.00 1208.00
1339.00 1208.00
1339.00 1209.00
1339.00 1209.00
1339.00 1210.00
1339.00 1210.00
1338.99 1211.00
1338.99 1211.00
1338.97 1212.00
1338.97 1212.00
1338.77 1213.00
1338.77 1213.00
1338.28 1214.00
1338.28 1214.00
344.00 658.00
344.00 658.00
344.00 658.00
343.99 659.00
343.99 659.00
343.86 660.00
343.86 660.00
342.97 665.00
342.97 665.00
342.79 666.00
342.01 673.00
342.01 674.00
342.01 674.00
342.00 675.00
342.00 675.00
342.00 681.00
342.00 681.00
342.00 681.00
342.00 681.00
342.00 681.00
342.00 681.00
342.00 681.00
342.00 681.00
342.00 681.00
342.00 681.00
342.00 681.00
342.00 682.00
342.00 682.00
342.00 683.00
342.00 683.00
341.98 684.00
341.98 684.00
341.85 685.00
341.85 685.00
341.34 686.00
341.34 686.00
341.08 687.00
341.08 687.00
341.01 688.00
341.01 688.00
341.00 689.00
341.00 689.00
341.00 692.00
341.00 692.00
341.00 692.00
341.00 692.00
341.00 692.00
341.00 692.00
341.00 693.00
341.00 693.00
341.00 695.00
341.00 695.00
341.00 695.00
341.00 695.00
340.98 696.00
340.85 697.00
340.85 697.00
340.34 698.00
340.34 698.00
340.07 699.00
340.07 699.00
340.01 702.00
340.01 702.00
340.01 702.00
340.01 702.00
340.01 702.00
340.01 702.00
340.01 703.00
340.01 703.00
340.01 704.00
340.01 704.00
340.01 711.00
340.01 711.00
340.02 712.00
340.02 712.00
340.03 713.00
340.03 713.00
340.03 713.00
340.03 713.00
340.03 713.00
340.03 713.00
340.03 713.00
340.03 713.00
340.03 713.00
340.03 713.00
340.03 713.00
340.03 713.00
340.03 713.00
340.03 713.00
339.98 714.00
339.98 714.00
339.79 715.00
339.79 715.00
339.45 716.00
339.45 716.00
339.14 717.00
339.14 717.00
339.02 720.00
339.02 720.00
339.02 720.00
339.02 720.00
339.02 720.00
339.02 720.00
339.02 721.00
339.02 721.00
339.00 725.00
339.00 725.00
339.00 725.00
339.00 725.00
339.00 725.00
339.00 725.00
339.00 725.00
339.00 726.00
339.00 726.00
339.00 727.00
339.00 727.00
338.96 728.00
338.96 728.00
338.78 729.00
338.78 729.00
338.42 730.00
338.42 730.00
338.12 731.00
338.12 731.00
338.01 732.00
338.01 732.00
338.00 733.00
338.00 733.00
338.00 734.00
338.00 734.00
338.00 735.00
338.00 735.00
337.97 736.00
337.82 737.00
337.82 737.00
337.47 738.00
337.47 738.00
337.06 739.00
337.06 739.00
337.00 746.00
337.00 746.00
337.01 747.00
337.01 747.00
337.01 747.00
337.01 747.00
337.01 747.00
337.01 747.00
337.01 747.00
337.01 747.00
337.01 747.00
337.01 747.00
337.01 747.00
337.01 747.00
337.01 747.00
337.01 747.00
337.01 747.00
337.00 753.00
337.00 753.00
337.00 753.00
337.00 753.00
337.00 753.00
336.99 751.00
336.89 754.00
336.89 754.00
336.76 755.00
336.76 755.00
336.76 755.00
336.58 755.00
336.58 755.00
336.58 755.00
336.39 756.00
336.39 756.00
336.22 756.00
336.10 757.00
336.10 757.00
336.01 758.00
336.01 758.00
336.00 764.00
336.00 764.00
336.00 764.00
336.00 764.00
336.00 764.00
336.00 764.00
336.00 764.00
336.00 764.00
336.00 764.00
336.00 764.00
336.00 764.00
335.94 771.00
335.94 771.00
335.53 772.00
335.53 772.00
335.18 773.00
335.18 773.00
335.34 773.00
335.34 773.00
335.34 773.00
335.34 773.00
335.34 773.00
335.34 773.00
335.18 773.00
335.18 773.00
335.07 774.00
335.02 774.00
334.99 776.00
334.89 777.00
334.89 777.00
334.78 778.00
334.78 778.00
334.62 778.00
334.62 778.00
334.62 778.00
334.43 779.00
334.43 779.00
334.43 779.00
334.26 779.00
334.26 779.00
334.12 780.00
334.12 780.00
334.02 780.00
334.00 783.00
333.97 781.00
333.97 782.00
333.97 782.00
333.98 789.00
333.98 789.00
333.98 789.00
333.98 789.00
333.98 789.00
333.98 789.00
333.98 789.00
333.98 789.00
333.87 793.00
333.87 793.00
333.54 794.00
333.54 794.00
333.35 795.00
333.35 795.00
333.35 795.00
333.35 795.00
333.35 795.00
333.35 795.00
333.35 795.00
333.19 795.00
333.19 795.00
333.08 796.00
333.03 796.00
333.00 800.00
333.00 800.00
333.00 800.00
333.00 800.00
333.00 800.00
333.00 800.00
333.00 800.00
333.00 800.00
333.00 800.00
333.00 805.00
333.00 805.00
332.94 806.00
332.53 807.00
332.53 807.00
332.18 808.00
332.18 808.00
332.02 809.00
332.02 809.00
331.99 810.00
331.99 810.00
331.91 811.00
331.91 811.00
331.64 812.00
331.64 812.00
331.46 813.00
331.46 813.00
331.46 813.00
331.64 812.00
331.64 812.00
331.64 812.00
331.64 812.00
331.64 812.00
331.64 812.00
331.64 812.00
331.46 813.00
331.46 813.00
331.46 813.00
331.28 813.00
331.14 814.00
331.14 814.00
331.02 820.00
331.02 820.00
331.02 820.00
330.97 816.00
330.98 817.00
330.98 817.00
331.00 824.00
331.00 824.00
330.99 825.00
330.99 825.00
330.99 826.00
330.99 826.00
330.99 827.00
330.99 827.00
330.99 827.00
330.99 827.00
330.99 827.00
330.99 827.00
330.99 827.00
330.99 827.00
330.99 827.00
330.99 827.00
330.99 827.00
330.99 827.00
330.99 827.00
330.99 827.00
330.99 828.00
330.99 828.00
330.99 829.00
330.99 829.00
330.99 830.00
330.99 830.00
331.00 837.00
331.00 837.00
330.99 838.00
330.99 838.00
330.98 839.00
330.98 839.00
330.98 839.00
330.98 839.00
330.98 839.00
330.98 839.00
330.88 842.00
330.88 842.00
330.57 843.00
330.57 843.00
330.22 844.00
330.02 845.00
330.02 845.00
329.99 846.00
329.99 846.00
329.99 846.00
329.99 846.00
329.99 846.00
329.99 846.00
329.99 846.00
329.99 849.00
329.99 849.00
329.99 849.00
329.99 849.00
329.99 849.00
329.99 849.00
329.99 849.00
329.99 849.00
329.98 853.00
329.98 853.00
329.98 854.00
329.98 854.00
329.98 854.00
329.98 854.00
329.98 854.00
329.95 857.00
329.95 857.00
329.50 858.00
329.50 858.00
329.18 859.00
329.18 859.00
329.02 860.00
329.02 860.00
328.99 861.00
328.99 861.00
328.99 861.00
328.99 861.00
328.99 861.00
328.99 861.00
328.99 861.00
328.99 861.00
328.99 861.00
328.99 861.00
328.99 861.00
328.99 866.00
328.99 866.00
328.98 867.00
328.98 868.00
328.98 868.00
328.98 868.00
328.98 868.00
328.95 870.00
328.95 870.00
328.50 871.00
328.50 871.00
328.17 872.00
328.17 872.00
328.02 873.00
328.02 873.00
328.00 874.00
328.00 874.00
328.00 874.00
328.00 874.00
328.00 874.00
328.00 874.00
328.00 877.00
328.00 877.00
328.00 878.00
328.00 878.00
328.00 878.00
328.00 878.00
327.95 880.00
327.95 880.00
327.55 881.00
327.55 881.00
327.20 882.00
327.20 882.00
327.02 883.00
327.02 883.00
326.98 884.00
326.98 884.00
326.98 884.00
326.98 884.00
326.98 884.00
326.98 884.00
326.98 884.00
326.98 884.00
326.98 884.00
326.98 884.00
326.98 884.00
326.98 884.00
326.98 884.00
326.98 884.00
326.98 885.00
326.98 885.00
326.99 886.00
326.99 886.00
327.00 887.00
327.00 887.00
327.00 888.00
327.00 888.00
327.00 895.00
327.00 895.00
327.00 896.00
327.00 896.00
326.99 897.00
326.99 897.00
326.98 898.00
326.98 898.00
326.98 899.00
326.98 899.00
326.98 900.00
326.98 900.00
326.98 900.00
326.98 900.00
326.98 900.00
326.98 900.00
326.98 900.00
326.98 900.00
326.98 900.00
326.98 900.00
326.98 900.00
326.98 900.00
326.98 900.00
326.98 900.00
326.94 907.00
326.94 907.00
326.50 908.00
326.50 908.00
326.18 909.00
326.18 909.00
326.03 910.00
326.03 910.00
326.00 911.00
326.00 911.00
326.00 912.00
326.00 912.00
326.00 913.00
326.00 913.00
325.99 914.00
325.99 914.00
325.99 914.00
325.99 914.00
325.99 914.00
325.99 914.00
325.99 914.00
325.99 914.00
325.99 918.00
325.99 918.00
325.99 919.00
325.99 919.00
325.99 919.00
325.99 919.00
325.94 921.00
325.94 921.00
325.51 922.00
325.51 922.00
325.17 923.00
325.17 923.00
325.02 924.00
325.02 924.00
325.01 925.00
325.01 925.00
325.01 926.00
325.01 926.00
325.00 927.00
325.00 927.00
324.99 928.00
324.99 928.00
324.99 928.00
324.99 928.00
324.99 928.00
324.99 928.00
324.99 928.00
324.99 928.00
324.99 928.00
324.99 928.00
324.99 928.00
324.99 928.00
324.99 928.00
324.99 928.00
324.99 929.00
324.99 929.00
325.00 930.00
325.00 930.00
325.00 931.00
325.00 931.00
325.00 938.00
325.00 938.00
325.00 939.00
325.00 939.00
325.00 940.00
325.00 940.00
325.00 940.00
325.00 940.00
324.99 942.00
324.99 942.00
324.88 943.00
324.88 943.00
324.58 944.00
324.58 944.00
324.22 945.00
324.22 945.00
324.03 946.00
324.03 946.00
324.00 947.00
324.00 947.00
324.00 947.00
324.00 947.00
324.00 947.00
324.00 947.00
324.00 947.00
324.00 947.00
324.00 947.00
324.00 947.00
324.00 947.00
324.00 947.00
324.00 953.00
324.00 953.00
324.00 953.00
324.00 953.00
324.00 953.00
324.00 953.00
324.00 953.00
324.00 953.00
324.00 953.00
324.00 953.00
324.00 953.00
324.00 953.00
324.00 953.00
324.00 953.00
324.00 953.00
324.00 954.00
324.00 955.00
324.00 955.00
324.00 962.00
323.65 965.00
323.65 965.00
323.65 965.00
323.14 966.00
323.14 966.00
323.01 967.00
323.01 967.00
323.00 968.00
323.00 968.00
323.00 969.00
323.00 969.00
323.00 969.00
323.00 969.00
323.00 969.00
323.00 969.00
323.00 969.00
323.00 973.00
323.00 973.00
323.00 973.00
323.00 973.00
323.00 973.00
323.00 973.00
323.00 973.00
323.00 973.00
323.00 973.00
323.00 973.00
323.00 973.00
322.99 978.00
322.99 978.00
322.90 979.00
322.90 979.00
322.61 980.00
322.61 980.00
322.24 981.00
322.24 981.00
322.04 982.00
322.04 982.00
322.00 983.00
322.00 983.00
322.00 983.00
322.00 983.00
322.00 983.00
322.00 983.00
322.00 983.00
322.00 983.00
322.00 983.00
322.00 983.00
322.00 983.00
322.00 983.00
322.00 983.00
322.00 983.00
321.99 990.00
321.99 990.00
321.99 991.00
321.99 991.00
321.99 992.00
321.99 992.00
321.99 992.00
321.99 992.00
321.99 992.00
321.99 992.00
321.99 992.00
321.99 992.00
321.99 992.00
321.99 992.00
321.95 997.00
321.95 997.00
321.52 998.00
321.52 998.00
321.18 999.00
321.18 999.00
321.02 1000.00
321.02 1000.00
321.00 1001.00
321.00 1001.00
321.00 1001.00
321.00 1001.00
321.00 1003.00
321.00 1003.00
321.00 1004.00
321.00 1004.00
321.00 1004.00
321.00 1004.00
321.00 1004.00
321.00 1004.00
321.00 1004.00
321.00 1004.00
321.00 1004.00
321.00 1004.00
321.00 1009.00
321.00 1009.00
321.00 1010.00
321.00 1010.00
320.94 1011.00
320.94 1011.00
320.51 1012.00
320.51 1012.00
320.17 1013.00
320.17 1013.00
320.02 1014.00
320.02 1014.00
320.00 1015.00
320.00 1015.00
320.00 1015.00
320.00 1015.00
320.00 1017.00
320.00 1017.00
320.00 1018.00
320.00 1018.00
320.00 1019.00
320.00 1019.00
320.00 1019.00
320.00 1019.00
320.00 1019.00
320.00 1019.00
320.00 1019.00
320.00 1019.00
320.00 1019.00
320.00 1019.00
320.00 1019.00
320.00 1019.00
320.00 1019.00
320.00 1019.00
320.00 1019.00
320.00 1020.00
320.00 1020.00
320.00 1021.00
320.00 1022.00
320.00 1022.00
320.00 1029.00
320.00 1029.00
320.00 1030.00
320.00 1030.00
320.00 1030.00
320.00 1030.00
320.00 1030.00
319.99 1032.00
319.99 1032.00
319.88 1033.00
319.88 1033.00
319.57 1034.00
319.57 1034.00
319.21 1035.00
319.21 1035.00
319.03 1036.00
319.03 1036.00
319.01 1037.00
319.01 1037.00
319.00 1038.00
319.00 1038.00
318.99 1039.00
318.99 1039.00
318.99 1039.00
318.99 1039.00
318.91 1041.00
318.91 1041.00
318.61 1042.00
318.61 1042.00
318.24 1043.00
318.24 1043.00
318.04 1044.00
318.04 1044.00
318.00 1045.00
318.00 1045.00
318.00 1046.00
318.00 1046.00
318.00 1047.00
318.00 1047.00
318.00 1048.00
318.00 1048.00
318.00 1048.00
318.00 1048.00
318.00 1048.00
318.00 1048.00
318.00 1048.00
318.00 1048.00
318.00 1048.00
318.00 1048.00
318.00 1048.00
318.00 1048.00
318.00 1054.00
318.00 1054.00
318.00 1054.00
318.00 1054.00
317.99 1056.00
317.99 1056.00
317.88 1057.00
317.88 1057.00
317.57 1058.00
317.57 1058.00
317.21 1059.00
317.21 1059.00
317.03 1060.00
317.03 1060.00
317.01 1061.00
317.01 1061.00
317.01 1061.00
317.01 1061.00
317.01 1061.00
317.00 1063.00
317.00 1063.00
316.99 1064.00
316.99 1064.00
316.99 1064.00
316.99 1064.00
316.99 1064.00
316.99 1064.00
316.99 1064.00
316.99 1064.00
316.99 1064.00
316.99 1064.00
316.99 1064.00
316.99 1064.00
316.99 1064.00
316.99 1064.00
316.99 1071.00
316.99 1071.00
316.99 1072.00
316.99 1072.00
316.99 1072.00
316.99 1072.00
316.94 1074.00
316.94 1074.00
316.50 1075.00
316.50 1075.00
316.16 1076.00
316.16 1076.00
316.02 1077.00
316.02 1077.00
316.00 1078.00
316.00 1078.00
316.00 1079.00
316.00 1079.00
316.00 1080.00
316.00 1080.00
316.00 1080.00
316.00 1080.00
316.00 1080.00
316.00 1080.00
316.00 1080.00
316.00 1080.00
316.00 1080.00
316.00 1080.00
316.00 1080.00
316.00 1080.00
315.99 1086.00
315.99 1086.00
315.99 1086.00
315.99 1087.00
315.99 1087.00
315.99 1087.00
315.99 1087.00
315.99 1087.00
315.99 1087.00
315.99 1087.00
315.99 1087.00
315.99 1087.00
315.99 1087.00
315.99 1087.00
315.99 1087.00
315.99 1087.00
315.99 1094.00
315.99 1094.00
315.99 1094.00
315.98 1095.00
315.98 1095.00
315.98 1095.00
315.98 1095.00
315.98 1095.00
315.98 1095.00
315.96 1098.00
315.96 1098.00
315.52 1099.00
315.52 1099.00
315.18 1100.00
315.18 1100.00
315.03 1101.00
315.03 1101.00
315.00 1102.00
315.00 1102.00
315.00 1103.00
315.00 1103.00
315.00 1104.00
315.00 1104.00
315.00 1105.00
315.00 1105.00
315.00 1105.00
315.00 1105.00
315.00 1105.00
315.00 1105.00
315.00 1105.00
315.00 1105.00
315.00 1105.00
315.00 1105.00
315.00 1105.00
315.00 1105.00
315.00 1105.00
315.00 1105.00
315.00 1106.00
315.00 1106.00
315.00 1113.00
315.00 1113.00
315.00 1114.00
315.00 1114.00
315.00 1114.00
315.00 1114.00
315.00 1114.00
315.00 1114.00
315.00 1114.00
315.00 1114.00
315.00 1114.00
315.00 1114.00
315.00 1114.00
315.00 1114.00
315.00 1114.00
315.00 1114.00
315.00 1114.00
315.00 1115.00
315.00 1115.00
315.00 1116.00
315.00 1116.00
315.00 1123.00
315.00 1123.00
315.00 1124.00
315.00 1124.00
315.00 1124.00
315.00 1124.00
315.00 1124.00
315.00 1124.00
315.00 1127.00
315.00 1127.00
315.00 1128.00
315.00 1128.00
315.00 1128.00
314.99 1129.00
314.99 1129.00
314.92 1130.00
314.92 1130.00
314.67 1131.00
314.67 1131.00
314.15 1132.00
314.00 1133.00
314.00 1133.00
314.00 1133.00
313.99 1134.00
313.99 1134.00
313.99 1134.00
313.99 1134.00
313.99 1134.00
313.99 1134.00
313.99 1134.00
313.99 1134.00
313.99 1134.00
313.99 1134.00
313.99 1134.00
313.99 1134.00
313.99 1134.00
313.99 1134.00
313.99 1135.00
313.99 1135.00
313.99 1142.00
313.99 1142.00
313.99 1143.00
313.99 1143.00
313.99 1143.00
313.99 1143.00
313.99 1143.00
313.99 1143.00
313.90 1146.00
313.90 1146.00
313.61 1147.00
313.61 1147.00
313.24 1148.00
313.24 1148.00
313.04 1149.00
313.04 1149.00
313.04 1149.00
313.00 1150.00
313.00 1150.00
313.00 1150.00
313.00 1150.00
313.00 1152.00
313.00 1152.00
313.00 1152.00
313.00 1152.00
313.00 1152.00
313.00 1152.00
313.00 1152.00
313.00 1152.00
313.00 1152.00
313.00 1152.00
313.00 1152.00
313.00 1152.00
313.00 1152.00
313.00 1152.00
313.01 1158.00
313.01 1158.00
313.00 1160.00
313.00 1160.00
312.99 1161.00
312.99 1161.00
312.99 1161.00
312.99 1161.00
312.99 1161.00
312.99 1161.00
312.99 1161.00
312.99 1161.00
312.99 1161.00
312.99 1161.00
312.99 1161.00
312.99 1161.00
312.99 1161.00
312.99 1161.00
312.99 1161.00
312.99 1162.00
312.99 1162.00
313.00 1163.00
313.00 1163.00
313.00 1170.00
313.00 1170.00
313.00 1171.00
313.00 1171.00
313.00 1172.00
313.00 1172.00
313.00 1172.00
313.00 1172.00
313.00 1172.00
313.00 1172.00
313.00 1172.00
313.00 1172.00
313.00 1172.00
313.00 1172.00
313.00 1172.00
313.00 1172.00
313.00 1172.00
313.00 1172.00
313.00 1172.00
313.00 1173.00
313.00 1173.00
313.00 1174.00
313.00 1174.00
313.00 1174.00
858.00 854.00
858.00 854.00
858.00 854.00
858.00 855.00
858.00 855.00
858.00 855.00
858.00 855.00
858.00 856.00
858.00 856.00
858.00 859.00
858.00 859.00
858.00 859.00
858.00 859.00
858.00 859.00
858.00 859.00
857.98 860.00
857.98 860.00
857.84 861.00
857.32 862.00
857.32 862.00
857.07 863.00
857.07 863.00
857.01 865.00
857.01 865.00
857.01 865.00
857.01 865.00
857.01 872.00
857.01 872.00
857.01 873.00
857.01 873.00
857.01 873.00
857.01 873.00
857.01 873.00
857.01 873.00
857.01 873.00
857.01 873.00
857.01 873.00
857.01 873.00
857.01 873.00
857.01 873.00
857.01 873.00
857.01 873.00
857.01 874.00
857.01 874.00
857.00 878.00
857.00 878.00
857.00 878.00
857.00 878.00
857.00 878.00
857.00 878.00
857.00 878.00
856.98 879.00
856.92 879.00
856.80 880.00
856.80 880.00
856.43 881.00
856.43 881.00
856.13 882.00
856.13 882.00
856.01 883.00
856.00 885.00
856.00 885.00
856.00 885.00
856.00 885.00
856.01 892.00
856.01 892.00
856.01 893.00
856.01 893.00
856.01 893.00
856.01 893.00
856.01 893.00
856.01 893.00
856.01 893.00
856.01 893.00
856.01 893.00
856.01 893.00
856.01 893.00
856.01 893.00
855.97 898.00
855.89 898.00
855.89 898.00
855.75 899.00
855.75 899.00
855.75 899.00
855.57 899.00
855.57 899.00
855.57 899.00
855.57 899.00
855.57 899.00
855.57 899.00
855.75 899.00
855.75 899.00
855.38 900.00
855.38 900.00
855.10 901.00
855.10 901.00
855.01 902.00
855.00 904.00
855.00 904.00
855.00 904.00
855.00 904.00
855.00 910.00
855.00 910.00
855.00 910.00
855.00 910.00
855.00 913.00
855.00 913.00
855.00 914.00
855.00 914.00
855.00 915.00
855.00 915.00
854.94 916.00
854.54 917.00
854.54 917.00
854.54 917.00
854.54 917.00
854.54 917.00
854.54 917.00
854.54 917.00
854.54 917.00
854.54 917.00
854.54 917.00
854.54 917.00
854.54 917.00
854.54 917.00
854.35 918.00
854.35 918.00
854.35 918.00
854.07 919.00
854.07 919.00
854.01 922.00
854.01 922.00
854.00 924.00
853.99 927.00
853.99 927.00
853.99 927.00
853.99 927.00
853.99 927.00
853.99 927.00
853.99 927.00
853.99 927.00
853.99 927.00
853.99 927.00
853.99 927.00
853.99 927.00
853.99 927.00
853.99 928.00
853.99 928.00
853.99 929.00
853.99 929.00
854.00 930.00
854.00 931.00
854.00 931.00
854.00 932.00
854.00 932.00
854.00 939.00
854.00 939.00
854.00 940.00
854.00 940.00
853.99 941.00
853.99 941.00
853.99 942.00
853.99 942.00
853.99 943.00
853.99 943.00
853.99 944.00
853.99 944.00
853.99 944.00
853.99 944.00
853.99 944.00
853.99 944.00
853.99 944.00
853.99 944.00
853.99 944.00
853.99 944.00
853.99 944.00
853.99 944.00
853.99 944.00
853.92 951.00
853.92 951.00
853.65 952.00
853.65 952.00
853.15 953.00
853.15 953.00
853.01 954.00
853.01 954.00
852.99 955.00
852.99 955.00
852.99 955.00
852.99 955.00
852.99 955.00
852.99 955.00
852.99 955.00
852.99 955.00
852.99 955.00
852.99 955.00
852.99 960.00
852.99 960.00
852.98 961.00
852.98 961.00
852.98 961.00
852.98 961.00
852.98 961.00
852.94 964.00
852.94 964.00
852.67 965.00
852.67 965.00
852.15 966.00
852.15 966.00
852.02 967.00
852.02 967.00
852.02 967.00
852.00 968.00
852.00 968.00
852.00 969.00
852.00 970.00
852.00 970.00
852.00 970.00
852.00 970.00
852.00 970.00
852.00 970.00
852.00 970.00
852.00 970.00
851.99 974.00
851.99 974.00
851.99 974.00
851.99 974.00
851.94 976.00
851.94 976.00
851.50 977.00
851.50 977.00
851.31 978.00
851.17 978.00
851.17 978.00
851.07 979.00
851.02 979.00
851.00 980.00
851.00 981.00
851.00 981.00
851.00 981.00
851.00 981.00
851.00 981.00
851.00 981.00
851.00 981.00
851.00 981.00
851.00 981.00
851.00 981.00
851.00 981.00
851.00 981.00
851.00 981.00
851.00 982.00
851.00 982.00
851.00 983.00
851.00 983.00
851.00 984.00
851.00 984.00
851.00 985.00
851.00 985.00
851.00 992.00
851.00 992.00
851.00 993.00
851.00 993.00
851.00 994.00
851.00 994.00
851.00 995.00
851.00 995.00
851.00 996.00
851.00 996.00
851.00 996.00
851.00 996.00
850.99 998.00
850.99 998.00
850.89 999.00
850.89 999.00
850.61 1000.00
850.61 1000.00
850.24 1001.00
850.24 1001.00
850.03 1002.00
849.99 1003.00
849.99 1003.00
849.99 1003.00
849.99 1003.00
849.99 1003.00
849.99 1003.00
849.99 1003.00
849.99 1003.00
849.99 1007.00
849.99 1007.00
849.99 1007.00
849.99 1007.00
849.91 1009.00
849.91 1009.00
849.63 1010.00
849.63 1010.00
849.44 1011.00
849.26 1011.00
849.26 1011.00
849.13 1012.00
849.13 1012.00
849.05 1012.00
849.00 1014.00
849.00 1014.00
849.00 1015.00
849.00 1015.00
849.00 1016.00
849.00 1017.00
849.00 1017.00
849.00 1017.00
849.00 1017.00
849.00 1017.00
849.00 1017.00
849.00 1017.00
849.00 1017.00
849.00 1017.00
849.00 1017.00
849.00 1017.00
849.00 1017.00
849.00 1017.00
849.00 1017.00
849.00 1023.00
849.00 1023.00
849.00 1023.00
849.00 1023.00
849.00 1023.00
849.00 1023.00
849.00 1023.00
849.00 1023.00
849.00 1023.00
849.00 1028.00
849.00 1029.00
849.00 1029.00
849.00 1030.00
849.00 1030.00
848.95 1031.00
848.95 1031.00
848.54 1032.00
848.54 1032.00
848.19 1033.00
848.19 1033.00
848.03 1034.00
848.03 1034.00
847.99 1035.00
847.99 1035.00
847.91 1036.00
847.97 1036.00
847.99 1035.00
848.03 1034.00
848.03 1034.00
848.03 1034.00
847.99 1035.00
847.91 1036.00
847.91 1036.00
847.80 1037.00
847.80 1037.00
847.80 1037.00
847.80 1037.00
847.91 1036.00
847.80 1037.00
847.80 1037.00
847.45 1038.00
847.45 1038.00
847.13 1039.00
847.13 1039.00
847.01 1042.00
847.01 1042.00
847.01 1042.00
847.01 1042.00
847.01 1042.00
847.01 1042.00
847.01 1043.00
847.01 1043.00
847.00 1044.00
847.00 1044.00
847.00 1046.00
847.00 1046.00
847.00 1046.00
847.00 1046.00
846.98 1047.00
846.98 1047.00
846.83 1048.00
846.83 1048.00
846.50 1049.00
846.50 1049.00
846.05 1050.00
846.05 1050.00
846.02 1054.00
846.02 1054.00
846.02 1054.00
846.02 1054.00
846.02 1054.00
846.02 1054.00
846.02 1054.00
846.02 1054.00
846.02 1055.00
846.02 1055.00
846.01 1056.00
846.01 1056.00
846.00 1057.00
846.00 1057.00
846.00 1058.00
846.00 1058.00
846.00 1059.00
846.00 1059.00
846.00 1066.00
846.00 1066.00
846.00 1067.00
846.00 1067.00
846.00 1068.00
846.00 1068.00
846.00 1069.00
846.00 1069.00
846.00 1070.00
846.00 1070.00
846.00 1071.00
846.00 1072.00
846.00 1072.00
846.00 1073.00
846.00 1073.00
846.00 1074.00
846.00 1074.00
846.00 1074.00
846.00 1074.00
846.00 1074.00
846.00 1074.00
846.00 1074.00
846.00 1074.00
846.00 1074.00
846.00 1074.00
846.00 1074.00
846.00 1074.00
846.00 1074.00
846.00 1075.00
846.00 1075.00
846.00 1076.00
846.00 1076.00
846.00 1077.00
846.00 1077.00
846.00 1078.00
846.00 1078.00
846.00 1079.00
846.00 1079.00
846.00 1080.00
846.00 1080.00
846.00 1081.00
846.00 1081.00
846.00 1088.00
846.00 1088.00
846.01 1089.00
845.99 1085.00
845.99 1085.00
845.99 1085.00
845.94 1091.00
845.94 1091.00
845.71 1092.00
845.53 1092.00
845.53 1092.00
845.53 1092.00
845.34 1093.00
845.34 1093.00
845.34 1093.00
845.34 1093.00
845.34 1093.00
845.53 1092.00
845.53 1092.00
845.53 1092.00
845.53 1092.00
845.53 1092.00
845.34 1093.00
845.07 1094.00
845.07 1094.00
845.01 1096.00
845.01 1096.00
845.01 1096.00
845.01 1096.00
845.00 1097.00
845.00 1097.00
845.00 1099.00
845.00 1099.00
845.00 1099.00
845.00 1099.00
845.00 1100.00
845.00 1100.00
845.00 1102.00
845.00 1102.00
845.00 1102.00
845.00 1102.00
844.99 1103.00
844.99 1103.00
844.86 1104.00
844.86 1104.00
844.34 1105.00
844.34 1105.00
844.08 1106.00
844.08 1106.00
844.00 1107.00
844.00 1107.00
844.00 1107.00
844.00 1108.00
844.00 1108.00
844.00 1109.00
844.00 1109.00
844.00 1112.00
844.00 1112.00
844.00 1112.00
844.00 1112.00
844.00 1112.00
844.00 1112.00
843.96 1113.00
843.96 1113.00
843.76 1114.00
843.76 1114.00
843.41 1115.00
843.41 1115.00
843.10 1116.00
843.10 1116.00
843.02 1119.00
843.02 1119.00
843.02 1119.00
843.02 1119.00
843.02 1119.00
843.00 1120.00
843.00 1120.00
842.99 1122.00
842.99 1122.00
842.99 1122.00
842.99 1122.00
842.97 1123.00
842.97 1123.00
842.79 1124.00
842.79 1124.00
842.44 1125.00
842.44 1125.00
842.12 1126.00
842.12 1126.00
842.01 1129.00
842.01 1129.00
842.01 1129.00
842.01 1129.00
842.01 1129.00
842.01 1129.00
842.01 1130.00
842.01 1130.00
842.00 1131.00
842.00 1131.00
842.00 1138.00
842.00 1138.00
842.00 1139.00
842.00 1139.00
842.00 1140.00
842.00 1140.00
842.00 1140.00
842.00 1140.00
842.00 1140.00
842.00 1140.00
842.00 1140.00
842.00 1140.00
842.00 1140.00
842.00 1140.00
842.00 1140.00
842.00 1140.00
842.00 1140.00
842.00 1141.00
842.00 1141.00
842.00 1142.00
842.00 1142.00
842.00 1143.00
842.00 1143.00
842.00 1144.00
842.00 1144.00
841.98 1145.00
841.98 1145.00
841.86 1146.00
841.86 1146.00
841.35 1147.00
841.35 1147.00
841.07 1148.00
841.07 1148.00
841.01 1150.00
841.01 1150.00
841.01 1150.00
841.01 1150.00
841.01 1151.00
841.01 1151.00
841.01 1157.00
841.01 1157.00
841.01 1157.00
841.01 1157.00
841.01 1157.00
841.01 1157.00
841.01 1157.00
841.01 1157.00
841.01 1157.00
841.01 1157.00
841.01 1157.00
841.00 1158.00
841.00 1158.00
841.00 1165.00
841.00 1165.00
841.00 1166.00
841.00 1166.00
841.00 1167.00
841.00 1167.00
841.00 1167.00
841.00 1167.00
841.00 1167.00
841.00 1167.00
841.00 1167.00
841.00 1167.00
841.00 1167.00
841.00 1167.00
841.00 1167.00
841.00 1167.00
841.00 1167.00
841.00 1167.00
841.00 1168.00
841.00 1168.00
841.00 1169.00
841.00 1169.00
841.00 1176.00
841.00 1176.00
841.00 1177.00
841.00 1177.00
841.00 1178.00
841.00 1178.00
841.00 1178.00
841.00 1178.00
841.00 1178.00
841.00 1178.00
841.00 1178.00
841.00 1178.00
841.00 1178.00
841.00 1178.00
841.00 1178.00
841.00 1178.00
841.00 1178.00
841.00 1178.00
841.00 1179.00
841.00 1179.00
841.00 1180.00
841.00 1180.00
841.00 1182.00
841.00 1182.00
841.00 1182.00
841.00 1182.00
840.97 1183.00
840.97 1183.00
840.80 1184.00
840.80 1184.00
840.46 1185.00
840.46 1185.00
840.13 1186.00
840.13 1186.00
840.01 1188.00
840.01 1188.00
840.01 1188.00
840.01 1188.00
840.01 1189.00
840.01 1189.00
840.00 1195.00
840.00 1195.00
840.00 1195.00
840.00 1195.00
840.00 1195.00
840.00 1195.00
840.00 1195.00
840.00 1195.00
840.00 1195.00
840.00 1195.00
840.00 1195.00
840.00 1195.00
840.00 1196.00
840.00 1196.00
840.00 1197.00
840.00 1197.00
839.97 1198.00
839.97 1198.00
839.79 1199.00
839.79 1199.00
839.44 1200.00
839.12 1201.00
839.12 1201.00
839.01 1202.00
839.01 1202.00
839.01 1203.00
839.01 1203.00
839.00 1208.00
839.00 1208.00
839.00 1208.00
839.00 1208.00
839.00 1208.00
839.00 1208.00
839.00 1208.00
839.00 1208.00
839.00 1208.00
839.00 1208.00
839.00 1209.00
839.00 1209.00
839.00 1213.00
839.00 1213.00
839.00 1213.00
839.00 1213.00
839.00 1213.00
839.00 1213.00
839.00 1213.00
839.00 1213.00
839.00 1214.00
839.00 1214.00
839.00 1215.00
839.00 1215.00
838.96 1216.00
838.96 1216.00
838.75 1217.00
838.75 1217.00
838.38 1218.00
838.38 1218.00
838.10 1219.00
838.10 1219.00
838.01 1220.00
838.00 1221.00
838.00 1221.00
838.00 1226.00
838.00 1226.00
838.00 1226.00
838.00 1226.00
838.00 1227.00
838.00 1227.00
838.00 1228.00
838.00 1228.00
838.00 1235.00
838.00 1235.00
838.00 1236.00
838.00 1236.00
838.00 1237.00
838.00 1237.00
838.00 1237.00
838.00 1237.00
838.00 1237.00
838.00 1237.00
838.00 1237.00
838.00 1237.00
838.00 1237.00
838.00 1237.00
838.00 1237.00
838.00 1237.00
838.00 1237.00
838.00 1237.00
838.00 1238.00
838.00 1238.00
838.00 1239.00
838.00 1239.00
838.00 1240.00
838.00 1240.00
838.00 1241.00
838.00 1241.00
838.00 1242.00
838.00 1242.00
838.00 1243.00
838.00 1243.00
838.00 1244.00
838.00 1244.00
838.00 1251.00
838.00 1251.00
838.00 1252.00
838.00 1252.00
838.00 1253.00
838.00 1253.00
838.00 1254.00
838.00 1254.00
838.00 1255.00
838.00 1255.00
838.00 1256.00
838.00 1256.00
838.00 1257.00
838.00 1257.00
838.00 1258.00
838.00 1258.00
838.00 1259.00
838.00 1259.00
838.00 1259.00
838.00 1259.00
838.00 1259.00
838.00 1259.00
838.00 1259.00
838.00 1259.00
838.00 1259.00
838.00 1259.00
838.00 1259.00
838.00 1259.00
838.00 1259.00
838.00 1260.00
838.00 1260.00
838.00 1261.00
838.00 1261.00
838.00 1262.00
838.00 1262.00
838.00 1263.00
838.00 1263.00
838.00 1264.00
838.00 1264.00
838.00 1265.00
838.00 1265.00
838.00 1266.00
838.00 1266.00
838.00 1273.00
838.00 1273.00
838.00 1274.00
838.00 1274.00
838.00 1275.00
838.00 1275.00
838.00 1276.00
838.00 1276.00
838.00 1277.00
838.00 1277.00
838.00 1278.00
838.00 1278.00
838.00 1278.00
838.00 1278.00
838.00 1278.00
838.00 1278.00
838.00 1278.00
838.00 1278.00
838.00 1278.00
838.00 1278.00
838.00 1278.00
838.00 1278.00
838.00 1278.00
838.00 1279.00
838.00 1279.00
838.00 1284.00
838.00 1284.00
838.00 1284.00
838.00 1284.00
838.00 1284.00
838.00 1284.00
838.00 1284.00
838.00 1284.00
838.00 1284.00
838.00 1284.00
837.98 1285.00
837.98 1285.00
837.86 1286.00
837.86 1286.00
837.36 1287.00
837.36 1287.00
837.07 1288.00
837.07 1288.00
837.02 1291.00
837.02 1291.00
837.02 1291.00
837.02 1291.00
837.02 1291.00
837.02 1291.00
837.02 1292.00
837.02 1292.00
837.01 1293.00
837.01 1293.00
837.01 1294.00
837.01 1294.00
837.00 1295.00
837.00 1295.00
837.00 1302.00
837.00 1302.00
837.00 1303.00
837.00 1303.00
837.01 1304.00
837.01 1304.00
837.02 1305.00
837.02 1305.00
837.02 1305.00
837.02 1305.00
837.02 1305.00
837.02 1305.00
837.02 1305.00
837.02 1305.00
837.02 1305.00
837.02 1305.00
837.02 1305.00
837.02 1305.00
837.02 1305.00
837.02 1305.00
837.02 1306.00
837.02 1306.00
836.97 1307.00
836.97 1307.00
836.78 1308.00
836.42 1309.00
836.42 1309.00
836.12 1310.00
836.12 1310.00
836.01 1311.00
836.01 1311.00
836.00 1313.00
836.00 1313.00
836.00 1313.00
836.00 1313.00
836.00 1313.00
836.00 1314.00
836.00 1314.00
836.00 1317.00
836.00 1317.00
836.00 1317.00
836.00 1317.00
836.00 1317.00
836.00 1317.00
836.00 1318.00
836.00 1318.00
836.00 1319.00
836.00 1319.00
836.00 1320.00
836.00 1320.00
835.97 1321.00
835.97 1321.00
835.79 1322.00
835.79 1322.00
835.43 1323.00
835.43 1323.00
835.12 1324.00
835.12 1324.00
835.01 1329.00
835.01 1329.00
835.01 1333.00
835.01 1333.00
835.01 1333.00
834.99 1334.00
834.99 1334.00
834.78 1335.00
834.78 1335.00
834.98 1344.00
834.98 1344.00
835.08 1345.00
835.08 1345.00
835.35 1346.00
835.35 1346.00
835.96 1347.00
835.96 1347.00
836.38 1348.00
836.38 1348.00
836.76 1349.00
836.76 1349.00
836.95 1350.00
836.97 1351.00
836.97 1351.00
836.95 1350.00
836.84 1352.00
836.65 1352.00
836.58 1349.00
836.38 1348.00
836.38 1348.00
836.38 1348.00
836.37 1352.00
836.58 1349.00
836.65 1352.00
836.65 1352.00
836.65 1352.00
836.65 1352.00
836.84 1352.00
836.84 1352.00
836.84 1352.00
836.84 1352.00
836.84 1352.00
836.00 1353.00
836.00 1353.00
836.00 1353.00
836.00 1353.00
834.00 1374.00
834.00 1374.00
834.00 1375.00
834.00 1375.00
834.00 1376.00
834.00 1377.00
834.00 1377.00
834.00 1378.00
834.00 1378.00
834.00 1379.00
834.00 1379.00
834.00 1380.00
834.00 1380.00
834.00 1381.00
834.00 1381.00
834.00 1382.00
834.00 1382.00
834.00 1383.00
834.00 1383.00
834.00 1384.00
834.00 1384.00
834.00 1385.00
834.00 1385.00
834.00 1386.00
834.00 1386.00
834.00 1386.00
834.00 1387.00
834.00 1394.00
834.00 1394.00
834.00 1395.00
834.00 1395.00
834.00 1396.00
834.00 1396.00
834.00 1397.00
834.00 1397.00
834.00 1398.00
834.00 1398.00
834.00 1399.00
834.00 1399.00
834.00 1400.00
834.00 1400.00
834.00 1401.00
834.00 1401.00
834.00 1402.00
834.00 1402.00
834.00 1403.00
834.00 1403.00
834.00 1404.00
834.00 1404.00
834.00 1404.00
834.00 1404.00
834.00 1404.00
834.00 1404.00
834.00 1404.00
834.00 1404.00
834.00 1404.00
834.00 1404.00
834.00 1404.00
834.00 1404.00
834.00 1404.00
834.00 1405.00
834.00 1405.00
834.00 1406.00
834.00 1406.00
834.00 1407.00
834.00 1407.00
834.00 1408.00
834.00 1408.00
834.00 1409.00
834.00 1416.00
834.00 1416.00
834.01 1417.00
834.01 1417.00
834.01 1417.00
834.01 1417.00
834.01 1417.00
834.01 1417.00
834.01 1417.00
834.01 1417.00
834.01 1417.00
834.01 1417.00
834.00 1418.00
833.96 1419.00
833.87 1419.00
833.87 1419.00
833.87 1419.00
833.87 1419.00
833.96 1419.00
833.96 1419.00
833.73 1420.00
833.73 1420.00
833.73 1420.00
833.73 1420.00
833.34 1421.00
833.34 1421.00
832.93 1422.00
832.93 1422.00
832.93 1422.00
832.95 1461.00
832.95 1461.00
832.97 1462.00
832.97 1462.00
832.97 1462.00
832.97 1462.00
832.97 1462.00
832.97 1462.00
832.97 1462.00
832.97 1462.00
832.97 1462.00
832.97 1462.00
832.97 1462.00
832.97 1462.00
832.97 1462.00
832.97 1462.00
832.99 1469.00
832.99 1469.00
833.00 1470.00
833.00 1470.00
833.00 1471.00
833.00 1471.00
833.00 1471.00
833.00 1471.00
833.00 1471.00
833.00 1471.00
833.00 1474.00
833.00 1474.00
833.00 1474.00
833.00 1474.00
833.00 1474.00
833.00 1474.00
833.00 1474.00
833.00 1474.00
833.00 1474.00
833.00 1474.00
833.00 1474.00
833.00 1474.00
833.00 1474.00
833.00 1474.00
833.00 1475.00
833.00 1475.00
832.98 1476.00
832.98 1476.00
832.84 1477.00
832.84 1477.00
832.00 1505.00
832.00 1506.00
832.00 1506.00
832.00 1507.00
832.00 1508.00
832.00 1508.00
832.00 1509.00
832.00 1509.00
832.00 1510.00
832.00 1510.00
832.00 1511.00
832.00 1511.00
832.00 1518.00
832.00 1518.00
832.00 1519.00
832.00 1519.00
832.00 1520.00
832.00 1520.00
832.00 1521.00
832.00 1522.00
832.00 1522.00
832.00 1523.00
832.00 1523.00
832.00 1524.00
832.00 1524.00
832.00 1525.00
832.00 1525.00
832.00 1526.00
832.00 1526.00
832.00 1527.00
832.00 1527.00
832.00 1528.00
832.00 1528.00
832.00 1529.00
832.00 1529.00
832.00 1530.00
832.00 1530.00
832.00 1531.00
832.00 1531.00
832.00 1531.00
832.00 1532.00
832.00 1532.00
832.00 1532.00
832.00 1532.00
832.00 1532.00
832.00 1532.00
832.00 1532.00
832.00 1532.00
832.00 1532.00
832.00 1532.00
832.00 1532.00
832.00 1532.00
832.00 1532.00
832.00 1532.00
832.00 1533.00
832.00 1533.00
832.00 1533.00
832.00 1534.00
832.00 1534.00
832.00 1535.00
832.00 1535.00
832.00 1536.00
832.00 1536.00
832.00 1537.00
832.00 1537.00
832.00 1538.00
832.00 1538.00
832.00 1539.00
832.00 1539.00
832.00 1546.00
832.00 1546.00
832.01 1547.00
832.01 1547.00
832.01 1547.00
832.01 1547.00
832.01 1547.00
832.01 1547.00
832.01 1547.00
832.01 1547.00
832.01 1547.00
832.01 1547.00
832.01 1547.00
832.01 1547.00
832.01 1547.00
832.01 1547.00
831.97 1548.00
831.97 1548.00
831.78 1549.00
831.51 1553.00
831.00 1743.00
831.00 1744.00
831.00 1744.00
831.00 1751.00
831.00 1751.00
831.00 1752.00
831.00 1752.00
831.00 1752.00
831.00 1752.00
831.00 1752.00
831.00 1752.00
831.00 1752.00
831.00 1752.00
831.00 1752.00
831.00 1752.00
831.00 1752.00
831.00 1752.00
831.00 1752.00
831.00 1753.00
831.00 1753.00
831.00 1754.00
831.00 1754.00
831.00 1754.00
831.00 1755.00
831.00 1755.00
831.00 1755.00
451.00 1648.00
451.00 1649.00
451.00 1650.00
451.00 1650.00
451.00 1651.00
451.00 1651.00
451.00 1652.00
451.00 1652.00
451.00 1653.00
451.00 1654.00
451.00 1654.00
451.00 1661.00
451.00 1661.00
451.00 1662.00
451.00 1662.00
451.00 1662.00
451.00 1662.00
451.00 1662.00
451.00 1662.00
451.00 1662.00
451.00 1662.00
451.00 1662.00
451.00 1662.00
451.00 1662.00
451.00 1662.00
451.00 1662.00
451.00 1663.00
451.00 1663.00
450.95 1664.00
450.95 1664.00
450.75 1665.00
450.75 1665.00
450.75 1665.00
450.38 1666.00
450.38 1666.00
450.08 1667.00
450.08 1667.00
450.02 1670.00
450.02 1670.00
450.02 1670.00
450.02 1670.00
450.02 1670.00
450.02 1670.00
450.01 1671.00
450.01 1671.00
450.00 1678.00
450.00 1678.00
450.01 1679.00
450.01 1679.00
450.01 1679.00
450.01 1679.00
450.01 1679.00
450.01 1679.00
450.01 1679.00
450.01 1679.00
450.01 1679.00
450.01 1679.00
450.01 1679.00
450.01 1679.00
450.01 1679.00
450.01 1680.00
450.01 1680.00
450.00 1681.00
450.00 1681.00
450.00 1682.00
450.00 1683.00
450.00 1683.00
450.00 1690.00
450.00 1690.00
450.00 1691.00
450.00 1691.00
450.00 1691.00
450.00 1692.00
450.00 1692.00
450.00 1693.00
450.00 1693.00
450.00 1695.00
450.00 1695.00
450.00 1695.00
450.00 1695.00
450.00 1695.00
450.00 1696.00
450.00 1696.00
450.00 1697.00
450.00 1697.00
450.00 1698.00
450.00 1699.00
450.00 1699.00
450.00 1700.00
450.00 1700.00
450.00 1701.00
450.00 1701.00
450.00 1702.00
450.00 1702.00
450.00 1709.00
450.00 1709.00
450.00 1710.00
450.00 1711.00
450.00 1711.00
450.00 1712.00
450.00 1712.00
450.00 1713.00
450.00 1713.00
450.00 1713.00
450.00 1713.00
450.00 1713.00
450.00 1713.00
450.00 1713.00
450.00 1713.00
450.00 1713.00
450.00 1713.00
450.00 1718.00
450.00 1718.00
450.97 1727.00
450.97 1727.00
451.08 1728.00
451.35 1729.00
451.35 1729.00
451.86 1730.00
451.86 1730.00
451.98 1731.00
451.98 1731.00
452.00 1732.00
452.00 1732.00
452.00 1733.00
452.00 1733.00
452.00 1733.00
452.00 1733.00
452.00 1733.00
452.00 1736.00
452.00 1736.00
452.01 1737.00
452.01 1737.00
452.01 1737.00
452.01 1737.00
452.01 1737.00
452.08 1739.00
452.08 1739.00
452.36 1740.00
452.36 1740.00
452.86 1741.00
452.98 1742.00
452.98 1742.00
453.00 1743.00
453.00 1743.00
453.00 1744.00
453.00 1744.00
453.00 1745.00
453.00 1745.00
453.00 1745.00
453.00 1745.00
453.00 1745.00
453.00 1745.00
453.00 1748.00
453.00 1748.00
453.01 1749.00
453.01 1749.00
453.08 1750.00
453.35 1751.00
453.35 1751.00
453.86 1752.00
453.86 1752.00
453.98 1753.00
453.98 1753.00
453.99 1754.00
453.99 1754.00
454.00 1755.00
454.00 1755.00
454.00 1756.00
454.00 1757.00
454.00 1757.00
454.00 1757.00
454.00 1757.00
454.07 1759.00
454.07 1759.00
454.07 1759.00
454.32 1760.00
454.32 1760.00
454.69 1761.00
454.84 1761.00
454.84 1761.00
454.84 1761.00
454.89 1763.00
454.94 1762.00
454.97 1762.00
454.97 1762.00
454.97 1762.00
454.97 1762.00
454.97 1762.00
454.97 1762.00
454.97 1762.00
454.97 1762.00
454.97 1762.00
454.95 1763.00
454.95 1763.00
454.85 1770.00
454.85 1770.00
455.00 1771.00
455.00 1771.00
455.01 1772.00
455.01 1772.00
455.01 1772.00
455.01 1772.00
455.01 1772.00
455.01 1772.00
455.01 1772.00
455.01 1772.00
455.01 1772.00
455.01 1772.00
455.01 1777.00
455.01 1778.00
455.01 1778.00
455.01 1778.00
455.01 1778.00
455.01 1778.00
455.01 1778.00
455.01 1778.00
455.01 1778.00
455.01 1778.00
455.01 1778.00
455.01 1778.00
455.01 1778.00
455.01 1778.00
455.01 1778.00
455.01 1779.00
455.01 1779.00
455.00 1780.00
455.00 1780.00
455.00 1781.00
455.00 1781.00
455.00 1788.00
455.00 1788.00
455.01 1789.00
455.01 1789.00
455.01 1790.00
455.01 1790.00
455.01 1790.00
455.01 1790.00
455.01 1790.00
455.01 1790.00
455.07 1793.00
455.07 1793.00
455.34 1794.00
455.34 1794.00
455.86 1795.00
455.86 1795.00
455.98 1796.00
455.98 1796.00
456.00 1797.00
456.00 1797.00
456.00 1798.00
456.00 1799.00
456.00 1799.00
456.01 1800.00
456.01 1800.00
456.01 1800.00
456.01 1800.00
456.01 1800.00
456.01 1800.00
456.01 1800.00
456.01 1800.00
456.01 1804.00
456.01 1804.00
456.01 1804.00
456.02 1805.00
456.02 1805.00
456.02 1805.00
456.02 1805.00
456.02 1805.00
456.02 1805.00
456.10 1808.00
456.10 1808.00
456.40 1809.00
456.40 1809.00
456.76 1810.00
456.97 1811.00
456.97 1811.00
457.00 1812.00
457.00 1812.00
457.00 1812.00
457.00 1812.00
457.00 1812.00
457.00 1812.00
457.01 1815.00
457.01 1815.00
457.02 1816.00
457.02 1816.00
457.02 1816.00
457.02 1816.00
457.02 1816.00
457.02 1816.00
457.10 1819.00
457.10 1819.00
457.41 1820.00
457.41 1820.00
457.77 1821.00
457.77 1821.00
457.77 1821.00
1076.00 1661.00
1076.00 1661.00
1076.00 1661.00
1076.00 1661.00
1076.00 1661.00
1076.00 1661.00
1076.00 1661.00
1076.00 1661.00
1076.00 1661.00
1076.00 1661.00
1076.00 1661.00
1076.00 1667.00
1076.00 1667.00
1076.00 1668.00
1076.00 1669.00
1076.00 1669.00
1076.00 1669.00
1076.00 1669.00
1076.00 1669.00
1076.00 1665.00
1076.00 1672.00
1076.00 1672.00
1076.00 1673.00
1076.00 1673.00
1076.00 1674.00
1076.00 1674.00
1076.00 1674.00
1076.00 1674.00
1076.00 1674.00
1076.00 1674.00
1076.00 1674.00
1076.00 1674.00
1076.00 1674.00
1076.00 1674.00
1076.00 1674.00
1076.00 1674.00
1076.00 1674.00
1076.00 1675.00
1076.00 1675.00
1076.00 1676.00
1076.00 1678.00
1076.00 1678.00
1076.00 1678.00
1076.00 1678.00
1076.03 1679.00
1076.03 1679.00
1076.20 1680.00
1076.20 1680.00
1076.20 1680.00
1076.56 1681.00
1076.56 1681.00
1076.89 1682.00
1076.89 1682.00
1076.89 1682.00
1077.25 1683.00
1077.25 1683.00
1077.62 1684.00
1077.62 1684.00
1077.91 1685.00
1077.91 1685.00
1077.91 1685.00
1077.99 1687.00
1077.99 1687.00
1077.99 1687.00
1077.99 1687.00
1078.00 1688.00
1078.00 1688.00
1077.99 1695.00
1077.99 1695.00
1077.99 1695.00
1077.99 1695.00
1077.99 1695.00
1077.99 1695.00
1077.99 1695.00
1077.99 1695.00
1077.99 1695.00
1077.99 1695.00
1077.99 1695.00
1077.99 1695.00
1077.99 1695.00
1077.99 1695.00
1078.00 1698.00
1078.00 1698.00
1078.00 1698.00
1078.00 1698.00
1078.00 1698.00
1078.00 1698.00
1078.01 1705.00
1078.01 1705.00
1078.00 1706.00
1078.00 1706.00
1077.99 1707.00
1077.99 1707.00
1077.99 1707.00
1077.99 1707.00
1077.99 1707.00
1077.99 1707.00
1077.99 1710.00
1077.99 1710.00
1077.99 1711.00
1077.99 1711.00
1077.99 1711.00
1077.99 1711.00
1077.95 1713.00
1077.95 1713.00
1077.70 1714.00
1077.70 1714.00
1077.70 1714.00
1077.85 1714.00
1077.85 1714.00
1077.95 1713.00
1077.95 1713.00
1078.00 1712.00
1078.00 1712.00
1078.00 1712.00
1077.99 1713.00
1077.99 1713.00
1077.85 1714.00
1077.85 1714.00
1077.33 1715.00
1077.33 1715.00
1077.33 1715.00
1077.08 1716.00
1077.08 1716.00
1077.01 1717.00
1077.01 1717.00
1077.00 1718.00
1077.00 1718.00
1076.96 1719.00
1076.96 1719.00
1076.78 1720.00
1076.78 1720.00
1076.42 1721.00
1076.42 1721.00
1078.96 1810.00
1078.96 1810.00
1079.00 1811.00
1079.00 1811.00
1079.00 1812.00
1079.00 1812.00
1079.08 1813.00
1079.08 1813.00
1079.35 1814.00
1079.35 1814.00
1079.86 1815.00
1079.86 1815.00
1079.98 1816.00
1079.98 1816.00
1080.00 1817.00
1080.00 1817.00
1080.00 1817.00
1080.00 1817.00
1080.00 1819.00
1080.00 1819.00
1080.00 1820.00
1080.00 1820.00
1080.00 1821.00
1080.00 1821.00
1080.00 1822.00
1080.00 1822.00
1080.00 1822.00
1080.00 1822.00
1080.00 1822.00
1080.00 1822.00
1080.00 1822.00
1080.00 1822.00
1080.00 1822.00
1080.00 1822.00
1080.00 1822.00
1080.00 1822.00
1080.00 1822.00
1080.00 1822.00
1080.00 1823.00
1080.00 1823.00
1080.00 1830.00
1080.00 1830.00
1080.00 1831.00
1080.00 1831.00
1080.00 1831.00
1080.00 1831.00
1080.00 1831.00
1080.00 1831.00
1080.00 1831.00
1080.00 1831.00
1080.00 1831.00
1080.00 1831.00
1080.00 1831.00
1080.00 1831.00
1080.00 1837.00
1080.00 1837.00
1080.01 1838.00
1080.01 1838.00
1080.08 1839.00
1080.08 1839.00
1080.34 1840.00
1080.34 1840.00
1080.86 1841.00
1080.86 1841.00
1080.98 1842.00
1080.98 1842.00
1081.00 1843.00
1081.00 1843.00
1081.00 1844.00
1081.00 1844.00
1081.00 1845.00
1081.00 1845.00
1081.00 1846.00
1081.00 1846.00
1081.00 1847.00
1081.00 1847.00
1081.00 1847.00
1081.00 1847.00
1081.00 1847.00
1081.00 1847.00
1081.00 1847.00
1081.00 1847.00
1081.00 1847.00
1081.00 1847.00
1081.00 1847.00
1081.00 1847.00
1081.00 1847.00
1081.00 1847.00
1081.00 1854.00
1081.00 1854.00
1081.00 1855.00
1081.00 1855.00
1081.00 1855.00
1081.01 1856.00
1081.01 1856.00
1081.11 1857.00
1081.41 1858.00
1081.41 1858.00
1081.78 1859.00
1081.78 1859.00
1081.98 1860.00
1081.98 1860.00
1081.98 1860.00
1082.01 1861.00
1082.01 1861.00
1082.01 1861.00
1082.01 1861.00
1082.01 1861.00
1082.01 1861.00
1082.01 1861.00
1082.01 1861.00
1082.01 1861.00
1082.01 1861.00
1082.01 1866.00
1082.01 1866.00
1082.01 1867.00
1082.01 1867.00
1082.01 1867.00
1082.01 1867.00
1082.01 1867.00
1082.01 1867.00
1082.01 1867.00
1082.01 1867.00
1082.01 1867.00
1082.01 1867.00
1082.01 1867.00
1082.01 1867.00
1082.01 1867.00
1082.01 1868.00
1082.01 1868.00
1082.01 1869.00
1082.01 1869.00
1082.00 1870.00
1082.00 1870.00
1082.00 1871.00
1082.00 1871.00
1082.00 1872.00
1082.00 1872.00
1082.00 1872.00
1082.00 1879.00
1082.00 1879.00
1082.00 1880.00
1082.00 1880.00
1082.00 1881.00
1082.00 1881.00
1082.00 1882.00
1082.00 1882.00
1082.00 1883.00
1082.00 1883.00
1082.00 1884.00
1082.00 1884.00
1082.00 1885.00
1082.00 1885.00
1082.00 1885.00
1082.00 1885.00
1082.00 1885.00
1082.00 1885.00
1082.00 1885.00
1082.00 1885.00
1082.00 1885.00
1082.00 1885.00
1082.00 1885.00
1082.00 1885.00
1082.00 1885.00
1082.00 1885.00
1082.00 1885.00
1082.00 1886.00
1082.00 1886.00
1082.00 1886.00
1082.00 1887.00
1082.00 1887.00
1082.00 1888.00
1082.00 1888.00
1082.00 1889.00
1082.00 1889.00
1082.00 1890.00
1082.00 1897.00
1082.00 1897.00
1082.00 1898.00
1082.00 1898.00
1082.00 1899.00
1082.00 1899.00
1082.01 1900.00
1082.01 1900.00
1082.01 1901.00
1082.01 1901.00
1082.01 1901.00
1082.01 1901.00
1082.01 1901.00
1082.01 1901.00
1082.07 1904.00
1082.07 1904.00
1082.31 1905.00
1082.31 1905.00
1082.84 1906.00
1082.84 1906.00
1082.99 1907.00
1082.99 1907.00
1083.00 1908.00
1083.00 1908.00
1083.00 1908.00
1083.00 1908.00
1083.00 1908.00
1083.00 1908.00
1083.00 1908.00
1083.00 1908.00
1083.00 1908.00
1083.00 1908.00
1083.00 1908.00
1083.00 1908.00
1083.00 1908.00
1083.00 1910.00
1083.00 1910.00
1083.00 1910.00
1083.00 1910.00
1083.00 1910.00
1082.96 1911.00
1082.96 1911.00
1082.73 1912.00
1082.73 1912.00
1082.74 1919.00
1082.74 1919.00
1082.96 1920.00
1082.96 1920.00
1083.00 1921.00
1083.00 1921.00
1083.00 1921.00
1083.00 1921.00
1083.00 1921.00
1083.00 1921.00
1083.00 1924.00
1083.00 1924.00
1083.01 1925.00
1083.01 1925.00
1083.01 1926.00
1083.01 1926.00
1083.01 1926.00
1083.01 1926.00
1083.01 1926.00
1083.01 1926.00
1083.01 1926.00
1083.01 1926.00
1083.01 1926.00
1083.01 1926.00
1083.01 1926.00
1083.01 1926.00
1083.01 1926.00
1083.01 1926.00
1083.01 1927.00
1083.01 1927.00
1083.00 1928.00
1083.00 1928.00
1083.00 1935.00
1083.00 1935.00
1083.00 1936.00
1083.00 1936.00
1083.01 1937.00
1083.01 1937.00
1083.07 1938.00
1083.07 1938.00
1083.50 1939.00
1083.50 1939.00
1083.84 1940.00
1083.84 1940.00
1083.98 1941.00
1083.98 1941.00
1084.00 1942.00
1084.00 1942.00
1084.00 1943.00
1084.00 1943.00
1084.00 1944.00
1084.00 1944.00
1084.00 1945.00
1084.00 1945.00
1084.00 1945.00
1084.00 1945.00
1084.00 1945.00
1084.00 1945.00
1084.00 1945.00
1084.00 1945.00
1084.00 1945.00
1084.00 1945.00
1084.00 1945.00
1084.00 1945.00
1084.00 1945.00
1084.00 1945.00
1084.00 1946.00
1084.00 1946.00
1084.00 1947.00
1084.00 1947.00
1084.00 1948.00
1084.00 1948.00
1084.00 1949.00
1084.00 1949.00
1084.00 1950.00
1084.00 1950.00
1084.00 1957.00
1084.00 1957.00
1084.00 1958.00
1084.00 1958.00
1084.00 1959.00
1084.00 1959.00
1084.00 1960.00
1084.00 1960.00
1084.00 1961.00
1084.00 1961.00
1084.00 1962.00
1084.00 1962.00
1084.00 1963.00
1084.00 1963.00
1084.00 1964.00
1084.00 1964.00
1084.00 1965.00
1084.00 1965.00
1084.00 1965.00
1084.00 1965.00
1084.00 1965.00
1084.00 1965.00
1084.00 1965.00
1084.00 1965.00
1084.00 1965.00
1084.00 1965.00
1084.00 1965.00
1084.00 1965.00
1084.00 1965.00
1084.00 1965.00
1084.00 1966.00
1084.00 1966.00
1084.00 1967.00
1084.00 1967.00
1084.00 1968.00
1084.00 1968.00
1084.00 1969.00
1084.00 1969.00
1084.00 1970.00
1084.00 1970.00
1084.00 1971.00
1084.00 1971.00
1084.00 1972.00
1084.00 1972.00
1084.00 1973.00
1084.00 1973.00
1084.00 1974.00
1084.00 1974.00
1084.00 1975.00
1084.00 1975.00
1084.00 1976.00
1084.00 1976.00
1084.00 1977.00
1084.00 1977.00
1084.00 1984.00
1084.00 1984.00
1084.00 1985.00
1084.00 1985.00
1084.00 1986.00
1084.00 1986.00
1084.00 1987.00
1084.00 1987.00
1084.00 1988.00
1084.00 1988.00
1084.00 1989.00
1084.00 1989.00
1084.00 1990.00
1084.00 1990.00
1084.00 1991.00
1084.00 1991.00
1084.00 1991.00
1084.00 1991.00
1084.00 1991.00
1084.00 1991.00
1084.00 1991.00
1084.00 1991.00
1084.00 1991.00
1084.00 1991.00
1084.00 1991.00
1084.00 1991.00
1084.00 1991.00
1084.00 1991.00
1084.00 1998.00
1084.00 1998.00
1084.00 1999.00
1084.00 1999.00
1084.00 1999.00
1084.00 1999.00
1084.00 1999.00
1084.00 1999.00
1084.00 1999.00
1084.00 1999.00
1084.00 1999.00
1084.00 1999.00
1084.00 1999.00
1084.00 1999.00
1084.00 1999.00
1084.00 2000.00
1084.00 2000.00
1084.00 2001.00
1084.00 2001.00
1083.96 2002.00
1083.96 2002.00
1083.76 2003.00
1083.76 2003.00
1083.74 2006.00
1083.74 2006.00
1083.74 2006.00
1083.74 2006.00
1083.81 2012.00
1083.81 2012.00
1083.97 2013.00
1083.97 2013.00
1084.00 2014.00
1084.00 2014.00
1084.00 2015.00
1084.00 2015.00
1084.00 2015.00
1084.00 2015.00
1084.00 2015.00
1084.00 2015.00
1084.00 2015.00
1084.00 2015.00
1084.00 2015.00
1084.00 2015.00
1084.00 2015.00
1084.00 2015.00
1084.00 2015.00
1084.00 2016.00
1084.00 2016.00
1083.96 2017.00
1083.96 2017.00
1083.78 2018.00
1083.78 2018.00
1083.42 2019.00
1083.42 2019.00
1083.11 2020.00
1083.11 2020.00
1083.01 2021.00
1083.01 2021.00
1083.00 2022.00
1083.00 2022.00
1083.00 2023.00
1083.00 2023.00
1083.00 2029.00
1083.00 2029.00
1083.00 2029.00
1083.00 2029.00
1083.00 2029.00
1083.00 2029.00
1083.00 2029.00
1083.00 2029.00
1083.00 2029.00
1083.00 2029.00
1083.00 2029.00
1083.00 2029.00
1083.00 2030.00
1083.00 2030.00
1083.00 2031.00
1083.00 2031.00
1083.00 2032.00
1083.00 2033.00
1083.00 2033.00
1083.00 2040.00
1083.00 2040.00
1083.00 2041.00
1083.00 2041.00
1083.00 2042.00
1083.00 2042.00
1083.00 2043.00
1083.00 2043.00
1083.00 2043.00
1083.00 2043.00
1083.00 2043.00
1083.00 2043.00
1083.00 2043.00
1083.00 2043.00
1083.00 2043.00
1083.00 2043.00
1083.00 2043.00
1083.00 2043.00
1083.00 2043.00
1083.00 2043.00
1083.00 2043.00
1163.00 1677.00
1163.00 1677.00
1163.00 1677.00
1163.00 1678.00
1163.00 1678.00
1163.00 1685.00
1163.00 1685.00
1163.00 1686.00
1163.00 1686.00
1163.00 1687.00
1163.00 1687.00
1163.00 1688.00
1163.01 1689.00
1163.01 1689.00
1163.01 1690.00
1163.01 1690.00
1163.01 1691.00
1163.01 1691.00
1163.01 1691.00
1163.01 1691.00
1163.01 1691.00
1163.01 1691.00
1163.01 1691.00
1163.01 1691.00
1163.01 1691.00
1163.01 1691.00
1163.00 1696.00
1162.99 1697.00
1162.99 1697.00
1162.99 1698.00
1162.99 1698.00
1162.99 1699.00
1162.99 1699.00
1162.99 1699.00
1162.99 1699.00
1162.99 1699.00
1162.99 1699.00
1162.99 1699.00
1162.99 1699.00
1162.99 1699.00
1162.99 1699.00
1162.99 1699.00
1162.99 1699.00
1162.99 1699.00
1162.99 1700.00
1162.99 1700.00
1162.92 1707.00
1162.63 1708.00
1162.63 1708.00
1162.14 1709.00
1162.14 1709.00
1162.14 1709.00
1162.03 1710.00
1162.06 1710.00
1162.27 1709.00
1162.27 1709.00
1162.44 1712.00
1162.44 1709.00
1162.63 1713.00
1162.63 1713.00
1162.63 1708.00
1162.80 1713.00
1162.80 1713.00
1162.80 1713.00
1162.80 1713.00
1162.80 1713.00
1162.63 1713.00
1162.63 1713.00
1162.44 1712.00
1162.44 1712.00
1162.63 1713.00
1162.63 1713.00
1162.91 1714.00
1162.91 1714.00
1162.99 1715.00
1162.99 1716.00
1162.99 1716.00
1163.00 1717.00
1163.00 1717.00
1163.00 1718.00
1163.00 1718.00
1162.99 1725.00
1162.99 1725.00
1162.99 1726.00
1162.99 1726.00
1162.99 1727.00
1162.99 1727.00
1162.99 1727.00
1162.99 1727.00
1162.99 1727.00
1162.99 1727.00
1162.99 1727.00
1162.99 1727.00
1162.99 1727.00
1162.99 1727.00
1162.99 1727.00
1162.99 1727.00
1162.99 1727.00
1162.98 1734.00
1162.98 1734.00
1162.98 1734.00
1162.98 1734.00
1162.98 1734.00
1162.98 1734.00
1162.98 1734.00
1162.98 1734.00
1162.98 1734.00
1162.98 1734.00
1162.98 1734.00
1162.98 1734.00
1162.98 1734.00
1162.98 1734.00
1162.98 1734.00
1163.03 1735.00
1163.03 1735.00
1163.28 1736.00
1163.28 1736.00
1163.80 1737.00
1163.80 1737.00
1164.41 1738.00
1164.41 1738.00
1164.47 1745.00
1164.47 1745.00
1164.47 1745.00
1164.47 1745.00
1164.26 1747.00
1164.26 1747.00
1164.05 1748.00
1164.05 1748.00
1164.00 1749.00
1164.00 1749.00
1164.00 1749.00
1164.00 1749.00
1164.00 1749.00
1164.00 1749.00
1164.00 1749.00
1164.00 1749.00
1164.00 1749.00
1164.00 1753.00
1164.00 1753.00
1163.99 1754.00
1163.99 1754.00
1163.99 1755.00
1163.99 1755.00
1163.99 1756.00
1163.99 1756.00
1163.99 1756.00
1163.99 1756.00
1163.99 1756.00
1163.99 1756.00
1163.99 1756.00
1163.99 1756.00
1163.99 1756.00
1163.99 1756.00
1164.01 1759.00
1164.02 1761.00
1164.02 1760.00
1164.02 1760.00
1164.02 1760.00
1164.02 1760.00
1164.05 1764.00
1164.05 1764.00
1164.31 1765.00
1164.31 1765.00
1164.31 1765.00
1164.15 1765.00
1164.15 1765.00
1164.05 1764.00
1164.05 1764.00
1164.05 1764.00
1164.15 1765.00
1164.15 1765.00
1164.15 1765.00
1164.31 1765.00
1164.31 1765.00
1164.31 1765.00
1164.68 1766.00
1164.68 1766.00
1164.93 1767.00
1164.99 1768.00
1164.99 1768.00
1165.00 1769.00
1165.00 1769.00
1165.01 1770.00
1165.01 1770.00
1165.04 1771.00
1165.04 1771.00
1165.26 1772.00
1165.26 1772.00
1165.63 1773.00
1165.63 1773.00
1165.27 1780.00
1165.27 1780.00
1165.04 1781.00
1165.04 1781.00
1164.98 1782.00
1164.98 1782.00
1164.98 1783.00
1164.98 1783.00
1164.98 1783.00
1164.98 1783.00
1164.98 1783.00
1164.98 1783.00
1164.98 1783.00
1164.98 1783.00
1164.98 1783.00
1164.98 1783.00
1164.98 1783.00
1164.98 1783.00
1164.98 1783.00
1164.98 1783.00
1164.99 1784.00
1164.99 1784.00
1165.00 1785.00
1165.00 1785.00
1165.00 1785.00
1165.01 1789.00
1165.01 1789.00
1165.01 1789.00
1165.01 1789.00
1165.01 1789.00
1165.01 1789.00
1165.01 1789.00
1165.01 1789.00
1165.01 1790.00
1165.01 1790.00
1165.01 1791.00
1165.01 1791.00
1165.01 1792.00
1165.01 1792.00
1165.00 1793.00
1165.00 1793.00
1165.00 1794.00
1165.00 1794.00
1165.00 1795.00
1165.00 1795.00
1165.00 1796.00
1165.00 1796.00
1165.00 1796.00
1165.00 1803.00
1165.00 1803.00
1165.00 1804.00
1165.00 1804.00
1165.00 1805.00
1165.00 1805.00
1165.00 1806.00
1165.00 1806.00
1165.00 1807.00
1165.00 1807.00
1165.00 1808.00
1165.00 1808.00
1165.00 1809.00
1165.00 1810.00
1165.00 1810.00
1165.00 1811.00
1165.00 1811.00
1165.00 1812.00
1165.00 1812.00
1165.00 1812.00
1165.00 1812.00
1165.00 1812.00
1165.00 1812.00
1165.00 1812.00
1165.00 1812.00
1165.00 1812.00
1165.00 1812.00
1165.00 1812.00
1165.00 1812.00
1165.00 1812.00
1165.00 1813.00
1165.00 1813.00
1165.00 1814.00
1165.00 1814.00
1165.00 1815.00
1165.00 1821.00
1165.00 1822.00
1165.00 1823.00
1165.00 1823.00
1165.00 1823.00
1165.00 1823.00
1165.00 1823.00
1165.00 1823.00
1165.00 1823.00
1165.00 1823.00
1165.00 1823.00
1165.00 1823.00
1165.00 1823.00
1165.00 1823.00
1165.00 1823.00
1165.00 1823.00
1165.00 1824.00
1165.00 1824.00
1165.11 1830.00
1165.23 1831.00
1165.40 1831.00
1165.77 1832.00
1165.77 1832.00
1165.96 1833.00
1165.96 1833.00
1166.00 1834.00
1166.00 1834.00
1166.07 1835.00
1166.07 1835.00
1166.32 1836.00
1166.32 1836.00
1166.50 1837.00
1166.50 1837.00
1166.50 1837.00
1166.69 1837.00
1166.69 1837.00
1166.69 1837.00
1166.84 1837.00
1166.84 1837.00
1166.94 1838.00
1166.98 1838.00
1167.00 1840.00
1167.00 1840.00
1167.00 1840.00
1166.99 1839.00
1166.94 1838.00
1166.86 1843.00
1166.86 1843.00
1166.86 1843.00
1166.86 1846.00
1166.86 1843.00
1166.95 1842.00
1167.00 1841.00
1167.00 1841.00
1166.99 1848.00
1166.99 1848.00
1166.99 1848.00
1166.99 1848.00
1166.99 1848.00
1166.99 1848.00
1166.99 1848.00
1166.99 1848.00
1166.99 1848.00
1166.99 1848.00
1166.99 1848.00
1166.99 1848.00
1166.99 1848.00
1166.99 1848.00
1166.95 1849.00
1166.95 1849.00
1166.73 1850.00
1166.73 1850.00
1166.36 1851.00
1166.36 1851.00
1166.40 1858.00
1166.40 1858.00
1166.77 1859.00
1166.77 1859.00
1166.98 1860.00
1166.98 1860.00
1167.01 1861.00
1167.01 1861.00
1167.01 1861.00
1167.01 1861.00
1167.01 1861.00
1167.01 1861.00
1167.01 1861.00
1167.01 1861.00
1167.01 1865.00
1167.01 1865.00
1167.01 1865.00
1167.01 1866.00
1167.01 1866.00
1167.01 1867.00
1167.01 1867.00
1167.01 1867.00
1167.01 1867.00
1167.01 1867.00
1167.01 1867.00
1167.01 1867.00
1167.01 1867.00
1167.01 1867.00
1167.01 1867.00
1167.01 1867.00
1167.01 1867.00
1167.01 1867.00
1167.01 1867.00
1167.01 1868.00
1167.01 1868.00
1167.00 1869.00
1167.00 1869.00
1167.00 1870.00
1167.00 1877.00
1167.00 1877.00
1167.00 1878.00
1167.00 1878.00
1167.00 1879.00
1167.00 1879.00
1167.01 1880.00
1167.01 1880.00
1167.01 1881.00
1167.01 1881.00
1167.01 1882.00
1167.01 1882.00
1167.01 1882.00
1167.01 1882.00
1167.01 1882.00
1167.01 1882.00
1167.01 1882.00
1167.01 1882.00
1167.01 1882.00
1167.01 1882.00
1167.01 1882.00
1167.01 1882.00
1167.01 1883.00
1167.01 1883.00
1167.01 1884.00
1167.01 1884.00
1167.00 1885.00
1167.00 1885.00
1167.01 1892.00
1166.99 1889.00
1166.99 1889.00
1166.99 1889.00
1167.01 1892.00
1167.02 1893.00
1167.02 1893.00
1167.02 1893.00
1167.12 1896.00
1167.12 1896.00
1167.46 1897.00
1167.46 1897.00
1167.46 1897.00
1167.81 1898.00
1167.81 1898.00
1168.04 1899.00
1168.04 1899.00
1168.33 1900.00
1168.33 1900.00
1168.85 1901.00
1168.85 1901.00
1168.98 1902.00
1168.98 1902.00
1169.01 1903.00
1169.01 1903.00
1169.01 1903.00
1169.01 1903.00
1169.01 1903.00
1169.14 1905.00
1169.14 1905.00
1169.42 1906.00
1169.42 1906.00
1169.53 1907.00
1169.53 1907.00
1169.53 1907.00
1169.53 1907.00
1169.53 1907.00
1169.53 1907.00
1169.53 1907.00
1169.53 1907.00
1169.53 1907.00
1169.53 1907.00
1169.53 1907.00
1169.53 1907.00
1169.84 1913.00
1169.84 1913.00
1169.84 1913.00
1169.84 1913.00
1169.84 1913.00
1169.93 1914.00
1169.99 1915.00
1170.00 1916.00
1170.00 1917.00
1170.00 1917.00
1170.00 1918.00
1169.98 1914.00
1169.93 1914.00
1169.84 1913.00
1169.93 1914.00
1169.93 1914.00
1169.99 1915.00
1169.99 1915.00
1170.00 1920.00
1170.00 1920.00
1170.00 1920.00
1170.00 1920.00
1170.00 1920.00
1170.00 1920.00
1170.00 1920.00
1170.00 1920.00
1170.00 1920.00
1170.00 1920.00
1170.00 1921.00
1170.00 1921.00
1170.00 1928.00
1170.00 1928.00
1170.00 1929.00
1170.00 1929.00
1170.02 1930.00
1170.02 1930.00
1170.13 1931.00
1170.13 1931.00
1170.43 1932.00
1170.43 1932.00
1170.63 1933.00
1170.63 1933.00
1170.63 1933.00
1170.63 1933.00
1170.80 1933.00
1170.80 1933.00
1170.80 1933.00
1170.80 1933.00
1170.80 1933.00
1170.63 1933.00
1170.63 1933.00
1170.63 1933.00
1170.63 1933.00
1170.63 1933.00
1170.92 1934.00
1170.92 1934.00
1170.98 1937.00
1170.98 1937.00
1170.98 1937.00
1170.98 1937.00
1170.98 1937.00
1170.98 1937.00
1170.99 1938.00
1170.99 1938.00
1171.01 1940.00
1171.01 1941.00
1171.01 1941.00
1171.01 1941.00
1171.01 1941.00
1171.01 1941.00
1171.01 1942.00
1171.01 1942.00
1171.01 1943.00
1171.01 1943.00
1171.00 1944.00
1171.00 1944.00
1171.00 1945.00
1171.00 1945.00
1171.00 1946.00
1171.00 1946.00
1171.00 1953.00
1171.00 1953.00
1171.00 1954.00
1171.00 1954.00
1171.00 1955.00
1171.00 1955.00
1171.00 1956.00
1171.00 1956.00
1171.00 1957.00
1171.00 1958.00
1171.00 1958.00
1171.00 1959.00
1171.00 1959.00
1171.00 1959.00
1171.00 1959.00
1171.00 1959.00
1171.00 1959.00
1171.00 1959.00
1171.00 1959.00
1171.00 1959.00
1171.00 1959.00
1171.00 1959.00
1171.00 1959.00
1171.00 1959.00
1171.00 1959.00
1171.00 1959.00
1171.00 1960.00
1171.00 1960.00
1171.00 1961.00
1171.00 1961.00
1171.00 1962.00
1171.00 1962.00
1171.00 1963.00
1171.00 1963.00
1171.00 1964.00
1171.00 1964.00
1171.00 1971.00
1171.00 1971.00
1171.00 1972.00
1171.01 1973.00
1171.01 1973.00
1171.01 1974.00
1171.01 1974.00
1171.01 1975.00
1171.01 1975.00
1171.01 1975.00
1171.01 1975.00
1171.01 1975.00
1171.01 1975.00
1171.10 1978.00
1171.10 1978.00
1171.41 1979.00
1171.41 1979.00
1171.60 1980.00
1171.60 1980.00
1171.41 1979.00
1171.41 1979.00
1171.53 1982.00
1171.60 1980.00
1171.60 1980.00
1171.71 1982.00
1171.71 1982.00
1171.71 1982.00
1171.71 1982.00
1171.60 1980.00
1171.60 1980.00
1171.53 1982.00
1171.53 1982.00
1171.53 1982.00
1171.53 1982.00
1171.53 1982.00
1171.34 1983.00
1171.34 1983.00
1171.47 1990.00
1171.47 1990.00
1171.66 1991.00
1171.66 1991.00
1171.66 1991.00
1171.47 1990.00
1171.47 1990.00
1171.28 1990.00
1171.28 1990.00
1171.28 1990.00
1171.28 1990.00
1171.28 1990.00
1171.28 1990.00
1171.66 1991.00
1171.66 1991.00
1171.91 1992.00
1171.91 1992.00
1171.98 1998.00
1171.98 1998.00
1171.98 1998.00
1171.98 1998.00
1171.95 2001.00
1171.95 2001.00
1171.53 2002.00
1171.53 2002.00
1171.18 2003.00
1171.18 2003.00
1171.07 2004.00
1171.18 2003.00
1171.18 2003.00
1171.18 2003.00
1171.18 2003.00
1171.18 2003.00
1171.18 2003.00
1171.18 2003.00
1171.07 2004.00
1171.01 2006.00
1170.99 2009.00
1170.99 2009.00
1170.99 2009.00
1170.99 2009.00
1170.99 2009.00
1171.01 2006.00
1171.01 2006.00
1171.01 2007.00
1171.01 2007.00
1171.00 2014.00
1171.00 2014.00
1171.00 2014.00
1170.99 2009.00
1170.99 2010.00
1170.99 2010.00
1170.99 2011.00
1171.00 2014.00
1171.00 2014.00
1171.00 2014.00
1171.00 2014.00
1171.00 2014.00
1171.00 2014.00
1171.00 2014.00
1171.00 2015.00
1171.00 2021.00
1171.00 2021.00
1171.00 2021.00
1171.00 2021.00
1171.00 2021.00
1171.00 2021.00
1171.00 2021.00
1171.00 2021.00
1171.00 2021.00
1171.00 2021.00
1171.00 2021.00
1171.00 2021.00
1171.00 2022.00
1171.00 2022.00
1171.00 2029.00
1171.00 2029.00
1170.99 2030.00
1170.99 2030.00
1170.99 2031.00
1170.99 2031.00
1170.90 2032.00
1170.90 2032.00
1170.62 2033.00
1170.62 2033.00
1170.43 2034.00
1170.43 2034.00
1170.43 2034.00
1170.43 2034.00
1170.62 2033.00
1170.62 2033.00
1170.43 2034.00
1170.43 2034.00
1170.43 2034.00
1170.43 2034.00
1170.25 2034.00
1170.25 2034.00
1170.43 2034.00
1170.43 2034.00
1170.12 2035.00
1170.12 2035.00
1170.01 2036.00
1170.01 2036.00
1170.00 2037.00
1170.00 2037.00
1170.00 2041.00
1170.00 2041.00
1170.00 2041.00
1170.00 2041.00
1170.00 2041.00
1170.00 2041.00
1170.00 2044.00
1170.00 2044.00
1170.00 2044.00
1170.00 2044.00
1170.00 2044.00
1170.00 2044.00
1344.00 1797.00
1344.00 1797.00
1344.00 1804.00
1344.00 1804.00
1344.00 1805.00
1344.00 1805.00
1344.00 1805.00
1344.00 1805.00
1344.01 1807.00
1344.01 1807.00
1344.10 1808.00
1344.10 1808.00
1344.39 1809.00
1344.39 1809.00
1344.22 1809.00
1344.22 1809.00
1344.39 1809.00
1344.39 1809.00
1344.58 1810.00
1344.76 1810.00
1344.90 1811.00
1345.00 1812.00
1345.00 1812.00
1345.00 1814.00
1345.00 1814.00
1345.01 1815.00
1345.01 1815.00
1344.99 1813.00
1344.97 1811.00
1344.90 1811.00
1344.90 1811.00
1344.99 1813.00
1345.01 1815.00
1345.01 1816.00
1345.01 1816.00
1345.01 1816.00
1345.01 1816.00
1345.01 1816.00
1345.01 1816.00
1345.01 1822.00
1345.01 1822.00
1345.01 1822.00
1345.01 1822.00
1345.01 1822.00
1345.01 1822.00
1345.05 1825.00
1345.05 1825.00
1345.49 1826.00
1345.49 1826.00
1345.84 1827.00
1345.84 1827.00
1345.96 1828.00
1345.96 1828.00
1346.07 1828.00
1346.07 1828.00
1346.07 1828.00
1346.20 1829.00
1346.07 1828.00
1346.07 1828.00
1346.07 1828.00
1345.96 1828.00
1345.84 1827.00
1345.84 1827.00
1345.96 1828.00
1345.96 1828.00
1346.20 1829.00
1346.20 1829.00
1346.58 1830.00
1346.58 1830.00
1347.20 1831.00
1347.20 1831.00
1347.61 1832.00
1347.61 1832.00
1347.91 1833.00
1347.91 1833.00
1347.99 1838.00
1347.99 1838.00
1347.99 1838.00
1347.99 1838.00
1347.99 1838.00
1347.99 1838.00
1347.99 1838.00
1347.99 1838.00
1347.99 1838.00
1347.99 1838.00
1347.99 1839.00
1347.99 1839.00
1347.99 1840.00
1347.99 1840.00
1347.99 1841.00
1347.99 1841.00
1348.00 1842.00
1348.00 1842.00
1348.00 1843.00
1348.00 1843.00
1348.00 1844.00
1348.00 1844.00
1348.00 1845.00
1348.00 1845.00
1348.00 1846.00
1348.00 1846.00
1348.00 1847.00
1348.00 1847.00
1348.00 1848.00
1348.00 1848.00
1348.00 1855.00
1348.00 1855.00
1348.00 1855.00
1348.00 1856.00
1348.00 1856.00
1348.00 1857.00
1348.00 1857.00
1348.00 1858.00
1348.00 1858.00
1348.00 1859.00
1348.00 1859.00
1348.00 1859.00
1348.00 1860.00
1348.00 1860.00
1348.00 1861.00
1348.00 1861.00
1348.00 1862.00
1348.00 1862.00
1348.00 1863.00
1348.00 1863.00
1348.00 1864.00
1348.00 1864.00
1348.00 1859.00
1348.00 1859.00
1348.00 1860.00
1348.00 1860.00
1348.00 1860.00
1348.00 1861.00
1348.00 1862.00
1348.00 1862.00
1348.00 1863.00
1348.00 1863.00
1348.00 1864.00
1348.00 1864.00
1348.00 1864.00
1348.00 1871.00
1348.00 1871.00
1348.00 1872.00
1348.00 1872.00
1348.01 1873.00
1348.01 1873.00
1348.01 1874.00
1348.01 1874.00
1348.01 1875.00
1348.01 1875.00
1348.08 1876.00
1348.08 1876.00
1348.34 1877.00
1348.34 1877.00
1348.72 1878.00
1348.72 1878.00
1348.87 1878.00
1348.87 1878.00
1348.87 1878.00
1348.87 1878.00
1348.87 1878.00
1348.87 1878.00
1348.72 1878.00
1348.72 1878.00
1348.72 1878.00
1348.72 1878.00
1348.72 1878.00
1348.72 1878.00
1348.98 1879.00
1348.98 1879.00
1349.23 1880.00
1349.23 1880.00
1349.60 1881.00
1349.60 1881.00
1349.90 1882.00
1349.90 1882.00
1350.01 1883.00
1350.01 1883.00
1350.16 1884.00
1350.16 1884.00
1350.50 1885.00
1350.50 1885.00
1350.94 1886.00
1350.94 1886.00
1350.94 1886.00
1350.99 1887.00
1350.99 1887.00
1351.00 1888.00
1351.05 1889.00
1351.05 1889.00
1351.25 1890.00
1351.25 1890.00
1351.25 1890.00
1351.27 1897.00
1351.27 1897.00
1351.04 1898.00
1351.04 1898.00
1351.01 1899.00
1351.01 1899.00
1351.01 1899.00
1351.01 1899.00
1351.00 1901.00
1351.00 1901.00
1350.99 1902.00
1350.99 1902.00
1350.99 1902.00
1350.99 1902.00
1350.99 1902.00
1350.99 1902.00
1350.99 1902.00
1350.99 1902.00
1350.99 1902.00
1350.99 1902.00
1350.99 1902.00
1350.99 1902.00
1350.99 1902.00
1350.99 1902.00
1351.00 1903.00
1351.00 1903.00
1351.00 1907.00
1351.00 1907.00
1351.00 1907.00
1351.00 1907.00
1351.00 1907.00
1351.00 1907.00
1351.00 1907.00
1351.00 1907.00
1351.00 1908.00
1351.00 1908.00
1351.00 1909.00
1351.00 1909.00
1351.04 1910.00
1351.04 1910.00
1351.23 1911.00
1351.23 1911.00
1351.60 1912.00
1351.60 1912.00
1351.90 1913.00
1351.90 1913.00
1351.99 1915.00
1351.99 1915.00
1351.99 1915.00
1351.99 1915.00
1351.99 1916.00
1351.99 1916.00
1351.99 1916.00
1351.99 1919.00
1351.99 1919.00
1351.99 1919.00
1351.99 1919.00
1351.99 1919.00
1351.99 1919.00
1352.02 1920.00
1352.02 1920.00
1352.23 1921.00
1352.23 1921.00
1352.59 1922.00
1352.59 1922.00
1352.89 1923.00
1352.89 1923.00
1352.99 1925.00
1352.99 1925.00
1352.99 1925.00
1352.99 1925.00
1352.99 1926.00
1352.99 1926.00
1352.99 1933.00
1352.99 1933.00
1352.99 1934.00
1352.99 1934.00
1352.99 1934.00
1352.99 1934.00
1352.99 1934.00
1352.99 1934.00
1352.99 1934.00
1352.99 1934.00
1352.99 1934.00
1352.99 1934.00
1352.99 1934.00
1352.99 1934.00
1352.99 1934.00
1352.99 1934.00
1352.98 1941.00
1352.98 1941.00
1352.98 1941.00
1352.98 1941.00
1352.98 1941.00
1352.98 1941.00
1352.98 1941.00
1352.98 1941.00
1352.98 1941.00
1352.98 1941.00
1352.98 1941.00
1352.98 1941.00
1352.98 1941.00
1352.98 1941.00
1353.01 1942.00
1353.01 1942.00
1353.20 1943.00
1353.20 1943.00
1353.55 1944.00
1353.55 1944.00
1353.87 1945.00
1353.87 1945.00
1353.99 1948.00
1353.99 1948.00
1353.99 1948.00
1353.99 1948.00
1353.99 1948.00
1353.99 1948.00
1354.00 1954.00
1354.00 1954.00
1354.00 1954.00
1354.00 1954.00
1354.00 1954.00
1354.00 1954.00
1354.00 1954.00
1354.00 1954.00
1354.00 1954.00
1354.00 1954.00
1354.00 1954.00
1354.00 1954.00
1354.00 1955.00
1354.00 1955.00
1354.00 1956.00
1354.00 1956.00
1354.00 1957.00
1354.00 1957.00
1354.00 1959.00
1354.00 1959.00
1354.00 1959.00
1354.00 1959.00
1354.00 1960.00
1354.00 1960.00
1354.02 1961.00
1354.02 1961.00
1354.13 1962.00
1354.13 1962.00
1354.64 1963.00
1354.64 1963.00
1354.99 1973.00
1354.99 1973.00
1354.99 1973.00
1354.99 1973.00
1354.99 1973.00
1354.99 1973.00
1354.99 1973.00
1354.99 1973.00
1354.99 1973.00
1354.99 1973.00
1354.99 1973.00
1355.00 1974.00
1355.00 1975.00
1355.00 1975.00
1355.00 1982.00
1353.55 2011.00
1353.55 2011.00
1353.20 2012.00
1353.20 2012.00
1353.03 2013.00
1353.03 2013.00
1353.00 2014.00
1353.00 2014.00
1353.00 2015.00
1353.00 2015.00
1353.00 2016.00
1353.00 2016.00
1353.00 2017.00
1353.00 2018.00
1353.00 2018.00
1353.00 2018.00
1353.00 2018.00
1353.00 2018.00
1353.00 2018.00
1353.00 2018.00
1353.00 2018.00
1352.92 2030.00
1352.64 2031.00
1352.64 2031.00
1352.26 2032.00
1352.26 2032.00
1352.04 2033.00
1352.04 2033.00
1351.99 2034.00
1351.99 2034.00
1351.99 2034.00
1351.99 2034.00
1351.99 2034.00
1351.99 2034.00
1351.99 2034.00
1351.99 2034.00
1351.99 2034.00
1351.99 2034.00
1351.99 2034.00
1351.99 2034.00
1351.99 2034.00
1351.99 2041.00
529.00 1864.00
529.00 1864.00
529.01 1873.00
529.02 1874.00
529.02 1874.00
529.02 1874.00
529.02 1874.00
529.02 1874.00
529.02 1874.00
529.12 1877.00
529.12 1877.00
529.44 1878.00
529.44 1878.00
529.79 1879.00
529.79 1879.00
529.97 1880.00
529.97 1880.00
530.00 1881.00
530.00 1881.00
530.00 1882.00
530.00 1882.00
530.00 1883.00
530.00 1883.00
530.00 1884.00
530.00 1884.00
530.00 1885.00
530.00 1885.00
530.00 1885.00
530.00 1885.00
530.00 1885.00
530.00 1885.00
530.00 1885.00
530.00 1885.00
530.00 1885.00
530.00 1885.00
529.97 1898.00
529.81 1899.00
529.96 1929.00
529.96 1929.00
530.01 1930.00
530.01 1930.00
530.01 1930.00
530.01 1930.00
530.01 1930.00
530.01 1930.00
530.01 1930.00
530.01 1930.00
530.01 1930.00
530.01 1930.00
530.01 1930.00
530.01 1930.00
530.01 1930.00
530.01 1931.00
530.01 1931.00
530.01 1938.00
530.01 1938.00
530.01 1939.00
530.01 1939.00
530.01 1940.00
530.01 1940.00
530.01 1940.00
530.01 1940.00
530.01 1940.00
530.01 1940.00
530.01 1940.00
530.01 1940.00
530.01 1940.00
530.01 1940.00
530.01 1940.00
530.01 1940.00
530.01 1940.00
530.01 1940.00
530.01 1941.00
530.01 1941.00
530.02 1948.00
530.02 1948.00
530.02 1948.00
530.02 1948.00
530.02 1948.00
530.02 1948.00
530.02 1948.00
530.02 1948.00
530.02 1948.00
530.02 1948.00
530.02 1948.00
529.99 1947.00
529.94 1949.00
529.83 1950.00
529.83 1950.00
529.83 1950.00
529.83 1950.00
529.30 1951.00
529.30 1951.00
529.30 1951.00
529.07 1952.00
529.07 1952.00
529.01 1957.00
529.01 1957.00
529.01 1957.00
529.01 1957.00
529.01 1957.00
529.01 1957.00
529.01 1957.00
529.01 1957.00
529.01 1957.00
529.01 1958.00
529.01 1958.00
529.01 1965.00
529.01 1965.00
529.01 1966.00
529.01 1966.00
529.01 1966.00
529.01 1966.00
529.01 1966.00
528.97 1967.00
528.90 1967.00
528.78 1968.00
528.78 1968.00
528.78 1968.00
528.62 1968.00
528.62 1968.00
528.62 1968.00
528.62 1968.00
528.62 1968.00
528.62 1968.00
528.62 1968.00
528.43 1969.00
528.43 1969.00
528.43 1969.00
528.12 1970.00
528.12 1970.00
528.01 1971.00
528.00 1972.00
528.00 1972.00
528.00 1973.00
528.00 1973.00
528.00 1974.00
528.00 1974.00
528.00 1975.00
528.00 1975.00
528.00 1976.00
528.00 1976.00
528.00 1976.00
527.98 1977.00
527.98 1977.00
527.80 1978.00
527.44 1979.00
527.44 1979.00
527.13 1980.00
527.13 1980.00
527.00 1981.00
527.00 1981.00
527.00 1981.00
527.00 1984.00
527.00 1984.00
527.00 1984.00
527.00 1984.00
527.00 1984.00
527.00 1984.00
527.00 1985.00
527.00 1985.00
527.00 1986.00
527.00 1986.00
527.00 1987.00
527.00 1987.00
527.00 1988.00
527.00 1988.00
527.00 1995.00
527.00 1995.00
527.00 1996.00
527.00 1996.00
527.00 1997.00
527.00 1997.00
527.00 1997.00
527.00 1997.00
527.00 1997.00
527.00 1997.00
527.00 1997.00
527.00 1997.00
527.00 1997.00
527.00 1997.00
527.00 1997.00
527.00 1997.00
527.00 1997.00
527.00 1997.00
527.00 1998.00
527.00 1998.00
527.00 2002.00
527.00 2002.00
527.00 2002.00
527.00 2002.00
527.00 2002.00
527.00 2002.00
527.00 2002.00
527.00 2002.00
527.00 2003.00
527.00 2003.00
526.97 2004.00
526.97 2004.00
526.80 2005.00
526.80 2005.00
526.45 2006.00
526.45 2006.00
526.13 2007.00
526.01 2012.00
526.01 2012.00
526.01 2012.00
526.01 2012.00
526.01 2012.00
526.01 2012.00
526.01 2012.00
526.01 2012.00
526.01 2012.00
526.02 2018.00
526.02 2018.00
526.02 2018.00
526.02 2018.00
526.02 2018.00
526.11 2021.00
526.11 2021.00
526.43 2022.00
526.43 2022.00
526.79 2023.00
526.79 2023.00
526.97 2024.00
526.97 2024.00
527.07 2025.00
527.07 2025.00
527.32 2026.00
527.32 2026.00
527.32 2026.00
527.51 2027.00
527.51 2027.00
527.32 2026.00
527.32 2026.00
527.32 2026.00
527.17 2026.00
527.17 2026.00
527.17 2026.00
527.17 2026.00
527.17 2026.00
527.17 2026.00
527.51 2027.00
527.51 2027.00
527.94 2028.00
527.94 2028.00
528.00 2029.00
528.00 2029.00
528.00 2030.00
528.00 2030.00
528.00 2036.00
528.00 2036.00
528.00 2036.00
528.00 2036.00
528.00 2036.00
528.00 2036.00
528.00 2036.00
528.00 2036.00
528.00 2036.00
528.00 2036.00
528.00 2036.00
528.00 2036.00
528.00 2037.00
528.00 2037.00
528.00 2038.00
528.00 2038.00
528.00 2045.00
528.00 2045.00
528.00 2045.00
528.00 2045.00
528.00 2045.00
528.00 2045.00
528.00 2045.00
528.00 2045.00
528.00 2045.00
528.00 2045.00
528.00 2045.00
458.00 1846.00
458.00 1846.00
458.00 1846.00
458.00 1846.00
458.00 1846.00
458.00 1846.00
458.01 1851.00
458.01 1851.00
458.01 1851.00
458.01 1851.00
458.07 1853.00
458.07 1853.00
458.33 1854.00
458.33 1854.00
458.85 1855.00
458.85 1855.00
458.99 1856.00
458.99 1856.00
459.00 1857.00
459.00 1857.00
459.00 1857.00
459.00 1857.00
459.00 1857.00
459.00 1857.00
459.00 1857.00
459.01 1860.00
459.01 1860.00
459.01 1861.00
459.01 1861.00
459.01 1861.00
459.01 1861.00
459.01 1861.00
459.01 1861.00
459.01 1861.00
459.01 1861.00
459.01 1861.00
459.01 1861.00
459.01 1861.00
459.01 1861.00
459.01 1861.00
459.01 1861.00
459.01 1867.00
459.01 1867.00
459.01 1869.00
459.01 1869.00
459.11 1870.00
459.11 1870.00
459.40 1871.00
459.40 1871.00
459.77 1872.00
459.77 1872.00
459.90 1873.00
459.90 1873.00
459.98 1873.00
460.01 1874.00
460.01 1874.00
460.01 1874.00
460.01 1874.00
460.01 1874.00
460.01 1874.00
460.01 1874.00
460.01 1874.00
460.01 1878.00
460.01 1879.00
460.01 1879.00
460.01 1878.00
459.98 1876.00
459.98 1876.00
459.98 1876.00
459.98 1876.00
459.98 1876.00
459.99 1877.00
459.99 1877.00
459.99 1882.00
459.99 1882.00
459.99 1882.00
459.99 1882.00
460.01 1879.00
460.01 1880.00
460.01 1880.00
460.01 1885.00
460.01 1885.00
460.01 1885.00
460.01 1885.00
460.01 1885.00
460.01 1885.00
460.01 1885.00
460.01 1885.00
460.01 1885.00
460.01 1885.00
460.01 1885.00
460.00 1886.00
460.00 1886.00
460.00 1888.00
460.00 1888.00
460.00 1888.00
460.00 1888.00
459.98 1889.00
459.98 1889.00
459.82 1890.00
459.82 1890.00
459.47 1891.00
459.47 1891.00
459.06 1892.00
459.06 1892.00
459.00 1893.00
459.00 1893.00
459.00 1895.00
459.00 1895.00
459.01 1901.00
459.01 1901.00
459.09 1902.00
459.09 1902.00
459.36 1903.00
459.36 1903.00
459.73 1904.00
459.96 1905.00
459.96 1905.00
460.00 1906.00
460.00 1906.00
460.00 1906.00
460.00 1906.00
460.00 1906.00
460.00 1906.00
460.00 1906.00
460.00 1906.00
460.00 1906.00
460.01 1910.00
460.01 1910.00
460.01 1911.00
460.01 1911.00
460.01 1911.00
460.01 1911.00
460.01 1911.00
460.01 1911.00
460.01 1911.00
460.01 1911.00
460.01 1911.00
460.01 1911.00
460.00 1913.00
459.99 1916.00
459.99 1916.00
459.99 1916.00
459.99 1916.00
459.99 1916.00
459.99 1916.00
459.99 1916.00
459.99 1916.00
459.99 1916.00
459.99 1916.00
459.99 1916.00
459.99 1916.00
459.99 1917.00
459.99 1917.00
460.00 1918.00
460.00 1918.00
460.00 1918.00
460.00 1922.00
460.00 1922.00
460.00 1922.00
460.00 1922.00
460.00 1922.00
460.00 1922.00
460.00 1922.00
460.00 1922.00
460.00 1922.00
460.00 1923.00
460.00 1923.00
460.00 1924.00
460.00 1924.00
460.00 1925.00
460.00 1925.00
460.00 1927.00
460.00 1927.00
460.00 1927.00
460.00 1927.00
459.97 1928.00
459.97 1928.00
459.79 1929.00
459.79 1929.00
459.42 1930.00
459.42 1930.00
459.42 1930.00
459.12 1931.00
459.12 1931.00
459.00 1932.00
459.00 1932.00
458.85 1933.00
458.85 1933.00
458.32 1934.00
458.07 1935.00
458.07 1935.00
458.01 1936.00
458.01 1936.00
458.00 1937.00
458.00 1937.00
458.00 1942.00
458.00 1942.00
458.00 1942.00
458.00 1942.00
458.00 1942.00
458.00 1942.00
458.00 1942.00
458.00 1942.00
458.00 1942.00
458.00 1942.00
458.00 1943.00
458.00 1943.00
458.00 1944.00
458.00 1944.00
458.00 1945.00
458.00 1945.00
457.98 1946.00
457.98 1946.00
457.83 1947.00
457.83 1947.00
457.81 1954.00
457.81 1954.00
457.97 1955.00
457.97 1955.00
457.97 1955.00
457.97 1955.00
457.97 1955.00
457.97 1955.00
457.97 1955.00
457.97 1955.00
457.97 1955.00
457.97 1955.00
457.97 1955.00
457.97 1955.00
457.97 1955.00
457.97 1955.00
457.99 1962.00
457.99 1962.00
458.01 1963.00
458.01 1963.00
458.01 1963.00
458.01 1963.00
458.01 1963.00
458.01 1963.00
458.01 1963.00
458.01 1963.00
458.01 1963.00
458.01 1963.00
458.01 1968.00
458.01 1968.00
458.01 1968.00
458.01 1968.00
458.01 1968.00
458.01 1968.00
458.01 1968.00
458.01 1968.00
458.01 1968.00
458.01 1968.00
458.01 1968.00
458.01 1968.00
458.01 1968.00
458.01 1969.00
458.01 1969.00
458.00 1975.00
458.00 1975.00
458.00 1975.00
458.00 1975.00
458.00 1975.00
458.00 1975.00
458.01 1979.00
458.01 1979.00
458.10 1980.00
458.10 1980.00
458.36 1981.00
458.36 1981.00
458.53 1982.00
458.53 1982.00
458.53 1982.00
458.53 1982.00
458.53 1982.00
458.53 1982.00
458.53 1982.00
458.53 1982.00
458.53 1982.00
458.53 1982.00
458.53 1982.00
458.36 1983.00
458.21 1983.00
458.09 1987.00
458.01 1985.00
458.01 1985.00
458.01 1985.00
458.01 1985.00
458.01 1985.00
458.01 1985.00
458.01 1985.00
458.01 1986.00
458.01 1986.00
458.03 1987.00
458.03 1987.00
458.20 1988.00
458.20 1988.00
458.56 1989.00
458.56 1989.00
458.88 1990.00
458.88 1990.00
458.98 1991.00
458.99 1992.00
458.99 1992.00
459.00 1994.00
459.00 1994.00
459.00 1994.00
459.00 1994.00
459.02 1995.00
459.02 1995.00
458.91 2002.00
458.91 2002.00
458.17 2003.00
458.17 2003.00
458.01 2004.00
458.00 2005.00
458.00 2005.00
458.00 2005.00
458.00 2005.00
458.00 2005.00
458.00 2005.00
457.99 2008.00
457.99 2008.00
457.99 2009.00
457.99 2009.00
457.99 2010.00
457.99 2010.00
457.99 2010.00
457.99 2010.00
457.99 2010.00
457.99 2010.00
457.99 2010.00
457.99 2010.00
457.99 2010.00
457.99 2010.00
457.99 2010.00
457.99 2010.00
457.99 2010.00
457.99 2011.00
457.99 2011.00
458.00 2012.00
458.00 2019.00
915.00 1925.00
915.00 1925.00
915.00 1925.00
915.00 1925.00
915.03 1926.00
915.03 1926.00
915.03 1926.00
915.22 1927.00
915.22 1927.00
915.58 1928.00
915.58 1928.00
915.88 1929.00
915.88 1929.00
915.99 1936.00
915.99 1936.00
915.99 1936.00
915.99 1936.00
915.99 1936.00
915.99 1936.00
915.99 1936.00
915.99 1936.00
915.99 1936.00
915.99 1936.00
915.99 1936.00
915.99 1936.00
915.99 1936.00
915.99 1936.00
915.99 1937.00
915.99 1937.00
916.00 1938.00
916.00 1938.00
916.00 1939.00
916.00 1939.00
916.00 1940.00
916.00 1940.00
916.00 1941.00
916.00 1941.00
916.00 1942.00
916.00 1942.00
916.00 1943.00
916.00 1943.00
916.00 1944.00
916.00 1944.00
916.00 1945.00
916.00 1945.00
916.00 1946.00
916.00 1946.00
916.00 1947.00
916.00 1947.00
916.00 1948.00
916.00 1948.00
916.00 1949.00
916.00 1956.00
916.00 1956.00
916.00 1957.00
916.00 1957.00
916.00 1958.00
916.00 1958.00
916.00 1959.00
916.00 1959.00
916.00 1960.00
916.00 1960.00
916.00 1961.00
916.00 1961.00
916.00 1962.00
916.00 1962.00
916.00 1963.00
916.00 1963.00
916.00 1964.00
916.00 1964.00
916.00 1965.00
916.00 1965.00
916.00 1966.00
916.00 1966.00
916.00 1967.00
916.00 1968.00
916.00 1968.00
916.00 1969.00
916.00 1969.00
916.00 1970.00
916.00 1970.00
916.00 1971.00
916.00 1971.00
916.00 1972.00
916.00 1972.00
916.00 1973.00
916.00 1973.00
916.00 1973.00
916.00 1973.00
916.00 1973.00
916.00 1973.00
916.00 1973.00
916.00 1973.00
916.00 1973.00
916.00 1973.00
916.00 1973.00
916.00 1973.00
916.00 1973.00
916.00 1973.00
916.00 1974.00
916.00 1974.00
916.00 1975.00
916.00 1975.00
916.00 1976.00
916.00 1976.00
916.00 1977.00
916.00 1977.00
916.00 1978.00
916.00 1978.00
916.00 1979.00
916.00 1979.00
916.00 1980.00
916.00 1981.00
916.00 1981.00
916.00 1982.00
916.00 1982.00
916.00 1983.00
916.00 1983.00
916.00 1984.00
916.00 1984.00
916.00 1985.00
916.00 1985.00
916.00 1992.00
916.00 1992.00
916.00 1993.00
916.00 1993.00
916.00 1994.00
916.00 1994.00
916.00 1994.00
