ply
format ascii 1.0
element vertex 4750
property float x
property float y
property float z
property uchar red
property uchar green
property uchar blue
end_header
60.105217 -43.700146 244.420303 44 160 44
60.073605 -43.623131 244.291748 44 160 44
60.044014 -43.547638 244.171432 44 160 44
60.023869 -43.479042 244.089493 44 160 44
60.010174 -43.415146 244.033798 44 160 44
59.998543 -43.352772 243.986511 44 160 44
59.993267 -43.294998 243.965057 44 160 44
59.996490 -43.243362 243.978165 44 160 44
59.943420 -43.190044 243.981796 44 160 44
59.933872 -43.129211 243.942917 44 160 44
59.974697 -43.065830 243.889542 44 160 44
59.970306 -43.008739 243.871689 44 160 44
59.966579 -42.952129 243.856522 44 160 44
59.907345 -42.894402 243.834961 44 160 44
59.964870 -42.896976 243.849579 44 160 44
59.893303 -42.830433 243.777802 44 160 44
59.885632 -42.771034 243.746582 44 160 44
59.934509 -42.767445 243.726120 44 160 44
59.937122 -42.715401 243.736740 44 160 44
59.950333 -42.670895 243.790451 44 160 44
59.960793 -42.624413 243.833008 44 160 44
59.961430 -42.570930 243.835587 44 160 44
59.949207 -42.508339 243.785889 44 160 44
59.973385 -42.433376 243.665054 44 160 44
59.943474 -42.358349 243.543533 44 160 44
59.925217 -42.291595 243.469345 44 160 44
59.974735 -42.234695 243.451767 44 160 44
59.962990 -42.172592 243.404099 44 160 44
59.932594 -42.097408 243.280716 44 160 44
59.928890 -42.041004 243.265686 44 160 44
59.928291 -41.986778 243.263245 44 160 44
59.926834 -41.931953 243.257324 44 160 44
59.918152 -41.872086 243.222092 44 160 44
59.898552 -41.804611 243.142532 44 160 44
59.888084 -41.743538 243.100021 44 160 44
59.878635 -41.683193 243.061676 44 160 44
59.878555 -41.629379 243.061356 44 160 44
59.880581 -41.577026 243.069580 44 160 44
59.879593 -41.522583 243.065567 44 160 44
59.863949 -41.457989 243.002060 44 160 44
59.854900 -41.397984 242.965332 44 160 44
59.839684 -41.333736 242.903564 44 160 44
59.834084 -41.276150 242.880829 44 160 44
59.833565 -41.222073 242.878738 44 160 44
59.779503 -41.168118 242.877319 44 160 44
59.833431 -41.168262 242.878174 44 160 44
59.778446 -41.113674 242.873032 44 160 44
59.765118 -41.050800 242.818878 44 160 44
59.747459 -40.984982 242.747131 44 160 44
59.789253 -40.923149 242.698853 44 160 44
59.788246 -40.868786 242.694778 44 160 44
59.791584 -40.817387 242.708313 44 160 44
59.803642 -40.771927 242.757263 44 160 44
59.810379 -40.722820 242.784607 44 160 44
59.792728 -40.657120 242.712952 44 160 44
59.767651 -40.586411 242.611160 44 160 44
59.747036 -40.518768 242.527481 44 160 44
59.725872 -40.450798 242.441574 44 160 44
59.691666 -40.374039 242.302734 44 160 44
51.134090 -40.674984 244.433289 14 127 255
59.644650 -40.288689 242.111877 44 160 44
51.126888 -40.615204 244.398865 14 127 255
59.601521 -40.206047 241.936813 44 160 44
51.114727 -40.551498 244.340714 14 127 255
59.547016 -40.115818 241.715546 44 160 44
51.048813 -40.488041 244.283920 14 127 255
51.108368 -40.492420 244.310333 14 127 255
59.430744 -40.020061 241.460373 44 160 44
51.040668 -40.427563 244.244949 14 127 255
59.406071 -39.950062 241.360107 44 160 44
51.035770 -40.369667 244.221497 14 127 255
59.398232 -39.891415 241.328262 44 160 44
51.017265 -40.301033 244.132950 14 127 255
59.395161 -39.835979 241.315796 44 160 44
59.443756 -39.832779 241.296387 44 160 44
50.982620 -40.219707 243.967163 14 127 255
59.437325 -39.775108 241.270294 44 160 44
50.965935 -40.152603 243.887314 14 127 255
59.428253 -39.715683 241.233475 44 160 44
50.960484 -40.094372 243.861221 14 127 255
59.445663 -39.673946 241.304138 44 160 44
50.959576 -40.039722 243.856888 14 127 255
51.012978 -40.039303 243.854340 14 127 255
59.398037 -39.624409 241.327469 44 160 44
51.012558 -39.985039 243.852325 14 127 255
59.398685 -39.571465 241.330109 44 160 44
51.012398 -39.930984 243.851578 14 127 255
59.398579 -39.518021 241.329681 44 160 44
51.008732 -39.874184 243.834045 14 127 255
59.398575 -39.464642 241.329666 44 160 44
51.004089 -39.816628 243.811859 14 127 255
59.398605 -39.411285 241.329788 44 160 44
50.990116 -39.751808 243.745056 14 127 255
59.398624 -39.357922 241.329849 44 160 44
50.971394 -39.683323 243.655563 14 127 255
59.398613 -39.304539 241.329819 44 160 44
50.972317 -39.630154 243.659973 14 127 255
59.398594 -39.251152 241.329742 44 160 44
50.978123 -39.580769 243.687729 14 127 255
59.451946 -39.197762 241.329651 44 160 44
50.982746 -39.530457 243.709839 14 127 255
51.042538 -39.535019 243.737961 14 127 255
59.451927 -39.144371 241.329559 44 160 44
59.505295 -39.144367 241.329529 44 160 44
51.054310 -39.490215 243.794174 14 127 255
59.505287 -39.090984 241.329498 44 160 44
51.062412 -39.442554 243.832855 14 127 255
59.558678 -39.037621 241.329559 44 160 44
51.064632 -39.390339 243.843460 14 127 255
51.119610 -39.391140 243.848434 14 127 255
59.558704 -38.984261 241.329666 44 160 44
51.112267 -39.331558 243.813416 14 127 255
59.558739 -38.930908 241.329803 44 160 44
51.090305 -39.260757 243.708664 14 127 255
59.558758 -38.877544 241.329880 44 160 44
59.612152 -38.877556 241.329956 44 160 44
51.082008 -39.200489 243.669083 14 127 255
59.612186 -38.824203 241.330093 44 160 44
51.079880 -39.144962 243.658936 14 127 255
59.612202 -38.770836 241.330154 44 160 44
51.079525 -39.090801 243.657227 14 127 255
59.612217 -38.717472 241.330231 44 160 44
51.079445 -39.036850 243.656845 14 127 255
59.558846 -38.664097 241.330231 44 160 44
59.612221 -38.664097 241.330231 44 160 44
51.132988 -38.982693 243.655197 14 127 255
59.558811 -38.610699 241.330093 44 160 44
51.127079 -38.924305 243.627045 14 127 255
59.558735 -38.557274 241.329803 44 160 44
51.113110 -38.859802 243.560471 14 127 255
59.558624 -38.503826 241.329346 44 160 44
51.095394 -38.792480 243.476059 14 127 255
59.558514 -38.450378 241.328888 44 160 44
51.092770 -38.736641 243.463547 14 127 255
59.558502 -38.396996 241.328842 44 160 44
51.092422 -38.682533 243.461899 14 127 255
59.558395 -38.343552 241.328415 44 160 44
51.036392 -38.627033 243.451492 14 127 255
59.557869 -38.289841 241.326279 44 160 44
51.026493 -38.565708 243.404266 14 127 255
59.607082 -38.233795 241.309448 44 160 44
51.017044 -38.504738 243.359192 14 127 255
59.596306 -38.173523 241.265823 44 160 44
50.992161 -38.432159 243.240494 14 127 255
59.581505 -38.110691 241.205902 44 160 44
50.970169 -38.361809 243.135590 14 127 255
59.570251 -38.050156 241.160339 44 160 44
50.959934 -38.300343 243.086777 14 127 255
59.565842 -37.994007 241.142487 44 160 44
50.958126 -38.245224 243.078140 14 127 255
59.565117 -37.940208 241.139557 44 160 44
50.954342 -38.188625 243.060089 14 127 255
59.565601 -37.887184 241.141510 44 160 44
50.934509 -38.120022 242.965485 14 127 255
59.515976 -37.836208 241.156540 44 160 44
59.566872 -37.834656 241.146652 44 160 44
50.921680 -38.056694 242.904282 14 127 255
59.522594 -37.787071 241.183350 44 160 44
50.916565 -37.999153 242.879883 14 127 255
59.524235 -37.734768 241.189987 44 160 44
50.915966 -37.944992 242.877045 14 127 255
59.520447 -37.679024 241.174652 44 160 44
50.915909 -37.891228 242.876755 14 127 255
59.513222 -37.621117 241.145370 44 160 44
50.915684 -37.837341 242.875687 14 127 255
50.968327 -37.836548 242.870560 14 127 255
59.500267 -37.559601 241.092880 44 160 44
50.962059 -37.778183 242.840698 14 127 255
59.474979 -37.490337 240.990417 44 160 44
50.948467 -37.714413 242.775925 14 127 255
59.441494 -37.415962 240.854736 44 160 44
50.954269 -37.665005 242.803574 14 127 255
59.478378 -37.352398 240.788391 44 160 44
50.963879 -37.618397 242.849380 14 127 255
59.471588 -37.294888 240.760910 44 160 44
50.968376 -37.568001 242.870804 14 127 255
59.470177 -37.240749 240.755188 44 160 44
50.969406 -37.515041 242.875717 14 127 255
59.469761 -37.187244 240.753525 44 160 44
50.969166 -37.461147 242.874557 14 127 255
59.469635 -37.133915 240.753006 44 160 44
50.968357 -37.406834 242.870697 14 127 255
59.469639 -37.080673 240.753021 44 160 44
50.963444 -37.349518 242.847290 14 127 255
59.469952 -37.027618 240.754288 44 160 44
50.953053 -37.288200 242.797775 14 127 255
59.470264 -36.974564 240.755554 44 160 44
50.940582 -37.225391 242.738358 14 127 255
59.470150 -36.921246 240.755096 44 160 44
50.931870 -37.165344 242.696854 14 127 255
59.468994 -36.867279 240.750412 44 160 44
50.928932 -37.109528 242.682846 14 127 255
59.455017 -36.805378 240.693832 44 160 44
50.874779 -37.055500 242.680557 14 127 255
59.436485 -36.740688 240.618805 44 160 44
50.870003 -36.998352 242.657776 14 127 255
59.427505 -36.681927 240.582443 44 160 44
50.856571 -36.934929 242.593704 14 127 255
59.399937 -36.611725 240.470856 44 160 44
50.848484 -36.875412 242.555145 14 127 255
59.404007 -36.561043 240.487320 44 160 44
50.834965 -36.811974 242.490646 14 127 255
59.414478 -36.514290 240.529724 44 160 44
50.834728 -36.758171 242.489517 14 127 255
59.420238 -36.464626 240.553040 44 160 44
50.835022 -36.704750 242.490921 14 127 255
59.416729 -36.409271 240.538834 44 160 44
50.834415 -36.650681 242.488022 14 127 255
59.398777 -36.345085 240.466156 44 160 44
50.833221 -36.596188 242.482330 14 127 255
59.381142 -36.281124 240.394760 44 160 44
50.829441 -36.539841 242.464294 14 127 255
59.361008 -36.215672 240.313248 44 160 44
50.820305 -36.479656 242.420715 14 127 255
59.353966 -36.158234 240.284744 44 160 44
50.861443 -36.417103 242.361237 14 127 255
55.785709 -36.729942 244.443253 180 119 31
59.352829 -36.104397 240.280136 44 160 44
59.406166 -36.104511 240.280914 44 160 44
50.852142 -36.356850 242.316925 14 127 255
55.785896 -36.676003 244.444061 180 119 31
59.408318 -36.052677 240.289627 44 160 44
50.849648 -36.301476 242.305054 14 127 255
59.411564 -36.001495 240.302750 44 160 44
50.847748 -36.246529 242.295990 14 127 255
59.407871 -35.946114 240.287827 44 160 44
50.847466 -36.192738 242.294647 14 127 255
55.782318 -36.511467 244.428391 180 119 31
59.346939 -35.888260 240.256302 44 160 44
50.847424 -36.139122 242.294449 14 127 255
55.771027 -36.450027 244.378922 180 119 31
59.343830 -35.833244 240.243698 44 160 44
50.793877 -36.085560 242.294647 14 127 255
55.754322 -36.385075 244.305710 180 119 31
59.346474 -35.781704 240.254410 44 160 44
50.792950 -36.031315 242.290222 14 127 255
55.743645 -36.324081 244.258926 180 119 31
59.345810 -35.728165 240.251724 44 160 44
59.387787 -35.721455 240.206589 44 160 44
50.780365 -35.968811 242.230194 14 127 255
55.741287 -36.268528 244.248611 180 119 31
55.793217 -36.267166 244.239441 180 119 31
59.383183 -35.665562 240.187958 44 160 44
50.765125 -35.904457 242.157501 14 127 255
55.722183 -36.202091 244.164886 180 119 31
59.327179 -35.610706 240.176300 44 160 44
50.755615 -35.844185 242.112137 14 127 255
55.705761 -36.137436 244.092926 180 119 31
59.319866 -35.553204 240.146698 44 160 44
50.753460 -35.789116 242.101868 14 127 255
55.700218 -36.079861 244.068649 180 119 31
55.751221 -36.077930 244.055603 180 119 31
59.303890 -35.490528 240.082016 44 160 44
50.753246 -35.735416 242.100830 14 127 255
55.750351 -36.023388 244.051788 180 119 31
59.284622 -35.425915 240.004013 44 160 44
50.751270 -35.680481 242.091400 14 127 255
55.750786 -35.969692 244.053696 180 119 31
59.281910 -35.371216 239.993027 44 160 44
50.735142 -35.615616 242.014465 14 127 255
55.696213 -35.915333 244.051086 180 119 31
59.281490 -35.317886 239.991333 44 160 44
50.720688 -35.551960 241.945526 14 127 255
55.695755 -35.861057 244.049088 180 119 31
59.278988 -35.263317 239.981201 44 160 44
50.660343 -35.493660 241.912903 14 127 255
55.749249 -35.806770 244.046967 180 119 31
59.268547 -35.204037 239.938934 44 160 44
50.659428 -35.439514 241.908539 14 127 255
55.750210 -35.753410 244.051163 180 119 31
59.238781 -35.133316 239.818436 44 160 44
50.659256 -35.385891 241.907715 14 127 255
55.750420 -35.699570 244.052094 180 119 31
59.236149 -35.078716 239.807785 44 160 44
50.659107 -35.332283 241.906998 14 127 255
55.738525 -35.637985 244.000031 180 119 31
59.251392 -35.034687 239.869476 44 160 44
50.711296 -35.277866 241.900726 14 127 255
55.722065 -35.573509 243.927963 180 119 31
59.267971 -34.991425 239.936600 44 160 44
50.697155 -35.214539 241.833267 14 127 255
55.709518 -35.511562 243.873047 180 119 31
59.253159 -34.929626 239.876648 44 160 44
50.682144 -35.150642 241.761673 14 127 255
55.705555 -35.455101 243.855698 180 119 31
59.236446 -34.866734 239.808975 44 160 44
50.674049 -35.091564 241.723053 14 127 255
55.705753 -35.401291 243.856552 180 119 31
59.234676 -34.812653 239.801819 44 160 44
50.672703 -35.037170 241.716629 14 127 255
55.705753 -35.347355 243.856552 180 119 31
59.233276 -34.758793 239.796143 44 160 44
50.672634 -34.983662 241.716293 14 127 255
55.705322 -35.293152 243.854675 180 119 31
59.226059 -34.701530 239.766922 44 160 44
50.618568 -34.929783 241.713409 14 127 255
55.705044 -35.239040 243.853455 180 119 31
59.210133 -34.639179 239.702438 44 160 44
50.618107 -34.876007 241.711212 14 127 255
55.705162 -35.185181 243.853973 180 119 31
59.194969 -34.577309 239.641068 44 160 44
50.618229 -34.822632 241.711792 14 127 255
55.705399 -35.131397 243.855011 180 119 31
59.188286 -34.520409 239.613998 44 160 44
50.619102 -34.769768 241.715958 14 127 255
55.703331 -35.076160 243.845963 180 119 31
59.135071 -34.467285 239.613129 44 160 44
50.618313 -34.715767 241.712189 14 127 255
55.693729 -35.016193 243.803940 180 119 31
59.134624 -34.414028 239.611313 44 160 44
50.603916 -34.652447 241.643448 14 127 255
55.677254 -34.951923 243.731796 180 119 31
59.134300 -34.360844 239.610001 44 160 44
50.589115 -34.588882 241.572769 14 127 255
55.661758 -34.888306 243.663971 180 119 31
59.134163 -34.307770 239.609436 44 160 44
59.186581 -34.307434 239.607117 44 160 44
50.580494 -34.529568 241.531601 14 127 255
55.660679 -34.833740 243.659256 180 119 31
59.180847 -34.251122 239.583908 44 160 44
50.578659 -34.474899 241.522842 14 127 255
55.659492 -34.779106 243.654053 180 119 31
59.162575 -34.187576 239.509933 44 160 44
50.578556 -34.421410 241.522354 14 127 255
55.654018 -34.721802 243.630096 180 119 31
59.132500 -34.117249 239.388168 44 160 44
50.578465 -34.367928 241.521912 14 127 255
50.631821 -34.367886 241.521622 14 127 255
55.648666 -34.664581 243.606674 180 119 31
55.695961 -34.660484 243.577866 180 119 31
59.106663 -34.049419 239.283569 44 160 44
50.631096 -34.313976 241.518158 14 127 255
55.681938 -34.597897 243.516541 180 119 31
59.043266 -33.990467 239.241135 44 160 44
59.099621 -33.992447 239.255066 44 160 44
50.629284 -34.259331 241.509506 14 127 255
55.672928 -34.538448 243.477127 180 119 31
59.041866 -33.936749 239.235474 44 160 44
50.619526 -34.199326 241.462967 14 127 255
55.670197 -34.482906 243.465179 180 119 31
59.041859 -33.883831 239.235443 44 160 44
50.604385 -34.135704 241.390732 14 127 255
55.669605 -34.428692 243.462585 180 119 31
59.041573 -33.830753 239.234268 44 160 44
50.594444 -34.075623 241.343338 14 127 255
55.664715 -34.371826 243.441208 180 119 31
59.041187 -33.777622 239.232712 44 160 44
50.592075 -34.020649 241.332031 14 127 255
55.642349 -34.304192 243.343399 180 119 31
59.041138 -33.724682 239.232513 44 160 44
50.591785 -33.967079 241.330643 14 127 255
55.629223 -34.242294 243.285995 180 119 31
59.094357 -33.671944 239.233749 44 160 44
50.591034 -33.913200 241.327057 14 127 255
55.626171 -34.186611 243.272644 180 119 31
59.094444 -33.619080 239.234100 44 160 44
50.591480 -33.860123 241.329178 14 127 255
55.624805 -34.131966 243.266678 180 119 31
59.091675 -33.564594 239.222885 44 160 44
50.591564 -33.806801 241.329575 14 127 255
55.625271 -34.078445 243.268707 180 119 31
59.081310 -33.505810 239.180939 44 160 44
50.586304 -33.749920 241.304504 14 127 255
55.625370 -34.024700 243.269135 180 119 31
59.003819 -33.438972 239.081299 44 160 44
50.580475 -33.692665 241.276672 14 127 255
55.624962 -33.970650 243.267349 180 119 31
58.995193 -33.381214 239.046356 44 160 44
50.512135 -33.629330 241.205185 14 127 255
50.573101 -33.634396 241.241501 14 127 255
55.624378 -33.916489 243.264816 180 119 31
58.994282 -33.327827 239.042664 44 160 44
50.501316 -33.568790 241.153519 14 127 255
55.624054 -33.862488 243.263382 180 119 31
59.048237 -33.275570 239.047058 44 160 44
50.498241 -33.513416 241.138840 14 127 255
55.624390 -33.808887 243.264862 180 119 31
59.048546 -33.222874 239.048309 44 160 44
50.498264 -33.460094 241.138947 14 127 255
55.625359 -33.755672 243.269104 180 119 31
59.047523 -33.169426 239.044144 44 160 44
50.497921 -33.406536 241.137314 14 127 255
55.625076 -33.701698 243.267853 180 119 31
59.047344 -33.116455 239.043442 44 160 44
50.497791 -33.353115 241.136688 14 127 255
55.623047 -33.646664 243.258987 180 119 31
59.045647 -33.062637 239.036560 44 160 44
50.497959 -33.299896 241.137497 14 127 255
55.604786 -33.581833 243.179123 180 119 31
59.027073 -32.999382 238.961365 44 160 44
50.498177 -33.246704 241.138519 14 127 255
55.589260 -33.518688 243.111221 180 119 31
59.010513 -32.937286 238.894333 44 160 44
50.551548 -33.193398 241.138702 14 127 255
55.581150 -33.460037 243.075760 180 119 31
59.002522 -32.879997 238.861969 44 160 44
50.551426 -33.139980 241.138123 14 127 255
55.579918 -33.405533 243.070358 180 119 31
59.001308 -32.826492 238.857071 44 160 44
50.551224 -33.086514 241.137146 14 127 255
55.576626 -33.349796 243.055969 180 119 31
59.000877 -32.773422 238.855316 44 160 44
50.551144 -33.033131 241.136780 14 127 255
55.555393 -33.283318 242.963104 180 119 31
59.049721 -32.718388 238.839203 44 160 44
50.549137 -32.978489 241.127197 14 127 255
55.541336 -33.221172 242.901627 180 119 31
59.029297 -32.654266 238.756592 44 160 44
50.540108 -32.919277 241.084137 14 127 255
55.536366 -33.164482 242.879898 180 119 31
59.013905 -32.592957 238.694336 44 160 44
50.524895 -32.856060 241.011566 14 127 255
55.482555 -33.110710 242.879501 180 119 31
55.536129 -33.110622 242.878860 180 119 31
59.006874 -32.536285 238.665894 44 160 44
50.511909 -32.794327 240.949615 14 127 255
55.482281 -33.056824 242.878281 180 119 31
58.954224 -32.483574 238.666443 44 160 44
50.511459 -32.740742 240.947464 14 127 255
55.481762 -33.002800 242.876022 180 119 31
58.955772 -32.431641 238.672729 44 160 44
50.507347 -32.684792 240.927856 14 127 255
55.481060 -32.948666 242.872940 180 119 31
58.955948 -32.378948 238.673431 44 160 44
50.494915 -32.623470 240.868546 14 127 255
55.482021 -32.895519 242.877167 180 119 31
58.955154 -32.325726 238.670212 44 160 44
50.480602 -32.560963 240.800278 14 127 255
55.482986 -32.842373 242.881393 180 119 31
58.954292 -32.272465 238.666733 44 160 44
50.471668 -32.501953 240.757660 14 127 255
55.472931 -32.782711 242.837372 180 119 31
58.954414 -32.219746 238.667221 44 160 44
50.471130 -32.448357 240.755096 14 127 255
55.457203 -32.719719 242.768509 180 119 31
58.955151 -32.167362 238.670197 44 160 44
50.470940 -32.394985 240.754181 14 127 255
55.443798 -32.658131 242.709839 180 119 31
58.954994 -32.114491 238.669571 44 160 44
50.470821 -32.341663 240.753616 14 127 255
50.524010 -32.341625 240.753342 14 127 255
55.438324 -32.601231 242.685867 180 119 31
58.954544 -32.061459 238.667755 44 160 44
59.006161 -32.060822 238.663010 44 160 44
50.524178 -32.288483 240.754135 14 127 255
55.437653 -32.547161 242.682922 180 119 31
58.999367 -32.004349 238.635529 44 160 44
50.524136 -32.235207 240.753937 14 127 255
55.437805 -32.493576 242.683594 180 119 31
58.988930 -31.945917 238.593323 44 160 44
50.521240 -32.180115 240.740143 14 127 255
55.437771 -32.439880 242.683456 180 119 31
58.987164 -31.892191 238.586166 44 160 44
50.510513 -32.120049 240.689041 14 127 255
55.437561 -32.386082 242.682526 180 119 31
58.990986 -31.841486 238.601639 44 160 44
50.489769 -32.053646 240.590179 14 127 255
55.437572 -32.332413 242.682571 180 119 31
59.000996 -31.794107 238.642120 44 160 44
50.484776 -31.997267 240.566376 14 127 255
55.436638 -32.278198 242.678497 180 119 31
59.006298 -31.744179 238.663559 44 160 44
50.484333 -31.943781 240.564270 14 127 255
55.429817 -32.220558 242.648636 180 119 31
59.007145 -31.691847 238.666992 44 160 44
50.484299 -31.890554 240.564117 14 127 255
55.414623 -32.158070 242.582108 180 119 31
59.006985 -31.638975 238.666336 44 160 44
50.484070 -31.837202 240.563019 14 127 255
55.399906 -32.095894 242.517700 180 119 31
59.007172 -31.586288 238.667099 44 160 44
50.483982 -31.783939 240.562592 14 127 255
55.393780 -32.038712 242.490875 180 119 31
59.007381 -31.533613 238.667938 44 160 44
50.484085 -31.730801 240.563095 14 127 255
55.393402 -31.984861 242.489227 180 119 31
59.003971 -31.479008 238.654160 44 160 44
50.484169 -31.677647 240.563492 14 127 255
55.393570 -31.931324 242.489944 180 119 31
58.991379 -31.419516 238.603210 44 160 44
50.484272 -31.624506 240.563995 14 127 255
55.393387 -31.877586 242.489151 180 119 31
58.914940 -31.354149 238.507416 44 160 44
58.982487 -31.362015 238.567245 44 160 44
50.484192 -31.571249 240.563599 14 127 255
55.393246 -31.823874 242.488541 180 119 31
58.911140 -31.299377 238.492035 44 160 44
50.484035 -31.517942 240.562851 14 127 255
55.393040 -31.770124 242.487640 180 119 31
58.908916 -31.245451 238.483032 44 160 44
50.483784 -31.464581 240.561646 14 127 255
55.393044 -31.716494 242.487656 180 119 31
58.908585 -31.192530 238.481689 44 160 44
50.427418 -31.409407 240.546570 14 127 255
50.482922 -31.410839 240.557556 14 127 255
55.393166 -31.662933 242.488190 180 119 31
58.908180 -31.139570 238.480057 44 160 44
50.416424 -31.349369 240.494141 14 127 255
55.393223 -31.609333 242.488434 180 119 31
58.908073 -31.086769 238.479630 44 160 44
50.396198 -31.283623 240.397659 14 127 255
55.393177 -31.555676 242.488235 180 119 31
58.905140 -31.032476 238.467743 44 160 44
50.391590 -31.227596 240.375671 14 127 255
55.391754 -31.501234 242.482010 180 119 31
58.893970 -30.973860 238.422531 44 160 44
50.391052 -31.174099 240.373108 14 127 255
55.384018 -31.443211 242.448135 180 119 31
58.869553 -30.908308 238.323669 44 160 44
50.390793 -31.120775 240.371872 14 127 255
55.376747 -31.385468 242.416306 180 119 31
55.421909 -31.380680 242.379333 180 119 31
58.861740 -30.851500 238.292038 44 160 44
50.390797 -31.067614 240.371902 14 127 255
55.404541 -31.317255 242.303375 180 119 31
58.861526 -30.798685 238.291183 44 160 44
50.388489 -31.013031 240.360886 14 127 255
55.403011 -31.262800 242.296692 180 119 31
58.862602 -30.746544 238.295532 44 160 44
50.379269 -30.954203 240.316895 14 127 255
55.402485 -31.208914 242.294388 180 119 31
58.861820 -30.693430 238.292358 44 160 44
50.358280 -30.888176 240.216782 14 127 255
55.402287 -31.155214 242.293533 180 119 31
58.861053 -30.640327 238.289261 44 160 44
50.351154 -30.830685 240.182785 14 127 255
55.402317 -31.101643 242.293655 180 119 31
58.862324 -30.588285 238.294403 44 160 44
50.350689 -30.777277 240.180573 14 127 255
55.401424 -31.047554 242.289749 180 119 31
58.862675 -30.535761 238.295822 44 160 44
50.351711 -30.724781 240.185455 14 127 255
55.394882 -30.990303 242.261139 180 119 31
58.855553 -30.479370 238.266998 44 160 44
50.351379 -30.671455 240.183868 14 127 255
55.380695 -30.928801 242.199097 180 119 31
58.778828 -30.414240 238.169647 44 160 44
58.848392 -30.422970 238.238007 44 160 44
50.350983 -30.618092 240.181976 14 127 255
55.360867 -30.864178 242.112381 180 119 31
58.772060 -30.358067 238.142227 44 160 44
50.350689 -30.564791 240.180573 14 127 255
55.357311 -30.808649 242.096817 180 119 31
58.765079 -30.301796 238.113922 44 160 44
50.349529 -30.510967 240.175049 14 127 255
55.358490 -30.755758 242.101974 180 119 31
58.763733 -30.248438 238.108475 44 160 44
50.344193 -30.454618 240.149582 14 127 255
55.359676 -30.702869 242.107162 180 119 31
58.763428 -30.195618 238.107239 44 160 44
50.330940 -30.393501 240.086365 14 127 255
55.359623 -30.649294 242.106949 180 119 31
58.762760 -30.142612 238.104523 44 160 44
50.335068 -30.342890 240.106064 14 127 255
55.358578 -30.595169 242.102371 180 119 31
58.761993 -30.089558 238.101425 44 160 44
50.344341 -30.295364 240.150299 14 127 255
55.357708 -30.541142 242.098572 180 119 31
58.761890 -30.036844 238.101013 44 160 44
50.349926 -30.245604 240.176926 14 127 255
55.358246 -30.487892 242.100906 180 119 31
58.816936 -29.985397 238.110657 44 160 44
50.351463 -30.193403 240.184265 14 127 255
55.358353 -30.434404 242.101379 180 119 31
58.824593 -29.936628 238.141647 44 160 44
50.351177 -30.140112 240.182907 14 127 255
55.355762 -30.379436 242.090057 180 119 31
58.836864 -29.890192 238.191330 44 160 44
50.350571 -30.086628 240.180008 14 127 255
55.354347 -30.325117 242.083862 180 119 31
58.841976 -29.840105 238.212036 44 160 44
50.350594 -30.033520 240.180115 14 127 255
55.356167 -30.272570 242.091827 180 119 31
58.842297 -29.787580 238.213333 44 160 44
50.346741 -29.978102 240.161728 14 127 255
50.394627 -29.974991 240.136810 14 127 255
55.357433 -30.219717 242.097351 180 119 31
58.829971 -29.728666 238.163437 44 160 44
50.379837 -29.913099 240.066345 14 127 255
55.357738 -30.166338 242.098694 180 119 31
58.816650 -29.669271 238.109512 44 160 44
50.368416 -29.853231 240.011902 14 127 255
55.357956 -30.112909 242.099640 180 119 31
58.815887 -29.616224 238.106430 44 160 44
50.364643 -29.797916 239.993942 14 127 255
55.356312 -30.058472 242.092468 180 119 31
58.816071 -29.563652 238.107147 44 160 44
50.364349 -29.744661 239.992523 14 127 255
55.285122 -29.995352 242.015213 180 119 31
58.763203 -29.510887 238.106323 44 160 44
58.816010 -29.510958 238.106903 44 160 44
50.364559 -29.691706 239.993530 14 127 255
55.269695 -29.933470 241.947678 180 119 31
58.762936 -29.458090 238.105255 44 160 44
50.364655 -29.638683 239.993988 14 127 255
55.262035 -29.875818 241.914154 180 119 31
58.763039 -29.405479 238.105667 44 160 44
50.364529 -29.585527 239.993378 14 127 255
55.261501 -29.822023 241.911804 180 119 31
58.762611 -29.352602 238.103928 44 160 44
50.364101 -29.532196 239.991348 14 127 255
55.265526 -29.770687 241.929428 180 119 31
58.760872 -29.299072 238.096878 44 160 44
50.363686 -29.478874 239.989380 14 127 255
55.272293 -29.720819 241.959061 180 119 31
58.750607 -29.241302 238.055298 44 160 44
50.363632 -29.425764 239.989120 14 127 255
55.274231 -29.668343 241.967529 180 119 31
58.733498 -29.180151 237.985962 44 160 44
50.363930 -29.372858 239.990524 14 127 255
55.267906 -29.611439 241.939850 180 119 31
58.718426 -29.120041 237.924896 44 160 44
50.362553 -29.318977 239.983978 14 127 255
55.261166 -29.554321 241.910339 180 119 31
58.717648 -29.067032 237.921738 44 160 44
58.770576 -29.067184 237.922989 44 160 44
50.354610 -29.261282 239.946121 14 127 255
55.259888 -29.500135 241.904739 180 119 31
58.773941 -29.016222 237.936600 44 160 44
50.340172 -29.199839 239.877335 14 127 255
55.261177 -29.447319 241.910385 180 119 31
58.782997 -28.968061 237.973267 44 160 44
50.275494 -29.140047 239.821884 14 127 255
50.333473 -29.142906 239.845398 14 127 255
55.260540 -29.393476 241.907608 180 119 31
58.796982 -28.922306 238.029877 44 160 44
50.271172 -29.084503 239.801254 14 127 255
55.206661 -29.339775 241.905960 180 119 31
55.260185 -29.339785 241.906052 180 119 31
58.756115 -28.875450 238.077606 44 160 44
50.266418 -29.028723 239.778595 14 127 255
55.206211 -29.286032 241.903976 180 119 31
58.759842 -28.824621 238.092712 44 160 44
50.256393 -28.969910 239.730759 14 127 255
55.253788 -29.229395 241.878052 180 119 31
58.751865 -28.768055 238.060394 44 160 44
50.243980 -28.909746 239.671555 14 127 255
55.243473 -29.170450 241.832886 180 119 31
58.727051 -28.703274 237.959839 44 160 44
50.235447 -28.851837 239.630859 14 127 255
55.240829 -29.115570 241.821304 180 119 31
58.715843 -28.645176 237.914429 44 160 44
50.232288 -28.797024 239.615784 14 127 255
55.244076 -29.063795 241.835541 180 119 31
58.703747 -28.586664 237.865417 44 160 44
50.231853 -28.743780 239.613708 14 127 255
50.284718 -28.743704 239.613068 14 127 255
55.200031 -29.015270 241.876907 180 119 31
58.679024 -28.522038 237.765228 44 160 44
50.231724 -28.690708 239.613083 14 127 255
50.284702 -28.690699 239.613007 14 127 255
55.205421 -28.964600 241.900513 180 119 31
58.618679 -28.465685 237.733780 44 160 44
58.673851 -28.466942 237.744278 44 160 44
50.231678 -28.637686 239.612869 14 127 255
55.206650 -28.911743 241.905914 180 119 31
58.618397 -28.412968 237.732635 44 160 44
50.231510 -28.584597 239.612076 14 127 255
55.206913 -28.858376 241.907059 180 119 31
58.618946 -28.360653 237.734863 44 160 44
50.232567 -28.532200 239.617111 14 127 255
55.204311 -28.803516 241.895660 180 119 31
58.619137 -28.308165 237.735641 44 160 44
50.236919 -28.481670 239.637878 14 127 255
55.200256 -28.747904 241.877899 180 119 31
55.247490 -28.744646 241.850479 180 119 31
58.618759 -28.255402 237.734100 44 160 44
58.670849 -28.255165 237.732117 44 160 44
50.242435 -28.431791 239.664200 14 127 255
55.231453 -28.682825 241.780273 180 119 31
58.670197 -28.202272 237.729477 44 160 44
50.242611 -28.378881 239.665024 14 127 255
55.216431 -28.621565 241.714523 180 119 31
58.670570 -28.149872 237.730988 44 160 44
50.236637 -28.322506 239.636520 14 127 255
55.216152 -28.567959 241.713303 180 119 31
58.618610 -28.097589 237.733505 44 160 44
58.671001 -28.097498 237.732742 44 160 44
50.231316 -28.266512 239.611145 14 127 255
55.216904 -28.514885 241.716583 180 119 31
58.615791 -28.043659 237.722061 44 160 44
50.177528 -28.213070 239.607361 14 127 255
55.215637 -28.460772 241.711044 180 119 31
58.597046 -27.982130 237.646042 44 160 44
50.179016 -28.160912 239.614471 14 127 255
55.154835 -28.403530 241.678864 180 119 31
58.581253 -27.922043 237.582001 44 160 44
50.179585 -28.108231 239.617172 14 127 255
55.146656 -28.345873 241.643021 180 119 31
58.572533 -27.865347 237.546631 44 160 44
50.179653 -28.055273 239.617508 14 127 255
55.199795 -28.292273 241.641693 180 119 31
58.571400 -27.812269 237.542038 44 160 44
50.178814 -28.001808 239.613510 14 127 255
55.207031 -28.242529 241.673355 180 119 31
58.572964 -27.760473 237.548370 44 160 44
50.177914 -27.948311 239.609207 14 127 255
55.214355 -28.192818 241.705429 180 119 31
58.573563 -27.708216 237.550797 44 160 44
50.177475 -27.895073 239.607117 14 127 255
55.213139 -28.138737 241.700089 180 119 31
58.572830 -27.655331 237.547836 44 160 44
50.178825 -27.842825 239.613556 14 127 255
55.207790 -28.082560 241.676697 180 119 31
58.571930 -27.602367 237.544189 44 160 44
50.179688 -27.790308 239.617676 14 127 255
55.184246 -28.017155 241.573624 180 119 31
58.519135 -27.549707 237.543137 44 160 44
58.571705 -27.549725 237.543274 44 160 44
50.179111 -27.736992 239.614929 14 127 255
55.228630 -27.959145 241.534058 180 119 31
58.519524 -27.497353 237.544708 44 160 44
50.173729 -27.681026 239.589218 14 127 255
55.173431 -27.904825 241.526291 180 119 31
55.227303 -27.905054 241.528259 180 119 31
58.520145 -27.445107 237.547241 44 160 44
50.111443 -27.622911 239.544785 14 127 255
55.170452 -27.849903 241.513245 180 119 31
58.520393 -27.392681 237.548248 44 160 44
50.107323 -27.567663 239.525085 14 127 255
55.161953 -27.792204 241.476044 180 119 31
58.520473 -27.340181 237.548584 44 160 44
50.112972 -27.517790 239.552094 14 127 255
55.151482 -27.733530 241.430191 180 119 31
58.519897 -27.287373 237.546249 44 160 44
58.572037 -27.287186 237.544617 44 160 44
50.121250 -27.469343 239.591675 14 127 255
55.145721 -27.677240 241.404968 180 119 31
58.571709 -27.234495 237.543289 44 160 44
50.125500 -27.418678 239.611984 14 127 255
55.147125 -27.624552 241.411118 180 119 31
58.572460 -27.182306 237.546341 44 160 44
50.126022 -27.365967 239.614487 14 127 255
55.157345 -27.576267 241.455856 180 119 31
58.571606 -27.129372 237.542862 44 160 44
50.125793 -27.312845 239.613388 14 127 255
55.167686 -27.528023 241.501129 180 119 31
58.563034 -27.072870 237.508102 44 160 44
50.129017 -27.261602 239.628784 14 127 255
55.172146 -27.476831 241.520660 180 119 31
58.546501 -27.012711 237.441055 44 160 44
50.139030 -27.214037 239.676666 14 127 255
55.167488 -27.421097 241.500259 180 119 31
58.532307 -26.953659 237.383484 44 160 44
50.151836 -27.167963 239.737869 14 127 255
55.100292 -27.360840 241.439865 180 119 31
55.161430 -27.364679 241.473740 180 119 31
58.527145 -26.898785 237.362549 44 160 44
50.159130 -27.118883 239.772736 14 127 255
55.085121 -27.299921 241.373383 180 119 31
58.526688 -26.846075 237.360687 44 160 44
50.099831 -27.062468 239.742752 14 127 255
55.075520 -27.241787 241.331314 180 119 31
58.526447 -26.793468 237.359726 44 160 44
50.079517 -26.998491 239.645554 14 127 255
55.128490 -27.188211 241.329544 180 119 31
58.526379 -26.740940 237.359451 44 160 44
50.123718 -26.940758 239.603470 14 127 255
55.128757 -27.134968 241.330719 180 119 31
58.526726 -26.688599 237.360855 44 160 44
50.112289 -26.881632 239.548843 14 127 255
55.128838 -27.081631 241.331070 180 119 31
58.526917 -26.636189 237.361633 44 160 44
50.096115 -26.819990 239.471512 14 127 255
55.075417 -27.028231 241.330856 180 119 31
58.474159 -26.583572 237.360580 44 160 44
58.526840 -26.583656 237.361313 44 160 44
50.026775 -26.758268 239.393158 14 127 255
55.075207 -26.974752 241.329956 180 119 31
58.473682 -26.530859 237.358643 44 160 44
50.010136 -26.696438 239.313538 14 127 255
55.074959 -26.921257 241.328873 180 119 31
58.473450 -26.478256 237.357697 44 160 44
49.994946 -26.635414 239.240829 14 127 255
55.074902 -26.867853 241.328613 180 119 31
58.473862 -26.425945 237.359375 44 160 44
49.993462 -26.581711 239.233734 14 127 255
55.074490 -26.814276 241.326797 180 119 31
58.474255 -26.373625 237.360962 44 160 44
49.993519 -26.528831 239.234024 14 127 255
55.062065 -26.754864 241.272354 180 119 31
58.474125 -26.321068 237.360443 44 160 44
49.993374 -26.475842 239.233322 14 127 255
55.038746 -26.690193 241.170181 180 119 31
58.468990 -26.266264 237.339600 44 160 44
49.993454 -26.422972 239.233704 14 127 255
55.013142 -26.624460 241.057983 180 119 31
58.455887 -26.207895 237.286407 44 160 44
49.993542 -26.370108 239.234131 14 127 255
55.003433 -26.566456 241.015457 180 119 31
58.433510 -26.145403 237.195572 44 160 44
49.990574 -26.315632 239.219925 14 127 255
54.938824 -26.507696 240.965866 180 119 31
58.427376 -26.090200 237.170670 44 160 44
49.926987 -26.257107 239.168762 14 127 255
49.986267 -26.260460 239.199310 14 127 255
54.935131 -26.452623 240.949677 180 119 31
58.427494 -26.037798 237.171143 44 160 44
49.907188 -26.193817 239.073929 14 127 255
54.934486 -26.399021 240.946854 180 119 31
58.429035 -25.986029 237.177414 44 160 44
49.906376 -26.140516 239.070038 14 127 255
54.934414 -26.345695 240.946533 180 119 31
58.429340 -25.933706 237.178650 44 160 44
49.915524 -26.092422 239.113861 14 127 255
54.934353 -26.292376 240.946274 180 119 31
58.428513 -25.880882 237.175293 44 160 44
49.932560 -26.048424 239.195480 14 127 255
54.934284 -26.239052 240.945953 180 119 31
58.428040 -25.828215 237.173355 44 160 44
49.938438 -25.998581 239.223633 14 127 255
54.934219 -26.185732 240.945679 180 119 31
58.427586 -25.775558 237.171524 44 160 44
49.940331 -25.946653 239.232697 14 127 255
54.934181 -26.132421 240.945511 180 119 31
58.427937 -25.723257 237.172943 44 160 44
49.940357 -25.893755 239.232819 14 127 255
54.880882 -26.079126 240.945465 180 119 31
58.428478 -25.671038 237.175140 44 160 44
49.940414 -25.840872 239.233093 14 127 255
54.880901 -26.025845 240.945557 180 119 31
58.428543 -25.618610 237.175415 44 160 44
49.940567 -25.788040 239.233841 14 127 255
54.880989 -25.972595 240.945953 180 119 31
58.428291 -25.566044 237.174393 44 160 44
49.939770 -25.734716 239.229996 14 127 255
54.881062 -25.919338 240.946259 180 119 31
54.934399 -25.919359 240.946457 180 119 31
58.480053 -25.513283 237.171570 44 160 44
49.927452 -25.675470 239.171005 14 127 255
54.931488 -25.864698 240.933701 180 119 31
58.474945 -25.458603 237.150848 44 160 44
49.913265 -25.615290 239.103027 14 127 255
54.921165 -25.806561 240.888428 180 119 31
58.452110 -25.396229 237.058228 44 160 44
49.903130 -25.557217 239.054489 14 127 255
54.904915 -25.745663 240.817154 180 119 31
58.439228 -25.338213 237.005997 44 160 44
49.847412 -25.502890 239.040848 14 127 255
54.893478 -25.687048 240.766983 180 119 31
58.436852 -25.284765 236.996353 44 160 44
49.848457 -25.450554 239.045853 14 127 255
54.837528 -25.632534 240.755127 180 119 31
58.439804 -25.233624 237.008331 44 160 44
49.849342 -25.398134 239.050095 14 127 255
54.837936 -25.579477 240.756927 180 119 31
58.450920 -25.185993 237.053421 44 160 44
49.848885 -25.345030 239.047913 14 127 255
54.837971 -25.526243 240.757080 180 119 31
58.465508 -25.139837 237.112579 44 160 44
49.847954 -25.291687 239.043442 14 127 255
54.837395 -25.472727 240.754547 180 119 31
58.476143 -25.091957 237.155701 44 160 44
49.847637 -25.238655 239.041916 14 127 255
49.900364 -25.238585 239.041245 14 127 255
54.837147 -25.419365 240.753464 180 119 31
58.480103 -25.041201 237.171768 44 160 44
49.900394 -25.185728 239.041382 14 127 255
54.837101 -25.366095 240.753250 180 119 31
58.480446 -24.988892 237.173157 44 160 44
49.901024 -25.133175 239.044388 14 127 255
54.837158 -25.312872 240.753510 180 119 31
58.480122 -24.936296 237.171844 44 160 44
49.901257 -25.080423 239.045517 14 127 255
54.837284 -25.259682 240.754059 180 119 31
58.480007 -24.883791 237.171371 44 160 44
49.901062 -25.027454 239.044571 14 127 255
54.837357 -25.206467 240.754379 180 119 31
58.480061 -24.831358 237.171600 44 160 44
49.900822 -24.974464 239.043427 14 127 255
54.837410 -25.153244 240.754623 180 119 31
58.480465 -24.779074 237.173233 44 160 44
49.900639 -24.921503 239.042542 14 127 255
54.837433 -25.100006 240.754715 180 119 31
58.481270 -24.726955 237.176498 44 160 44
49.892498 -24.864576 239.003555 14 127 255
54.837467 -25.046772 240.754868 180 119 31
58.429028 -24.674589 237.177368 44 160 44
58.481602 -24.674639 237.177841 44 160 44
49.885834 -24.808399 238.971619 14 127 255
54.837490 -24.993534 240.754959 180 119 31
58.425220 -24.620527 237.161911 44 160 44
49.871792 -24.748579 238.904373 14 127 255
54.784252 -24.940290 240.755005 180 119 31
58.413742 -24.563248 237.115326 44 160 44
49.863304 -24.691536 238.863693 14 127 255
54.784252 -24.887041 240.755020 180 119 31
58.390556 -24.501076 237.021210 44 160 44
49.861977 -24.638050 238.857346 14 127 255
54.784245 -24.833790 240.754974 180 119 31
58.382801 -24.445406 236.989731 44 160 44
49.861115 -24.584795 238.853226 14 127 255
54.784229 -24.780535 240.754913 180 119 31
58.382877 -24.393021 236.990036 44 160 44
49.915615 -24.532789 238.861221 14 127 255
54.784210 -24.727278 240.754837 180 119 31
58.388420 -24.342916 237.012543 44 160 44
49.919987 -24.482105 238.882141 14 127 255
54.784187 -24.674019 240.754730 180 119 31
58.393139 -24.292458 237.031693 44 160 44
49.927959 -24.433170 238.920288 14 127 255
54.784164 -24.620760 240.754623 180 119 31
58.405689 -24.245243 237.082642 44 160 44
49.929070 -24.380871 238.925598 14 127 255
54.784142 -24.567501 240.754532 180 119 31
58.418343 -24.198048 237.134003 44 160 44
49.920753 -24.323975 238.885803 14 127 255
54.837379 -24.514248 240.754486 180 119 31
58.425064 -24.148378 237.161285 44 160 44
49.922939 -24.272202 238.896271 14 127 255
54.837364 -24.460991 240.754410 180 119 31
58.427990 -24.097132 237.173172 44 160 44
49.933628 -24.224550 238.947433 14 127 255
54.837353 -24.407738 240.754364 180 119 31
58.425602 -24.043694 237.163467 44 160 44
49.944805 -24.177113 239.000916 14 127 255
54.837349 -24.354488 240.754349 180 119 31
58.405918 -23.983156 237.083572 44 160 44
49.951702 -24.127583 239.033920 14 127 255
54.837353 -24.301241 240.754364 180 119 31
58.390320 -23.924328 237.020248 44 160 44
49.953632 -24.075644 239.043152 14 127 255
54.837357 -24.247995 240.754395 180 119 31
58.385811 -23.870062 237.001953 44 160 44
49.901024 -24.022902 239.044403 14 127 255
49.953815 -24.022861 239.044022 14 127 255
54.837353 -24.194744 240.754364 180 119 31
58.382854 -23.816437 236.989944 44 160 44
49.900482 -23.969770 239.041794 14 127 255
54.837326 -24.141485 240.754257 180 119 31
58.330376 -23.763994 236.989685 44 160 44
49.895309 -23.914421 239.017029 14 127 255
54.837299 -24.088224 240.754120 180 119 31
58.330235 -23.711523 236.989120 44 160 44
49.874920 -23.851805 238.919357 14 127 255
54.784077 -24.034986 240.754242 180 119 31
54.837299 -24.034977 240.754135 180 119 31
58.330040 -23.659027 236.988327 44 160 44
49.866428 -23.794912 238.878677 14 127 255
54.784122 -23.981760 240.754456 180 119 31
58.330013 -23.606602 236.988220 44 160 44
58.382450 -23.606609 236.988297 44 160 44
49.867096 -23.742395 238.881866 14 127 255
54.784313 -23.928593 240.755280 180 119 31
58.382561 -23.554239 236.988739 44 160 44
49.875717 -23.693657 238.923172 14 127 255
54.785259 -23.875757 240.759445 180 119 31
58.382660 -23.501863 236.989151 44 160 44
49.883484 -23.644495 238.960388 14 127 255
54.789162 -23.824203 240.776596 180 119 31
58.382748 -23.449482 236.989517 44 160 44
49.880123 -23.590054 238.944290 14 127 255
54.797047 -23.774372 240.811249 180 119 31
58.331268 -23.397444 236.993317 44 160 44
49.869820 -23.532343 238.894928 14 127 255
54.857166 -23.724075 240.841354 180 119 31
58.332710 -23.345602 236.999176 44 160 44
49.863117 -23.476349 238.862808 14 127 255
54.805584 -23.671537 240.848755 180 119 31
58.339554 -23.295918 237.026978 44 160 44
49.859447 -23.421797 238.845230 14 127 255
54.805546 -23.618252 240.848602 180 119 31
58.346268 -23.246168 237.054260 44 160 44
49.842922 -23.361225 238.766083 14 127 255
54.803902 -23.564274 240.841370 180 119 31
58.332359 -23.188210 236.997742 44 160 44
49.829479 -23.302130 238.701660 14 127 255
54.797066 -23.508076 240.811325 180 119 31
58.329845 -23.134794 236.987534 44 160 44
49.825565 -23.247511 238.682938 14 127 255
54.733543 -23.450417 240.766190 180 119 31
58.330444 -23.082617 236.989975 44 160 44
49.875790 -23.193525 238.670639 14 127 255
54.733089 -23.396973 240.764191 180 119 31
58.330658 -23.030285 236.990829 44 160 44
49.875629 -23.140663 238.669876 14 127 255
54.737061 -23.345415 240.781662 180 119 31
58.330410 -22.977772 236.989822 44 160 44
49.875313 -23.087730 238.668365 14 127 255
54.745762 -23.295864 240.819946 180 119 31
58.329826 -22.925127 236.987457 44 160 44
49.874969 -23.034784 238.666733 14 127 255
54.737427 -23.239061 240.783264 180 119 31
58.329628 -22.872633 236.986649 44 160 44
49.874908 -22.981970 238.666443 14 127 255
54.679085 -23.183649 240.760864 180 119 31
54.734661 -23.184635 240.771118 180 119 31
58.277561 -22.820354 236.988068 44 160 44
58.329739 -22.820261 236.987091 44 160 44
49.875099 -22.929270 238.667343 14 127 255
54.677280 -23.129637 240.752930 180 119 31
58.277897 -22.768070 236.989441 44 160 44
49.875401 -22.876621 238.668777 14 127 255
54.677464 -23.076466 240.753738 180 119 31
58.274891 -22.714483 236.977219 44 160 44
49.875687 -22.823965 238.670151 14 127 255
54.678291 -23.023567 240.757385 180 119 31
58.263306 -22.657564 236.930099 44 160 44
49.875828 -22.771242 238.670837 14 127 255
54.678181 -22.970270 240.756897 180 119 31
58.240379 -22.596266 236.836868 44 160 44
49.875820 -22.718451 238.670792 14 127 255
54.677814 -22.916868 240.755280 180 119 31
58.290283 -22.542927 236.826797 44 160 44
49.822731 -22.665525 238.669342 14 127 255
54.686298 -22.867167 240.792633 180 119 31
58.299362 -22.494049 236.863678 44 160 44
49.819923 -22.611465 238.655899 14 127 255
54.697796 -22.818707 240.843262 180 119 31
58.306244 -22.444311 236.891647 44 160 44
49.812229 -22.555195 238.619034 14 127 255
54.701736 -22.767078 240.860611 180 119 31
58.266964 -22.396957 236.944977 44 160 44
58.313412 -22.394669 236.920761 44 160 44
49.805016 -22.499163 238.584488 14 127 255
54.693012 -22.710184 240.822189 180 119 31
58.271175 -22.346167 236.962097 44 160 44
49.807404 -22.447470 238.595917 14 127 255
54.686996 -22.654427 240.795700 180 119 31
58.265335 -22.291523 236.938354 44 160 44
49.811630 -22.396599 238.616165 14 127 255
49.868793 -22.398569 238.637161 14 127 255
54.625973 -22.597958 240.761475 180 119 31
54.682148 -22.599167 240.774353 180 119 31
58.255997 -22.235552 236.900375 44 160 44
49.874084 -22.348160 238.662491 14 127 255
54.624542 -22.544117 240.755173 180 119 31
58.265697 -22.186852 236.939819 44 160 44
49.874996 -22.295782 238.666855 14 127 255
54.624619 -22.490900 240.755508 180 119 31
58.275089 -22.138014 236.978012 44 160 44
49.822197 -22.242989 238.666794 14 127 255
54.624310 -22.437525 240.754150 180 119 31
58.273682 -22.085068 236.972290 44 160 44
49.822395 -22.190290 238.667725 14 127 255
54.624149 -22.384211 240.753448 180 119 31
58.253677 -22.025093 236.890945 44 160 44
49.822723 -22.137648 238.669296 14 127 255
54.677551 -22.331026 240.754120 180 119 31
58.238777 -21.967079 236.830353 44 160 44
49.822830 -22.084909 238.669830 14 127 255
54.677784 -22.277872 240.755142 180 119 31
58.232384 -21.912291 236.804352 44 160 44
49.822678 -22.032055 238.669098 14 127 255
54.677841 -22.224646 240.755402 180 119 31
58.174477 -21.857838 236.781830 44 160 44
49.822491 -21.979185 238.668198 14 127 255
54.677677 -22.171329 240.754669 180 119 31
58.152004 -21.797045 236.690369 44 160 44
49.822437 -21.926374 238.667938 14 127 255
54.677586 -22.118046 240.754272 180 119 31
58.138603 -21.739683 236.635818 44 160 44
49.822510 -21.873619 238.668274 14 127 255
54.623920 -22.064629 240.752441 180 119 31
58.186443 -21.685669 236.617523 44 160 44
49.822632 -21.820885 238.668869 14 127 255
54.619904 -22.009762 240.734726 180 119 31
58.186409 -21.633324 236.617401 44 160 44
49.822758 -21.768152 238.669464 14 127 255
54.610310 -21.952660 240.692444 180 119 31
58.134613 -21.581190 236.619583 44 160 44
49.822800 -21.715384 238.669678 14 127 255
54.604149 -21.896955 240.665298 180 119 31
58.134857 -21.528948 236.620590 44 160 44
49.822666 -21.662539 238.669037 14 127 255
54.609486 -21.845861 240.688828 180 119 31
58.134880 -21.476622 236.620667 44 160 44
49.822418 -21.609644 238.667862 14 127 255
54.618744 -21.796322 240.729630 180 119 31
58.134735 -21.424232 236.620071 44 160 44
49.822357 -21.556829 238.667557 14 127 255
54.623589 -21.745008 240.750977 180 119 31
58.134518 -21.371819 236.619186 44 160 44
49.821743 -21.503778 238.664627 14 127 255
54.625240 -21.692415 240.758255 180 119 31
58.134418 -21.319448 236.618790 44 160 44
49.815620 -21.448355 238.635269 14 127 255
54.628403 -21.640419 240.772202 180 119 31
58.082020 -21.267090 236.618515 44 160 44
58.134380 -21.267101 236.618637 44 160 44
49.737919 -21.384861 238.515778 14 127 255
54.636780 -21.590477 240.809113 180 119 31
58.081982 -21.214743 236.618378 44 160 44
49.719727 -21.324305 238.428528 14 127 255
54.649773 -21.542337 240.866364 180 119 31
58.081966 -21.162405 236.618317 44 160 44
49.714779 -21.269453 238.404800 14 127 255
54.661541 -21.493692 240.918243 180 119 31
58.081974 -21.110073 236.618332 44 160 44
49.716019 -21.217255 238.410751 14 127 255
54.612137 -21.441933 240.935379 180 119 31
58.081989 -21.057745 236.618408 44 160 44
49.726540 -21.169003 238.461212 14 127 255
54.603741 -21.385353 240.898315 180 119 31
58.082012 -21.005421 236.618500 44 160 44
49.729469 -21.117506 238.475250 14 127 255
54.579800 -21.322721 240.792694 180 119 31
58.082039 -20.953096 236.618607 44 160 44
49.730118 -21.065037 238.478363 14 127 255
54.625256 -21.266428 240.758316 180 119 31
58.082066 -20.900770 236.618713 44 160 44
49.730629 -21.012508 238.480820 14 127 255
54.624569 -21.212912 240.755295 180 119 31
58.082081 -20.848442 236.618774 44 160 44
49.730999 -20.959917 238.482590 14 127 255
54.625706 -21.160103 240.760315 180 119 31
58.082085 -20.796112 236.618805 44 160 44
49.731007 -20.907173 238.482620 14 127 255
54.626968 -21.107342 240.765869 180 119 31
58.082081 -20.743776 236.618774 44 160 44
49.730923 -20.854393 238.482224 14 127 255
54.632008 -21.056032 240.788071 180 119 31
58.082077 -20.691441 236.618759 44 160 44
49.730705 -20.801556 238.481171 14 127 255
54.583298 -21.004524 240.808136 180 119 31
58.082058 -20.639099 236.618683 44 160 44
49.730511 -20.748730 238.480255 14 127 255
54.580498 -20.950190 240.795776 180 119 31
58.082035 -20.586758 236.618591 44 160 44
49.677650 -20.695936 238.479691 14 127 255
49.730442 -20.695955 238.479919 14 127 255
54.574192 -20.894520 240.767975 180 119 31
58.082008 -20.534414 236.618484 44 160 44
49.677628 -20.643183 238.479599 14 127 255
54.571415 -20.840206 240.755722 180 119 31
58.029648 -20.482071 236.618362 44 160 44
58.081993 -20.482077 236.618423 44 160 44
49.677692 -20.590462 238.479889 14 127 255
54.571198 -20.786875 240.754745 180 119 31
54.624435 -20.786871 240.754700 180 119 31
58.029625 -20.429729 236.618271 44 160 44
49.677807 -20.537766 238.480453 14 127 255
54.624275 -20.733561 240.753998 180 119 31
58.029606 -20.377390 236.618195 44 160 44
49.677948 -20.485077 238.481110 14 127 255
54.623989 -20.680204 240.752747 180 119 31
58.029594 -20.325052 236.618149 44 160 44
49.678070 -20.432383 238.481705 14 127 255
54.624214 -20.627041 240.753723 180 119 31
58.029594 -20.272718 236.618149 44 160 44
49.678146 -20.379667 238.482071 14 127 255
54.625000 -20.574089 240.757202 180 119 31
58.029598 -20.220387 236.618164 44 160 44
49.678158 -20.326925 238.482132 14 127 255
54.621323 -20.519459 240.740982 180 119 31
58.029617 -20.168058 236.618256 44 160 44
49.678059 -20.274139 238.481659 14 127 255
54.611580 -20.462563 240.698044 180 119 31
58.029655 -20.115738 236.618408 44 160 44
49.677879 -20.221321 238.480804 14 127 255
54.604160 -20.406553 240.665329 180 119 31
58.029709 -20.063423 236.618622 44 160 44
49.677650 -20.168484 238.479706 14 127 255
54.612724 -20.356518 240.703094 180 119 31
58.029781 -20.011114 236.618912 44 160 44
49.677528 -20.115688 238.479111 14 127 255
54.620972 -20.306347 240.739441 180 119 31
58.029865 -19.958809 236.619247 44 160 44
49.625008 -20.063034 238.480194 14 127 255
49.677597 -20.062969 238.479446 14 127 255
54.623928 -20.254196 240.752457 180 119 31
58.029953 -19.906506 236.619614 44 160 44
49.624748 -20.010181 238.478928 14 127 255
54.624485 -20.201155 240.754929 180 119 31
58.030029 -19.854197 236.619919 44 160 44
49.620041 -19.955544 238.456314 14 127 255
54.573822 -20.148861 240.766327 180 119 31
58.030056 -19.801872 236.620041 44 160 44
58.082413 -19.801880 236.620132 44 160 44
49.601517 -19.895374 238.367310 14 127 255
54.578842 -20.097458 240.788467 180 119 31
58.082424 -19.749550 236.620178 44 160 44
49.598164 -19.841312 238.351196 14 127 255
54.581173 -20.045059 240.798767 180 119 31
58.082413 -19.697212 236.620132 44 160 44
49.612518 -19.794323 238.420166 14 127 255
54.579849 -19.991314 240.792908 180 119 31
54.630508 -19.990364 240.781479 180 119 31
58.082340 -19.644854 236.619843 44 160 44
49.584225 -19.751326 238.537750 14 127 255
54.625381 -19.935238 240.758865 180 119 31
58.082195 -19.592470 236.619247 44 160 44
49.652081 -19.704559 238.610291 14 127 255
54.624039 -19.881500 240.752960 180 119 31
58.081963 -19.540058 236.618301 44 160 44
49.639992 -19.646999 238.552200 14 127 255
54.622738 -19.827780 240.747223 180 119 31
58.081646 -19.487619 236.617004 44 160 44
49.576378 -19.589949 238.499985 14 127 255
49.633663 -19.591740 238.521774 14 127 255
54.613808 -19.771301 240.707870 180 119 31
58.081535 -19.435247 236.616547 44 160 44
49.573944 -19.536240 238.488266 14 127 255
54.590523 -19.709656 240.605225 180 119 31
58.083130 -19.383448 236.623047 44 160 44
49.572659 -19.482988 238.482101 14 127 255
54.531971 -19.654516 240.581696 180 119 31
58.089581 -19.333260 236.649323 44 160 44
49.572239 -19.430079 238.480072 14 127 255
54.527378 -19.599655 240.561432 180 119 31
58.100830 -19.284653 236.695160 44 160 44
49.572273 -19.377346 238.480255 14 127 255
54.526970 -19.546303 240.559631 180 119 31
58.111835 -19.235945 236.739990 44 160 44
49.571468 -19.324287 238.476379 14 127 255
54.527355 -19.493235 240.561325 180 119 31
58.111923 -19.183613 236.740356 44 160 44
49.559120 -19.266741 238.416962 14 127 255
54.527702 -19.440153 240.562866 180 119 31
58.092907 -19.124990 236.662872 44 160 44
49.545338 -19.208666 238.350662 14 127 255
54.527946 -19.387033 240.563934 180 119 31
58.084019 -19.069731 236.626678 44 160 44
49.540230 -19.153975 238.326096 14 127 255
54.581303 -19.333881 240.564606 180 119 31
58.029675 -19.016737 236.618484 44 160 44
58.082417 -19.016870 236.620148 44 160 44
49.538811 -19.100716 238.319260 14 127 255
54.581383 -19.280703 240.564941 180 119 31
58.029850 -18.964460 236.619202 44 160 44
49.496105 -19.051857 238.367447 14 127 255
54.581402 -19.227503 240.565048 180 119 31
58.027485 -18.911356 236.609543 44 160 44
49.509415 -19.004246 238.431534 14 127 255
54.528179 -19.174290 240.564957 180 119 31
54.581398 -19.174295 240.565018 180 119 31
58.017456 -18.855764 236.568665 44 160 44
49.517601 -18.954645 238.470963 14 127 255
54.528133 -19.121069 240.564774 180 119 31
57.997074 -18.796835 236.485550 44 160 44
49.519825 -18.902750 238.481674 14 127 255
54.528111 -19.067854 240.564667 180 119 31
57.999966 -18.745466 236.497345 44 160 44
49.519669 -18.849945 238.480927 14 127 255
54.528061 -19.014629 240.564438 180 119 31
58.012947 -18.697342 236.550262 44 160 44
49.519386 -18.797092 238.479568 14 127 255
54.528015 -18.961407 240.564240 180 119 31
58.019222 -18.647041 236.575867 44 160 44
49.519302 -18.744314 238.479156 14 127 255
54.527962 -18.908182 240.564011 180 119 31
58.027023 -18.597216 236.607666 44 160 44
49.519203 -18.691532 238.478683 14 127 255
54.527935 -18.854967 240.563889 180 119 31
58.029465 -18.545666 236.617615 44 160 44
49.519035 -18.638723 238.477875 14 127 255
54.527908 -18.801752 240.563782 180 119 31
58.030121 -18.493542 236.620300 44 160 44
58.083630 -18.493916 236.625092 44 160 44
49.466236 -18.585958 238.477615 14 127 255
49.518974 -18.585957 238.477585 14 127 255
54.527885 -18.748537 240.563675 180 119 31
58.089127 -18.443325 236.647476 44 160 44
49.466591 -18.533346 238.479324 14 127 255
54.474655 -18.695322 240.563568 180 119 31
54.527874 -18.695328 240.563629 180 119 31
58.096172 -18.393217 236.676193 44 160 44
49.467415 -18.480907 238.483292 14 127 255
54.474648 -18.642113 240.563522 180 119 31
58.095913 -18.340786 236.675125 44 160 44
49.468090 -18.428413 238.486557 14 127 255
54.474636 -18.588903 240.563477 180 119 31
54.527832 -18.588900 240.563431 180 119 31
58.036209 -18.286123 236.645126 44 160 44
49.466061 -18.374914 238.476776 14 127 255
54.527805 -18.535685 240.563309 180 119 31
58.029934 -18.231812 236.619537 44 160 44
49.456863 -18.318762 238.432419 14 127 255
54.527775 -18.482468 240.563187 180 119 31
58.029774 -18.179428 236.618881 44 160 44
49.442287 -18.260645 238.362152 14 127 255
54.474537 -18.429251 240.563049 180 119 31
58.029469 -18.126999 236.617645 44 160 44
49.431759 -18.204048 238.311401 14 127 255
54.474506 -18.376034 240.562897 180 119 31
58.029278 -18.074606 236.616852 44 160 44
49.438519 -18.153820 238.343979 14 127 255
54.474476 -18.322817 240.562759 180 119 31
58.029320 -18.022285 236.617035 44 160 44
49.450405 -18.105457 238.401276 14 127 255
54.474445 -18.269602 240.562637 180 119 31
58.029526 -17.970016 236.617874 44 160 44
49.460533 -18.056427 238.450119 14 127 255
54.474419 -18.216387 240.562531 180 119 31
57.977360 -17.917734 236.618561 44 160 44
49.465336 -18.005436 238.473282 14 127 255
54.474400 -18.163174 240.562439 180 119 31
57.977406 -17.865414 236.618744 44 160 44
49.466560 -17.953136 238.479172 14 127 255
54.474388 -18.109964 240.562378 180 119 31
57.977371 -17.813070 236.618607 44 160 44
49.466801 -17.900478 238.480331 14 127 255
54.474384 -18.056757 240.562363 180 119 31
57.975273 -17.760094 236.610046 44 160 44
49.466572 -17.847651 238.479233 14 127 255
54.474388 -18.003553 240.562393 180 119 31
57.965500 -17.704777 236.570160 44 160 44
49.462917 -17.793591 238.461609 14 127 255
54.474407 -17.950352 240.562469 180 119 31
57.941349 -17.645098 236.471588 44 160 44
49.443962 -17.734051 238.370224 14 127 255
54.421230 -17.897158 240.562607 180 119 31
54.474422 -17.897152 240.562531 180 119 31
57.933617 -17.590448 236.440033 44 160 44
49.379551 -17.677143 238.313797 14 127 255
49.437157 -17.678896 238.337418 14 127 255
54.421280 -17.843966 240.562805 180 119 31
57.932278 -17.537750 236.434570 44 160 44
49.375652 -17.623045 238.294998 14 127 255
54.421345 -17.790781 240.563110 180 119 31
57.880005 -17.485462 236.434647 44 160 44
57.932270 -17.485455 236.434540 44 160 44
49.375374 -17.570240 238.293655 14 127 255
54.474644 -17.737606 240.563507 180 119 31
57.880001 -17.433168 236.434631 44 160 44
49.375671 -17.517641 238.295090 14 127 255
54.474766 -17.684439 240.564041 180 119 31
57.879959 -17.380863 236.434464 44 160 44
49.377361 -17.465534 238.303238 14 127 255
54.474838 -17.631256 240.564377 180 119 31
57.879913 -17.328556 236.434280 44 160 44
49.383289 -17.414921 238.331863 14 127 255
54.475014 -17.578106 240.565155 180 119 31
57.879868 -17.276251 236.434097 44 160 44
49.388336 -17.363981 238.356201 14 127 255
54.422020 -17.524969 240.566086 180 119 31
57.879826 -17.223944 236.433914 44 160 44
49.400337 -17.315470 238.414124 14 127 255
54.422195 -17.471817 240.566849 180 119 31
57.827492 -17.171638 236.433746 44 160 44
57.879807 -17.171644 236.433838 44 160 44
49.409599 -17.265976 238.458832 14 127 255
54.421791 -17.418482 240.565079 180 119 31
57.879749 -17.119337 236.433609 44 160 44
49.413406 -17.214560 238.477203 14 127 255
54.419048 -17.364399 240.552963 180 119 31
54.474079 -17.364981 240.561020 180 119 31
57.879723 -17.067036 236.433502 44 160 44
49.413982 -17.162016 238.479980 14 127 255
54.412094 -17.308983 240.522217 180 119 31
57.879707 -17.014738 236.433426 44 160 44
49.413876 -17.109234 238.479462 14 127 255
54.404091 -17.253248 240.486832 180 119 31
57.879704 -16.962442 236.433411 44 160 44
49.413952 -17.056513 238.479828 14 127 255
54.403049 -17.199730 240.482239 180 119 31
57.879700 -16.910151 236.433411 44 160 44
49.414181 -17.003847 238.480942 14 127 255
54.410217 -17.148800 240.513916 180 119 31
57.879711 -16.857861 236.433456 44 160 44
49.414371 -16.951166 238.481857 14 127 255
54.417610 -17.097927 240.546585 180 119 31
57.827438 -16.805574 236.433533 44 160 44
57.879719 -16.805571 236.433487 44 160 44
49.414375 -16.898422 238.481873 14 127 255
54.420811 -17.045729 240.560745 180 119 31
57.827469 -16.753288 236.433655 44 160 44
49.414303 -16.845652 238.481522 14 127 255
54.421955 -16.992880 240.565811 180 119 31
57.827515 -16.701010 236.433838 44 160 44
49.466881 -16.792850 238.480728 14 127 255
54.368450 -16.939579 240.564484 180 119 31
57.827557 -16.648729 236.434021 44 160 44
49.466698 -16.740042 238.479843 14 127 255
54.365303 -16.885395 240.550552 180 119 31
57.827602 -16.596449 236.434189 44 160 44
49.464184 -16.686449 238.467712 14 127 255
54.363724 -16.831703 240.543564 180 119 31
54.416397 -16.831541 240.541245 180 119 31
57.827644 -16.544168 236.434372 44 160 44
49.454453 -16.630434 238.420792 14 127 255
54.418633 -16.779028 240.551117 180 119 31
57.827686 -16.491886 236.434540 44 160 44
49.434006 -16.570847 238.322220 14 127 255
54.421001 -16.726553 240.561584 180 119 31
57.827705 -16.439598 236.434616 44 160 44
49.428753 -16.516382 238.296906 14 127 255
54.368080 -16.673433 240.562836 180 119 31
57.827736 -16.387316 236.434753 44 160 44
49.428406 -16.463560 238.295227 14 127 255
54.367935 -16.620184 240.562195 180 119 31
57.827763 -16.335030 236.434860 44 160 44
49.429157 -16.411106 238.298859 14 127 255
54.368160 -16.567045 240.563202 180 119 31
57.827770 -16.282740 236.434891 44 160 44
57.880070 -16.282740 236.434921 44 160 44
49.430298 -16.358778 238.304352 14 127 255
54.368801 -16.514034 240.566025 180 119 31
57.880070 -16.230448 236.434906 44 160 44
49.436386 -16.308081 238.333710 14 127 255
54.374454 -16.462540 240.591049 180 119 31
57.880047 -16.178148 236.434814 44 160 44
49.447693 -16.259085 238.388214 14 127 255
54.385452 -16.412645 240.639709 180 119 31
57.880184 -16.125893 236.435379 44 160 44
49.458359 -16.209854 238.439636 14 127 255
54.398159 -16.363245 240.695938 180 119 31
57.881733 -16.074030 236.441711 44 160 44
49.459507 -16.157494 238.445175 14 127 255
54.401943 -16.311144 240.712692 180 119 31
57.887802 -16.023415 236.466507 44 160 44
49.440979 -16.098722 238.355850 14 127 255
54.391518 -16.254789 240.666550 180 119 31
57.899994 -15.974479 236.516312 44 160 44
49.378250 -16.042753 238.307541 14 127 255
54.383728 -16.199240 240.632080 180 119 31
57.907078 -15.924115 236.545242 44 160 44
49.375622 -15.989193 238.294846 14 127 255
54.372074 -16.142557 240.580505 180 119 31
57.918499 -15.874928 236.591888 44 160 44
49.375614 -15.936486 238.294800 14 127 255
54.314980 -16.088198 240.563309 180 119 31
54.368401 -16.088261 240.564255 180 119 31
57.923542 -15.823978 236.612503 44 160 44
49.375721 -15.883816 238.295319 14 127 255
54.315067 -16.035017 240.563690 180 119 31
57.924587 -15.771930 236.616760 44 160 44
49.376240 -15.831278 238.297821 14 127 255
54.315117 -15.981826 240.563919 180 119 31
57.924675 -15.719622 236.617126 44 160 44
49.379990 -15.779771 238.315933 14 127 255
54.315178 -15.928637 240.564178 180 119 31
57.924732 -15.667303 236.617371 44 160 44
49.438572 -15.728930 238.344238 14 127 255
54.315231 -15.875446 240.564423 180 119 31
57.872471 -15.614989 236.617661 44 160 44
57.924763 -15.614977 236.617477 44 160 44
49.438950 -15.676334 238.346054 14 127 255
54.368408 -15.822231 240.564301 180 119 31
57.872742 -15.562728 236.618759 44 160 44
49.430347 -15.620901 238.304596 14 127 255
54.368336 -15.769004 240.563980 180 119 31
57.872383 -15.510298 236.617294 44 160 44
49.428043 -15.567469 238.293488 14 127 255
54.369064 -15.716007 240.567184 180 119 31
57.865929 -15.456241 236.590912 44 160 44
49.427986 -15.514746 238.293198 14 127 255
54.370491 -15.663212 240.573517 180 119 31
57.859165 -15.402112 236.563248 44 160 44
49.428173 -15.462101 238.294113 14 127 255
54.324360 -15.612037 240.604843 180 119 31
57.842796 -15.345448 236.496323 44 160 44
49.375481 -15.409400 238.294159 14 127 255
49.428204 -15.409406 238.294250 14 127 255
54.336933 -15.562424 240.660553 180 119 31
57.834431 -15.290930 236.462128 44 160 44
49.375370 -15.356661 238.293625 14 127 255
54.349380 -15.512748 240.715668 180 119 31
57.839294 -15.239912 236.482010 44 160 44
49.375252 -15.303920 238.293060 14 127 255
54.356216 -15.461452 240.745941 180 119 31
57.851681 -15.190861 236.532639 44 160 44
49.375195 -15.251198 238.292786 14 127 255
54.358200 -15.408769 240.754745 180 119 31
57.864101 -15.141796 236.583435 44 160 44
49.375191 -15.198493 238.292770 14 127 255
54.354687 -15.354527 240.739166 180 119 31
57.871563 -15.091416 236.613937 44 160 44
49.375229 -15.145801 238.292938 14 127 255
54.334820 -15.295689 240.651184 180 119 31
57.871048 -15.038950 236.611832 44 160 44
49.375286 -15.093114 238.293228 14 127 255
54.327065 -15.240288 240.616837 180 119 31
57.860443 -14.983871 236.568466 44 160 44
49.375347 -15.040429 238.293518 14 127 255
54.317245 -15.184325 240.573349 180 119 31
57.844048 -14.927318 236.501434 44 160 44
49.375393 -14.987739 238.293747 14 127 255
54.261711 -15.130468 240.563034 180 119 31
54.315453 -15.130617 240.565414 180 119 31
57.829830 -14.871353 236.443314 44 160 44
49.322708 -14.935040 238.293839 14 127 255
54.261948 -15.077328 240.564087 180 119 31
57.831348 -14.819448 236.449524 44 160 44
49.322575 -14.882297 238.293198 14 127 255
54.262211 -15.024194 240.565247 180 119 31
57.839989 -14.769358 236.484848 44 160 44
49.321457 -14.829256 238.287796 14 127 255
54.262691 -14.971121 240.567383 180 119 31
57.855373 -14.720968 236.547745 44 160 44
49.316971 -14.775208 238.266113 14 127 255
54.265938 -14.918806 240.581787 180 119 31
57.874146 -14.673409 236.624496 44 160 44
49.307201 -14.719594 238.218933 14 127 255
54.275219 -14.868137 240.622910 180 119 31
57.838993 -14.625419 236.694809 44 160 44
49.295292 -14.663363 238.161377 14 127 255
54.288830 -14.818633 240.683258 180 119 31
57.845470 -14.574701 236.721329 44 160 44
49.287247 -14.608304 238.122513 14 127 255
54.299355 -14.768263 240.729919 180 119 31
57.842888 -14.521695 236.710754 44 160 44
49.284565 -14.554846 238.109558 14 127 255
54.300083 -14.715218 240.733154 180 119 31
57.837479 -14.467988 236.688614 44 160 44
57.883465 -14.466399 236.662613 44 160 44
49.231480 -14.502058 238.107529 14 127 255
54.288975 -14.658975 240.683914 180 119 31
57.874458 -14.411812 236.625778 44 160 44
49.231514 -14.449405 238.107681 14 127 255
54.220093 -14.601527 240.614471 180 119 31
57.820835 -14.359157 236.620514 44 160 44
57.873028 -14.359121 236.619934 44 160 44
49.287640 -14.397753 238.124405 14 127 255
54.211006 -14.545871 240.574127 180 119 31
57.822517 -14.307240 236.627396 44 160 44
49.306511 -14.350578 238.215576 14 127 255
54.208824 -14.492079 240.564438 180 119 31
57.821678 -14.254697 236.623962 44 160 44
49.318432 -14.301349 238.273178 14 127 255
54.208931 -14.438901 240.564926 180 119 31
54.262707 -14.439053 240.567444 180 119 31
57.818859 -14.201669 236.612427 44 160 44
49.268848 -14.249551 238.288254 14 127 255
54.266109 -14.386747 240.582520 180 119 31
57.820904 -14.149837 236.620789 44 160 44
49.272995 -14.198043 238.308304 14 127 255
54.273979 -14.335616 240.617416 180 119 31
57.831051 -14.099977 236.662323 44 160 44
49.278679 -14.146966 238.335785 14 127 255
54.276993 -14.283191 240.630783 180 119 31
57.843430 -14.050640 236.712967 44 160 44
49.281292 -14.095000 238.348419 14 127 255
54.275154 -14.229487 240.622635 180 119 31
57.851540 -14.000248 236.746155 44 160 44
49.276638 -14.040958 238.325928 14 127 255
54.263031 -14.173102 240.568893 180 119 31
57.856575 -13.949100 236.766769 44 160 44
49.271412 -13.986763 238.300659 14 127 255
54.208519 -14.119555 240.563110 180 119 31
54.262062 -14.119642 240.564590 180 119 31
57.804005 -13.896685 236.765930 44 160 44
57.857658 -13.896994 236.771194 44 160 44
49.269924 -13.933637 238.293457 14 127 255
54.208576 -14.066363 240.563354 180 119 31
57.792168 -13.841483 236.717453 44 160 44
49.269985 -13.880949 238.293747 14 127 255
54.208561 -14.013153 240.563278 180 119 31
57.764412 -13.782505 236.603760 44 160 44
49.270012 -13.828253 238.293869 14 127 255
54.261658 -13.959919 240.562805 180 119 31
57.745480 -13.725675 236.526199 44 160 44
49.270401 -13.775657 238.295746 14 127 255
54.261639 -13.906708 240.562714 180 119 31
57.729919 -13.669677 236.462479 44 160 44
49.220581 -13.723757 238.309738 14 127 255
49.271332 -13.723211 238.300262 14 127 255
54.261715 -13.853520 240.563049 180 119 31
57.670326 -13.615656 236.432587 44 160 44
57.723339 -13.615825 236.435516 44 160 44
49.228714 -13.673307 238.349091 14 127 255
54.261940 -13.800372 240.564056 180 119 31
57.670837 -13.563482 236.434662 44 160 44
49.240791 -13.623933 238.407562 14 127 255
54.262505 -13.747309 240.566559 180 119 31
57.671082 -13.511248 236.435669 44 160 44
49.303452 -13.573937 238.455612 14 127 255
54.262764 -13.694168 240.567719 180 119 31
57.671043 -13.458945 236.435516 44 160 44
49.307640 -13.522346 238.475861 14 127 255
54.260769 -13.640459 240.558853 180 119 31
57.618572 -13.406610 236.434784 44 160 44
57.670963 -13.406633 236.435196 44 160 44
49.255478 -13.469761 238.478683 14 127 255
54.258007 -13.586561 240.546600 180 119 31
57.618382 -13.354274 236.434006 44 160 44
49.255482 -13.417016 238.478699 14 127 255
54.311752 -13.533495 240.549026 180 119 31
57.618244 -13.301949 236.433441 44 160 44
49.255943 -13.364397 238.480942 14 127 255
54.313972 -13.480843 240.558838 180 119 31
57.618172 -13.249640 236.433151 44 160 44
49.256092 -13.311691 238.481659 14 127 255
54.261662 -13.427858 240.562820 180 119 31
57.618156 -13.197343 236.433090 44 160 44
49.252617 -13.258010 238.464828 14 127 255
54.261654 -13.374650 240.562775 180 119 31
57.618183 -13.145056 236.433182 44 160 44
49.242233 -13.202484 238.414566 14 127 255
54.261639 -13.321441 240.562714 180 119 31
57.565937 -13.092774 236.433380 44 160 44
49.222565 -13.144501 238.319336 14 127 255
54.261753 -13.268263 240.563217 180 119 31
57.513741 -13.040503 236.433762 44 160 44
57.565998 -13.040495 236.433640 44 160 44
49.216785 -13.090254 238.291351 14 127 255
54.261868 -13.215084 240.563736 180 119 31
57.513805 -12.988224 236.434036 44 160 44
49.216766 -13.037545 238.291260 14 127 255
54.261948 -13.161898 240.564087 180 119 31
57.513866 -12.935946 236.434296 44 160 44
49.164749 -12.985023 238.294586 14 127 255
54.262836 -13.108906 240.568024 180 119 31
57.513924 -12.883666 236.434540 44 160 44
49.165485 -12.932511 238.298141 14 127 255
54.267208 -13.056750 240.587402 180 119 31
57.461681 -12.831384 236.434738 44 160 44
57.513950 -12.831378 236.434647 44 160 44
49.165066 -12.879696 238.296112 14 127 255
54.277458 -13.005995 240.632858 180 119 31
57.461720 -12.779099 236.434891 44 160 44
49.164440 -12.826828 238.293076 14 127 255
54.237446 -12.955929 240.691467 180 119 31
57.461746 -12.726811 236.434998 44 160 44
49.164654 -12.774179 238.294113 14 127 255
54.247078 -12.904985 240.734207 180 119 31
57.461754 -12.674520 236.435028 44 160 44
57.514050 -12.674520 236.435043 44 160 44
49.167671 -12.722257 238.308746 14 127 255
54.250988 -12.852667 240.751556 180 119 31
57.514046 -12.622227 236.435028 44 160 44
49.181957 -12.673230 238.377991 14 127 255
54.252018 -12.799664 240.756149 180 119 31
57.514023 -12.569929 236.434937 44 160 44
49.140976 -12.623524 238.434967 14 127 255
49.188152 -12.622097 238.408020 14 127 255
54.251583 -12.746311 240.754196 180 119 31
57.513981 -12.517626 236.434753 44 160 44
49.145157 -12.571856 238.455231 14 127 255
54.246445 -12.691861 240.731400 180 119 31
57.513908 -12.465318 236.434464 44 160 44
49.147995 -12.519840 238.469009 14 127 255
49.202320 -12.520243 238.476685 14 127 255
54.233742 -12.635658 240.675034 180 119 31
57.513813 -12.413004 236.434082 44 160 44
49.203300 -12.467747 238.481445 14 127 255
54.212635 -12.577530 240.581360 180 119 31
57.513641 -12.360675 236.433380 44 160 44
49.203350 -12.415014 238.481689 14 127 255
54.207279 -12.523083 240.557587 180 119 31
57.513523 -12.308356 236.432892 44 160 44
49.203293 -12.362253 238.481400 14 127 255
54.154602 -12.469999 240.559937 180 119 31
57.513428 -12.256042 236.432480 44 160 44
49.150406 -12.309472 238.480713 14 127 255
54.156250 -12.417172 240.567261 180 119 31
57.513371 -12.203738 236.432251 44 160 44
49.150352 -12.256714 238.480469 14 127 255
54.156628 -12.364051 240.568939 180 119 31
57.461098 -12.151450 236.432343 44 160 44
57.513371 -12.151445 236.432251 44 160 44
49.150341 -12.203965 238.480408 14 127 255
54.209629 -12.310797 240.568024 180 119 31
57.461147 -12.099168 236.432541 44 160 44
49.150364 -12.151225 238.480515 14 127 255
54.208935 -12.257432 240.564941 180 119 31
57.461353 -12.046918 236.433380 44 160 44
49.150406 -12.098489 238.480713 14 127 255
54.208370 -12.204099 240.562439 180 119 31
57.461693 -11.994697 236.434784 44 160 44
49.150444 -12.045753 238.480911 14 127 255
54.154953 -12.150846 240.561493 180 119 31
57.462219 -11.942513 236.436951 44 160 44
49.150414 -11.993001 238.480759 14 127 255
54.156246 -12.097928 240.567245 180 119 31
57.463718 -11.890530 236.443115 44 160 44
49.149330 -11.939992 238.475494 14 127 255
54.161728 -12.045940 240.591599 180 119 31
57.467773 -11.839070 236.459808 44 160 44
49.143631 -11.885869 238.447845 14 127 255
54.225910 -11.995154 240.640274 180 119 31
57.472874 -11.787817 236.480774 44 160 44
49.131039 -11.830098 238.386734 14 127 255
54.185459 -11.944747 240.697006 180 119 31
57.474941 -11.735936 236.489304 44 160 44
49.113754 -11.773231 238.302887 14 127 255
54.194374 -11.893468 240.736618 180 119 31
57.478233 -11.684300 236.502838 44 160 44
49.058460 -11.719906 238.290314 14 127 255
49.111702 -11.720034 238.292908 14 127 255
54.197899 -11.840993 240.752258 180 119 31
57.489094 -11.634190 236.547531 44 160 44
49.058784 -11.667279 238.291885 14 127 255
54.197292 -11.787613 240.749573 180 119 31
57.495888 -11.583241 236.575485 44 160 44
49.060490 -11.614979 238.300171 14 127 255
54.190914 -11.732985 240.721237 180 119 31
57.503578 -11.532458 236.607132 44 160 44
49.064445 -11.563206 238.319382 14 127 255
54.177490 -11.676850 240.661606 180 119 31
57.500904 -11.479593 236.596115 44 160 44
49.073330 -11.512580 238.362534 14 127 255
54.164219 -11.620775 240.602661 180 119 31
57.478638 -11.422839 236.504501 44 160 44
49.084625 -11.462498 238.417389 14 127 255
54.161892 -11.567063 240.592316 180 119 31
57.518597 -11.368091 236.453735 44 160 44
49.092880 -11.411686 238.457504 14 127 255
54.172546 -11.516115 240.639648 180 119 31
57.514534 -11.314994 236.437027 44 160 44
49.098778 -11.360310 238.486130 14 127 255
54.133987 -11.465998 240.704849 180 119 31
54.180138 -11.464499 240.673370 180 119 31
57.516026 -11.262992 236.443161 44 160 44
49.101097 -11.308097 238.497406 14 127 255
54.142899 -11.414639 240.744476 180 119 31
57.522900 -11.212037 236.471420 44 160 44
49.054081 -11.256663 238.525284 14 127 255
49.103989 -11.256010 238.511444 14 127 255
54.144520 -11.361732 240.751678 180 119 31
57.535496 -11.162180 236.523209 44 160 44
49.055729 -11.204284 238.533295 14 127 255
54.144753 -11.308534 240.752716 180 119 31
57.548561 -11.112391 236.576920 44 160 44
49.053715 -11.151069 238.523499 14 127 255
49.103470 -11.150388 238.508942 14 127 255
54.144360 -11.255204 240.750977 180 119 31
57.553123 -11.060943 236.595688 44 160 44
49.098907 -11.096604 238.486771 14 127 255
54.144413 -11.201967 240.751221 180 119 31
54.197849 -11.202006 240.752045 180 119 31
57.557518 -11.009455 236.613754 44 160 44
49.097965 -11.043646 238.482193 14 127 255
54.198368 -11.148866 240.754349 180 119 31
57.506161 -10.957307 236.617752 44 160 44
49.098251 -10.990964 238.483582 14 127 255
54.198811 -11.095707 240.756317 180 119 31
57.506401 -10.905019 236.618744 44 160 44
49.100769 -10.938779 238.495819 14 127 255
54.198997 -11.042497 240.757156 180 119 31
57.506386 -10.852683 236.618683 44 160 44
49.108490 -10.887741 238.533310 14 127 255
54.198845 -10.989216 240.756470 180 119 31
57.506325 -10.800338 236.618423 44 160 44
49.065311 -10.837100 238.579895 14 127 255
49.113628 -10.836118 238.558273 14 127 255
54.198387 -10.935875 240.754440 180 119 31
57.506477 -10.748032 236.619049 44 160 44
49.067665 -10.784850 238.591339 14 127 255
54.144619 -10.882522 240.752121 180 119 31
57.506592 -10.695720 236.619522 44 160 44
49.063522 -10.731174 238.571198 14 127 255
54.144382 -10.829227 240.751083 180 119 31
57.454350 -10.643403 236.619904 44 160 44
57.506561 -10.643380 236.619400 44 160 44
49.052444 -10.675997 238.517319 14 127 255
54.144485 -10.776000 240.751541 180 119 31
57.454548 -10.591105 236.620728 44 160 44
49.043964 -10.621407 238.476089 14 127 255
54.145279 -10.722909 240.755051 180 119 31
57.452393 -10.538375 236.611847 44 160 44
49.044659 -10.568811 238.479477 14 127 255
54.146584 -10.669918 240.760864 180 119 31
57.449051 -10.485433 236.598068 44 160 44
49.045803 -10.516312 238.485046 14 127 255
54.146980 -10.616746 240.762634 180 119 31
57.449966 -10.433270 236.601852 44 160 44
49.045418 -10.463483 238.483154 14 127 255
54.142578 -10.562636 240.743057 180 119 31
57.400803 -10.381513 236.614899 44 160 44
57.451672 -10.381248 236.608871 44 160 44
49.044712 -10.410587 238.479736 14 127 255
54.136665 -10.508242 240.716751 180 119 31
57.401657 -10.329334 236.618439 44 160 44
49.046375 -10.358192 238.487823 14 127 255
54.128197 -10.453366 240.679108 180 119 31
57.401455 -10.276964 236.617584 44 160 44
49.052784 -10.306792 238.518982 14 127 255
54.066681 -10.398541 240.642242 180 119 31
57.401321 -10.224607 236.617035 44 160 44
49.063267 -10.256229 238.569946 14 127 255
54.066292 -10.345243 240.640503 180 119 31
57.402542 -10.172489 236.622070 44 160 44
49.069530 -10.204767 238.600403 14 127 255
54.075306 -10.293736 240.680618 180 119 31
57.405754 -10.120721 236.635315 44 160 44
49.011372 -10.150879 238.574188 14 127 255
49.068249 -10.151730 238.594162 14 127 255
54.085281 -10.242393 240.725021 180 119 31
57.414543 -10.069925 236.671539 44 160 44
48.995079 -10.094756 238.494873 14 127 255
54.091949 -10.190407 240.754700 180 119 31
57.428158 -10.019955 236.727661 44 160 44
48.991394 -10.041252 238.476944 14 127 255
54.100727 -10.138803 240.793777 180 119 31
57.440002 -9.969653 236.776489 44 160 44
48.992146 -9.988661 238.480606 14 127 255
54.061275 -10.088122 240.855286 180 119 31
57.392635 -9.918149 236.797134 44 160 44
57.443474 -9.917884 236.790802 44 160 44
48.993320 -9.936152 238.486313 14 127 255
54.073399 -10.037102 240.909286 180 119 31
57.392365 -9.865728 236.796005 44 160 44
48.994789 -9.883702 238.493469 14 127 255
54.075336 -9.984178 240.917923 180 119 31
57.441154 -9.812744 236.781250 44 160 44
49.000202 -9.832041 238.519821 14 127 255
54.060654 -9.928196 240.852509 180 119 31
57.439941 -9.760168 236.776230 44 160 44
49.010803 -9.781402 238.571411 14 127 255
54.060848 -9.874962 240.853378 180 119 31
57.390911 -9.708364 236.790009 44 160 44
49.021851 -9.730829 238.625198 14 127 255
54.063705 -9.822210 240.866104 180 119 31
57.394413 -9.656582 236.804459 44 160 44
48.975437 -9.679309 238.656219 14 127 255
49.025703 -9.678812 238.643936 14 127 255
54.057278 -9.767776 240.837463 180 119 31
57.399025 -9.604979 236.823502 44 160 44
48.977596 -9.626949 238.666733 14 127 255
54.050705 -9.713327 240.808182 180 119 31
57.408703 -9.554211 236.863434 44 160 44
48.978180 -9.574276 238.669571 14 127 255
54.056782 -9.661153 240.835251 180 119 31
57.421120 -9.503878 236.914658 44 160 44
48.978291 -9.521510 238.670105 14 127 255
49.031090 -9.521513 238.670166 14 127 255
54.014595 -9.609858 240.884659 180 119 31
54.062717 -9.608942 240.861694 180 119 31
57.422680 -9.451735 236.921082 44 160 44
49.031013 -9.468711 238.669800 14 127 255
54.018909 -9.557343 240.903900 180 119 31
57.405891 -9.396586 236.851822 44 160 44
49.030609 -9.415846 238.667831 14 127 255
54.019375 -9.504144 240.905975 180 119 31
57.404987 -9.344053 236.848083 44 160 44
49.024643 -9.361919 238.638794 14 127 255
54.021931 -9.451309 240.917374 180 119 31
57.406258 -9.291875 236.853333 44 160 44
48.959110 -9.306715 238.576645 14 127 255
49.019005 -9.308068 238.611343 14 127 255
54.023911 -9.398370 240.926208 180 119 31
57.401325 -9.238695 236.832977 44 160 44
48.945839 -9.251439 238.511963 14 127 255
54.021717 -9.344704 240.916428 180 119 31
57.398289 -9.185828 236.820450 44 160 44
48.939999 -9.197589 238.483521 14 127 255
54.023209 -9.291676 240.923080 180 119 31
57.350845 -9.134236 236.840836 44 160 44
48.940567 -9.144949 238.486298 14 127 255
54.026581 -9.238967 240.938126 180 119 31
57.355476 -9.082586 236.859970 44 160 44
48.945934 -9.093199 238.512436 14 127 255
54.028179 -9.185949 240.945251 180 119 31
57.353043 -9.029816 236.849899 44 160 44
48.956326 -9.042366 238.563080 14 127 255
53.975155 -9.132703 240.946426 180 119 31
57.352406 -8.977331 236.847290 44 160 44
48.967781 -8.991706 238.618912 14 127 255
53.975121 -9.079407 240.946289 180 119 31
57.362221 -8.926475 236.887817 44 160 44
48.974747 -8.940201 238.652847 14 127 255
53.975094 -9.026112 240.946167 180 119 31
57.322186 -8.875995 236.938889 44 160 44
57.369030 -8.875134 236.915924 44 160 44
48.977188 -8.887860 238.664749 14 127 255
53.975052 -8.972814 240.945984 180 119 31
57.323460 -8.823786 236.944168 44 160 44
48.978096 -8.835238 238.669159 14 127 255
53.975025 -8.919518 240.945847 180 119 31
57.310699 -8.769427 236.891418 44 160 44
48.981205 -8.783008 238.684311 14 127 255
53.975006 -8.866224 240.945786 180 119 31
57.296467 -8.714869 236.832596 44 160 44
48.985809 -8.731038 238.706757 14 127 255
53.975010 -8.812934 240.945786 180 119 31
57.297779 -8.662686 236.837997 44 160 44
48.934093 -8.678433 238.712006 14 127 255
48.987099 -8.678471 238.713043 14 127 255
53.975018 -8.759645 240.945831 180 119 31
57.255188 -8.611776 236.878525 44 160 44
48.930065 -8.624928 238.692368 14 127 255
53.975033 -8.706356 240.945892 180 119 31
57.256805 -8.559628 236.885223 44 160 44
48.926277 -8.571471 238.673889 14 127 255
53.975048 -8.653068 240.945953 180 119 31
57.244457 -8.505400 236.834122 44 160 44
48.925159 -8.518488 238.668427 14 127 255
53.921764 -8.599778 240.945999 180 119 31
57.239670 -8.452312 236.814316 44 160 44
48.872288 -8.465687 238.668030 14 127 255
48.925125 -8.465694 238.668259 14 127 255
53.921780 -8.546490 240.946060 180 119 31
57.188450 -8.400105 236.819107 44 160 44
57.239487 -8.399907 236.813553 44 160 44
48.872234 -8.412890 238.667770 14 127 255
53.921787 -8.493200 240.946091 180 119 31
57.196289 -8.348870 236.851562 44 160 44
48.872372 -8.360126 238.668427 14 127 255
53.975082 -8.439910 240.946106 180 119 31
57.209553 -8.298409 236.906494 44 160 44
48.872635 -8.307384 238.669708 14 127 255
53.975079 -8.386619 240.946106 180 119 31
57.221424 -8.247723 236.955658 44 160 44
48.819981 -8.254620 238.670364 14 127 255
48.872734 -8.254614 238.670212 14 127 255
53.921783 -8.333326 240.946075 180 119 31
57.174896 -8.196157 236.980042 44 160 44
57.225128 -8.195845 236.970993 44 160 44
48.819794 -8.201800 238.669464 14 127 255
53.921776 -8.280034 240.946030 180 119 31
57.176418 -8.143960 236.986328 44 160 44
48.819660 -8.148991 238.668808 14 127 255
53.921764 -8.226742 240.945999 180 119 31
57.176620 -8.091574 236.987183 44 160 44
48.768105 -8.096408 238.674835 14 127 255
48.819923 -8.096247 238.670090 14 127 255
53.921757 -8.173450 240.945953 180 119 31
57.176750 -8.039177 236.987717 44 160 44
48.767220 -8.043473 238.670486 14 127 255
53.921745 -8.120157 240.945908 180 119 31
57.124439 -7.986776 236.988144 44 160 44
48.764435 -7.990230 238.656860 14 127 255
53.921749 -8.066867 240.945923 180 119 31
57.124535 -7.934374 236.988541 44 160 44
48.711681 -7.937450 238.657028 14 127 255
53.921761 -8.013577 240.945969 180 119 31
57.124615 -7.881969 236.988876 44 160 44
48.714096 -7.885056 238.668854 14 127 255
53.868488 -7.960289 240.946060 180 119 31
53.921768 -7.960288 240.946014 180 119 31
57.124680 -7.829563 236.989136 44 160 44
48.714664 -7.832360 238.671631 14 127 255
53.868507 -7.907001 240.946136 180 119 31
57.124725 -7.777153 236.989334 44 160 44
48.713573 -7.779398 238.666306 14 127 255
53.868515 -7.853712 240.946182 180 119 31
57.124756 -7.724741 236.989456 44 160 44
48.713161 -7.726547 238.664276 14 127 255
53.868504 -7.800419 240.946121 180 119 31
57.124775 -7.672328 236.989532 44 160 44
48.713932 -7.673882 238.668045 14 127 255
53.868462 -7.747123 240.945953 180 119 31
57.124779 -7.619913 236.989563 44 160 44
48.714733 -7.621220 238.671967 14 127 255
53.868401 -7.693822 240.945663 180 119 31
57.124771 -7.567496 236.989517 44 160 44
48.662792 -7.568564 238.676132 14 127 255
48.715061 -7.568482 238.673569 14 127 255
53.868355 -7.640525 240.945450 180 119 31
57.124756 -7.515078 236.989456 44 160 44
48.666199 -7.516301 238.692841 14 127 255
53.868484 -7.587253 240.946045 180 119 31
57.124729 -7.462659 236.989349 44 160 44
48.675182 -7.464886 238.736893 14 127 255
53.868996 -7.534034 240.948334 180 119 31
57.124702 -7.410240 236.989243 44 160 44
48.687084 -7.413896 238.795273 14 127 255
53.869179 -7.480768 240.949158 180 119 31
57.124668 -7.357820 236.989105 44 160 44
48.692169 -7.361850 238.820206 14 127 255
53.867317 -7.427220 240.940826 180 119 31
57.124638 -7.305400 236.988968 44 160 44
48.696892 -7.309738 238.843369 14 127 255
53.812912 -7.373777 240.935822 180 119 31
53.866196 -7.373776 240.935806 180 119 31
57.124599 -7.252980 236.988815 44 160 44
48.695751 -7.256742 238.837769 14 127 255
48.745102 -7.256225 238.820755 14 127 255
53.819607 -7.321399 240.965790 180 119 31
57.124569 -7.200560 236.988678 44 160 44
48.734253 -7.201801 238.767609 14 127 255
53.833984 -7.270045 241.030167 180 119 31
57.124538 -7.148140 236.988556 44 160 44
48.723572 -7.147425 238.715271 14 127 255
53.847855 -7.218595 241.092270 180 119 31
57.124512 -7.095722 236.988434 44 160 44
48.731724 -7.095815 238.755219 14 127 255
53.852600 -7.165904 241.113525 180 119 31
57.124489 -7.043303 236.988358 44 160 44
48.743160 -7.044661 238.811249 14 127 255
53.857254 -7.113190 241.134354 180 119 31
57.124477 -6.990886 236.988297 44 160 44
48.750771 -6.992934 238.848541 14 127 255
53.858219 -7.059984 241.138687 180 119 31
57.124474 -6.938470 236.988281 44 160 44
48.753117 -6.940442 238.860031 14 127 255
53.858147 -7.006641 241.138351 180 119 31
57.124477 -6.886055 236.988297 44 160 44
48.753098 -6.887609 238.859924 14 127 255
53.857876 -6.953273 241.137131 180 119 31
57.072075 -6.833642 236.988358 44 160 44
48.700092 -6.834755 238.859085 14 127 255
53.857769 -6.899926 241.136673 180 119 31
57.072086 -6.781227 236.988403 44 160 44
48.699825 -6.781888 238.857758 14 127 255
53.804577 -6.846611 241.137299 180 119 31
57.072117 -6.728815 236.988525 44 160 44
48.699631 -6.729033 238.856812 14 127 255
53.858372 -6.793336 241.139359 180 119 31
57.072155 -6.676404 236.988678 44 160 44
48.699451 -6.676179 238.855927 14 127 255
53.859230 -6.740110 241.143219 180 119 31
57.072197 -6.623994 236.988861 44 160 44
48.699284 -6.623328 238.855103 14 127 255
53.864212 -6.687394 241.165497 180 119 31
57.072239 -6.571583 236.989044 44 160 44
48.699154 -6.570482 238.854477 14 127 255
53.821457 -6.635360 241.212952 180 119 31
53.868832 -6.634624 241.186188 180 119 31
57.072277 -6.519172 236.989197 44 160 44
48.699093 -6.517646 238.854172 14 127 255
53.834660 -6.583624 241.272110 180 119 31
57.072300 -6.466758 236.989288 44 160 44
48.699135 -6.464823 238.854370 14 127 255
53.844383 -6.531441 241.315689 180 119 31
57.072304 -6.414343 236.989304 44 160 44
48.752129 -6.412017 238.855194 14 127 255
53.848015 -6.478506 241.331985 180 119 31
57.072277 -6.361925 236.989197 44 160 44
48.752533 -6.359241 238.857178 14 127 255
53.847748 -6.425097 241.330780 180 119 31
57.124645 -6.309504 236.989014 44 160 44
48.752735 -6.306438 238.858170 14 127 255
53.846779 -6.371606 241.326431 180 119 31
57.124619 -6.257085 236.988892 44 160 44
48.753139 -6.253661 238.860138 14 127 255
53.846527 -6.318202 241.325317 180 119 31
57.124573 -6.204664 236.988708 44 160 44
48.753307 -6.200852 238.860962 14 127 255
53.793499 -6.264868 241.326874 180 119 31
53.846661 -6.264843 241.325897 180 119 31
57.124542 -6.152246 236.988571 44 160 44
48.700294 -6.148000 238.860062 14 127 255
53.794006 -6.211551 241.329132 180 119 31
57.124615 -6.099837 236.988876 44 160 44
48.700748 -6.095227 238.862305 14 127 255
53.794521 -6.158235 241.331451 180 119 31
57.126007 -6.047569 236.994659 44 160 44
48.704433 -6.042854 238.880371 14 127 255
53.794815 -6.104892 241.332764 180 119 31
57.131207 -5.995698 237.016220 44 160 44
48.713432 -5.991127 238.924500 14 127 255
53.791248 -6.051114 241.316757 180 119 31
57.139706 -5.944160 237.051483 44 160 44
48.724747 -5.939662 238.979996 14 127 255
53.771439 -5.995533 241.227905 180 119 31
57.144531 -5.892229 237.071503 44 160 44
48.733498 -5.887864 239.022919 14 127 255
53.757389 -5.940626 241.164856 180 119 31
57.146622 -5.840008 237.080170 44 160 44
48.684834 -5.835502 239.043549 14 127 255
48.736115 -5.835311 239.035751 14 127 255
53.751743 -5.886669 241.139526 180 119 31
57.149670 -5.787881 237.092819 44 160 44
48.684315 -5.782570 239.041000 14 127 255
53.751167 -5.833273 241.136948 180 119 31
57.107346 -5.736458 237.134811 44 160 44
48.676556 -5.728787 239.002899 14 127 255
53.697857 -5.779942 241.137054 180 119 31
57.114212 -5.684694 237.163330 44 160 44
48.656452 -5.673582 238.904190 14 127 255
53.697857 -5.726609 241.137054 180 119 31
57.113407 -5.632160 237.159988 44 160 44
48.649254 -5.619911 238.868851 14 127 255
53.697800 -5.673270 241.136795 180 119 31
57.111938 -5.579563 237.153900 44 160 44
48.596775 -5.567121 238.870590 14 127 255
48.648567 -5.567001 238.865479 14 127 255
53.697857 -5.619943 241.137054 180 119 31
57.114933 -5.527400 237.166321 44 160 44
48.599495 -5.514597 238.883942 14 127 255
53.751358 -5.566627 241.137802 180 119 31
57.121197 -5.475546 237.192322 44 160 44
48.662235 -5.462874 238.932587 14 127 255
53.751545 -5.513313 241.138641 180 119 31
57.131287 -5.424044 237.234238 44 160 44
48.674015 -5.411338 238.990433 14 127 255
53.751663 -5.459991 241.139175 180 119 31
57.141167 -5.372503 237.275269 44 160 44
48.628994 -5.359344 239.028946 14 127 255
53.751663 -5.406658 241.139191 180 119 31
57.192360 -5.319904 237.269928 44 160 44
48.632309 -5.306839 239.045242 14 127 255
53.698174 -5.353309 241.138474 180 119 31
53.751617 -5.353320 241.138977 180 119 31
57.186836 -5.266918 237.247009 44 160 44
48.636543 -5.254426 239.066055 14 127 255
53.698074 -5.299965 241.138016 180 119 31
57.174294 -5.213301 237.194962 44 160 44
48.645489 -5.202507 239.110031 14 127 255
53.697857 -5.246611 241.137054 180 119 31
57.169052 -5.160367 237.173233 44 160 44
48.654190 -5.150544 239.152802 14 127 255
53.697693 -5.193262 241.136322 180 119 31
57.169701 -5.107968 237.175919 44 160 44
48.653130 -5.097538 239.147583 14 127 255
53.697674 -5.139927 241.136230 180 119 31
57.117855 -5.055565 237.178467 44 160 44
48.642914 -5.043586 239.097366 14 127 255
53.697823 -5.086608 241.136902 180 119 31
57.120426 -5.003333 237.189133 44 160 44
48.581581 -4.989836 239.055771 14 127 255
53.698154 -5.033306 241.138397 180 119 31
57.134716 -4.952111 237.248459 44 160 44
48.580036 -4.936806 239.048187 14 127 255
48.635441 -4.937063 239.060638 14 127 255
53.699474 -4.980095 241.144318 180 119 31
57.163956 -4.902146 237.369888 44 160 44
48.644524 -4.885101 239.105286 14 127 255
53.705311 -4.927296 241.170517 180 119 31
57.172695 -4.850388 237.406189 44 160 44
48.657326 -4.833489 239.168213 14 127 255
53.721233 -4.875401 241.242035 180 119 31
57.122681 -4.798089 237.416534 44 160 44
57.172390 -4.797854 237.404922 44 160 44
48.666458 -4.781489 239.213104 14 127 255
53.749336 -4.824566 241.368225 180 119 31
57.135303 -4.746627 237.469009 44 160 44
48.617214 -4.728938 239.231140 14 127 255
53.782574 -4.774133 241.517487 180 119 31
57.147877 -4.695138 237.521255 44 160 44
48.620087 -4.676302 239.245270 14 127 255
53.813744 -4.723451 241.657455 180 119 31
57.100170 -4.642997 237.541336 44 160 44
48.623016 -4.623666 239.259689 14 127 255
53.775543 -4.671328 241.725998 180 119 31
53.823750 -4.670871 241.702393 180 119 31
57.097946 -4.590281 237.532089 44 160 44
48.633087 -4.571695 239.309235 14 127 255
53.771290 -4.617499 241.706879 180 119 31
57.089558 -4.537078 237.497192 44 160 44
48.645187 -4.519891 239.368774 14 127 255
53.757492 -4.562869 241.644867 180 119 31
57.023792 -4.483510 237.442078 44 160 44
57.083237 -4.484054 237.470901 44 160 44
48.650272 -4.467415 239.393784 14 127 255
48.706539 -4.467720 239.410126 14 127 255
53.749603 -4.508761 241.609390 180 119 31
57.011650 -4.430050 237.391510 44 160 44
48.705795 -4.414701 239.406464 14 127 255
53.744884 -4.454933 241.588181 180 119 31
57.004616 -4.377005 237.362213 44 160 44
48.687279 -4.360093 239.315445 14 127 255
53.731472 -4.400402 241.527893 180 119 31
57.004173 -4.324474 237.360382 44 160 44
48.675198 -4.306094 239.256058 14 127 255
53.730286 -4.346886 241.522552 180 119 31
57.004406 -4.271993 237.361359 44 160 44
48.671333 -4.252839 239.237076 14 127 255
53.678623 -4.293608 241.530457 180 119 31
57.005779 -4.219597 237.367081 44 160 44
48.672459 -4.200023 239.242584 14 127 255
53.683880 -4.240603 241.554108 180 119 31
57.007690 -4.167237 237.375015 44 160 44
48.674316 -4.147267 239.251740 14 127 255
53.701347 -4.188540 241.632706 180 119 31
57.015877 -4.115327 237.409119 44 160 44
48.628769 -4.094972 239.287979 14 127 255
48.677345 -4.094606 239.266617 14 127 255
53.710346 -4.135790 241.673187 180 119 31
56.976521 -4.063756 237.463928 44 160 44
48.640129 -4.042992 239.343887 14 127 255
53.708530 -4.082201 241.665039 180 119 31
56.988346 -4.012068 237.513229 44 160 44
48.650249 -3.990885 239.393677 14 127 255
53.644001 -4.027919 241.615143 180 119 31
53.703693 -4.028388 241.643265 180 119 31
56.994190 -3.959943 237.537582 44 160 44
48.655010 -3.938323 239.417099 14 127 255
53.631794 -3.973575 241.560150 180 119 31
56.996265 -3.907548 237.546234 44 160 44
48.655708 -3.885427 239.420547 14 127 255
53.624935 -3.919647 241.529251 180 119 31
57.002487 -3.855430 237.572144 44 160 44
48.655731 -3.832475 239.420654 14 127 255
53.625771 -3.866288 241.533020 180 119 31
56.960484 -3.803589 237.616135 44 160 44
48.709194 -3.779561 239.423157 14 127 255
53.635849 -3.813584 241.578415 180 119 31
56.973824 -3.751913 237.671768 44 160 44
48.709511 -3.726631 239.424713 14 127 255
53.651390 -3.761243 241.648422 180 119 31
56.983574 -3.699980 237.712448 44 160 44
48.709423 -3.673670 239.424286 14 127 255
53.608402 -3.708520 241.695557 180 119 31
56.987659 -3.647665 237.729492 44 160 44
48.709236 -3.620702 239.423370 14 127 255
53.609474 -3.655136 241.700394 180 119 31
56.988220 -3.595121 237.731827 44 160 44
48.654560 -3.567621 239.414886 14 127 255
53.602360 -3.601200 241.668320 180 119 31
56.984016 -3.542280 237.714294 44 160 44
48.648491 -3.514231 239.385040 14 127 255
53.589214 -3.546880 241.609055 180 119 31
56.971481 -3.488936 237.662003 44 160 44
48.637951 -3.460535 239.333176 14 127 255
53.578857 -3.492767 241.562347 180 119 31
56.950645 -3.435115 237.575073 44 160 44
48.632584 -3.407225 239.306763 14 127 255
53.581905 -3.439536 241.576096 180 119 31
56.950718 -3.382574 237.575394 44 160 44
48.600208 -3.355716 239.408005 14 127 255
48.637028 -3.354603 239.328629 14 127 255
53.596085 -3.387002 241.640030 180 119 31
56.961594 -3.330664 237.620758 44 160 44
48.550144 -3.302961 239.422241 14 127 255
53.610729 -3.334468 241.706039 180 119 31
56.975155 -3.278889 237.677322 44 160 44
48.497074 -3.250000 239.421661 14 127 255
53.558968 -3.281113 241.713715 180 119 31
56.984261 -3.226837 237.715302 44 160 44
48.497265 -3.197058 239.422592 14 127 255
53.559155 -3.227664 241.714554 180 119 31
56.987419 -3.174437 237.728485 44 160 44
48.444542 -3.144120 239.423752 14 127 255
48.497379 -3.144112 239.423172 14 127 255
53.555969 -3.174014 241.700180 180 119 31
56.988186 -3.121900 237.731689 44 160 44
48.444504 -3.091163 239.423553 14 127 255
53.550606 -3.120244 241.675964 180 119 31
56.988415 -3.069332 237.732635 44 160 44
48.444431 -3.038204 239.423203 14 127 255
53.549709 -3.066740 241.671936 180 119 31
56.988461 -3.016754 237.732849 44 160 44
48.444416 -2.985249 239.423126 14 127 255
53.554375 -3.013551 241.692993 180 119 31
56.988579 -2.964180 237.733322 44 160 44
48.391518 -2.932299 239.423386 14 127 255
48.444431 -2.932296 239.423203 14 127 255
53.558453 -2.960320 241.711395 180 119 31
56.936199 -2.911610 237.734177 44 160 44
56.988663 -2.911604 237.733673 44 160 44
48.391972 -2.879372 239.425644 14 127 255
53.559464 -2.906915 241.715958 180 119 31
56.937588 -2.859099 237.739960 44 160 44
48.394650 -2.826574 239.438904 14 127 255
53.505787 -2.853442 241.714981 180 119 31
53.559399 -2.853451 241.715652 180 119 31
56.943756 -2.806822 237.765732 44 160 44
48.402317 -2.774055 239.476822 14 127 255
53.505543 -2.799969 241.713882 180 119 31
56.956142 -2.754833 237.817444 44 160 44
48.414009 -2.721747 239.534683 14 127 255
53.558987 -2.746507 241.713806 180 119 31
56.969410 -2.702864 237.872849 44 160 44
48.423923 -2.669315 239.583740 14 127 255
53.559185 -2.693057 241.714706 180 119 31
56.977467 -2.650627 237.906464 44 160 44
48.428543 -2.616575 239.606598 14 127 255
53.559319 -2.639602 241.715302 180 119 31
56.980244 -2.598135 237.918076 44 160 44
48.429764 -2.563645 239.612640 14 127 255
53.559376 -2.586144 241.715561 180 119 31
56.980713 -2.545535 237.920029 44 160 44
48.430077 -2.510665 239.614182 14 127 255
53.559429 -2.532686 241.715805 180 119 31
56.980522 -2.492905 237.919235 44 160 44
48.432377 -2.457785 239.625565 14 127 255
53.563107 -2.479394 241.732391 180 119 31
56.927582 -2.440270 237.917908 44 160 44
48.436672 -2.405000 239.646805 14 127 255
53.579052 -2.426652 241.804367 180 119 31
56.927532 -2.387647 237.917694 44 160 44
48.442215 -2.352265 239.674240 14 127 255
48.497013 -2.352352 239.683060 14 127 255
53.579964 -2.373212 241.808472 180 119 31
56.926636 -2.334989 237.913940 44 160 44
48.486870 -2.298860 239.632935 14 127 255
53.571545 -2.319366 241.770477 180 119 31
53.624012 -2.319322 241.765945 180 119 31
56.919853 -2.282097 237.885590 44 160 44
48.485386 -2.245790 239.625610 14 127 255
53.634850 -2.266308 241.814804 180 119 31
56.896362 -2.228563 237.787430 44 160 44
48.490952 -2.193043 239.653107 14 127 255
53.643646 -2.213188 241.854462 180 119 31
56.885841 -2.175568 237.743454 44 160 44
48.502033 -2.140527 239.707886 14 127 255
53.597897 -2.160008 241.889404 180 119 31
56.883232 -2.122888 237.732544 44 160 44
48.512394 -2.087956 239.759094 14 127 255
53.596046 -2.106436 241.881058 180 119 31
56.883816 -2.070329 237.735001 44 160 44
48.513672 -2.034981 239.765411 14 127 255
53.597839 -2.053006 241.889130 180 119 31
56.887154 -2.017867 237.748947 44 160 44
48.496967 -1.981269 239.682846 14 127 255
53.656509 -1.999700 241.912445 180 119 31
56.896095 -1.965592 237.786316 44 160 44
48.493156 -1.928106 239.664017 14 127 255
48.545635 -1.928085 239.661392 14 127 255
53.666985 -1.946575 241.959686 180 119 31
56.856930 -1.913452 237.842484 44 160 44
48.552338 -1.875337 239.694489 14 127 255
53.631992 -1.893714 242.043289 180 119 31
56.868256 -1.861218 237.889862 44 160 44
48.556980 -1.822498 239.717407 14 127 255
53.651707 -1.840857 242.132248 180 119 31
56.873459 -1.808769 237.911621 44 160 44
48.550194 -1.769231 239.683899 14 127 255
53.654846 -1.787408 242.146408 180 119 31
56.874744 -1.756189 237.916992 44 160 44
48.540054 -1.715861 239.633850 14 127 255
53.650440 -1.733710 242.126526 180 119 31
56.875267 -1.703583 237.919189 44 160 44
48.536045 -1.662723 239.614059 14 127 255
53.648033 -1.680082 242.115677 180 119 31
56.875721 -1.650975 237.921082 44 160 44
48.535942 -1.609723 239.613541 14 127 255
53.653938 -1.626712 242.142319 180 119 31
56.876175 -1.598366 237.922974 44 160 44
48.535740 -1.556721 239.612549 14 127 255
53.666397 -1.573521 242.198547 180 119 31
56.879292 -1.545829 237.936020 44 160 44
48.535446 -1.503716 239.611099 14 127 255
53.678349 -1.520292 242.252472 180 119 31
56.836140 -1.493452 237.975693 44 160 44
48.535580 -1.450724 239.611755 14 127 255
53.627651 -1.466791 242.265503 180 119 31
56.902550 -1.441167 238.033310 44 160 44
48.535862 -1.397736 239.613159 14 127 255
53.612736 -1.412815 242.198120 180 119 31
56.911877 -1.388748 238.072327 44 160 44
48.588974 -1.344743 239.613724 14 127 255
53.606640 -1.359093 242.170593 180 119 31
56.911892 -1.336093 238.072388 44 160 44
48.588852 -1.291744 239.613113 14 127 255
53.601562 -1.305408 242.147644 180 119 31
56.901493 -1.283204 238.028885 44 160 44
48.535606 -1.238742 239.611893 14 127 255
48.588734 -1.238745 239.612534 14 127 255
53.595989 -1.251721 242.122467 180 119 31
56.828648 -1.230121 237.944321 44 160 44
56.885902 -1.230221 237.963669 44 160 44
48.535488 -1.185743 239.611313 14 127 255
53.543934 -1.198203 242.129227 180 119 31
53.595448 -1.198158 242.120026 180 119 31
56.829430 -1.177510 237.947586 44 160 44
48.535389 -1.132745 239.610809 14 127 255
53.554310 -1.144872 242.176163 180 119 31
56.840939 -1.125110 237.995773 44 160 44
48.535435 -1.079750 239.611038 14 127 255
53.563881 -1.091504 242.219421 180 119 31
56.854744 -1.072732 238.053589 44 160 44
48.588829 -1.026763 239.613007 14 127 255
53.561054 -1.037877 242.206650 180 119 31
56.863972 -1.020247 238.092224 44 160 44
48.589130 -0.973773 239.614487 14 127 255
53.570328 -0.984478 242.248581 180 119 31
56.867336 -0.967644 238.106293 44 160 44
48.536175 -0.920778 239.614700 14 127 255
53.547543 -0.931435 242.387985 180 119 31
56.868172 -0.914995 238.109802 44 160 44
48.536324 -0.867784 239.615433 14 127 255
53.585712 -0.878451 242.560760 180 119 31
56.869465 -0.862351 238.115219 44 160 44
48.542656 -0.814894 239.646683 14 127 255
53.617577 -0.825293 242.705002 180 119 31
56.874538 -0.809758 238.136459 44 160 44
48.550110 -0.762007 239.683502 14 127 255
53.632885 -0.771833 242.774292 180 119 31
56.885654 -0.757237 238.183014 44 160 44
48.583630 -0.709485 239.848969 14 127 255
53.577183 -0.717392 242.522156 180 119 31
56.899036 -0.704723 238.239044 44 160 44
48.608463 -0.656772 239.971573 14 127 255
53.536686 -0.663251 242.338837 180 119 31
56.907917 -0.652132 238.276215 44 160 44
48.612896 -0.603752 239.993454 14 127 255
53.527115 -0.609543 242.295517 180 119 31
56.858101 -0.599462 238.288300 44 160 44
48.565678 -0.550738 240.022430 14 127 255
48.622158 -0.550777 240.039185 14 127 255
53.526962 -0.555952 242.294830 180 119 31
56.858166 -0.546760 238.288589 44 160 44
48.560593 -0.497600 239.997299 14 127 255
53.527004 -0.502364 242.295013 180 119 31
56.857998 -0.494055 238.287872 44 160 44
48.558598 -0.444500 239.987442 14 127 255
53.473385 -0.448774 242.294876 180 119 31
56.858398 -0.441355 238.289551 44 160 44
48.547279 -0.391330 239.931488 14 127 255
53.473305 -0.395184 242.294510 180 119 31
56.859425 -0.388659 238.293854 44 160 44
48.540947 -0.338220 239.900208 14 127 255
53.473289 -0.341595 242.294434 180 119 31
56.860855 -0.335963 238.299850 44 160 44
48.492367 -0.285186 239.922363 14 127 255
48.541954 -0.285166 239.905182 14 127 255
53.473469 -0.288007 242.295258 180 119 31
56.861713 -0.283262 238.303452 44 160 44
48.501118 -0.232164 239.965652 14 127 255
53.473839 -0.234419 242.296936 180 119 31
53.528336 -0.234423 242.301041 180 119 31
56.806313 -0.230545 238.292145 44 160 44
56.861088 -0.230553 238.300827 44 160 44
48.510899 -0.179126 240.014053 14 127 255
53.533543 -0.180850 242.324615 180 119 31
56.796425 -0.177810 238.250671 44 160 44
48.520569 -0.126066 240.061890 14 127 255
53.545277 -0.127282 242.377716 180 119 31
56.775581 -0.125069 238.163239 44 160 44
48.476646 -0.072985 240.107330 14 127 255
48.525906 -0.072979 240.088303 14 127 255
53.561787 -0.073697 242.452454 180 119 31
56.774307 -0.072392 238.157883 44 160 44
48.474930 -0.019879 240.098831 14 127 255
53.525742 -0.020080 242.532120 180 119 31
53.570637 -0.020077 242.492523 180 119 31
56.784801 -0.019722 238.201920 44 160 44
48.458336 0.033214 240.016647 14 127 255
53.541935 0.033572 242.605484 180 119 31
56.797440 0.032970 238.254913 44 160 44
48.454773 0.086293 239.998978 14 127 255
53.548492 0.087240 242.635193 180 119 31
56.804699 0.085676 238.285370 44 160 44
48.404579 0.139382 240.013321 14 127 255
48.455490 0.139376 240.002533 14 127 255
53.555557 0.140923 242.667206 180 119 31
56.753628 0.138383 238.292221 44 160 44
48.412731 0.192499 240.053741 14 127 255
53.547516 0.194566 242.630768 180 119 31
56.753189 0.191085 238.290375 44 160 44
48.423222 0.245646 240.105743 14 127 255
53.540852 0.248198 242.600571 180 119 31
56.753307 0.243789 238.290878 44 160 44
48.424435 0.298759 240.111771 14 127 255
53.396709 0.301950 242.677048 180 119 31
53.448536 0.301940 242.668671 180 119 31
53.494789 0.301898 242.635010 180 119 31
56.754078 0.296497 238.294113 44 160 44
48.356316 0.351756 240.037247 14 127 255
53.397839 0.355632 242.682190 180 119 31
56.754581 0.349204 238.296234 44 160 44
48.316452 0.404956 240.102966 14 127 255
48.358730 0.404866 240.049225 14 127 255
53.397758 0.409306 242.681824 180 119 31
56.754539 0.401909 238.296066 44 160 44
48.225044 0.458201 240.176682 14 127 255
48.276516 0.458186 240.168472 14 127 255
48.322060 0.458114 240.130829 14 127 255
53.344070 0.462981 242.681778 180 119 31
53.397743 0.462981 242.681763 180 119 31
56.754292 0.454612 238.295013 44 160 44
48.226158 0.511334 240.182220 14 127 255
53.344109 0.516656 242.681946 180 119 31
56.754723 0.507320 238.296814 44 160 44
48.226376 0.564458 240.183304 14 127 255
53.344181 0.570331 242.682266 180 119 31
56.757862 0.560056 238.309998 44 160 44
48.226456 0.617582 240.183716 14 127 255
53.344280 0.624007 242.682724 180 119 31
56.766857 0.612861 238.347763 44 160 44
48.174419 0.670719 240.189117 14 127 255
48.226711 0.670708 240.184982 14 127 255
53.344391 0.677684 242.683228 180 119 31
56.727455 0.665733 238.403732 44 160 44
56.773327 0.665653 238.374924 44 160 44
48.176239 0.723870 240.198212 14 127 255
53.290813 0.731360 242.683670 180 119 31
53.344444 0.731360 242.683472 180 119 31
56.738567 0.718603 238.450424 44 160 44
48.183907 0.777119 240.236420 14 127 255
53.290871 0.785036 242.683929 180 119 31
56.741825 0.771386 238.464111 44 160 44
48.248611 0.830452 240.294052 14 127 255
53.290874 0.838712 242.683945 180 119 31
56.744770 0.824171 238.476486 44 160 44
48.258736 0.883784 240.344482 14 127 255
53.290825 0.892386 242.683716 180 119 31
56.746849 0.876947 238.485229 44 160 44
48.210377 0.937035 240.368393 14 127 255
53.290730 0.946059 242.683289 180 119 31
56.752892 0.929793 238.510635 44 160 44
48.210987 0.990211 240.371445 14 127 255
53.236935 0.999732 242.682739 180 119 31
53.290672 0.999734 242.683029 180 119 31
56.765297 0.982760 238.562759 44 160 44
48.210663 1.043368 240.369827 14 127 255
53.236805 1.053405 242.682159 180 119 31
56.779434 1.035782 238.622177 44 160 44
48.210991 1.096539 240.371460 14 127 255
53.236683 1.107077 242.681595 180 119 31
56.788334 1.088729 238.659576 44 160 44
48.211514 1.149715 240.374054 14 127 255
53.236534 1.160749 242.680923 180 119 31
56.774300 1.141232 238.600586 44 160 44
48.158379 1.202880 240.374207 14 127 255
48.211590 1.202881 240.374435 14 127 255
53.236523 1.214423 242.680862 180 119 31
56.713707 1.193840 238.567688 44 160 44
48.159752 1.256080 240.381073 14 127 255
53.182911 1.268099 242.681137 180 119 31
53.236546 1.268098 242.680954 180 119 31
56.752651 1.246301 238.509613 44 160 44
48.165569 1.309404 240.410110 14 127 255
53.183056 1.321777 242.681808 180 119 31
56.747643 1.298939 238.488556 44 160 44
48.176304 1.362880 240.463699 14 127 255
53.183285 1.375458 242.682846 180 119 31
56.700153 1.351811 238.510696 44 160 44
56.749111 1.351721 238.494736 44 160 44
48.134396 1.416396 240.520035 14 127 255
53.183563 1.429140 242.684128 180 119 31
56.712376 1.404866 238.562103 44 160 44
48.141186 1.469800 240.553955 14 127 255
53.183823 1.482823 242.685303 180 119 31
56.725166 1.457959 238.615891 44 160 44
48.142998 1.523062 240.563019 14 127 255
53.183945 1.536502 242.685867 180 119 31
56.729923 1.510861 238.635910 44 160 44
56.786186 1.510953 238.650543 44 160 44
48.142868 1.576264 240.562363 14 127 255
53.130131 1.590174 242.685242 180 119 31
53.183918 1.590177 242.685745 180 119 31
56.738415 1.563875 238.671631 44 160 44
48.143162 1.629480 240.563828 14 127 255
53.129620 1.643833 242.682892 180 119 31
56.743668 1.616812 238.693726 44 160 44
48.145058 1.682752 240.573318 14 127 255
53.128880 1.697485 242.679520 180 119 31
56.747372 1.669714 238.709305 44 160 44
48.150768 1.736166 240.601837 14 127 255
53.128723 1.751154 242.678802 180 119 31
56.745476 1.722453 238.701324 44 160 44
48.161343 1.789774 240.654694 14 127 255
53.130836 1.804900 242.688446 180 119 31
56.740421 1.775089 238.680084 44 160 44
48.172485 1.843427 240.710373 14 127 255
53.136768 1.858783 242.715546 180 119 31
56.737694 1.827791 238.668610 44 160 44
48.179127 1.896927 240.743561 14 127 255
53.151157 1.912984 242.781281 180 119 31
56.685009 1.880581 238.669037 44 160 44
56.737537 1.880573 238.667938 44 160 44
48.127621 1.950244 240.752258 14 127 255
53.176498 1.967618 242.897018 180 119 31
56.685524 1.933386 238.671188 44 160 44
48.131172 2.003640 240.770004 14 127 255
53.208778 2.022567 243.044464 180 119 31
56.685143 1.986161 238.669601 44 160 44
48.138870 2.057221 240.808533 14 127 255
53.240078 2.077544 243.187454 180 119 31
56.685715 2.038968 238.671997 44 160 44
48.150505 2.110991 240.866730 14 127 255
53.244183 2.131495 243.206207 180 119 31
56.691380 2.091965 238.695862 44 160 44
48.160427 2.164711 240.916367 14 127 255
53.162590 2.184143 243.079071 180 119 31
56.703484 2.145217 238.746826 44 160 44
48.165409 2.218225 240.941284 14 127 255
53.146652 2.237235 243.006210 180 119 31
56.717079 2.198548 238.804062 44 160 44
48.168694 2.271669 240.957703 14 127 255
53.146141 2.290960 243.003876 180 119 31
56.673073 2.251715 238.841187 44 160 44
56.722298 2.251572 238.826035 44 160 44
48.175453 2.325289 240.991531 14 127 255
53.141930 2.344520 242.984604 180 119 31
56.676384 2.304675 238.855148 44 160 44
48.180370 2.378833 241.016129 14 127 255
48.238396 2.379065 241.039703 14 127 255
53.144745 2.398389 242.997482 180 119 31
56.677845 2.357564 238.861298 44 160 44
48.241325 2.432524 241.054337 14 127 255
53.154350 2.452576 243.041397 180 119 31
56.682243 2.410581 238.879837 44 160 44
48.237858 2.485661 241.037018 14 127 255
53.159790 2.506587 243.066269 180 119 31
56.692822 2.463875 238.924423 44 160 44
48.227097 2.538405 240.983246 14 127 255
53.158310 2.560276 243.059494 180 119 31
56.706589 2.517330 238.982437 44 160 44
48.221439 2.591401 240.954987 14 127 255
53.155041 2.613873 243.044540 180 119 31
56.713085 2.570481 239.009811 44 160 44
48.224121 2.644840 240.968369 14 127 255
53.157307 2.667742 243.054916 180 119 31
56.651440 2.622937 238.972778 44 160 44
48.232990 2.698632 241.012680 14 127 255
53.107929 2.721724 243.074966 180 119 31
56.635235 2.675026 238.904404 44 160 44
48.244644 2.752603 241.070923 14 127 255
53.121880 2.776214 243.138809 180 119 31
56.625103 2.727377 238.861664 44 160 44
48.253639 2.806445 241.115875 14 127 255
53.131458 2.830501 243.182648 180 119 31
56.629646 2.780430 238.880844 44 160 44
48.257305 2.859990 241.134201 14 127 255
53.133263 2.884384 243.190918 180 119 31
56.640598 2.833812 238.927032 44 160 44
48.204063 2.913328 241.134644 14 127 255
53.147396 2.938953 243.255600 180 119 31
56.654263 2.887353 238.984680 44 160 44
48.202915 2.966590 241.128906 14 127 255
53.168507 2.993943 243.352219 180 119 31
56.611046 2.940711 239.025391 44 160 44
48.195904 3.019482 241.093826 14 127 255
53.135429 3.048957 243.447281 180 119 31
56.614624 2.993766 239.040482 44 160 44
48.183945 3.072043 241.034012 14 127 255
53.138466 3.102978 243.461182 180 119 31
56.615494 3.046682 239.044159 44 160 44
48.178707 3.125014 241.007797 14 127 255
53.138496 3.156827 243.461319 180 119 31
56.616489 3.099607 239.048370 44 160 44
48.185837 3.178789 241.043457 14 127 255
53.138630 3.210683 243.461945 180 119 31
56.617229 3.152519 239.051498 44 160 44
48.196522 3.232818 241.096924 14 127 255
48.244759 3.232477 241.071503 14 127 255
53.138962 3.264550 243.463455 180 119 31
56.615265 3.205280 239.043198 44 160 44
48.202660 3.286561 241.127609 14 127 255
53.085159 3.318401 243.463669 180 119 31
56.612503 3.257991 239.031525 44 160 44
48.204514 3.340020 241.136902 14 127 255
53.085056 3.372242 243.463196 180 119 31
56.613056 3.310891 239.033875 44 160 44
48.098007 3.393365 241.137695 14 127 255
48.151310 3.393362 241.137543 14 127 255
48.204567 3.393357 241.137177 14 127 255
53.087727 3.426262 243.475449 180 119 31
56.562023 3.363868 239.041626 44 160 44
56.614063 3.363819 239.038132 44 160 44
47.993668 3.446865 241.149384 14 127 255
48.044941 3.446717 241.139053 14 127 255
53.097202 3.480733 243.518890 180 119 31
56.562710 3.416779 239.044525 44 160 44
47.952217 3.501069 241.209183 14 127 255
53.107315 3.535267 243.565292 180 119 31
56.562878 3.469660 239.045242 44 160 44
47.964008 3.555292 241.268478 14 127 255
53.052734 3.589089 243.562027 180 119 31
53.105938 3.589044 243.558960 180 119 31
56.563095 3.522544 239.046158 44 160 44
47.919044 3.609286 241.310776 14 127 255
53.062958 3.643660 243.608948 180 119 31
56.564110 3.575479 239.050446 44 160 44
47.922302 3.662907 241.327179 14 127 255
53.070812 3.698087 243.645004 180 119 31
56.568588 3.628637 239.069366 44 160 44
47.922852 3.716325 241.329941 14 127 255
53.065132 3.751574 243.618942 180 119 31
56.579159 3.682201 239.114044 44 160 44
47.869350 3.769691 241.329315 14 127 255
47.922810 3.769697 241.329727 14 127 255
53.053902 3.804650 243.567368 180 119 31
56.540150 3.736004 239.172745 44 160 44
56.586124 3.735547 239.143494 44 160 44
47.869213 3.823056 241.328629 14 127 255
53.046509 3.857983 243.533432 180 119 31
56.550312 3.789583 239.215729 44 160 44
47.869194 3.876429 241.328537 14 127 255
53.050526 3.912143 243.551880 180 119 31
56.553967 3.842740 239.231186 44 160 44
47.869488 3.929829 241.330017 14 127 255
53.055790 3.966403 243.576035 180 119 31
56.554249 3.895671 239.232391 44 160 44
47.869614 3.983215 241.330643 14 127 255
53.012337 4.021066 243.623932 180 119 31
53.061485 4.020708 243.602188 180 119 31
56.554531 3.948603 239.233582 44 160 44
47.815369 4.036518 241.326263 14 127 255
53.015915 4.075224 243.640381 180 119 31
56.554726 4.001528 239.234390 44 160 44
47.805771 4.089072 241.277832 14 127 255
53.010551 4.128694 243.615723 180 119 31
56.555004 4.054461 239.235580 44 160 44
47.799416 4.141885 241.245743 14 127 255
52.991947 4.181107 243.530228 180 119 31
56.502552 4.107407 239.237534 44 160 44
47.802570 4.195519 241.261673 14 127 255
52.982254 4.234195 243.485687 180 119 31
56.502541 4.160319 239.237488 44 160 44
47.810440 4.249579 241.301376 14 127 255
52.978374 4.287734 243.467850 180 119 31
56.500404 4.213073 239.228439 44 160 44
47.815090 4.303368 241.324860 14 127 255
52.978065 4.341557 243.466431 180 119 31
56.498474 4.265838 239.220276 44 160 44
47.816212 4.356844 241.330505 14 127 255
52.979195 4.395499 243.471634 180 119 31
56.499874 4.318854 239.226181 44 160 44
47.816238 4.410223 241.330658 14 127 255
52.932041 4.449911 243.502426 180 119 31
52.981712 4.449560 243.483185 180 119 31
56.503151 4.372018 239.240067 44 160 44
47.816208 4.463596 241.330490 14 127 255
52.945229 4.504889 243.563095 180 119 31
56.506641 4.425205 239.254852 44 160 44
47.763966 4.517079 241.336212 14 127 255
47.816483 4.516998 241.331894 14 127 255
52.964279 4.560400 243.650726 180 119 31
56.518440 4.479057 239.304794 44 160 44
47.769028 4.570940 241.361801 14 127 255
52.990097 4.616538 243.769501 180 119 31
56.480145 4.533159 239.366806 44 160 44
56.525791 4.532574 239.335922 44 160 44
47.779373 4.625325 241.414078 14 127 255
53.018093 4.672921 243.898285 180 119 31
56.493176 4.587159 239.422043 44 160 44
47.790848 4.679843 241.472046 14 127 255
53.038216 4.728659 243.990860 180 119 31
56.506161 4.641179 239.477081 44 160 44
47.797894 4.733948 241.507660 14 127 255
53.047100 4.783424 244.031723 180 119 31
56.520683 4.695352 239.538620 44 160 44
47.799419 4.787516 241.515366 14 127 255
47.853321 4.787564 241.517807 14 127 255
53.049698 4.837634 244.043671 180 119 31
56.532078 4.749289 239.586914 44 160 44
47.850464 4.840693 241.503387 14 127 255
53.051399 4.891767 244.051498 180 119 31
56.537239 4.802717 239.608795 44 160 44
47.832615 4.892282 241.413315 14 127 255
53.051704 4.945774 244.052917 180 119 31
56.538429 4.855814 239.613831 44 160 44
47.826241 4.945016 241.381134 14 127 255
53.045589 4.999175 244.024765 180 119 31
56.538418 4.908810 239.613785 44 160 44
47.821148 4.997871 241.355423 14 127 255
53.023968 5.051087 243.925323 180 119 31
56.538212 4.961788 239.612900 44 160 44
47.827221 5.051894 241.386078 14 127 255
52.960342 5.104105 243.880753 180 119 31
53.017826 5.104446 243.897064 180 119 31
56.538033 5.014768 239.612137 44 160 44
47.844162 5.107090 241.471573 14 127 255
52.962418 5.158247 243.890305 180 119 31
56.484951 5.067756 239.611786 44 160 44
47.851311 5.161269 241.507660 14 127 255
52.973782 5.213307 243.942642 180 119 31
56.484970 5.120754 239.611862 44 160 44
47.853676 5.214942 241.519592 14 127 255
52.986565 5.268532 244.001511 180 119 31
56.485054 5.173758 239.612228 44 160 44
47.854870 5.268491 241.525620 14 127 255
52.994289 5.323275 244.037094 180 119 31
56.485165 5.226763 239.612686 44 160 44
47.859612 5.322437 241.549561 14 127 255
52.996773 5.377501 244.048508 180 119 31
56.485252 5.279768 239.613068 44 160 44
47.869747 5.377000 241.600723 14 127 255
52.997341 5.431536 244.051132 180 119 31
56.485275 5.332766 239.613144 44 160 44
47.885998 5.432279 241.682724 14 127 255
52.998833 5.485668 244.057999 180 119 31
56.485180 5.385753 239.612762 44 160 44
47.891022 5.486309 241.708084 14 127 255
53.004471 5.540236 244.083969 180 119 31
56.431942 5.438725 239.611725 44 160 44
47.892513 5.539941 241.715622 14 127 255
53.015785 5.595416 244.136078 180 119 31
56.431568 5.491685 239.610138 44 160 44
47.892883 5.593445 241.717468 14 127 255
52.974731 5.650793 244.195740 180 119 31
53.022495 5.650127 244.166962 180 119 31
56.431526 5.544676 239.609955 44 160 44
47.892914 5.646910 241.717621 14 127 255
52.983093 5.705703 244.234268 180 119 31
56.436550 5.598170 239.631302 44 160 44
47.894852 5.700602 241.727402 14 127 255
52.985481 5.759981 244.245285 180 119 31
56.394135 5.652231 239.676285 44 160 44
47.901726 5.754892 241.762115 14 127 255
52.985413 5.813993 244.244965 180 119 31
56.408001 5.706644 239.735214 44 160 44
47.913383 5.809776 241.820938 14 127 255
52.985962 5.868075 244.247498 180 119 31
56.418324 5.760721 239.779083 44 160 44
47.872177 5.864765 241.882980 14 127 255
52.986904 5.922202 244.251846 180 119 31
56.422562 5.814190 239.797089 44 160 44
47.883286 5.919637 241.939102 14 127 255
52.985683 5.976086 244.246216 180 119 31
56.423534 5.867328 239.801224 44 160 44
47.894966 5.974605 241.998138 14 127 255
52.982147 6.029704 244.229919 180 119 31
56.370682 5.920385 239.802017 44 160 44
56.423901 5.920404 239.802780 44 160 44
47.900108 6.028775 242.024124 14 127 255
52.927052 6.083597 244.224945 180 119 31
52.981033 6.083593 244.224792 180 119 31
56.424309 5.973485 239.804520 44 160 44
47.893360 6.081447 241.990005 14 127 255
52.929489 6.137896 244.236191 180 119 31
56.425411 6.026641 239.809204 44 160 44
47.882767 6.133613 241.936493 14 127 255
52.931591 6.192161 244.245880 180 119 31
56.427002 6.079853 239.815964 44 160 44
47.877377 6.186426 241.909256 14 127 255
52.932240 6.246258 244.248886 180 119 31
56.434521 6.133711 239.847931 44 160 44
47.824131 6.239964 241.910568 14 127 255
52.933540 6.300434 244.254868 180 119 31
56.447346 6.188164 239.902420 44 160 44
47.825348 6.293628 241.916718 14 127 255
52.939011 6.355113 244.280121 180 119 31
56.404095 6.242310 239.944153 44 160 44
56.453377 6.241891 239.928055 44 160 44
47.830544 6.347823 241.943008 14 127 255
52.950287 6.410507 244.332169 180 119 31
56.401932 6.295138 239.934952 44 160 44
47.840893 6.402719 241.995346 14 127 255
52.909271 6.466138 244.392319 180 119 31
52.957024 6.465369 244.363235 180 119 31
56.394035 6.347317 239.901367 44 160 44
47.852371 6.457791 242.053406 14 127 255
52.917801 6.521243 244.431702 180 119 31
56.395390 6.400530 239.907135 44 160 44
47.859653 6.512318 242.090256 14 127 255
52.920338 6.575619 244.443420 180 119 31
56.404713 6.454658 239.946777 44 160 44
47.861710 6.566144 242.100632 14 127 255
52.920170 6.629663 244.442657 180 119 31
56.409084 6.508232 239.965378 44 160 44
56.466106 6.508687 239.982162 44 160 44
47.861431 6.619651 242.099228 14 127 255
52.920364 6.683752 244.443558 180 119 31
56.476528 6.562976 240.026443 44 160 44
47.807854 6.673193 242.099091 14 127 255
56.484154 6.616957 240.058868 44 160 44
47.808353 6.726810 242.101608 14 127 255
56.447392 6.671982 240.128342 44 160 44
47.808819 6.780422 242.103973 14 127 255
56.455482 6.726056 240.162766 44 160 44
47.810417 6.834198 242.112061 14 127 255
56.432858 6.776457 240.066513 44 160 44
47.816334 6.888599 242.142014 14 127 255
56.420044 6.828003 240.012009 44 160 44
47.827286 6.943744 242.197479 14 127 255
56.415977 6.880591 239.994705 44 160 44
47.838284 6.998921 242.253174 14 127 255
56.417809 6.933897 240.002502 44 160 44
47.844402 7.053403 242.284164 14 127 255
56.420868 6.987358 240.015503 44 160 44
47.792587 7.107253 242.293137 14 127 255
47.845646 7.107175 242.290466 14 127 255
56.378777 7.041816 240.062317 44 160 44
56.425621 7.041036 240.035721 44 160 44
47.792782 7.160872 242.294128 14 127 255
56.392696 7.096663 240.121582 44 160 44
47.792828 7.214467 242.294357 14 127 255
56.403091 7.151090 240.165863 44 160 44
47.792938 7.268074 242.294922 14 127 255
56.410286 7.205127 240.196487 44 160 44
47.793251 7.321710 242.296494 14 127 255
56.420410 7.259554 240.239594 44 160 44
47.795208 7.375602 242.306442 14 127 255
56.440201 7.315255 240.323868 44 160 44
47.801727 7.430207 242.339478 14 127 255
56.390476 7.368856 240.338486 44 160 44
56.443684 7.368862 240.338684 44 160 44
47.759296 7.485557 242.396164 14 127 255
56.377712 7.420332 240.284073 44 160 44
47.769840 7.540833 242.449677 14 127 255
56.382820 7.474154 240.305847 44 160 44
47.775532 7.595361 242.478561 14 127 255
56.392078 7.528539 240.345306 44 160 44
47.777485 7.649303 242.488464 14 127 255
56.393295 7.581861 240.350494 44 160 44
47.777802 7.702987 242.490082 14 127 255
56.395496 7.635318 240.359879 44 160 44
47.777611 7.756588 242.489105 14 127 255
56.399513 7.689027 240.376999 44 160 44
47.779446 7.810520 242.498428 14 127 255
56.404804 7.742918 240.399551 44 160 44
47.786484 7.865313 242.534149 14 127 255
56.361462 7.797448 240.441467 44 160 44
47.744186 7.920837 242.591782 14 127 255
47.791931 7.919858 242.561798 14 127 255
56.368137 7.851557 240.469955 44 160 44
47.753021 7.975967 242.636673 14 127 255
56.381001 7.906546 240.524826 44 160 44
47.751301 8.029344 242.627945 14 127 255
56.388477 7.960800 240.556717 44 160 44
47.740501 8.081178 242.573059 14 127 255
56.390213 8.014251 240.564133 44 160 44
47.734638 8.133830 242.543289 14 127 255
56.389820 8.067401 240.562439 44 160 44
47.688095 8.188693 242.579407 14 127 255
47.736813 8.187846 242.554321 14 127 255
56.390144 8.120654 240.563828 44 160 44
47.699875 8.244381 242.639313 14 127 255
56.395977 8.174706 240.588715 44 160 44
47.706661 8.299228 242.673843 14 127 255
56.350105 8.228990 240.620056 44 160 44
56.399750 8.228468 240.604813 44 160 44
47.708221 8.353173 242.681778 14 127 255
56.351505 8.282414 240.626038 44 160 44
47.709126 8.407007 242.686371 14 127 255
56.344444 8.334590 240.595886 44 160 44
47.714050 8.461556 242.711426 14 127 255
56.336613 8.386638 240.562439 44 160 44
47.670883 8.517117 242.764969 14 127 255
56.336723 8.439860 240.562927 44 160 44
47.683346 8.573050 242.828430 14 127 255
56.283730 8.493098 240.563828 44 160 44
47.690598 8.628069 242.865356 14 127 255
56.283749 8.546307 240.563904 44 160 44
47.688053 8.681321 242.852402 14 127 255
56.283688 8.599504 240.563644 44 160 44
47.676357 8.732891 242.792847 14 127 255
56.283848 8.652736 240.564331 44 160 44
47.659798 8.783539 242.708511 14 127 255
56.285362 8.706176 240.570801 44 160 44
47.661308 8.837500 242.716217 14 127 255
56.237995 8.760294 240.595795 44 160 44
47.617306 8.892990 242.765564 14 127 255
47.665558 8.891974 242.737839 14 127 255
56.249920 8.815375 240.646790 44 160 44
47.628513 8.948790 242.822708 14 127 255
56.263317 8.870712 240.704117 44 160 44
47.635277 9.003774 242.857193 14 127 255
56.271671 8.925275 240.739868 44 160 44
47.639652 9.058319 242.879486 14 127 255
56.274590 8.978986 240.752335 44 160 44
47.639076 9.111927 242.876556 14 127 255
56.275333 9.032353 240.755524 44 160 44
47.636711 9.165191 242.864502 14 127 255
56.276722 9.085826 240.761459 44 160 44
47.568386 9.216075 242.789932 14 127 255
56.229183 9.140005 240.785919 44 160 44
56.278793 9.139413 240.770325 44 160 44
47.566978 9.269499 242.782730 14 127 255
56.241165 9.195219 240.837234 44 160 44
47.575260 9.324820 242.825012 14 127 255
56.254646 9.250703 240.894958 44 160 44
47.587761 9.380990 242.888809 14 127 255
56.263111 9.305383 240.931213 44 160 44
47.603703 9.437872 242.970184 14 127 255
56.265995 9.359150 240.943558 44 160 44
47.628662 9.496587 243.097580 14 127 255
56.266479 9.412521 240.945633 44 160 44
47.635761 9.551777 243.133804 14 127 255
56.266582 9.465829 240.946075 44 160 44
47.645752 9.607566 243.184799 14 127 255
56.266853 9.519166 240.947235 44 160 44
47.590759 9.661107 243.178635 14 127 255
47.646725 9.661550 243.189758 14 127 255
56.215179 9.572733 240.954163 44 160 44
47.582752 9.713257 243.137711 14 127 255
56.221252 9.627066 240.980194 44 160 44
47.582825 9.767048 243.138092 14 127 255
56.233356 9.682448 241.032089 44 160 44
47.593121 9.822948 243.190704 14 127 255
56.246731 9.738073 241.089401 44 160 44
47.603020 9.878791 243.241287 14 127 255
56.255043 9.792843 241.125031 44 160 44
47.607094 9.933439 243.262100 14 127 255
56.257778 9.846652 241.136749 44 160 44
47.553890 9.987368 243.265167 14 127 255
47.607609 9.987350 243.264740 14 127 255
56.259323 9.900257 241.143372 44 160 44
47.553947 10.041183 243.265457 14 127 255
56.265228 9.954637 241.168686 44 160 44
47.554195 10.095040 243.266739 14 127 255
56.277386 10.010139 241.220810 44 160 44
47.554581 10.148927 243.268707 14 127 255
56.290810 10.065891 241.278351 44 160 44
47.556149 10.203068 243.276733 14 127 255
56.245934 10.120783 241.314758 44 160 44
47.561695 10.258070 243.305099 14 127 255
56.248871 10.174686 241.327362 44 160 44
47.572315 10.314185 243.359421 14 127 255
56.249237 10.228128 241.328934 44 160 44
47.578278 10.369309 243.389923 14 127 255
56.249287 10.281513 241.329147 44 160 44
47.533726 10.425177 243.437454 14 127 255
56.249577 10.334942 241.330399 44 160 44
47.537636 10.479879 243.457458 14 127 255
56.249840 10.388366 241.331512 44 160 44
47.538414 10.533898 243.461456 14 127 255
56.251297 10.442013 241.337769 44 160 44
47.538544 10.587775 243.462128 14 127 255
56.257683 10.496582 241.365173 44 160 44
47.538685 10.641654 243.462860 14 127 255
56.216862 10.552323 241.419113 44 160 44
47.540417 10.695891 243.471725 14 127 255
56.230072 10.608212 241.475845 44 160 44
47.546192 10.751046 243.501297 14 127 255
56.237854 10.663095 241.509262 44 160 44
47.551163 10.806032 243.526749 14 127 255
56.240372 10.716990 241.520081 44 160 44
47.509159 10.862605 243.587555 14 127 255
56.240849 10.770499 241.522125 44 160 44
47.518341 10.918591 243.634628 14 127 255
56.241177 10.823980 241.523529 44 160 44
47.524090 10.973804 243.664108 14 127 255
56.242935 10.877740 241.531097 44 160 44
47.529209 11.028883 243.690353 14 127 255
56.195667 10.932357 241.557541 44 160 44
56.245277 10.931615 241.541138 44 160 44
47.539360 11.085148 243.742386 14 127 255
56.207584 10.988112 241.608765 44 160 44
47.550610 11.141693 243.800064 14 127 255
56.220978 11.044181 241.666336 44 160 44
47.500118 11.196424 243.817673 14 127 255
56.229557 11.099324 241.703217 44 160 44
47.498184 11.249891 243.807755 14 127 255
56.230915 11.153052 241.709045 44 160 44
47.473873 11.298030 243.682968 14 127 255
56.223621 11.205058 241.677704 44 160 44
47.470333 11.351079 243.664780 14 127 255
56.208332 11.255449 241.611969 44 160 44
47.474796 11.406044 243.687698 14 127 255
56.192104 11.305623 241.542221 44 160 44
47.431358 11.462469 243.741455 14 127 255
56.142799 11.359879 241.559937 44 160 44
56.192818 11.359189 241.545273 44 160 44
47.443073 11.519222 243.801651 14 127 255
56.154976 11.415780 241.612320 44 160 44
47.450550 11.574969 243.840073 14 127 255
56.168201 11.471920 241.669220 44 160 44
47.453083 11.629520 243.853088 14 127 255
56.175831 11.526937 241.702057 44 160 44
47.454227 11.683737 243.858978 14 127 255
56.178001 11.580842 241.711395 44 160 44
47.404266 11.738656 243.879425 14 127 255
47.455620 11.738016 243.866135 14 127 255
56.178478 11.634400 241.713455 44 160 44
47.413605 11.794918 243.927460 14 127 255
56.179008 11.687971 241.715729 44 160 44
47.425434 11.851825 243.988312 14 127 255
56.179474 11.741529 241.717728 44 160 44
47.433762 11.907879 244.031158 14 127 255
56.181328 11.795381 241.725708 44 160 44
47.436947 11.962655 244.047546 14 127 255
56.134869 11.850323 241.755859 44 160 44
56.183990 11.849405 241.737167 44 160 44
47.437729 12.016830 244.051559 14 127 255
56.147602 11.906493 241.810715 44 160 44
47.438717 12.071059 244.056656 14 127 255
56.160145 11.962646 241.864731 44 160 44
47.442535 12.126014 244.076294 14 127 255
56.167137 12.017637 241.894836 44 160 44
47.451504 12.182301 244.122437 14 127 255
56.169586 12.071665 241.905396 44 160 44
47.409218 12.239316 244.182739 14 127 255
47.457371 12.237807 244.152634 14 127 255
56.170658 12.125399 241.910004 44 160 44
47.417660 12.295511 244.226212 14 127 255
56.170635 12.178897 241.909897 44 160 44
47.421539 12.350539 244.246216 14 127 255
56.167583 12.231737 241.896759 44 160 44
47.425362 12.405559 244.265884 14 127 255
56.164719 12.284612 241.884430 44 160 44
47.431519 12.461202 244.297592 14 127 255
56.117203 12.339426 241.910217 44 160 44
56.166279 12.338452 241.891144 44 160 44
47.434189 12.515939 244.311356 14 127 255
56.132019 12.396202 241.974091 44 160 44
47.431149 12.569168 244.295685 14 127 255
56.148125 12.453292 242.043503 44 160 44
47.432362 12.623523 244.301941 14 127 255
56.160927 12.509678 242.098709 44 160 44
47.388302 12.680224 244.353363 14 127 255
56.174988 12.566368 242.159302 44 160 44
47.399487 12.737275 244.411041 14 127 255
56.190193 12.623343 242.224869 44 160 44
56.196175 12.678267 242.250656 44 160 44
56.133530 12.729790 242.211533 44 160 44
56.193249 12.731183 242.238037 44 160 44
56.119148 12.780087 242.149490 44 160 44
56.114811 12.832651 242.130753 44 160 44
56.116310 12.886548 242.137222 44 160 44
56.128201 12.942844 242.188538 44 160 44
56.146507 13.000649 242.267532 44 160 44
56.151585 13.055413 242.289429 44 160 44
56.153244 13.109388 242.296600 44 160 44
56.156219 13.163675 242.309433 44 160 44
56.110855 13.219206 242.344971 44 160 44
56.117149 13.274296 242.372162 44 160 44
56.136589 13.332519 242.456116 44 160 44
56.142944 13.387659 242.483566 44 160 44
56.090412 13.441553 242.488327 44 160 44
56.143902 13.441519 242.487701 44 160 44
56.090210 13.495136 242.487442 44 160 44
56.090935 13.548944 242.490585 44 160 44
56.043858 13.604167 242.518936 44 160 44
56.055481 13.660639 242.569244 44 160 44
56.068565 13.717489 242.625854 44 160 44
56.072388 13.772091 242.642395 44 160 44
56.011570 13.823992 242.611435 44 160 44
56.069538 13.825054 242.630066 44 160 44
56.007286 13.876590 242.592865 44 160 44
56.013912 13.931893 242.621582 44 160 44
56.022869 13.987790 242.660355 44 160 44
56.027283 14.042567 242.679489 44 160 44
56.029247 14.096736 242.687988 44 160 44
55.979813 14.151484 242.706375 44 160 44
56.030796 14.150803 242.694702 44 160 44
55.989826 14.207705 242.749802 44 160 44
56.003586 14.264899 242.809448 44 160 44
56.013996 14.321264 242.854584 44 160 44
56.018272 14.376075 242.873138 44 160 44
56.019768 14.430178 242.879623 44 160 44
56.023483 14.484857 242.895721 44 160 44
56.033211 14.541102 242.937897 44 160 44
55.993294 14.598435 242.997849 44 160 44
56.040024 14.596609 242.967438 44 160 44
56.004185 14.655031 243.045120 44 160 44
56.008904 14.710025 243.065598 44 160 44
56.010048 14.764086 243.070557 44 160 44
56.010429 14.817948 243.072220 44 160 44
55.957619 14.871962 243.076340 44 160 44
56.010738 14.871791 243.073547 44 160 44
55.961555 14.926774 243.093445 44 160 44
55.971416 14.983179 243.136276 44 160 44
55.991592 15.042375 243.223923 44 160 44
55.996330 15.097447 243.244507 44 160 44
55.947113 15.152487 243.264420 44 160 44
55.999363 15.152066 243.257675 44 160 44
55.948032 15.206541 243.268417 44 160 44
55.950916 15.261131 243.280960 44 160 44
55.967487 15.319475 243.353012 44 160 44
55.981899 15.377256 243.415680 44 160 44
55.989170 15.433098 243.447296 44 160 44
55.929550 15.485344 243.422165 44 160 44
55.987995 15.486617 243.442184 44 160 44
55.914501 15.535001 243.356659 44 160 44
55.906868 15.586697 243.323441 44 160 44
55.928944 15.646689 243.419510 44 160 44
55.953968 15.707552 243.528442 44 160 44
55.971592 15.766378 243.605133 44 160 44
55.980106 15.822663 243.642197 44 160 44
55.929020 15.877346 243.654388 44 160 44
55.981976 15.877081 243.650314 44 160 44
55.928623 15.931123 243.652664 44 160 44
55.923431 15.983529 243.630051 44 160 44
55.912373 16.034241 243.581863 44 160 44
55.902462 16.085264 243.538696 44 160 44
55.902618 16.139174 243.539368 44 160 44
55.911831 16.195705 243.579498 44 160 44
55.869560 16.252954 243.630096 44 160 44
55.917778 16.251308 243.605423 44 160 44
55.877636 16.309196 243.665329 44 160 44
55.879704 16.363693 243.674332 44 160 44
55.880470 16.417814 243.677689 44 160 44
55.892445 16.475239 243.729889 44 160 44
55.920383 16.537407 243.851730 44 160 44
55.949532 16.599989 243.978836 44 160 44
55.910908 16.658522 244.045792 44 160 44
55.913567 16.713293 244.057388 44 160 44
55.903778 16.764336 244.014664 44 160 44
55.903931 16.818352 244.015335 44 160 44
55.901314 16.871531 244.003906 44 160 44
55.917793 16.930489 244.075836 44 160 44
55.922913 16.986027 244.098190 44 160 44
55.934074 17.043415 244.146912 44 160 44
55.950703 17.102497 244.219482 44 160 44
55.960075 17.159386 244.260391 44 160 44
55.992584 17.223410 244.402283 44 160 44
56.000778 17.279993 244.438049 44 160 44
56.002106 17.334467 244.443863 44 160 44
56.001896 17.388466 244.442932 44 160 44
55.998478 17.441465 244.428009 44 160 44
55.977753 17.489052 244.337555 44 160 44
55.959984 17.537525 244.259995 44 160 44
55.960743 17.591787 244.263306 44 160 44
55.969463 17.648561 244.301361 44 160 44
55.928963 17.706879 244.360504 44 160 44
55.940720 17.764658 244.411865 44 160 44
55.893333 17.820843 244.441040 44 160 44
55.944305 17.819859 244.427536 44 160 44
55.893856 17.875074 244.443329 44 160 44
55.785946 17.929209 244.444290 44 160 44
55.839916 17.929178 244.443863 44 160 44
59.887172 -47.515220 232.617176 31 119 180
59.760937 -45.739336 232.617176 31 119 180
59.634701 -43.963451 232.617176 31 119 180
59.508466 -42.187566 232.617176 31 119 180
59.382230 -40.411681 232.617176 31 119 180
59.255994 -38.635797 232.617176 31 119 180
59.129759 -36.859912 232.617176 31 119 180
59.003523 -35.084027 232.617176 31 119 180
58.877287 -33.308143 232.617176 31 119 180
58.751052 -31.532258 232.617176 31 119 180
58.624816 -29.756373 232.617176 31 119 180
58.498581 -27.980488 232.617176 31 119 180
58.372345 -26.204604 232.617176 31 119 180
58.246109 -24.428719 232.617176 31 119 180
58.119874 -22.652834 232.617176 31 119 180
57.993638 -20.876950 232.617176 31 119 180
57.867402 -19.101065 232.617176 31 119 180
57.741167 -17.325180 232.617176 31 119 180
57.614931 -15.549296 232.617176 31 119 180
57.488696 -13.773411 232.617176 31 119 180
57.362460 -11.997526 232.617176 31 119 180
57.236224 -10.221641 232.617176 31 119 180
57.109989 -8.445757 232.617176 31 119 180
56.983753 -6.669872 232.617176 31 119 180
56.857517 -4.893987 232.617176 31 119 180
56.731282 -3.118103 232.617176 31 119 180
56.605046 -1.342218 232.617176 31 119 180
56.478811 0.433667 232.617176 31 119 180
56.352575 2.209552 232.617176 31 119 180
56.226339 3.985436 232.617176 31 119 180
56.100104 5.761321 232.617176 31 119 180
55.973868 7.537206 232.617176 31 119 180
55.847632 9.313090 232.617176 31 119 180
55.721397 11.088975 232.617176 31 119 180
55.595161 12.864860 232.617176 31 119 180
55.468926 14.640744 232.617176 31 119 180
55.342690 16.416629 232.617176 31 119 180
55.216454 18.192514 232.617176 31 119 180
55.090219 19.968399 232.617176 31 119 180
54.963983 21.744283 232.617176 31 119 180
59.906653 -47.515220 233.018258 31 119 180
59.780417 -45.739336 233.018258 31 119 180
59.654182 -43.963451 233.018258 31 119 180
59.527946 -42.187566 233.018258 31 119 180
59.401710 -40.411681 233.018258 31 119 180
59.275475 -38.635797 233.018258 31 119 180
59.149239 -36.859912 233.018258 31 119 180
59.023003 -35.084027 233.018258 31 119 180
58.896768 -33.308143 233.018258 31 119 180
58.770532 -31.532258 233.018258 31 119 180
58.644297 -29.756373 233.018258 31 119 180
58.518061 -27.980488 233.018258 31 119 180
58.391825 -26.204604 233.018258 31 119 180
58.265590 -24.428719 233.018258 31 119 180
58.139354 -22.652834 233.018258 31 119 180
58.013118 -20.876950 233.018258 31 119 180
57.886883 -19.101065 233.018258 31 119 180
57.760647 -17.325180 233.018258 31 119 180
57.634412 -15.549296 233.018258 31 119 180
57.508176 -13.773411 233.018258 31 119 180
57.381940 -11.997526 233.018258 31 119 180
57.255705 -10.221641 233.018258 31 119 180
57.129469 -8.445757 233.018258 31 119 180
57.003233 -6.669872 233.018258 31 119 180
56.876998 -4.893987 233.018258 31 119 180
56.750762 -3.118103 233.018258 31 119 180
56.624527 -1.342218 233.018258 31 119 180
56.498291 0.433667 233.018258 31 119 180
56.372055 2.209552 233.018258 31 119 180
56.245820 3.985436 233.018258 31 119 180
56.119584 5.761321 233.018258 31 119 180
55.993348 7.537206 233.018258 31 119 180
55.867113 9.313090 233.018258 31 119 180
55.740877 11.088975 233.018258 31 119 180
55.614642 12.864860 233.018258 31 119 180
55.488406 14.640744 233.018258 31 119 180
55.362170 16.416629 233.018258 31 119 180
55.235935 18.192514 233.018258 31 119 180
55.109699 19.968399 233.018258 31 119 180
54.983463 21.744283 233.018258 31 119 180
59.926133 -47.515220 233.419340 31 119 180
59.799898 -45.739336 233.419340 31 119 180
59.673662 -43.963451 233.419340 31 119 180
59.547426 -42.187566 233.419340 31 119 180
59.421191 -40.411681 233.419340 31 119 180
59.294955 -38.635797 233.419340 31 119 180
59.168719 -36.859912 233.419340 31 119 180
59.042484 -35.084027 233.419340 31 119 180
58.916248 -33.308143 233.419340 31 119 180
58.790013 -31.532258 233.419340 31 119 180
58.663777 -29.756373 233.419340 31 119 180
58.537541 -27.980488 233.419340 31 119 180
58.411306 -26.204604 233.419340 31 119 180
58.285070 -24.428719 233.419340 31 119 180
58.158834 -22.652834 233.419340 31 119 180
58.032599 -20.876950 233.419340 31 119 180
57.906363 -19.101065 233.419340 31 119 180
57.780128 -17.325180 233.419340 31 119 180
57.653892 -15.549296 233.419340 31 119 180
57.527656 -13.773411 233.419340 31 119 180
57.401421 -11.997526 233.419340 31 119 180
57.275185 -10.221641 233.419340 31 119 180
57.148949 -8.445757 233.419340 31 119 180
57.022714 -6.669872 233.419340 31 119 180
56.896478 -4.893987 233.419340 31 119 180
56.770243 -3.118103 233.419340 31 119 180
56.644007 -1.342218 233.419340 31 119 180
56.517771 0.433667 233.419340 31 119 180
56.391536 2.209552 233.419340 31 119 180
56.265300 3.985436 233.419340 31 119 180
56.139064 5.761321 233.419340 31 119 180
56.012829 7.537206 233.419340 31 119 180
55.886593 9.313090 233.419340 31 119 180
55.760358 11.088975 233.419340 31 119 180
55.634122 12.864860 233.419340 31 119 180
55.507886 14.640744 233.419340 31 119 180
55.381651 16.416629 233.419340 31 119 180
55.255415 18.192514 233.419340 31 119 180
55.129179 19.968399 233.419340 31 119 180
55.002944 21.744283 233.419340 31 119 180
59.945614 -47.515220 233.820422 31 119 180
59.819378 -45.739336 233.820422 31 119 180
59.693142 -43.963451 233.820422 31 119 180
59.566907 -42.187566 233.820422 31 119 180
59.440671 -40.411681 233.820422 31 119 180
59.314435 -38.635797 233.820422 31 119 180
59.188200 -36.859912 233.820422 31 119 180
59.061964 -35.084027 233.820422 31 119 180
58.935729 -33.308143 233.820422 31 119 180
58.809493 -31.532258 233.820422 31 119 180
58.683257 -29.756373 233.820422 31 119 180
58.557022 -27.980488 233.820422 31 119 180
58.430786 -26.204604 233.820422 31 119 180
58.304550 -24.428719 233.820422 31 119 180
58.178315 -22.652834 233.820422 31 119 180
58.052079 -20.876950 233.820422 31 119 180
57.925844 -19.101065 233.820422 31 119 180
57.799608 -17.325180 233.820422 31 119 180
57.673372 -15.549296 233.820422 31 119 180
57.547137 -13.773411 233.820422 31 119 180
57.420901 -11.997526 233.820422 31 119 180
57.294665 -10.221641 233.820422 31 119 180
57.168430 -8.445757 233.820422 31 119 180
57.042194 -6.669872 233.820422 31 119 180
56.915959 -4.893987 233.820422 31 119 180
56.789723 -3.118103 233.820422 31 119 180
56.663487 -1.342218 233.820422 31 119 180
56.537252 0.433667 233.820422 31 119 180
56.411016 2.209552 233.820422 31 119 180
56.284780 3.985436 233.820422 31 119 180
56.158545 5.761321 233.820422 31 119 180
56.032309 7.537206 233.820422 31 119 180
55.906074 9.313090 233.820422 31 119 180
55.779838 11.088975 233.820422 31 119 180
55.653602 12.864860 233.820422 31 119 180
55.527367 14.640744 233.820422 31 119 180
55.401131 16.416629 233.820422 31 119 180
55.274895 18.192514 233.820422 31 119 180
55.148660 19.968399 233.820422 31 119 180
55.022424 21.744283 233.820422 31 119 180
59.965094 -47.515220 234.221503 31 119 180
59.838858 -45.739336 234.221503 31 119 180
59.712623 -43.963451 234.221503 31 119 180
59.586387 -42.187566 234.221503 31 119 180
59.460151 -40.411681 234.221503 31 119 180
59.333916 -38.635797 234.221503 31 119 180
59.207680 -36.859912 234.221503 31 119 180
59.081445 -35.084027 234.221503 31 119 180
58.955209 -33.308143 234.221503 31 119 180
58.828973 -31.532258 234.221503 31 119 180
58.702738 -29.756373 234.221503 31 119 180
58.576502 -27.980488 234.221503 31 119 180
58.450266 -26.204604 234.221503 31 119 180
58.324031 -24.428719 234.221503 31 119 180
58.197795 -22.652834 234.221503 31 119 180
58.071560 -20.876950 234.221503 31 119 180
57.945324 -19.101065 234.221503 31 119 180
57.819088 -17.325180 234.221503 31 119 180
57.692853 -15.549296 234.221503 31 119 180
57.566617 -13.773411 234.221503 31 119 180
57.440381 -11.997526 234.221503 31 119 180
57.314146 -10.221641 234.221503 31 119 180
57.187910 -8.445757 234.221503 31 119 180
57.061675 -6.669872 234.221503 31 119 180
56.935439 -4.893987 234.221503 31 119 180
56.809203 -3.118103 234.221503 31 119 180
56.682968 -1.342218 234.221503 31 119 180
56.556732 0.433667 234.221503 31 119 180
56.430496 2.209552 234.221503 31 119 180
56.304261 3.985436 234.221503 31 119 180
56.178025 5.761321 234.221503 31 119 180
56.051790 7.537206 234.221503 31 119 180
55.925554 9.313090 234.221503 31 119 180
55.799318 11.088975 234.221503 31 119 180
55.673083 12.864860 234.221503 31 119 180
55.546847 14.640744 234.221503 31 119 180
55.420611 16.416629 234.221503 31 119 180
55.294376 18.192514 234.221503 31 119 180
55.168140 19.968399 234.221503 31 119 180
55.041905 21.744283 234.221503 31 119 180
59.984574 -47.515220 234.622585 31 119 180
59.858339 -45.739336 234.622585 31 119 180
59.732103 -43.963451 234.622585 31 119 180
59.605867 -42.187566 234.622585 31 119 180
59.479632 -40.411681 234.622585 31 119 180
59.353396 -38.635797 234.622585 31 119 180
59.227161 -36.859912 234.622585 31 119 180
59.100925 -35.084027 234.622585 31 119 180
58.974689 -33.308143 234.622585 31 119 180
58.848454 -31.532258 234.622585 31 119 180
58.722218 -29.756373 234.622585 31 119 180
58.595982 -27.980488 234.622585 31 119 180
58.469747 -26.204604 234.622585 31 119 180
58.343511 -24.428719 234.622585 31 119 180
58.217276 -22.652834 234.622585 31 119 180
58.091040 -20.876950 234.622585 31 119 180
57.964804 -19.101065 234.622585 31 119 180
57.838569 -17.325180 234.622585 31 119 180
57.712333 -15.549296 234.622585 31 119 180
57.586097 -13.773411 234.622585 31 119 180
57.459862 -11.997526 234.622585 31 119 180
57.333626 -10.221641 234.622585 31 119 180
57.207391 -8.445757 234.622585 31 119 180
57.081155 -6.669872 234.622585 31 119 180
56.954919 -4.893987 234.622585 31 119 180
56.828684 -3.118103 234.622585 31 119 180
56.702448 -1.342218 234.622585 31 119 180
56.576212 0.433667 234.622585 31 119 180
56.449977 2.209552 234.622585 31 119 180
56.323741 3.985436 234.622585 31 119 180
56.197506 5.761321 234.622585 31 119 180
56.071270 7.537206 234.622585 31 119 180
55.945034 9.313090 234.622585 31 119 180
55.818799 11.088975 234.622585 31 119 180
55.692563 12.864860 234.622585 31 119 180
55.566327 14.640744 234.622585 31 119 180
55.440092 16.416629 234.622585 31 119 180
55.313856 18.192514 234.622585 31 119 180
55.187621 19.968399 234.622585 31 119 180
55.061385 21.744283 234.622585 31 119 180
60.004055 -47.515220 235.023667 31 119 180
59.877819 -45.739336 235.023667 31 119 180
59.751583 -43.963451 235.023667 31 119 180
59.625348 -42.187566 235.023667 31 119 180
59.499112 -40.411681 235.023667 31 119 180
59.372877 -38.635797 235.023667 31 119 180
59.246641 -36.859912 235.023667 31 119 180
59.120405 -35.084027 235.023667 31 119 180
58.994170 -33.308143 235.023667 31 119 180
58.867934 -31.532258 235.023667 31 119 180
58.741698 -29.756373 235.023667 31 119 180
58.615463 -27.980488 235.023667 31 119 180
58.489227 -26.204604 235.023667 31 119 180
58.362992 -24.428719 235.023667 31 119 180
58.236756 -22.652834 235.023667 31 119 180
58.110520 -20.876950 235.023667 31 119 180
57.984285 -19.101065 235.023667 31 119 180
57.858049 -17.325180 235.023667 31 119 180
57.731813 -15.549296 235.023667 31 119 180
57.605578 -13.773411 235.023667 31 119 180
57.479342 -11.997526 235.023667 31 119 180
57.353107 -10.221641 235.023667 31 119 180
57.226871 -8.445757 235.023667 31 119 180
57.100635 -6.669872 235.023667 31 119 180
56.974400 -4.893987 235.023667 31 119 180
56.848164 -3.118103 235.023667 31 119 180
56.721928 -1.342218 235.023667 31 119 180
56.595693 0.433667 235.023667 31 119 180
56.469457 2.209552 235.023667 31 119 180
56.343222 3.985436 235.023667 31 119 180
56.216986 5.761321 235.023667 31 119 180
56.090750 7.537206 235.023667 31 119 180
55.964515 9.313090 235.023667 31 119 180
55.838279 11.088975 235.023667 31 119 180
55.712043 12.864860 235.023667 31 119 180
55.585808 14.640744 235.023667 31 119 180
55.459572 16.416629 235.023667 31 119 180
55.333337 18.192514 235.023667 31 119 180
55.207101 19.968399 235.023667 31 119 180
55.080865 21.744283 235.023667 31 119 180
60.023535 -47.515220 235.424749 31 119 180
59.897299 -45.739336 235.424749 31 119 180
59.771064 -43.963451 235.424749 31 119 180
59.644828 -42.187566 235.424749 31 119 180
59.518593 -40.411681 235.424749 31 119 180
59.392357 -38.635797 235.424749 31 119 180
59.266121 -36.859912 235.424749 31 119 180
59.139886 -35.084027 235.424749 31 119 180
59.013650 -33.308143 235.424749 31 119 180
58.887414 -31.532258 235.424749 31 119 180
58.761179 -29.756373 235.424749 31 119 180
58.634943 -27.980488 235.424749 31 119 180
58.508708 -26.204604 235.424749 31 119 180
58.382472 -24.428719 235.424749 31 119 180
58.256236 -22.652834 235.424749 31 119 180
58.130001 -20.876950 235.424749 31 119 180
58.003765 -19.101065 235.424749 31 119 180
57.877529 -17.325180 235.424749 31 119 180
57.751294 -15.549296 235.424749 31 119 180
57.625058 -13.773411 235.424749 31 119 180
57.498823 -11.997526 235.424749 31 119 180
57.372587 -10.221641 235.424749 31 119 180
57.246351 -8.445757 235.424749 31 119 180
57.120116 -6.669872 235.424749 31 119 180
56.993880 -4.893987 235.424749 31 119 180
56.867644 -3.118103 235.424749 31 119 180
56.741409 -1.342218 235.424749 31 119 180
56.615173 0.433667 235.424749 31 119 180
56.488938 2.209552 235.424749 31 119 180
56.362702 3.985436 235.424749 31 119 180
56.236466 5.761321 235.424749 31 119 180
56.110231 7.537206 235.424749 31 119 180
55.983995 9.313090 235.424749 31 119 180
55.857759 11.088975 235.424749 31 119 180
55.731524 12.864860 235.424749 31 119 180
55.605288 14.640744 235.424749 31 119 180
55.479053 16.416629 235.424749 31 119 180
55.352817 18.192514 235.424749 31 119 180
55.226581 19.968399 235.424749 31 119 180
55.100346 21.744283 235.424749 31 119 180
60.043015 -47.515220 235.825830 31 119 180
59.916780 -45.739336 235.825830 31 119 180
59.790544 -43.963451 235.825830 31 119 180
59.664309 -42.187566 235.825830 31 119 180
59.538073 -40.411681 235.825830 31 119 180
59.411837 -38.635797 235.825830 31 119 180
59.285602 -36.859912 235.825830 31 119 180
59.159366 -35.084027 235.825830 31 119 180
59.033130 -33.308143 235.825830 31 119 180
58.906895 -31.532258 235.825830 31 119 180
58.780659 -29.756373 235.825830 31 119 180
58.654424 -27.980488 235.825830 31 119 180
58.528188 -26.204604 235.825830 31 119 180
58.401952 -24.428719 235.825830 31 119 180
58.275717 -22.652834 235.825830 31 119 180
58.149481 -20.876950 235.825830 31 119 180
58.023245 -19.101065 235.825830 31 119 180
57.897010 -17.325180 235.825830 31 119 180
57.770774 -15.549296 235.825830 31 119 180
57.644539 -13.773411 235.825830 31 119 180
57.518303 -11.997526 235.825830 31 119 180
57.392067 -10.221641 235.825830 31 119 180
57.265832 -8.445757 235.825830 31 119 180
57.139596 -6.669872 235.825830 31 119 180
57.013360 -4.893987 235.825830 31 119 180
56.887125 -3.118103 235.825830 31 119 180
56.760889 -1.342218 235.825830 31 119 180
56.634654 0.433667 235.825830 31 119 180
56.508418 2.209552 235.825830 31 119 180
56.382182 3.985436 235.825830 31 119 180
56.255947 5.761321 235.825830 31 119 180
56.129711 7.537206 235.825830 31 119 180
56.003475 9.313090 235.825830 31 119 180
55.877240 11.088975 235.825830 31 119 180
55.751004 12.864860 235.825830 31 119 180
55.624769 14.640744 235.825830 31 119 180
55.498533 16.416629 235.825830 31 119 180
55.372297 18.192514 235.825830 31 119 180
55.246062 19.968399 235.825830 31 119 180
55.119826 21.744283 235.825830 31 119 180
60.062496 -47.515220 236.226912 31 119 180
59.936260 -45.739336 236.226912 31 119 180
59.810025 -43.963451 236.226912 31 119 180
59.683789 -42.187566 236.226912 31 119 180
59.557553 -40.411681 236.226912 31 119 180
59.431318 -38.635797 236.226912 31 119 180
59.305082 -36.859912 236.226912 31 119 180
59.178846 -35.084027 236.226912 31 119 180
59.052611 -33.308143 236.226912 31 119 180
58.926375 -31.532258 236.226912 31 119 180
58.800140 -29.756373 236.226912 31 119 180
58.673904 -27.980488 236.226912 31 119 180
58.547668 -26.204604 236.226912 31 119 180
58.421433 -24.428719 236.226912 31 119 180
58.295197 -22.652834 236.226912 31 119 180
58.168961 -20.876950 236.226912 31 119 180
58.042726 -19.101065 236.226912 31 119 180
57.916490 -17.325180 236.226912 31 119 180
57.790255 -15.549296 236.226912 31 119 180
57.664019 -13.773411 236.226912 31 119 180
57.537783 -11.997526 236.226912 31 119 180
57.411548 -10.221641 236.226912 31 119 180
57.285312 -8.445757 236.226912 31 119 180
57.159076 -6.669872 236.226912 31 119 180
57.032841 -4.893987 236.226912 31 119 180
56.906605 -3.118103 236.226912 31 119 180
56.780370 -1.342218 236.226912 31 119 180
56.654134 0.433667 236.226912 31 119 180
56.527898 2.209552 236.226912 31 119 180
56.401663 3.985436 236.226912 31 119 180
56.275427 5.761321 236.226912 31 119 180
56.149191 7.537206 236.226912 31 119 180
56.022956 9.313090 236.226912 31 119 180
55.896720 11.088975 236.226912 31 119 180
55.770485 12.864860 236.226912 31 119 180
55.644249 14.640744 236.226912 31 119 180
55.518013 16.416629 236.226912 31 119 180
55.391778 18.192514 236.226912 31 119 180
55.265542 19.968399 236.226912 31 119 180
55.139306 21.744283 236.226912 31 119 180
60.081976 -47.515220 236.627994 31 119 180
59.955741 -45.739336 236.627994 31 119 180
59.829505 -43.963451 236.627994 31 119 180
59.703269 -42.187566 236.627994 31 119 180
59.577034 -40.411681 236.627994 31 119 180
59.450798 -38.635797 236.627994 31 119 180
59.324562 -36.859912 236.627994 31 119 180
59.198327 -35.084027 236.627994 31 119 180
59.072091 -33.308143 236.627994 31 119 180
58.945856 -31.532258 236.627994 31 119 180
58.819620 -29.756373 236.627994 31 119 180
58.693384 -27.980488 236.627994 31 119 180
58.567149 -26.204604 236.627994 31 119 180
58.440913 -24.428719 236.627994 31 119 180
58.314677 -22.652834 236.627994 31 119 180
58.188442 -20.876950 236.627994 31 119 180
58.062206 -19.101065 236.627994 31 119 180
57.935971 -17.325180 236.627994 31 119 180
57.809735 -15.549296 236.627994 31 119 180
57.683499 -13.773411 236.627994 31 119 180
57.557264 -11.997526 236.627994 31 119 180
57.431028 -10.221641 236.627994 31 119 180
57.304792 -8.445757 236.627994 31 119 180
57.178557 -6.669872 236.627994 31 119 180
57.052321 -4.893987 236.627994 31 119 180
56.926086 -3.118103 236.627994 31 119 180
56.799850 -1.342218 236.627994 31 119 180
56.673614 0.433667 236.627994 31 119 180
56.547379 2.209552 236.627994 31 119 180
56.421143 3.985436 236.627994 31 119 180
56.294907 5.761321 236.627994 31 119 180
56.168672 7.537206 236.627994 31 119 180
56.042436 9.313090 236.627994 31 119 180
55.916201 11.088975 236.627994 31 119 180
55.789965 12.864860 236.627994 31 119 180
55.663729 14.640744 236.627994 31 119 180
55.537494 16.416629 236.627994 31 119 180
55.411258 18.192514 236.627994 31 119 180
55.285022 19.968399 236.627994 31 119 180
55.158787 21.744283 236.627994 31 119 180
60.101457 -47.515220 237.029076 31 119 180
59.975221 -45.739336 237.029076 31 119 180
59.848985 -43.963451 237.029076 31 119 180
59.722750 -42.187566 237.029076 31 119 180
59.596514 -40.411681 237.029076 31 119 180
59.470278 -38.635797 237.029076 31 119 180
59.344043 -36.859912 237.029076 31 119 180
59.217807 -35.084027 237.029076 31 119 180
59.091572 -33.308143 237.029076 31 119 180
58.965336 -31.532258 237.029076 31 119 180
58.839100 -29.756373 237.029076 31 119 180
58.712865 -27.980488 237.029076 31 119 180
58.586629 -26.204604 237.029076 31 119 180
58.460393 -24.428719 237.029076 31 119 180
58.334158 -22.652834 237.029076 31 119 180
58.207922 -20.876950 237.029076 31 119 180
58.081687 -19.101065 237.029076 31 119 180
57.955451 -17.325180 237.029076 31 119 180
57.829215 -15.549296 237.029076 31 119 180
57.702980 -13.773411 237.029076 31 119 180
57.576744 -11.997526 237.029076 31 119 180
57.450508 -10.221641 237.029076 31 119 180
57.324273 -8.445757 237.029076 31 119 180
57.198037 -6.669872 237.029076 31 119 180
57.071802 -4.893987 237.029076 31 119 180
56.945566 -3.118103 237.029076 31 119 180
56.819330 -1.342218 237.029076 31 119 180
56.693095 0.433667 237.029076 31 119 180
56.566859 2.209552 237.029076 31 119 180
56.440623 3.985436 237.029076 31 119 180
56.314388 5.761321 237.029076 31 119 180
56.188152 7.537206 237.029076 31 119 180
56.061917 9.313090 237.029076 31 119 180
55.935681 11.088975 237.029076 31 119 180
55.809445 12.864860 237.029076 31 119 180
55.683210 14.640744 237.029076 31 119 180
55.556974 16.416629 237.029076 31 119 180
55.430738 18.192514 237.029076 31 119 180
55.304503 19.968399 237.029076 31 119 180
55.178267 21.744283 237.029076 31 119 180
60.120937 -47.515220 237.430157 31 119 180
59.994701 -45.739336 237.430157 31 119 180
59.868466 -43.963451 237.430157 31 119 180
59.742230 -42.187566 237.430157 31 119 180
59.615995 -40.411681 237.430157 31 119 180
59.489759 -38.635797 237.430157 31 119 180
59.363523 -36.859912 237.430157 31 119 180
59.237288 -35.084027 237.430157 31 119 180
59.111052 -33.308143 237.430157 31 119 180
58.984816 -31.532258 237.430157 31 119 180
58.858581 -29.756373 237.430157 31 119 180
58.732345 -27.980488 237.430157 31 119 180
58.606110 -26.204604 237.430157 31 119 180
58.479874 -24.428719 237.430157 31 119 180
58.353638 -22.652834 237.430157 31 119 180
58.227403 -20.876950 237.430157 31 119 180
58.101167 -19.101065 237.430157 31 119 180
57.974931 -17.325180 237.430157 31 119 180
57.848696 -15.549296 237.430157 31 119 180
57.722460 -13.773411 237.430157 31 119 180
57.596225 -11.997526 237.430157 31 119 180
57.469989 -10.221641 237.430157 31 119 180
57.343753 -8.445757 237.430157 31 119 180
57.217518 -6.669872 237.430157 31 119 180
57.091282 -4.893987 237.430157 31 119 180
56.965046 -3.118103 237.430157 31 119 180
56.838811 -1.342218 237.430157 31 119 180
56.712575 0.433667 237.430157 31 119 180
56.586339 2.209552 237.430157 31 119 180
56.460104 3.985436 237.430157 31 119 180
56.333868 5.761321 237.430157 31 119 180
56.207633 7.537206 237.430157 31 119 180
56.081397 9.313090 237.430157 31 119 180
55.955161 11.088975 237.430157 31 119 180
55.828926 12.864860 237.430157 31 119 180
55.702690 14.640744 237.430157 31 119 180
55.576454 16.416629 237.430157 31 119 180
55.450219 18.192514 237.430157 31 119 180
55.323983 19.968399 237.430157 31 119 180
55.197748 21.744283 237.430157 31 119 180
60.140417 -47.515220 237.831239 31 119 180
60.014182 -45.739336 237.831239 31 119 180
59.887946 -43.963451 237.831239 31 119 180
59.761711 -42.187566 237.831239 31 119 180
59.635475 -40.411681 237.831239 31 119 180
59.509239 -38.635797 237.831239 31 119 180
59.383004 -36.859912 237.831239 31 119 180
59.256768 -35.084027 237.831239 31 119 180
59.130532 -33.308143 237.831239 31 119 180
59.004297 -31.532258 237.831239 31 119 180
58.878061 -29.756373 237.831239 31 119 180
58.751826 -27.980488 237.831239 31 119 180
58.625590 -26.204604 237.831239 31 119 180
58.499354 -24.428719 237.831239 31 119 180
58.373119 -22.652834 237.831239 31 119 180
58.246883 -20.876950 237.831239 31 119 180
58.120647 -19.101065 237.831239 31 119 180
57.994412 -17.325180 237.831239 31 119 180
57.868176 -15.549296 237.831239 31 119 180
57.741941 -13.773411 237.831239 31 119 180
57.615705 -11.997526 237.831239 31 119 180
57.489469 -10.221641 237.831239 31 119 180
57.363234 -8.445757 237.831239 31 119 180
57.236998 -6.669872 237.831239 31 119 180
57.110762 -4.893987 237.831239 31 119 180
56.984527 -3.118103 237.831239 31 119 180
56.858291 -1.342218 237.831239 31 119 180
56.732056 0.433667 237.831239 31 119 180
56.605820 2.209552 237.831239 31 119 180
56.479584 3.985436 237.831239 31 119 180
56.353349 5.761321 237.831239 31 119 180
56.227113 7.537206 237.831239 31 119 180
56.100877 9.313090 237.831239 31 119 180
55.974642 11.088975 237.831239 31 119 180
55.848406 12.864860 237.831239 31 119 180
55.722171 14.640744 237.831239 31 119 180
55.595935 16.416629 237.831239 31 119 180
55.469699 18.192514 237.831239 31 119 180
55.343464 19.968399 237.831239 31 119 180
55.217228 21.744283 237.831239 31 119 180
60.159898 -47.515220 238.232321 31 119 180
60.033662 -45.739336 238.232321 31 119 180
59.907427 -43.963451 238.232321 31 119 180
59.781191 -42.187566 238.232321 31 119 180
59.654955 -40.411681 238.232321 31 119 180
59.528720 -38.635797 238.232321 31 119 180
59.402484 -36.859912 238.232321 31 119 180
59.276248 -35.084027 238.232321 31 119 180
59.150013 -33.308143 238.232321 31 119 180
59.023777 -31.532258 238.232321 31 119 180
58.897542 -29.756373 238.232321 31 119 180
58.771306 -27.980488 238.232321 31 119 180
58.645070 -26.204604 238.232321 31 119 180
58.518835 -24.428719 238.232321 31 119 180
58.392599 -22.652834 238.232321 31 119 180
58.266363 -20.876950 238.232321 31 119 180
58.140128 -19.101065 238.232321 31 119 180
58.013892 -17.325180 238.232321 31 119 180
57.887657 -15.549296 238.232321 31 119 180
57.761421 -13.773411 238.232321 31 119 180
57.635185 -11.997526 238.232321 31 119 180
57.508950 -10.221641 238.232321 31 119 180
57.382714 -8.445757 238.232321 31 119 180
57.256478 -6.669872 238.232321 31 119 180
57.130243 -4.893987 238.232321 31 119 180
57.004007 -3.118103 238.232321 31 119 180
56.877772 -1.342218 238.232321 31 119 180
56.751536 0.433667 238.232321 31 119 180
56.625300 2.209552 238.232321 31 119 180
56.499065 3.985436 238.232321 31 119 180
56.372829 5.761321 238.232321 31 119 180
56.246593 7.537206 238.232321 31 119 180
56.120358 9.313090 238.232321 31 119 180
55.994122 11.088975 238.232321 31 119 180
55.867887 12.864860 238.232321 31 119 180
55.741651 14.640744 238.232321 31 119 180
55.615415 16.416629 238.232321 31 119 180
55.489180 18.192514 238.232321 31 119 180
55.362944 19.968399 238.232321 31 119 180
55.236708 21.744283 238.232321 31 119 180
60.179378 -47.515220 238.633403 31 119 180
60.053143 -45.739336 238.633403 31 119 180
59.926907 -43.963451 238.633403 31 119 180
59.800671 -42.187566 238.633403 31 119 180
59.674436 -40.411681 238.633403 31 119 180
59.548200 -38.635797 238.633403 31 119 180
59.421964 -36.859912 238.633403 31 119 180
59.295729 -35.084027 238.633403 31 119 180
59.169493 -33.308143 238.633403 31 119 180
59.043258 -31.532258 238.633403 31 119 180
58.917022 -29.756373 238.633403 31 119 180
58.790786 -27.980488 238.633403 31 119 180
58.664551 -26.204604 238.633403 31 119 180
58.538315 -24.428719 238.633403 31 119 180
58.412079 -22.652834 238.633403 31 119 180
58.285844 -20.876950 238.633403 31 119 180
58.159608 -19.101065 238.633403 31 119 180
58.033373 -17.325180 238.633403 31 119 180
57.907137 -15.549296 238.633403 31 119 180
57.780901 -13.773411 238.633403 31 119 180
57.654666 -11.997526 238.633403 31 119 180
57.528430 -10.221641 238.633403 31 119 180
57.402194 -8.445757 238.633403 31 119 180
57.275959 -6.669872 238.633403 31 119 180
57.149723 -4.893987 238.633403 31 119 180
57.023488 -3.118103 238.633403 31 119 180
56.897252 -1.342218 238.633403 31 119 180
56.771016 0.433667 238.633403 31 119 180
56.644781 2.209552 238.633403 31 119 180
56.518545 3.985436 238.633403 31 119 180
56.392309 5.761321 238.633403 31 119 180
56.266074 7.537206 238.633403 31 119 180
56.139838 9.313090 238.633403 31 119 180
56.013603 11.088975 238.633403 31 119 180
55.887367 12.864860 238.633403 31 119 180
55.761131 14.640744 238.633403 31 119 180
55.634896 16.416629 238.633403 31 119 180
55.508660 18.192514 238.633403 31 119 180
55.382424 19.968399 238.633403 31 119 180
55.256189 21.744283 238.633403 31 119 180
60.198859 -47.515220 239.034484 31 119 180
60.072623 -45.739336 239.034484 31 119 180
59.946387 -43.963451 239.034484 31 119 180
59.820152 -42.187566 239.034484 31 119 180
59.693916 -40.411681 239.034484 31 119 180
59.567680 -38.635797 239.034484 31 119 180
59.441445 -36.859912 239.034484 31 119 180
59.315209 -35.084027 239.034484 31 119 180
59.188974 -33.308143 239.034484 31 119 180
59.062738 -31.532258 239.034484 31 119 180
58.936502 -29.756373 239.034484 31 119 180
58.810267 -27.980488 239.034484 31 119 180
58.684031 -26.204604 239.034484 31 119 180
58.557795 -24.428719 239.034484 31 119 180
58.431560 -22.652834 239.034484 31 119 180
58.305324 -20.876950 239.034484 31 119 180
58.179089 -19.101065 239.034484 31 119 180
58.052853 -17.325180 239.034484 31 119 180
57.926617 -15.549296 239.034484 31 119 180
57.800382 -13.773411 239.034484 31 119 180
57.674146 -11.997526 239.034484 31 119 180
57.547910 -10.221641 239.034484 31 119 180
57.421675 -8.445757 239.034484 31 119 180
57.295439 -6.669872 239.034484 31 119 180
57.169204 -4.893987 239.034484 31 119 180
57.042968 -3.118103 239.034484 31 119 180
56.916732 -1.342218 239.034484 31 119 180
56.790497 0.433667 239.034484 31 119 180
56.664261 2.209552 239.034484 31 119 180
56.538025 3.985436 239.034484 31 119 180
56.411790 5.761321 239.034484 31 119 180
56.285554 7.537206 239.034484 31 119 180
56.159319 9.313090 239.034484 31 119 180
56.033083 11.088975 239.034484 31 119 180
55.906847 12.864860 239.034484 31 119 180
55.780612 14.640744 239.034484 31 119 180
55.654376 16.416629 239.034484 31 119 180
55.528140 18.192514 239.034484 31 119 180
55.401905 19.968399 239.034484 31 119 180
55.275669 21.744283 239.034484 31 119 180
60.218339 -47.515220 239.435566 31 119 180
60.092103 -45.739336 239.435566 31 119 180
59.965868 -43.963451 239.435566 31 119 180
59.839632 -42.187566 239.435566 31 119 180
59.713396 -40.411681 239.435566 31 119 180
59.587161 -38.635797 239.435566 31 119 180
59.460925 -36.859912 239.435566 31 119 180
59.334690 -35.084027 239.435566 31 119 180
59.208454 -33.308143 239.435566 31 119 180
59.082218 -31.532258 239.435566 31 119 180
58.955983 -29.756373 239.435566 31 119 180
58.829747 -27.980488 239.435566 31 119 180
58.703511 -26.204604 239.435566 31 119 180
58.577276 -24.428719 239.435566 31 119 180
58.451040 -22.652834 239.435566 31 119 180
58.324805 -20.876950 239.435566 31 119 180
58.198569 -19.101065 239.435566 31 119 180
58.072333 -17.325180 239.435566 31 119 180
57.946098 -15.549296 239.435566 31 119 180
57.819862 -13.773411 239.435566 31 119 180
57.693626 -11.997526 239.435566 31 119 180
57.567391 -10.221641 239.435566 31 119 180
57.441155 -8.445757 239.435566 31 119 180
57.314920 -6.669872 239.435566 31 119 180
57.188684 -4.893987 239.435566 31 119 180
57.062448 -3.118103 239.435566 31 119 180
56.936213 -1.342218 239.435566 31 119 180
56.809977 0.433667 239.435566 31 119 180
56.683741 2.209552 239.435566 31 119 180
56.557506 3.985436 239.435566 31 119 180
56.431270 5.761321 239.435566 31 119 180
56.305035 7.537206 239.435566 31 119 180
56.178799 9.313090 239.435566 31 119 180
56.052563 11.088975 239.435566 31 119 180
55.926328 12.864860 239.435566 31 119 180
55.800092 14.640744 239.435566 31 119 180
55.673856 16.416629 239.435566 31 119 180
55.547621 18.192514 239.435566 31 119 180
55.421385 19.968399 239.435566 31 119 180
55.295150 21.744283 239.435566 31 119 180
60.237819 -47.515220 239.836648 31 119 180
60.111584 -45.739336 239.836648 31 119 180
59.985348 -43.963451 239.836648 31 119 180
59.859112 -42.187566 239.836648 31 119 180
59.732877 -40.411681 239.836648 31 119 180
59.606641 -38.635797 239.836648 31 119 180
59.480406 -36.859912 239.836648 31 119 180
59.354170 -35.084027 239.836648 31 119 180
59.227934 -33.308143 239.836648 31 119 180
59.101699 -31.532258 239.836648 31 119 180
58.975463 -29.756373 239.836648 31 119 180
58.849227 -27.980488 239.836648 31 119 180
58.722992 -26.204604 239.836648 31 119 180
58.596756 -24.428719 239.836648 31 119 180
58.470521 -22.652834 239.836648 31 119 180
58.344285 -20.876950 239.836648 31 119 180
58.218049 -19.101065 239.836648 31 119 180
58.091814 -17.325180 239.836648 31 119 180
57.965578 -15.549296 239.836648 31 119 180
57.839342 -13.773411 239.836648 31 119 180
57.713107 -11.997526 239.836648 31 119 180
57.586871 -10.221641 239.836648 31 119 180
57.460636 -8.445757 239.836648 31 119 180
57.334400 -6.669872 239.836648 31 119 180
57.208164 -4.893987 239.836648 31 119 180
57.081929 -3.118103 239.836648 31 119 180
56.955693 -1.342218 239.836648 31 119 180
56.829457 0.433667 239.836648 31 119 180
56.703222 2.209552 239.836648 31 119 180
56.576986 3.985436 239.836648 31 119 180
56.450751 5.761321 239.836648 31 119 180
56.324515 7.537206 239.836648 31 119 180
56.198279 9.313090 239.836648 31 119 180
56.072044 11.088975 239.836648 31 119 180
55.945808 12.864860 239.836648 31 119 180
55.819572 14.640744 239.836648 31 119 180
55.693337 16.416629 239.836648 31 119 180
55.567101 18.192514 239.836648 31 119 180
55.440866 19.968399 239.836648 31 119 180
55.314630 21.744283 239.836648 31 119 180
60.257300 -47.515220 240.237730 31 119 180
60.131064 -45.739336 240.237730 31 119 180
60.004828 -43.963451 240.237730 31 119 180
59.878593 -42.187566 240.237730 31 119 180
59.752357 -40.411681 240.237730 31 119 180
59.626122 -38.635797 240.237730 31 119 180
59.499886 -36.859912 240.237730 31 119 180
59.373650 -35.084027 240.237730 31 119 180
59.247415 -33.308143 240.237730 31 119 180
59.121179 -31.532258 240.237730 31 119 180
58.994943 -29.756373 240.237730 31 119 180
58.868708 -27.980488 240.237730 31 119 180
58.742472 -26.204604 240.237730 31 119 180
58.616237 -24.428719 240.237730 31 119 180
58.490001 -22.652834 240.237730 31 119 180
58.363765 -20.876950 240.237730 31 119 180
58.237530 -19.101065 240.237730 31 119 180
58.111294 -17.325180 240.237730 31 119 180
57.985058 -15.549296 240.237730 31 119 180
57.858823 -13.773411 240.237730 31 119 180
57.732587 -11.997526 240.237730 31 119 180
57.606352 -10.221641 240.237730 31 119 180
57.480116 -8.445757 240.237730 31 119 180
57.353880 -6.669872 240.237730 31 119 180
57.227645 -4.893987 240.237730 31 119 180
57.101409 -3.118103 240.237730 31 119 180
56.975173 -1.342218 240.237730 31 119 180
56.848938 0.433667 240.237730 31 119 180
56.722702 2.209552 240.237730 31 119 180
56.596467 3.985436 240.237730 31 119 180
56.470231 5.761321 240.237730 31 119 180
56.343995 7.537206 240.237730 31 119 180
56.217760 9.313090 240.237730 31 119 180
56.091524 11.088975 240.237730 31 119 180
55.965288 12.864860 240.237730 31 119 180
55.839053 14.640744 240.237730 31 119 180
55.712817 16.416629 240.237730 31 119 180
55.586582 18.192514 240.237730 31 119 180
55.460346 19.968399 240.237730 31 119 180
55.334110 21.744283 240.237730 31 119 180
60.276780 -47.515220 240.638811 31 119 180
60.150544 -45.739336 240.638811 31 119 180
60.024309 -43.963451 240.638811 31 119 180
59.898073 -42.187566 240.638811 31 119 180
59.771838 -40.411681 240.638811 31 119 180
59.645602 -38.635797 240.638811 31 119 180
59.519366 -36.859912 240.638811 31 119 180
59.393131 -35.084027 240.638811 31 119 180
59.266895 -33.308143 240.638811 31 119 180
59.140659 -31.532258 240.638811 31 119 180
59.014424 -29.756373 240.638811 31 119 180
58.888188 -27.980488 240.638811 31 119 180
58.761953 -26.204604 240.638811 31 119 180
58.635717 -24.428719 240.638811 31 119 180
58.509481 -22.652834 240.638811 31 119 180
58.383246 -20.876950 240.638811 31 119 180
58.257010 -19.101065 240.638811 31 119 180
58.130774 -17.325180 240.638811 31 119 180
58.004539 -15.549296 240.638811 31 119 180
57.878303 -13.773411 240.638811 31 119 180
57.752068 -11.997526 240.638811 31 119 180
57.625832 -10.221641 240.638811 31 119 180
57.499596 -8.445757 240.638811 31 119 180
57.373361 -6.669872 240.638811 31 119 180
57.247125 -4.893987 240.638811 31 119 180
57.120889 -3.118103 240.638811 31 119 180
56.994654 -1.342218 240.638811 31 119 180
56.868418 0.433667 240.638811 31 119 180
56.742183 2.209552 240.638811 31 119 180
56.615947 3.985436 240.638811 31 119 180
56.489711 5.761321 240.638811 31 119 180
56.363476 7.537206 240.638811 31 119 180
56.237240 9.313090 240.638811 31 119 180
56.111004 11.088975 240.638811 31 119 180
55.984769 12.864860 240.638811 31 119 180
55.858533 14.640744 240.638811 31 119 180
55.732298 16.416629 240.638811 31 119 180
55.606062 18.192514 240.638811 31 119 180
55.479826 19.968399 240.638811 31 119 180
55.353591 21.744283 240.638811 31 119 180
60.296260 -47.515220 241.039893 31 119 180
60.170025 -45.739336 241.039893 31 119 180
60.043789 -43.963451 241.039893 31 119 180
59.917554 -42.187566 241.039893 31 119 180
59.791318 -40.411681 241.039893 31 119 180
59.665082 -38.635797 241.039893 31 119 180
59.538847 -36.859912 241.039893 31 119 180
59.412611 -35.084027 241.039893 31 119 180
59.286375 -33.308143 241.039893 31 119 180
59.160140 -31.532258 241.039893 31 119 180
59.033904 -29.756373 241.039893 31 119 180
58.907669 -27.980488 241.039893 31 119 180
58.781433 -26.204604 241.039893 31 119 180
58.655197 -24.428719 241.039893 31 119 180
58.528962 -22.652834 241.039893 31 119 180
58.402726 -20.876950 241.039893 31 119 180
58.276490 -19.101065 241.039893 31 119 180
58.150255 -17.325180 241.039893 31 119 180
58.024019 -15.549296 241.039893 31 119 180
57.897784 -13.773411 241.039893 31 119 180
57.771548 -11.997526 241.039893 31 119 180
57.645312 -10.221641 241.039893 31 119 180
57.519077 -8.445757 241.039893 31 119 180
57.392841 -6.669872 241.039893 31 119 180
57.266605 -4.893987 241.039893 31 119 180
57.140370 -3.118103 241.039893 31 119 180
57.014134 -1.342218 241.039893 31 119 180
56.887899 0.433667 241.039893 31 119 180
56.761663 2.209552 241.039893 31 119 180
56.635427 3.985436 241.039893 31 119 180
56.509192 5.761321 241.039893 31 119 180
56.382956 7.537206 241.039893 31 119 180
56.256720 9.313090 241.039893 31 119 180
56.130485 11.088975 241.039893 31 119 180
56.004249 12.864860 241.039893 31 119 180
55.878014 14.640744 241.039893 31 119 180
55.751778 16.416629 241.039893 31 119 180
55.625542 18.192514 241.039893 31 119 180
55.499307 19.968399 241.039893 31 119 180
55.373071 21.744283 241.039893 31 119 180
60.315741 -47.515220 241.440975 31 119 180
60.189505 -45.739336 241.440975 31 119 180
60.063270 -43.963451 241.440975 31 119 180
59.937034 -42.187566 241.440975 31 119 180
59.810798 -40.411681 241.440975 31 119 180
59.684563 -38.635797 241.440975 31 119 180
59.558327 -36.859912 241.440975 31 119 180
59.432091 -35.084027 241.440975 31 119 180
59.305856 -33.308143 241.440975 31 119 180
59.179620 -31.532258 241.440975 31 119 180
59.053385 -29.756373 241.440975 31 119 180
58.927149 -27.980488 241.440975 31 119 180
58.800913 -26.204604 241.440975 31 119 180
58.674678 -24.428719 241.440975 31 119 180
58.548442 -22.652834 241.440975 31 119 180
58.422206 -20.876950 241.440975 31 119 180
58.295971 -19.101065 241.440975 31 119 180
58.169735 -17.325180 241.440975 31 119 180
58.043500 -15.549296 241.440975 31 119 180
57.917264 -13.773411 241.440975 31 119 180
57.791028 -11.997526 241.440975 31 119 180
57.664793 -10.221641 241.440975 31 119 180
57.538557 -8.445757 241.440975 31 119 180
57.412321 -6.669872 241.440975 31 119 180
57.286086 -4.893987 241.440975 31 119 180
57.159850 -3.118103 241.440975 31 119 180
57.033615 -1.342218 241.440975 31 119 180
56.907379 0.433667 241.440975 31 119 180
56.781143 2.209552 241.440975 31 119 180
56.654908 3.985436 241.440975 31 119 180
56.528672 5.761321 241.440975 31 119 180
56.402436 7.537206 241.440975 31 119 180
56.276201 9.313090 241.440975 31 119 180
56.149965 11.088975 241.440975 31 119 180
56.023730 12.864860 241.440975 31 119 180
55.897494 14.640744 241.440975 31 119 180
55.771258 16.416629 241.440975 31 119 180
55.645023 18.192514 241.440975 31 119 180
55.518787 19.968399 241.440975 31 119 180
55.392551 21.744283 241.440975 31 119 180
60.335221 -47.515220 241.842057 31 119 180
60.208986 -45.739336 241.842057 31 119 180
60.082750 -43.963451 241.842057 31 119 180
59.956514 -42.187566 241.842057 31 119 180
59.830279 -40.411681 241.842057 31 119 180
59.704043 -38.635797 241.842057 31 119 180
59.577807 -36.859912 241.842057 31 119 180
59.451572 -35.084027 241.842057 31 119 180
59.325336 -33.308143 241.842057 31 119 180
59.199101 -31.532258 241.842057 31 119 180
59.072865 -29.756373 241.842057 31 119 180
58.946629 -27.980488 241.842057 31 119 180
58.820394 -26.204604 241.842057 31 119 180
58.694158 -24.428719 241.842057 31 119 180
58.567922 -22.652834 241.842057 31 119 180
58.441687 -20.876950 241.842057 31 119 180
58.315451 -19.101065 241.842057 31 119 180
58.189216 -17.325180 241.842057 31 119 180
58.062980 -15.549296 241.842057 31 119 180
57.936744 -13.773411 241.842057 31 119 180
57.810509 -11.997526 241.842057 31 119 180
57.684273 -10.221641 241.842057 31 119 180
57.558037 -8.445757 241.842057 31 119 180
57.431802 -6.669872 241.842057 31 119 180
57.305566 -4.893987 241.842057 31 119 180
57.179331 -3.118103 241.842057 31 119 180
57.053095 -1.342218 241.842057 31 119 180
56.926859 0.433667 241.842057 31 119 180
56.800624 2.209552 241.842057 31 119 180
56.674388 3.985436 241.842057 31 119 180
56.548152 5.761321 241.842057 31 119 180
56.421917 7.537206 241.842057 31 119 180
56.295681 9.313090 241.842057 31 119 180
56.169446 11.088975 241.842057 31 119 180
56.043210 12.864860 241.842057 31 119 180
55.916974 14.640744 241.842057 31 119 180
55.790739 16.416629 241.842057 31 119 180
55.664503 18.192514 241.842057 31 119 180
55.538267 19.968399 241.842057 31 119 180
55.412032 21.744283 241.842057 31 119 180
60.354702 -47.515220 242.243138 31 119 180
60.228466 -45.739336 242.243138 31 119 180
60.102230 -43.963451 242.243138 31 119 180
59.975995 -42.187566 242.243138 31 119 180
59.849759 -40.411681 242.243138 31 119 180
59.723523 -38.635797 242.243138 31 119 180
59.597288 -36.859912 242.243138 31 119 180
59.471052 -35.084027 242.243138 31 119 180
59.344817 -33.308143 242.243138 31 119 180
59.218581 -31.532258 242.243138 31 119 180
59.092345 -29.756373 242.243138 31 119 180
58.966110 -27.980488 242.243138 31 119 180
58.839874 -26.204604 242.243138 31 119 180
58.713638 -24.428719 242.243138 31 119 180
58.587403 -22.652834 242.243138 31 119 180
58.461167 -20.876950 242.243138 31 119 180
58.334932 -19.101065 242.243138 31 119 180
58.208696 -17.325180 242.243138 31 119 180
58.082460 -15.549296 242.243138 31 119 180
57.956225 -13.773411 242.243138 31 119 180
57.829989 -11.997526 242.243138 31 119 180
57.703753 -10.221641 242.243138 31 119 180
57.577518 -8.445757 242.243138 31 119 180
57.451282 -6.669872 242.243138 31 119 180
57.325047 -4.893987 242.243138 31 119 180
57.198811 -3.118103 242.243138 31 119 180
57.072575 -1.342218 242.243138 31 119 180
56.946340 0.433667 242.243138 31 119 180
56.820104 2.209552 242.243138 31 119 180
56.693868 3.985436 242.243138 31 119 180
56.567633 5.761321 242.243138 31 119 180
56.441397 7.537206 242.243138 31 119 180
56.315162 9.313090 242.243138 31 119 180
56.188926 11.088975 242.243138 31 119 180
56.062690 12.864860 242.243138 31 119 180
55.936455 14.640744 242.243138 31 119 180
55.810219 16.416629 242.243138 31 119 180
55.683983 18.192514 242.243138 31 119 180
55.557748 19.968399 242.243138 31 119 180
55.431512 21.744283 242.243138 31 119 180
60.374182 -47.515220 242.644220 31 119 180
60.247946 -45.739336 242.644220 31 119 180
60.121711 -43.963451 242.644220 31 119 180
59.995475 -42.187566 242.644220 31 119 180
59.869240 -40.411681 242.644220 31 119 180
59.743004 -38.635797 242.644220 31 119 180
59.616768 -36.859912 242.644220 31 119 180
59.490533 -35.084027 242.644220 31 119 180
59.364297 -33.308143 242.644220 31 119 180
59.238061 -31.532258 242.644220 31 119 180
59.111826 -29.756373 242.644220 31 119 180
58.985590 -27.980488 242.644220 31 119 180
58.859355 -26.204604 242.644220 31 119 180
58.733119 -24.428719 242.644220 31 119 180
58.606883 -22.652834 242.644220 31 119 180
58.480648 -20.876950 242.644220 31 119 180
58.354412 -19.101065 242.644220 31 119 180
58.228176 -17.325180 242.644220 31 119 180
58.101941 -15.549296 242.644220 31 119 180
57.975705 -13.773411 242.644220 31 119 180
57.849470 -11.997526 242.644220 31 119 180
57.723234 -10.221641 242.644220 31 119 180
57.596998 -8.445757 242.644220 31 119 180
57.470763 -6.669872 242.644220 31 119 180
57.344527 -4.893987 242.644220 31 119 180
57.218291 -3.118103 242.644220 31 119 180
57.092056 -1.342218 242.644220 31 119 180
56.965820 0.433667 242.644220 31 119 180
56.839585 2.209552 242.644220 31 119 180
56.713349 3.985436 242.644220 31 119 180
56.587113 5.761321 242.644220 31 119 180
56.460878 7.537206 242.644220 31 119 180
56.334642 9.313090 242.644220 31 119 180
56.208406 11.088975 242.644220 31 119 180
56.082171 12.864860 242.644220 31 119 180
55.955935 14.640744 242.644220 31 119 180
55.829699 16.416629 242.644220 31 119 180
55.703464 18.192514 242.644220 31 119 180
55.577228 19.968399 242.644220 31 119 180
55.450993 21.744283 242.644220 31 119 180
60.393662 -47.515220 243.045302 31 119 180
60.267427 -45.739336 243.045302 31 119 180
60.141191 -43.963451 243.045302 31 119 180
60.014956 -42.187566 243.045302 31 119 180
59.888720 -40.411681 243.045302 31 119 180
59.762484 -38.635797 243.045302 31 119 180
59.636249 -36.859912 243.045302 31 119 180
59.510013 -35.084027 243.045302 31 119 180
59.383777 -33.308143 243.045302 31 119 180
59.257542 -31.532258 243.045302 31 119 180
59.131306 -29.756373 243.045302 31 119 180
59.005071 -27.980488 243.045302 31 119 180
58.878835 -26.204604 243.045302 31 119 180
58.752599 -24.428719 243.045302 31 119 180
58.626364 -22.652834 243.045302 31 119 180
58.500128 -20.876950 243.045302 31 119 180
58.373892 -19.101065 243.045302 31 119 180
58.247657 -17.325180 243.045302 31 119 180
58.121421 -15.549296 243.045302 31 119 180
57.995186 -13.773411 243.045302 31 119 180
57.868950 -11.997526 243.045302 31 119 180
57.742714 -10.221641 243.045302 31 119 180
57.616479 -8.445757 243.045302 31 119 180
57.490243 -6.669872 243.045302 31 119 180
57.364007 -4.893987 243.045302 31 119 180
57.237772 -3.118103 243.045302 31 119 180
57.111536 -1.342218 243.045302 31 119 180
56.985301 0.433667 243.045302 31 119 180
56.859065 2.209552 243.045302 31 119 180
56.732829 3.985436 243.045302 31 119 180
56.606594 5.761321 243.045302 31 119 180
56.480358 7.537206 243.045302 31 119 180
56.354122 9.313090 243.045302 31 119 180
56.227887 11.088975 243.045302 31 119 180
56.101651 12.864860 243.045302 31 119 180
55.975416 14.640744 243.045302 31 119 180
55.849180 16.416629 243.045302 31 119 180
55.722944 18.192514 243.045302 31 119 180
55.596709 19.968399 243.045302 31 119 180
55.470473 21.744283 243.045302 31 119 180
60.413143 -47.515220 243.446384 31 119 180
60.286907 -45.739336 243.446384 31 119 180
60.160672 -43.963451 243.446384 31 119 180
60.034436 -42.187566 243.446384 31 119 180
59.908200 -40.411681 243.446384 31 119 180
59.781965 -38.635797 243.446384 31 119 180
59.655729 -36.859912 243.446384 31 119 180
59.529493 -35.084027 243.446384 31 119 180
59.403258 -33.308143 243.446384 31 119 180
59.277022 -31.532258 243.446384 31 119 180
59.150787 -29.756373 243.446384 31 119 180
59.024551 -27.980488 243.446384 31 119 180
58.898315 -26.204604 243.446384 31 119 180
58.772080 -24.428719 243.446384 31 119 180
58.645844 -22.652834 243.446384 31 119 180
58.519608 -20.876950 243.446384 31 119 180
58.393373 -19.101065 243.446384 31 119 180
58.267137 -17.325180 243.446384 31 119 180
58.140902 -15.549296 243.446384 31 119 180
58.014666 -13.773411 243.446384 31 119 180
57.888430 -11.997526 243.446384 31 119 180
57.762195 -10.221641 243.446384 31 119 180
57.635959 -8.445757 243.446384 31 119 180
57.509723 -6.669872 243.446384 31 119 180
57.383488 -4.893987 243.446384 31 119 180
57.257252 -3.118103 243.446384 31 119 180
57.131017 -1.342218 243.446384 31 119 180
57.004781 0.433667 243.446384 31 119 180
56.878545 2.209552 243.446384 31 119 180
56.752310 3.985436 243.446384 31 119 180
56.626074 5.761321 243.446384 31 119 180
56.499838 7.537206 243.446384 31 119 180
56.373603 9.313090 243.446384 31 119 180
56.247367 11.088975 243.446384 31 119 180
56.121132 12.864860 243.446384 31 119 180
55.994896 14.640744 243.446384 31 119 180
55.868660 16.416629 243.446384 31 119 180
55.742425 18.192514 243.446384 31 119 180
55.616189 19.968399 243.446384 31 119 180
55.489953 21.744283 243.446384 31 119 180
60.432623 -47.515220 243.847465 31 119 180
60.306388 -45.739336 243.847465 31 119 180
60.180152 -43.963451 243.847465 31 119 180
60.053916 -42.187566 243.847465 31 119 180
59.927681 -40.411681 243.847465 31 119 180
59.801445 -38.635797 243.847465 31 119 180
59.675209 -36.859912 243.847465 31 119 180
59.548974 -35.084027 243.847465 31 119 180
59.422738 -33.308143 243.847465 31 119 180
59.296503 -31.532258 243.847465 31 119 180
59.170267 -29.756373 243.847465 31 119 180
59.044031 -27.980488 243.847465 31 119 180
58.917796 -26.204604 243.847465 31 119 180
58.791560 -24.428719 243.847465 31 119 180
58.665324 -22.652834 243.847465 31 119 180
58.539089 -20.876950 243.847465 31 119 180
58.412853 -19.101065 243.847465 31 119 180
58.286618 -17.325180 243.847465 31 119 180
58.160382 -15.549296 243.847465 31 119 180
58.034146 -13.773411 243.847465 31 119 180
57.907911 -11.997526 243.847465 31 119 180
57.781675 -10.221641 243.847465 31 119 180
57.655439 -8.445757 243.847465 31 119 180
57.529204 -6.669872 243.847465 31 119 180
57.402968 -4.893987 243.847465 31 119 180
57.276733 -3.118103 243.847465 31 119 180
57.150497 -1.342218 243.847465 31 119 180
57.024261 0.433667 243.847465 31 119 180
56.898026 2.209552 243.847465 31 119 180
56.771790 3.985436 243.847465 31 119 180
56.645554 5.761321 243.847465 31 119 180
56.519319 7.537206 243.847465 31 119 180
56.393083 9.313090 243.847465 31 119 180
56.266848 11.088975 243.847465 31 119 180
56.140612 12.864860 243.847465 31 119 180
56.014376 14.640744 243.847465 31 119 180
55.888141 16.416629 243.847465 31 119 180
55.761905 18.192514 243.847465 31 119 180
55.635669 19.968399 243.847465 31 119 180
55.509434 21.744283 243.847465 31 119 180
60.452104 -47.515220 244.248547 31 119 180
60.325868 -45.739336 244.248547 31 119 180
60.199632 -43.963451 244.248547 31 119 180
60.073397 -42.187566 244.248547 31 119 180
59.947161 -40.411681 244.248547 31 119 180
59.820925 -38.635797 244.248547 31 119 180
59.694690 -36.859912 244.248547 31 119 180
59.568454 -35.084027 244.248547 31 119 180
59.442219 -33.308143 244.248547 31 119 180
59.315983 -31.532258 244.248547 31 119 180
59.189747 -29.756373 244.248547 31 119 180
59.063512 -27.980488 244.248547 31 119 180
58.937276 -26.204604 244.248547 31 119 180
58.811040 -24.428719 244.248547 31 119 180
58.684805 -22.652834 244.248547 31 119 180
58.558569 -20.876950 244.248547 31 119 180
58.432334 -19.101065 244.248547 31 119 180
58.306098 -17.325180 244.248547 31 119 180
58.179862 -15.549296 244.248547 31 119 180
58.053627 -13.773411 244.248547 31 119 180
57.927391 -11.997526 244.248547 31 119 180
57.801155 -10.221641 244.248547 31 119 180
57.674920 -8.445757 244.248547 31 119 180
57.548684 -6.669872 244.248547 31 119 180
57.422449 -4.893987 244.248547 31 119 180
57.296213 -3.118103 244.248547 31 119 180
57.169977 -1.342218 244.248547 31 119 180
57.043742 0.433667 244.248547 31 119 180
56.917506 2.209552 244.248547 31 119 180
56.791270 3.985436 244.248547 31 119 180
56.665035 5.761321 244.248547 31 119 180
56.538799 7.537206 244.248547 31 119 180
56.412564 9.313090 244.248547 31 119 180
56.286328 11.088975 244.248547 31 119 180
56.160092 12.864860 244.248547 31 119 180
56.033857 14.640744 244.248547 31 119 180
55.907621 16.416629 244.248547 31 119 180
55.781385 18.192514 244.248547 31 119 180
55.655150 19.968399 244.248547 31 119 180
55.528914 21.744283 244.248547 31 119 180
60.471584 -47.515220 244.649629 31 119 180
60.345348 -45.739336 244.649629 31 119 180
60.219113 -43.963451 244.649629 31 119 180
60.092877 -42.187566 244.649629 31 119 180
59.966641 -40.411681 244.649629 31 119 180
59.840406 -38.635797 244.649629 31 119 180
59.714170 -36.859912 244.649629 31 119 180
59.587935 -35.084027 244.649629 31 119 180
59.461699 -33.308143 244.649629 31 119 180
59.335463 -31.532258 244.649629 31 119 180
59.209228 -29.756373 244.649629 31 119 180
59.082992 -27.980488 244.649629 31 119 180
58.956756 -26.204604 244.649629 31 119 180
58.830521 -24.428719 244.649629 31 119 180
58.704285 -22.652834 244.649629 31 119 180
58.578050 -20.876950 244.649629 31 119 180
58.451814 -19.101065 244.649629 31 119 180
58.325578 -17.325180 244.649629 31 119 180
58.199343 -15.549296 244.649629 31 119 180
58.073107 -13.773411 244.649629 31 119 180
57.946871 -11.997526 244.649629 31 119 180
57.820636 -10.221641 244.649629 31 119 180
57.694400 -8.445757 244.649629 31 119 180
57.568165 -6.669872 244.649629 31 119 180
57.441929 -4.893987 244.649629 31 119 180
57.315693 -3.118103 244.649629 31 119 180
57.189458 -1.342218 244.649629 31 119 180
57.063222 0.433667 244.649629 31 119 180
56.936986 2.209552 244.649629 31 119 180
56.810751 3.985436 244.649629 31 119 180
56.684515 5.761321 244.649629 31 119 180
56.558280 7.537206 244.649629 31 119 180
56.432044 9.313090 244.649629 31 119 180
56.305808 11.088975 244.649629 31 119 180
56.179573 12.864860 244.649629 31 119 180
56.053337 14.640744 244.649629 31 119 180
55.927101 16.416629 244.649629 31 119 180
55.800866 18.192514 244.649629 31 119 180
55.674630 19.968399 244.649629 31 119 180
55.548395 21.744283 244.649629 31 119 180
60.491064 -47.515220 245.050711 31 119 180
60.364829 -45.739336 245.050711 31 119 180
60.238593 -43.963451 245.050711 31 119 180
60.112357 -42.187566 245.050711 31 119 180
59.986122 -40.411681 245.050711 31 119 180
59.859886 -38.635797 245.050711 31 119 180
59.733651 -36.859912 245.050711 31 119 180
59.607415 -35.084027 245.050711 31 119 180
59.481179 -33.308143 245.050711 31 119 180
59.354944 -31.532258 245.050711 31 119 180
59.228708 -29.756373 245.050711 31 119 180
59.102472 -27.980488 245.050711 31 119 180
58.976237 -26.204604 245.050711 31 119 180
58.850001 -24.428719 245.050711 31 119 180
58.723766 -22.652834 245.050711 31 119 180
58.597530 -20.876950 245.050711 31 119 180
58.471294 -19.101065 245.050711 31 119 180
58.345059 -17.325180 245.050711 31 119 180
58.218823 -15.549296 245.050711 31 119 180
58.092587 -13.773411 245.050711 31 119 180
57.966352 -11.997526 245.050711 31 119 180
57.840116 -10.221641 245.050711 31 119 180
57.713881 -8.445757 245.050711 31 119 180
57.587645 -6.669872 245.050711 31 119 180
57.461409 -4.893987 245.050711 31 119 180
57.335174 -3.118103 245.050711 31 119 180
57.208938 -1.342218 245.050711 31 119 180
57.082702 0.433667 245.050711 31 119 180
56.956467 2.209552 245.050711 31 119 180
56.830231 3.985436 245.050711 31 119 180
56.703996 5.761321 245.050711 31 119 180
56.577760 7.537206 245.050711 31 119 180
56.451524 9.313090 245.050711 31 119 180
56.325289 11.088975 245.050711 31 119 180
56.199053 12.864860 245.050711 31 119 180
56.072817 14.640744 245.050711 31 119 180
55.946582 16.416629 245.050711 31 119 180
55.820346 18.192514 245.050711 31 119 180
55.694111 19.968399 245.050711 31 119 180
55.567875 21.744283 245.050711 31 119 180
60.510545 -47.515220 245.451792 31 119 180
60.384309 -45.739336 245.451792 31 119 180
60.258073 -43.963451 245.451792 31 119 180
60.131838 -42.187566 245.451792 31 119 180
60.005602 -40.411681 245.451792 31 119 180
59.879367 -38.635797 245.451792 31 119 180
59.753131 -36.859912 245.451792 31 119 180
59.626895 -35.084027 245.451792 31 119 180
59.500660 -33.308143 245.451792 31 119 180
59.374424 -31.532258 245.451792 31 119 180
59.248188 -29.756373 245.451792 31 119 180
59.121953 -27.980488 245.451792 31 119 180
58.995717 -26.204604 245.451792 31 119 180
58.869482 -24.428719 245.451792 31 119 180
58.743246 -22.652834 245.451792 31 119 180
58.617010 -20.876950 245.451792 31 119 180
58.490775 -19.101065 245.451792 31 119 180
58.364539 -17.325180 245.451792 31 119 180
58.238303 -15.549296 245.451792 31 119 180
58.112068 -13.773411 245.451792 31 119 180
57.985832 -11.997526 245.451792 31 119 180
57.859597 -10.221641 245.451792 31 119 180
57.733361 -8.445757 245.451792 31 119 180
57.607125 -6.669872 245.451792 31 119 180
57.480890 -4.893987 245.451792 31 119 180
57.354654 -3.118103 245.451792 31 119 180
57.228418 -1.342218 245.451792 31 119 180
57.102183 0.433667 245.451792 31 119 180
56.975947 2.209552 245.451792 31 119 180
56.849712 3.985436 245.451792 31 119 180
56.723476 5.761321 245.451792 31 119 180
56.597240 7.537206 245.451792 31 119 180
56.471005 9.313090 245.451792 31 119 180
56.344769 11.088975 245.451792 31 119 180
56.218533 12.864860 245.451792 31 119 180
56.092298 14.640744 245.451792 31 119 180
55.966062 16.416629 245.451792 31 119 180
55.839827 18.192514 245.451792 31 119 180
55.713591 19.968399 245.451792 31 119 180
55.587355 21.744283 245.451792 31 119 180
60.530025 -47.515220 245.852874 31 119 180
60.403789 -45.739336 245.852874 31 119 180
60.277554 -43.963451 245.852874 31 119 180
60.151318 -42.187566 245.852874 31 119 180
60.025083 -40.411681 245.852874 31 119 180
59.898847 -38.635797 245.852874 31 119 180
59.772611 -36.859912 245.852874 31 119 180
59.646376 -35.084027 245.852874 31 119 180
59.520140 -33.308143 245.852874 31 119 180
59.393904 -31.532258 245.852874 31 119 180
59.267669 -29.756373 245.852874 31 119 180
59.141433 -27.980488 245.852874 31 119 180
59.015198 -26.204604 245.852874 31 119 180
58.888962 -24.428719 245.852874 31 119 180
58.762726 -22.652834 245.852874 31 119 180
58.636491 -20.876950 245.852874 31 119 180
58.510255 -19.101065 245.852874 31 119 180
58.384019 -17.325180 245.852874 31 119 180
58.257784 -15.549296 245.852874 31 119 180
58.131548 -13.773411 245.852874 31 119 180
58.005313 -11.997526 245.852874 31 119 180
57.879077 -10.221641 245.852874 31 119 180
57.752841 -8.445757 245.852874 31 119 180
57.626606 -6.669872 245.852874 31 119 180
57.500370 -4.893987 245.852874 31 119 180
57.374134 -3.118103 245.852874 31 119 180
57.247899 -1.342218 245.852874 31 119 180
57.121663 0.433667 245.852874 31 119 180
56.995428 2.209552 245.852874 31 119 180
56.869192 3.985436 245.852874 31 119 180
56.742956 5.761321 245.852874 31 119 180
56.616721 7.537206 245.852874 31 119 180
56.490485 9.313090 245.852874 31 119 180
56.364249 11.088975 245.852874 31 119 180
56.238014 12.864860 245.852874 31 119 180
56.111778 14.640744 245.852874 31 119 180
55.985543 16.416629 245.852874 31 119 180
55.859307 18.192514 245.852874 31 119 180
55.733071 19.968399 245.852874 31 119 180
55.606836 21.744283 245.852874 31 119 180
60.549505 -47.515220 246.253956 31 119 180
60.423270 -45.739336 246.253956 31 119 180
60.297034 -43.963451 246.253956 31 119 180
60.170799 -42.187566 246.253956 31 119 180
60.044563 -40.411681 246.253956 31 119 180
59.918327 -38.635797 246.253956 31 119 180
59.792092 -36.859912 246.253956 31 119 180
59.665856 -35.084027 246.253956 31 119 180
59.539620 -33.308143 246.253956 31 119 180
59.413385 -31.532258 246.253956 31 119 180
59.287149 -29.756373 246.253956 31 119 180
59.160914 -27.980488 246.253956 31 119 180
59.034678 -26.204604 246.253956 31 119 180
58.908442 -24.428719 246.253956 31 119 180
58.782207 -22.652834 246.253956 31 119 180
58.655971 -20.876950 246.253956 31 119 180
58.529735 -19.101065 246.253956 31 119 180
58.403500 -17.325180 246.253956 31 119 180
58.277264 -15.549296 246.253956 31 119 180
58.151029 -13.773411 246.253956 31 119 180
58.024793 -11.997526 246.253956 31 119 180
57.898557 -10.221641 246.253956 31 119 180
57.772322 -8.445757 246.253956 31 119 180
57.646086 -6.669872 246.253956 31 119 180
57.519850 -4.893987 246.253956 31 119 180
57.393615 -3.118103 246.253956 31 119 180
57.267379 -1.342218 246.253956 31 119 180
57.141144 0.433667 246.253956 31 119 180
57.014908 2.209552 246.253956 31 119 180
56.888672 3.985436 246.253956 31 119 180
56.762437 5.761321 246.253956 31 119 180
56.636201 7.537206 246.253956 31 119 180
56.509965 9.313090 246.253956 31 119 180
56.383730 11.088975 246.253956 31 119 180
56.257494 12.864860 246.253956 31 119 180
56.131259 14.640744 246.253956 31 119 180
56.005023 16.416629 246.253956 31 119 180
55.878787 18.192514 246.253956 31 119 180
55.752552 19.968399 246.253956 31 119 180
55.626316 21.744283 246.253956 31 119 180
60.568986 -47.515220 246.655038 31 119 180
60.442750 -45.739336 246.655038 31 119 180
60.316515 -43.963451 246.655038 31 119 180
60.190279 -42.187566 246.655038 31 119 180
60.064043 -40.411681 246.655038 31 119 180
59.937808 -38.635797 246.655038 31 119 180
59.811572 -36.859912 246.655038 31 119 180
59.685336 -35.084027 246.655038 31 119 180
59.559101 -33.308143 246.655038 31 119 180
59.432865 -31.532258 246.655038 31 119 180
59.306630 -29.756373 246.655038 31 119 180
59.180394 -27.980488 246.655038 31 119 180
59.054158 -26.204604 246.655038 31 119 180
58.927923 -24.428719 246.655038 31 119 180
58.801687 -22.652834 246.655038 31 119 180
58.675451 -20.876950 246.655038 31 119 180
58.549216 -19.101065 246.655038 31 119 180
58.422980 -17.325180 246.655038 31 119 180
58.296745 -15.549296 246.655038 31 119 180
58.170509 -13.773411 246.655038 31 119 180
58.044273 -11.997526 246.655038 31 119 180
57.918038 -10.221641 246.655038 31 119 180
57.791802 -8.445757 246.655038 31 119 180
57.665566 -6.669872 246.655038 31 119 180
57.539331 -4.893987 246.655038 31 119 180
57.413095 -3.118103 246.655038 31 119 180
57.286860 -1.342218 246.655038 31 119 180
57.160624 0.433667 246.655038 31 119 180
57.034388 2.209552 246.655038 31 119 180
56.908153 3.985436 246.655038 31 119 180
56.781917 5.761321 246.655038 31 119 180
56.655681 7.537206 246.655038 31 119 180
56.529446 9.313090 246.655038 31 119 180
56.403210 11.088975 246.655038 31 119 180
56.276975 12.864860 246.655038 31 119 180
56.150739 14.640744 246.655038 31 119 180
56.024503 16.416629 246.655038 31 119 180
55.898268 18.192514 246.655038 31 119 180
55.772032 19.968399 246.655038 31 119 180
55.645796 21.744283 246.655038 31 119 180
60.588466 -47.515220 247.056119 31 119 180
60.462231 -45.739336 247.056119 31 119 180
60.335995 -43.963451 247.056119 31 119 180
60.209759 -42.187566 247.056119 31 119 180
60.083524 -40.411681 247.056119 31 119 180
59.957288 -38.635797 247.056119 31 119 180
59.831052 -36.859912 247.056119 31 119 180
59.704817 -35.084027 247.056119 31 119 180
59.578581 -33.308143 247.056119 31 119 180
59.452346 -31.532258 247.056119 31 119 180
59.326110 -29.756373 247.056119 31 119 180
59.199874 -27.980488 247.056119 31 119 180
59.073639 -26.204604 247.056119 31 119 180
58.947403 -24.428719 247.056119 31 119 180
58.821167 -22.652834 247.056119 31 119 180
58.694932 -20.876950 247.056119 31 119 180
58.568696 -19.101065 247.056119 31 119 180
58.442461 -17.325180 247.056119 31 119 180
58.316225 -15.549296 247.056119 31 119 180
58.189989 -13.773411 247.056119 31 119 180
58.063754 -11.997526 247.056119 31 119 180
57.937518 -10.221641 247.056119 31 119 180
57.811282 -8.445757 247.056119 31 119 180
57.685047 -6.669872 247.056119 31 119 180
57.558811 -4.893987 247.056119 31 119 180
57.432576 -3.118103 247.056119 31 119 180
57.306340 -1.342218 247.056119 31 119 180
57.180104 0.433667 247.056119 31 119 180
57.053869 2.209552 247.056119 31 119 180
56.927633 3.985436 247.056119 31 119 180
56.801397 5.761321 247.056119 31 119 180
56.675162 7.537206 247.056119 31 119 180
56.548926 9.313090 247.056119 31 119 180
56.422691 11.088975 247.056119 31 119 180
56.296455 12.864860 247.056119 31 119 180
56.170219 14.640744 247.056119 31 119 180
56.043984 16.416629 247.056119 31 119 180
55.917748 18.192514 247.056119 31 119 180
55.791512 19.968399 247.056119 31 119 180
55.665277 21.744283 247.056119 31 119 180
60.607947 -47.515220 247.457201 31 119 180
60.481711 -45.739336 247.457201 31 119 180
60.355475 -43.963451 247.457201 31 119 180
60.229240 -42.187566 247.457201 31 119 180
60.103004 -40.411681 247.457201 31 119 180
59.976769 -38.635797 247.457201 31 119 180
59.850533 -36.859912 247.457201 31 119 180
59.724297 -35.084027 247.457201 31 119 180
59.598062 -33.308143 247.457201 31 119 180
59.471826 -31.532258 247.457201 31 119 180
59.345590 -29.756373 247.457201 31 119 180
59.219355 -27.980488 247.457201 31 119 180
59.093119 -26.204604 247.457201 31 119 180
58.966883 -24.428719 247.457201 31 119 180
58.840648 -22.652834 247.457201 31 119 180
58.714412 -20.876950 247.457201 31 119 180
58.588177 -19.101065 247.457201 31 119 180
58.461941 -17.325180 247.457201 31 119 180
58.335705 -15.549296 247.457201 31 119 180
58.209470 -13.773411 247.457201 31 119 180
58.083234 -11.997526 247.457201 31 119 180
57.956998 -10.221641 247.457201 31 119 180
57.830763 -8.445757 247.457201 31 119 180
57.704527 -6.669872 247.457201 31 119 180
57.578292 -4.893987 247.457201 31 119 180
57.452056 -3.118103 247.457201 31 119 180
57.325820 -1.342218 247.457201 31 119 180
57.199585 0.433667 247.457201 31 119 180
57.073349 2.209552 247.457201 31 119 180
56.947113 3.985436 247.457201 31 119 180
56.820878 5.761321 247.457201 31 119 180
56.694642 7.537206 247.457201 31 119 180
56.568407 9.313090 247.457201 31 119 180
56.442171 11.088975 247.457201 31 119 180
56.315935 12.864860 247.457201 31 119 180
56.189700 14.640744 247.457201 31 119 180
56.063464 16.416629 247.457201 31 119 180
55.937228 18.192514 247.457201 31 119 180
55.810993 19.968399 247.457201 31 119 180
55.684757 21.744283 247.457201 31 119 180
60.627427 -47.515220 247.858283 31 119 180
60.501191 -45.739336 247.858283 31 119 180
60.374956 -43.963451 247.858283 31 119 180
60.248720 -42.187566 247.858283 31 119 180
60.122485 -40.411681 247.858283 31 119 180
59.996249 -38.635797 247.858283 31 119 180
59.870013 -36.859912 247.858283 31 119 180
59.743778 -35.084027 247.858283 31 119 180
59.617542 -33.308143 247.858283 31 119 180
59.491306 -31.532258 247.858283 31 119 180
59.365071 -29.756373 247.858283 31 119 180
59.238835 -27.980488 247.858283 31 119 180
59.112600 -26.204604 247.858283 31 119 180
58.986364 -24.428719 247.858283 31 119 180
58.860128 -22.652834 247.858283 31 119 180
58.733893 -20.876950 247.858283 31 119 180
58.607657 -19.101065 247.858283 31 119 180
58.481421 -17.325180 247.858283 31 119 180
58.355186 -15.549296 247.858283 31 119 180
58.228950 -13.773411 247.858283 31 119 180
58.102715 -11.997526 247.858283 31 119 180
57.976479 -10.221641 247.858283 31 119 180
57.850243 -8.445757 247.858283 31 119 180
57.724008 -6.669872 247.858283 31 119 180
57.597772 -4.893987 247.858283 31 119 180
57.471536 -3.118103 247.858283 31 119 180
57.345301 -1.342218 247.858283 31 119 180
57.219065 0.433667 247.858283 31 119 180
57.092830 2.209552 247.858283 31 119 180
56.966594 3.985436 247.858283 31 119 180
56.840358 5.761321 247.858283 31 119 180
56.714123 7.537206 247.858283 31 119 180
56.587887 9.313090 247.858283 31 119 180
56.461651 11.088975 247.858283 31 119 180
56.335416 12.864860 247.858283 31 119 180
56.209180 14.640744 247.858283 31 119 180
56.082944 16.416629 247.858283 31 119 180
55.956709 18.192514 247.858283 31 119 180
55.830473 19.968399 247.858283 31 119 180
55.704238 21.744283 247.858283 31 119 180
60.646907 -47.515220 248.259365 31 119 180
60.520672 -45.739336 248.259365 31 119 180
60.394436 -43.963451 248.259365 31 119 180
60.268201 -42.187566 248.259365 31 119 180
60.141965 -40.411681 248.259365 31 119 180
60.015729 -38.635797 248.259365 31 119 180
59.889494 -36.859912 248.259365 31 119 180
59.763258 -35.084027 248.259365 31 119 180
59.637022 -33.308143 248.259365 31 119 180
59.510787 -31.532258 248.259365 31 119 180
59.384551 -29.756373 248.259365 31 119 180
59.258316 -27.980488 248.259365 31 119 180
59.132080 -26.204604 248.259365 31 119 180
59.005844 -24.428719 248.259365 31 119 180
58.879609 -22.652834 248.259365 31 119 180
58.753373 -20.876950 248.259365 31 119 180
58.627137 -19.101065 248.259365 31 119 180
58.500902 -17.325180 248.259365 31 119 180
58.374666 -15.549296 248.259365 31 119 180
58.248431 -13.773411 248.259365 31 119 180
58.122195 -11.997526 248.259365 31 119 180
57.995959 -10.221641 248.259365 31 119 180
57.869724 -8.445757 248.259365 31 119 180
57.743488 -6.669872 248.259365 31 119 180
57.617252 -4.893987 248.259365 31 119 180
57.491017 -3.118103 248.259365 31 119 180
57.364781 -1.342218 248.259365 31 119 180
57.238546 0.433667 248.259365 31 119 180
57.112310 2.209552 248.259365 31 119 180
56.986074 3.985436 248.259365 31 119 180
56.859839 5.761321 248.259365 31 119 180
56.733603 7.537206 248.259365 31 119 180
56.607367 9.313090 248.259365 31 119 180
56.481132 11.088975 248.259365 31 119 180
56.354896 12.864860 248.259365 31 119 180
56.228661 14.640744 248.259365 31 119 180
56.102425 16.416629 248.259365 31 119 180
55.976189 18.192514 248.259365 31 119 180
55.849954 19.968399 248.259365 31 119 180
55.723718 21.744283 248.259365 31 119 180
